snapshot,path,git_blob,baseline_blob,change,cohort,stage,layer,edition,source_path,declared_status,version,declared_version,version_basis,authority,lifecycle,owner,owner_basis,authority_refs,amendment_refs,translation_check,pinned_source_blob,current_source_blob,classification,full_text_review,reviewer,review_date,notes
f5b23932e7d2036811b2f9e89a9b71c174e4f5b4,.agents/skills/zelyr-stage-work-package-planning/SKILL.md,8a34cb016286f476a9ba77c35ba82ddff504f1b8,8a34cb016286f476a9ba77c35ba82ddff504f1b8,unchanged,original-963,cross-cutting,agent-skill-or-reference,source-en,.agents/skills/zelyr-stage-work-package-planning/SKILL.md,not-declared,not-declared,,git-blob-only,routed-procedure,current-instructions,repository documentation maintainers,routing responsibility; no named person asserted,docs/development/documentation-baseline.md;docs/development/stage-workflow.md;AGENTS.md;.agents/skills/zelyr-stage-work-package-planning/SKILL.md,,not-applicable,,,phase1-conservative-routing-classified,pending,Codex,2026-09-28,
f5b23932e7d2036811b2f9e89a9b71c174e4f5b4,.agents/skills/zelyr-stage-work-package-planning/references/work-package-plan-format.md,43e7e2724816faaafdcdee899e43e5968777e9d7,43e7e2724816faaafdcdee899e43e5968777e9d7,unchanged,original-963,cross-cutting,agent-skill-or-reference,source-en,.agents/skills/zelyr-stage-work-package-planning/references/work-package-plan-format.md,not-declared,not-declared,,git-blob-only,routed-procedure,current-instructions,repository documentation maintainers,routing responsibility; no named person asserted,docs/development/documentation-baseline.md;docs/development/stage-workflow.md;AGENTS.md;.agents/skills/zelyr-stage-work-package-planning/references/work-package-plan-format.md,,not-applicable,,,phase1-conservative-routing-classified,pending,Codex,2026-09-28,
f5b23932e7d2036811b2f9e89a9b71c174e4f5b4,.agents/skills/zelyr-work-package-implementation-design/SKILL.md,ee93aeea37b130f4eb179e01fcead08b39cc2cc0,ee93aeea37b130f4eb179e01fcead08b39cc2cc0,unchanged,original-963,cross-cutting,agent-skill-or-reference,source-en,.agents/skills/zelyr-work-package-implementation-design/SKILL.md,not-declared,not-declared,,git-blob-only,routed-procedure,current-instructions,repository documentation maintainers,routing responsibility; no named person asserted,docs/development/documentation-baseline.md;docs/development/stage-workflow.md;AGENTS.md;.agents/skills/zelyr-work-package-implementation-design/SKILL.md,,not-applicable,,,phase1-conservative-routing-classified,pending,Codex,2026-09-28,
f5b23932e7d2036811b2f9e89a9b71c174e4f5b4,.agents/skills/zelyr-work-package-implementation-design/references/implementation-design-checklist.md,ccd21a654a2d31ee7a977bff1d4322410fbcc061,ccd21a654a2d31ee7a977bff1d4322410fbcc061,unchanged,original-963,cross-cutting,agent-skill-or-reference,source-en,.agents/skills/zelyr-work-package-implementation-design/references/implementation-design-checklist.md,not-declared,not-declared,,git-blob-only,routed-procedure,current-instructions,repository documentation maintainers,routing responsibility; no named person asserted,docs/development/documentation-baseline.md;docs/development/stage-workflow.md;AGENTS.md;.agents/skills/zelyr-work-package-implementation-design/references/implementation-design-checklist.md,,not-applicable,,,phase1-conservative-routing-classified,pending,Codex,2026-09-28,
f5b23932e7d2036811b2f9e89a9b71c174e4f5b4,AGENTS.md,7400d9c364fa9c2ac99de4b46b04a96347c620fa,7400d9c364fa9c2ac99de4b46b04a96347c620fa,unchanged,original-963,cross-cutting,governance-or-root-navigation,source-en,AGENTS.md,not-declared,not-declared,,git-blob-only,normative-routed-governance,current-governance,repository documentation maintainers,routing responsibility; no named person asserted,docs/development/documentation-baseline.md;docs/development/stage-workflow.md,,not-applicable,,,phase1-conservative-routing-classified,pending,Codex,2026-09-28,
f5b23932e7d2036811b2f9e89a9b71c174e4f5b4,AGENTS.zh-CN.md,1ca696eeedafab34797b47eb3e312d2fbdc788fe,1ca696eeedafab34797b47eb3e312d2fbdc788fe,unchanged,original-963,cross-cutting,governance-or-root-navigation,translation-zh-CN,AGENTS.md,not-declared,not-declared,,git-blob-only,translation-no-independent-authority / normative-routed-governance,current-governance,repository documentation maintainers,routing responsibility; no named person asserted,docs/development/documentation-baseline.md;docs/development/stage-workflow.md;AGENTS.md,,blob-current,7400d9c364fa9c2ac99de4b46b04a96347c620fa,7400d9c364fa9c2ac99de4b46b04a96347c620fa,phase1-conservative-routing-classified,pending,Codex,2026-09-28,Blob currency does not prove faithful semantic translation.
f5b23932e7d2036811b2f9e89a9b71c174e4f5b4,README.md,3aa3621f1f2016ebb5dc2ea03466aafdf1fa9cff,3aa3621f1f2016ebb5dc2ea03466aafdf1fa9cff,unchanged,original-963,cross-cutting,governance-or-root-navigation,source-en,README.md,not-declared,not-declared,,git-blob-only,normative-routed-governance,current-governance,repository documentation maintainers,routing responsibility; no named person asserted,docs/development/documentation-baseline.md;docs/development/stage-workflow.md,,not-applicable,,,phase1-conservative-routing-classified,pending,Codex,2026-09-28,
f5b23932e7d2036811b2f9e89a9b71c174e4f5b4,README.zh-CN.md,6f9841c5561bf14838d727a8472a7f3e98b121ac,6f9841c5561bf14838d727a8472a7f3e98b121ac,unchanged,original-963,cross-cutting,governance-or-root-navigation,translation-zh-CN,README.md,not-declared,not-declared,,git-blob-only,translation-no-independent-authority / normative-routed-governance,current-governance,repository documentation maintainers,routing responsibility; no named person asserted,docs/development/documentation-baseline.md;docs/development/stage-workflow.md;README.md,,blob-current,3aa3621f1f2016ebb5dc2ea03466aafdf1fa9cff,3aa3621f1f2016ebb5dc2ea03466aafdf1fa9cff,phase1-conservative-routing-classified,pending,Codex,2026-09-28,Blob currency does not prove faithful semantic translation.
f5b23932e7d2036811b2f9e89a9b71c174e4f5b4,docs/README.md,26f933cad34391085b60e07aa64f3af740039798,26f933cad34391085b60e07aa64f3af740039798,unchanged,original-963,cross-cutting,governance-or-root-navigation,source-en,docs/README.md,"Normative documentation governance (routing, precedence, and the documentation layout).",v0.2,v0.2,header,normative-routed-governance,current-governance,P0 engineering baseline; bilingual-documentation update; updated whenever the documentation layout changes.,docs/README.md#header,docs/development/documentation-baseline.md;docs/development/stage-workflow.md,,not-applicable,,,phase1-conservative-routing-classified,pending,Codex,2026-09-28,
f5b23932e7d2036811b2f9e89a9b71c174e4f5b4,docs/README.zh-CN.md,40888712c7da57d741f35f7dcb0507dd3364edb4,40888712c7da57d741f35f7dcb0507dd3364edb4,unchanged,original-963,cross-cutting,governance-or-root-navigation,translation-zh-CN,docs/README.md,"Normative documentation governance (routing, precedence, and the documentation layout).",v0.2,v0.2,header,translation-no-independent-authority / normative-routed-governance,current-governance,P0 engineering baseline; bilingual-documentation update; updated whenever the documentation layout changes.,docs/README.md#header,docs/development/documentation-baseline.md;docs/development/stage-workflow.md;docs/README.md,,blob-current,26f933cad34391085b60e07aa64f3af740039798,26f933cad34391085b60e07aa64f3af740039798,phase1-conservative-routing-classified,pending,Codex,2026-09-28,Blob currency does not prove faithful semantic translation.
f5b23932e7d2036811b2f9e89a9b71c174e4f5b4,docs/abi/README.md,bff1a70cea0f5296c262c88156cd7f38b375e57c,bff1a70cea0f5296c262c88156cd7f38b375e57c,unchanged,original-963,cross-cutting,public-contract-home-index,source-en,docs/abi/README.md,normative when present (versioned external contracts; none exist in P0).,not-declared,,git-blob-only,routing-only-no-frozen-contract,placeholder-home,repository documentation maintainers,routing responsibility; no named person asserted,docs/development/documentation-baseline.md;docs/development/stage-workflow.md,,not-applicable,,,phase1-conservative-routing-classified,pending,Codex,2026-09-28,Directory class does not establish an approved public ABI or platform contract.
f5b23932e7d2036811b2f9e89a9b71c174e4f5b4,docs/adr/README.md,f379a3cc30e06ad0f2cc5e1d728bd761c57b4528,f379a3cc30e06ad0f2cc5e1d728bd761c57b4528,unchanged,original-963,cross-cutting,governance-or-root-navigation,source-en,docs/adr/README.md,"Normative ADR governance (states, transitions, thresholds, conflict procedure, history rules, numbering/index).",v0.1,v0.1,header,directory-routing-per-declared-class,index,"P0-W06 ADR governance; process changes go through review, and changes to the architecture-change process itself require an ADR (§2.5).",docs/adr/README.md#header,docs/development/documentation-baseline.md;docs/development/stage-workflow.md,,not-applicable,,,phase1-conservative-routing-classified,pending,Codex,2026-09-28,
f5b23932e7d2036811b2f9e89a9b71c174e4f5b4,docs/adr/README.zh-CN.md,9aa44c89d83e29b3858c9100c2819627c8f8f978,9aa44c89d83e29b3858c9100c2819627c8f8f978,unchanged,original-963,cross-cutting,governance-or-root-navigation,translation-zh-CN,docs/adr/README.md,"Normative ADR governance (states, transitions, thresholds, conflict procedure, history rules, numbering/index).",v0.1,v0.1,header,translation-no-independent-authority / directory-routing-per-declared-class,index,"P0-W06 ADR governance; process changes go through review, and changes to the architecture-change process itself require an ADR (§2.5).",docs/adr/README.md#header,docs/development/documentation-baseline.md;docs/development/stage-workflow.md;docs/adr/README.md,,blob-current,f379a3cc30e06ad0f2cc5e1d728bd761c57b4528,f379a3cc30e06ad0f2cc5e1d728bd761c57b4528,phase1-conservative-routing-classified,pending,Codex,2026-09-28,Blob currency does not prove faithful semantic translation.
f5b23932e7d2036811b2f9e89a9b71c174e4f5b4,docs/adr/adr-000-architecture-baseline-v0.1.en.md,899a4e7c7ff4237bf5ba6f5fb55d7f008345227f,899a4e7c7ff4237bf5ba6f5fb55d7f008345227f,unchanged,original-963,cross-cutting,L1-ADR,translation-en,docs/adr/adr-000-architecture-baseline-v0.1.md,Architecture Baseline / Draft for Implementation; ADR index: Accepted,v0.1,,title,translation-no-independent-authority / accepted-decisions-only,accepted-baseline-with-reserved-and-pending-items,architecture decision owner,"docs/adr/README.md sections 1,4,6",docs/development/documentation-baseline.md;docs/development/stage-workflow.md;docs/adr/README.md;docs/adr/adr-000-architecture-baseline-v0.1.md,,blob-current,3dcf8766c2f2290efaea227a5b71a37a8f194e8d,3dcf8766c2f2290efaea227a5b71a37a8f194e8d,phase1-conservative-routing-classified,pending,Codex,2026-09-28,Chinese source governs; Draft for Implementation heading is not a Proposed ADR state; internal register retains its own states. Blob currency does not prove faithful semantic translation.
f5b23932e7d2036811b2f9e89a9b71c174e4f5b4,docs/adr/adr-000-architecture-baseline-v0.1.md,3dcf8766c2f2290efaea227a5b71a37a8f194e8d,3dcf8766c2f2290efaea227a5b71a37a8f194e8d,unchanged,original-963,cross-cutting,L1-ADR,source-zh-CN,docs/adr/adr-000-architecture-baseline-v0.1.md,Architecture Baseline / Draft for Implementation; ADR index: Accepted,v0.1,,title,accepted-decisions-only,accepted-baseline-with-reserved-and-pending-items,architecture decision owner,"docs/adr/README.md sections 1,4,6",docs/development/documentation-baseline.md;docs/development/stage-workflow.md;docs/adr/README.md;docs/adr/adr-000-architecture-baseline-v0.1.md,,not-applicable,,,phase1-conservative-routing-classified,pending,Codex,2026-09-28,Chinese source governs; Draft for Implementation heading is not a Proposed ADR state; internal register retains its own states.
f5b23932e7d2036811b2f9e89a9b71c174e4f5b4,docs/adr/adr-061-defer-p1-asynchronous-vector-validation-to-p6.md,c90f31be8a2ed01ee70064120c980fca85440b96,c90f31be8a2ed01ee70064120c980fca85440b96,unchanged,original-963,cross-cutting,L1-ADR,source-en,docs/adr/adr-061-defer-p1-asynchronous-vector-validation-to-p6.md,Accepted,not-declared,,git-blob-only,accepted-decision,accepted,architecture decision owner,docs/adr/adr-061-defer-p1-asynchronous-vector-validation-to-p6.md#change-history,docs/development/documentation-baseline.md;docs/development/stage-workflow.md;docs/adr/README.md;docs/adr/adr-061-defer-p1-asynchronous-vector-validation-to-p6.md,,not-applicable,,,phase1-conservative-routing-classified,pending,Codex,2026-09-28,
f5b23932e7d2036811b2f9e89a9b71c174e4f5b4,docs/adr/adr-061-defer-p1-asynchronous-vector-validation-to-p6.zh-CN.md,5b12186b9bfcc35347bc404f77c8923c72459616,5b12186b9bfcc35347bc404f77c8923c72459616,unchanged,original-963,cross-cutting,L1-ADR,translation-zh-CN,docs/adr/adr-061-defer-p1-asynchronous-vector-validation-to-p6.md,Accepted,not-declared,,git-blob-only,translation-no-independent-authority / accepted-decision,accepted,architecture decision owner,docs/adr/adr-061-defer-p1-asynchronous-vector-validation-to-p6.md#change-history,docs/development/documentation-baseline.md;docs/development/stage-workflow.md;docs/adr/README.md;docs/adr/adr-061-defer-p1-asynchronous-vector-validation-to-p6.md,,blob-current,c90f31be8a2ed01ee70064120c980fca85440b96,c90f31be8a2ed01ee70064120c980fca85440b96,phase1-conservative-routing-classified,pending,Codex,2026-09-28,Blob currency does not prove faithful semantic translation.
f5b23932e7d2036811b2f9e89a9b71c174e4f5b4,docs/architecture/README.md,8e55c02fdf071b727c5ca3c0f05f6e4f310b1480,8e55c02fdf071b727c5ca3c0f05f6e4f310b1480,unchanged,original-963,cross-cutting,public-contract-home-index,source-en,docs/architecture/README.md,conditional (normative when approved and routed).,not-declared,,git-blob-only,routing-only-no-frozen-contract,placeholder-home,repository documentation maintainers,routing responsibility; no named person asserted,docs/development/documentation-baseline.md;docs/development/stage-workflow.md,,not-applicable,,,phase1-conservative-routing-classified,pending,Codex,2026-09-28,Directory class does not establish an approved public ABI or platform contract.
f5b23932e7d2036811b2f9e89a9b71c174e4f5b4,docs/development/README.md,154c21c58622d1b3fc693df5c8ab483a126052dc,147507b8a0dc7f68b6540d3c24b61c49d839673e,modified,original-963,cross-cutting,governance-or-root-navigation,source-en,docs/development/README.md,normative (per the [documentation baseline](documentation-baseline.md)).,not-declared,,git-blob-only,directory-routing-per-declared-class,index,repository documentation maintainers,routing responsibility; no named person asserted,docs/development/documentation-baseline.md;docs/development/stage-workflow.md,,not-applicable,,,phase1-conservative-routing-classified,pending,Codex,2026-09-28,
f5b23932e7d2036811b2f9e89a9b71c174e4f5b4,docs/development/README.zh-CN.md,d6655c579bfdf09e52289ca943890a0c355c5713,56fab9ec22f110992bab344c90bb8137ee8c6528,modified,original-963,cross-cutting,governance-or-root-navigation,translation-zh-CN,docs/development/README.md,normative (per the [documentation baseline](documentation-baseline.md)).,not-declared,,git-blob-only,translation-no-independent-authority / directory-routing-per-declared-class,index,repository documentation maintainers,routing responsibility; no named person asserted,docs/development/documentation-baseline.md;docs/development/stage-workflow.md;docs/development/README.md,,blob-current,154c21c58622d1b3fc693df5c8ab483a126052dc,154c21c58622d1b3fc693df5c8ab483a126052dc,phase1-conservative-routing-classified,pending,Codex,2026-09-28,Blob currency does not prove faithful semantic translation.
f5b23932e7d2036811b2f9e89a9b71c174e4f5b4,docs/development/address-identifier-type-safety.md,7781b66225e3aaa17b0a9671986fa54c4947d301,7781b66225e3aaa17b0a9671986fa54c4947d301,unchanged,original-963,cross-cutting,governance-or-root-navigation,source-en,docs/development/address-identifier-type-safety.md,Normative semantic-requirements governance.,v0.1,v0.1,header,normative-routed-governance,current-governance,P0-W15 address/identifier type-safety requirement; operationalizes the ADR §13 direction and ADR-007/013/018/051.,docs/development/address-identifier-type-safety.md#header,docs/development/documentation-baseline.md;docs/development/stage-workflow.md,,not-applicable,,,phase1-conservative-routing-classified,pending,Codex,2026-09-28,
f5b23932e7d2036811b2f9e89a9b71c174e4f5b4,docs/development/artifact-naming.md,cec9f32ba5131b1ca44c9470aa1e7076f6a7c4a0,cec9f32ba5131b1ca44c9470aa1e7076f6a7c4a0,unchanged,original-963,cross-cutting,governance-or-root-navigation,source-en,docs/development/artifact-naming.md,Normative artifact-naming governance.,v0.1,v0.1,header,normative-routed-governance,current-governance,P0-W17 artifact naming baseline; consumes the W16 identity schema as the sole field-meaning authority.,docs/development/artifact-naming.md#header,docs/development/documentation-baseline.md;docs/development/stage-workflow.md,,not-applicable,,,phase1-conservative-routing-classified,pending,Codex,2026-09-28,
f5b23932e7d2036811b2f9e89a9b71c174e4f5b4,docs/development/build-profile-governance.md,f31276b6a3d3c88af548bb6e3450c349987ebf28,f31276b6a3d3c88af548bb6e3450c349987ebf28,unchanged,original-963,cross-cutting,governance-or-root-navigation,source-en,docs/development/build-profile-governance.md,Normative build-choice governance.,v0.1,v0.1,header,normative-routed-governance,current-governance,"P0-W04 build-choice governance; operationalizes ADR-047, ADR-037, and ADR-046.",docs/development/build-profile-governance.md#header,docs/development/documentation-baseline.md;docs/development/stage-workflow.md,,not-applicable,,,phase1-conservative-routing-classified,pending,Codex,2026-09-28,
f5b23932e7d2036811b2f9e89a9b71c174e4f5b4,docs/development/build-target-baseline.md,5c0fa3ac8a45877df558342c77a4778d9d601ddd,5c0fa3ac8a45877df558342c77a4778d9d601ddd,unchanged,original-963,cross-cutting,governance-or-root-navigation,source-en,docs/development/build-target-baseline.md,Normative build-target policy.,v0.1,v0.1,header,normative-routed-governance,current-governance,P0-W03 build-target baseline.,docs/development/build-target-baseline.md#header,docs/development/documentation-baseline.md;docs/development/stage-workflow.md,,not-applicable,,,phase1-conservative-routing-classified,pending,Codex,2026-09-28,
f5b23932e7d2036811b2f9e89a9b71c174e4f5b4,docs/development/ci-baseline.md,0484db0d78e6b88bc81da01f0dd75d6e27b27de7,0484db0d78e6b88bc81da01f0dd75d6e27b27de7,unchanged,original-963,cross-cutting,governance-or-root-navigation,source-en,docs/development/ci-baseline.md,Normative CI policy.,v0.2,v0.2,header,normative-routed-governance,current-governance,P0-W20 CI baseline; bilingual-documentation realization extension; implements the deferred technical enforcement of the [integration workflow](integration-workflow.md) without amending it.,docs/development/ci-baseline.md#header,docs/development/documentation-baseline.md;docs/development/stage-workflow.md,,not-applicable,,,phase1-conservative-routing-classified,pending,Codex,2026-09-28,
f5b23932e7d2036811b2f9e89a9b71c174e4f5b4,docs/development/coding-guidelines-v0.1.md,797a7962d0474ded7254dad10839f6df065266af,797a7962d0474ded7254dad10839f6df065266af,unchanged,original-963,cross-cutting,governance-or-root-navigation,source-en,docs/development/coding-guidelines-v0.1.md,Normative detailed reference (routed from the mandatory concise guide).,v0.1,v0.1,header,normative-routed-governance,current-governance,P0 engineering baseline; updated when coding policy changes.,docs/development/coding-guidelines-v0.1.md#header,docs/development/documentation-baseline.md;docs/development/stage-workflow.md,,not-applicable,,,phase1-conservative-routing-classified,pending,Codex,2026-09-28,
f5b23932e7d2036811b2f9e89a9b71c174e4f5b4,docs/development/coding-guidelines.md,38eb03c33410c7dba290bc2e70bc1acb427479a3,38eb03c33410c7dba290bc2e70bc1acb427479a3,unchanged,original-963,cross-cutting,governance-or-root-navigation,source-en,docs/development/coding-guidelines.md,Mandatory for every code-change task.,v0.1,v0.1,header,normative-routed-governance,current-governance,P0 engineering baseline; updated when coding policy changes.,docs/development/coding-guidelines.md#header,docs/development/documentation-baseline.md;docs/development/stage-workflow.md,,not-applicable,,,phase1-conservative-routing-classified,pending,Codex,2026-09-28,
f5b23932e7d2036811b2f9e89a9b71c174e4f5b4,docs/development/coding-guidelines.zh-CN.md,eb0e789e56bbc486ffca9df8ae10431bff19cf59,eb0e789e56bbc486ffca9df8ae10431bff19cf59,unchanged,original-963,cross-cutting,governance-or-root-navigation,translation-zh-CN,docs/development/coding-guidelines.md,Mandatory for every code-change task.,v0.1,v0.1,header,translation-no-independent-authority / normative-routed-governance,current-governance,P0 engineering baseline; updated when coding policy changes.,docs/development/coding-guidelines.md#header,docs/development/documentation-baseline.md;docs/development/stage-workflow.md;docs/development/coding-guidelines.md,,blob-current,38eb03c33410c7dba290bc2e70bc1acb427479a3,38eb03c33410c7dba290bc2e70bc1acb427479a3,phase1-conservative-routing-classified,pending,Codex,2026-09-28,Blob currency does not prove faithful semantic translation.
f5b23932e7d2036811b2f9e89a9b71c174e4f5b4,docs/development/contributor-workflow.md,9658b6cfeda7f6183ff98fa7df3cd62cade11163,9658b6cfeda7f6183ff98fa7df3cd62cade11163,unchanged,original-963,cross-cutting,governance-or-root-navigation,source-en,docs/development/contributor-workflow.md,Normative contributor path (assembly of the governing contracts; it owns no command and no policy itself).,v0.1,v0.1,header,normative-routed-governance,current-governance,P0-W19 reproducible development workflow; stage citations track their contracts' delivered paths.,docs/development/contributor-workflow.md#header,docs/development/documentation-baseline.md;docs/development/stage-workflow.md,,not-applicable,,,phase1-conservative-routing-classified,pending,Codex,2026-09-28,
f5b23932e7d2036811b2f9e89a9b71c174e4f5b4,docs/development/dependency-governance.md,c41c73206e5a0390ad3a48535971e1c3a82c4f97,c41c73206e5a0390ad3a48535971e1c3a82c4f97,unchanged,original-963,cross-cutting,governance-or-root-navigation,source-en,docs/development/dependency-governance.md,Normative dependency policy.,v0.1,v0.1,header,normative-routed-governance,current-governance,P0-W18 dependency governance; operationalizes ADR-006's permission for mature crates under TCB discipline.,docs/development/dependency-governance.md#header,docs/development/documentation-baseline.md;docs/development/stage-workflow.md,,not-applicable,,,phase1-conservative-routing-classified,pending,Codex,2026-09-28,
f5b23932e7d2036811b2f9e89a9b71c174e4f5b4,docs/development/dependency-register.md,42c6ef3252a69f27e0b4bddecc65e09a87527849,42c6ef3252a69f27e0b4bddecc65e09a87527849,unchanged,original-963,cross-cutting,governance-or-root-navigation,source-en,docs/development/dependency-register.md,Normative decision ledger — **zero entries; the repository approves no dependencies.**,v0.1,v0.1,header,normative-routed-governance,current-governance,P0-W18 dependency governance; entries are created only by real decisions under the [dependency governance](dependency-governance.md) policy.,docs/development/dependency-register.md#header,docs/development/documentation-baseline.md;docs/development/stage-workflow.md,,not-applicable,,,phase1-conservative-routing-classified,pending,Codex,2026-09-28,
f5b23932e7d2036811b2f9e89a9b71c174e4f5b4,docs/development/diagnostics-baseline.md,9cafcdb2132c5fb732f1d66a3f781f8003ebf385,9cafcdb2132c5fb732f1d66a3f781f8003ebf385,unchanged,original-963,cross-cutting,governance-or-root-navigation,source-en,docs/development/diagnostics-baseline.md,Normative diagnostics governance.,v0.1,v0.1,header,normative-routed-governance,current-governance,"P0-W12 logging/diagnostic baseline; operationalizes the ADR's first-class telemetry principle, ADR-048, and the §12 observability invariants.",docs/development/diagnostics-baseline.md#header,docs/development/documentation-baseline.md;docs/development/stage-workflow.md,,not-applicable,,,phase1-conservative-routing-classified,pending,Codex,2026-09-28,
f5b23932e7d2036811b2f9e89a9b71c174e4f5b4,docs/development/documentation-audit-handoff.md,84c847607169c5f406f17029b01c37d4c2ae1b8c,,added,handoff-addition,cross-cutting,informative-note,source-en,docs/development/documentation-audit-handoff.md,"Informative, incomplete audit handoff; not an approved design or stage-completion decision.",v0.1,v0.1,header,informative-no-policy,incomplete-audit,"User-requested continuation branch, 2026-09-28; successor agent owns the remaining audit.",docs/development/documentation-audit-handoff.md#header,docs/development/documentation-baseline.md;docs/development/stage-workflow.md,,not-applicable,,,phase1-conservative-routing-classified,pending,Codex,2026-09-28,
f5b23932e7d2036811b2f9e89a9b71c174e4f5b4,docs/development/documentation-audit-handoff.zh-CN.md,a2016399975a816b7ef6ee990fa9aa7d394ed064,,added,handoff-addition,cross-cutting,informative-note,translation-zh-CN,docs/development/documentation-audit-handoff.md,"Informative, incomplete audit handoff; not an approved design or stage-completion decision.",v0.1,v0.1,header,translation-no-independent-authority / informative-no-policy,incomplete-audit,"User-requested continuation branch, 2026-09-28; successor agent owns the remaining audit.",docs/development/documentation-audit-handoff.md#header,docs/development/documentation-baseline.md;docs/development/stage-workflow.md;docs/development/documentation-audit-handoff.md,,blob-current,84c847607169c5f406f17029b01c37d4c2ae1b8c,84c847607169c5f406f17029b01c37d4c2ae1b8c,phase1-conservative-routing-classified,pending,Codex,2026-09-28,Blob currency does not prove faithful semantic translation.
f5b23932e7d2036811b2f9e89a9b71c174e4f5b4,docs/development/documentation-baseline.md,33875fd3bf7fcd4efe76636e78ef67b0f93e8f65,33875fd3bf7fcd4efe76636e78ef67b0f93e8f65,unchanged,original-963,cross-cutting,governance-or-root-navigation,source-en,docs/development/documentation-baseline.md,Normative documentation governance.,v0.2,v0.2,header,normative-routed-governance,current-governance,P0-W05 documentation baseline; bilingual-documentation policy update; operationalizes the [`docs/README.md`](../README.md) mandate and the P0 task book's delivery hierarchy.,docs/development/documentation-baseline.md#header,docs/development/documentation-baseline.md;docs/development/stage-workflow.md,,not-applicable,,,phase1-conservative-routing-classified,pending,Codex,2026-09-28,
f5b23932e7d2036811b2f9e89a9b71c174e4f5b4,docs/development/documentation-baseline.zh-CN.md,c4c0c22b1ed0ca65044176238a926e199f7803f6,c4c0c22b1ed0ca65044176238a926e199f7803f6,unchanged,original-963,cross-cutting,governance-or-root-navigation,translation-zh-CN,docs/development/documentation-baseline.md,Normative documentation governance.,v0.2,v0.2,header,translation-no-independent-authority / normative-routed-governance,current-governance,P0-W05 documentation baseline; bilingual-documentation policy update; operationalizes the [`docs/README.md`](../README.md) mandate and the P0 task book's delivery hierarchy.,docs/development/documentation-baseline.md#header,docs/development/documentation-baseline.md;docs/development/stage-workflow.md,,blob-current,33875fd3bf7fcd4efe76636e78ef67b0f93e8f65,33875fd3bf7fcd4efe76636e78ef67b0f93e8f65,phase1-conservative-routing-classified,pending,Codex,2026-09-28,Blob currency does not prove faithful semantic translation.
f5b23932e7d2036811b2f9e89a9b71c174e4f5b4,docs/development/integration-workflow.md,60cfaf46194322fd8107ed0a6f9845a8064de73b,60cfaf46194322fd8107ed0a6f9845a8064de73b,unchanged,original-963,cross-cutting,governance-or-root-navigation,source-en,docs/development/integration-workflow.md,Normative project policy; GitHub enforcement is planned in P0-W20.,v0.1,v0.1,header,normative-routed-governance,current-governance,"Repository integration policy, adopted 2026-09-17.",docs/development/integration-workflow.md#header,docs/development/documentation-baseline.md;docs/development/stage-workflow.md,,not-applicable,,,phase1-conservative-routing-classified,pending,Codex,2026-09-28,
f5b23932e7d2036811b2f9e89a9b71c174e4f5b4,docs/development/integration-workflow.zh-CN.md,f395aa8476dea0a04bd6db26bf829a8c1851c7e0,f395aa8476dea0a04bd6db26bf829a8c1851c7e0,unchanged,original-963,cross-cutting,governance-or-root-navigation,translation-zh-CN,docs/development/integration-workflow.md,Normative project policy; GitHub enforcement is planned in P0-W20.,v0.1,v0.1,header,translation-no-independent-authority / normative-routed-governance,current-governance,"Repository integration policy, adopted 2026-09-17.",docs/development/integration-workflow.md#header,docs/development/documentation-baseline.md;docs/development/stage-workflow.md;docs/development/integration-workflow.md,,blob-current,60cfaf46194322fd8107ed0a6f9845a8064de73b,60cfaf46194322fd8107ed0a6f9845a8064de73b,phase1-conservative-routing-classified,pending,Codex,2026-09-28,Blob currency does not prove faithful semantic translation.
f5b23932e7d2036811b2f9e89a9b71c174e4f5b4,docs/development/plan-agent-design-guidelines-v0.1.md,362f9120473796cc60f26ad875abd371c002275d,362f9120473796cc60f26ad875abd371c002275d,unchanged,original-963,cross-cutting,governance-or-root-navigation,source-en,docs/development/plan-agent-design-guidelines-v0.1.md,Normative detailed reference (routed from the mandatory concise guide).,v0.1,v0.1,header,normative-routed-governance,current-governance,P0 engineering baseline; updated when planning policy changes.,docs/development/plan-agent-design-guidelines-v0.1.md#header,docs/development/documentation-baseline.md;docs/development/stage-workflow.md,,not-applicable,,,phase1-conservative-routing-classified,pending,Codex,2026-09-28,
f5b23932e7d2036811b2f9e89a9b71c174e4f5b4,docs/development/plan-agent-guidelines.md,8b0d4ade59615ffc944ade33237d983e12054d4b,8b0d4ade59615ffc944ade33237d983e12054d4b,unchanged,original-963,cross-cutting,governance-or-root-navigation,source-en,docs/development/plan-agent-guidelines.md,Mandatory for every Plan Agent task.,v0.1,v0.1,header,normative-routed-governance,current-governance,P0 engineering baseline; updated when planning policy changes.,docs/development/plan-agent-guidelines.md#header,docs/development/documentation-baseline.md;docs/development/stage-workflow.md,,not-applicable,,,phase1-conservative-routing-classified,pending,Codex,2026-09-28,
f5b23932e7d2036811b2f9e89a9b71c174e4f5b4,docs/development/plan-agent-guidelines.zh-CN.md,c863b4f2f00e5517fa5013edd7f2479ce40d17b6,c863b4f2f00e5517fa5013edd7f2479ce40d17b6,unchanged,original-963,cross-cutting,governance-or-root-navigation,translation-zh-CN,docs/development/plan-agent-guidelines.md,Mandatory for every Plan Agent task.,v0.1,v0.1,header,translation-no-independent-authority / normative-routed-governance,current-governance,P0 engineering baseline; updated when planning policy changes.,docs/development/plan-agent-guidelines.md#header,docs/development/documentation-baseline.md;docs/development/stage-workflow.md;docs/development/plan-agent-guidelines.md,,blob-current,8b0d4ade59615ffc944ade33237d983e12054d4b,8b0d4ade59615ffc944ade33237d983e12054d4b,phase1-conservative-routing-classified,pending,Codex,2026-09-28,Blob currency does not prove faithful semantic translation.
f5b23932e7d2036811b2f9e89a9b71c174e4f5b4,docs/development/platform-portability-rules.md,d942d2d425c2db4e83468d8d722b623a4dc84e0d,d942d2d425c2db4e83468d8d722b623a4dc84e0d,unchanged,original-963,cross-cutting,governance-or-root-navigation,source-en,docs/development/platform-portability-rules.md,Normative platform-layering governance.,v0.1,v0.1,header,normative-routed-governance,current-governance,P0-W11 platform portability guardrails; operationalizes ADR-041/042/043/044/045/052 and the §19 platform invariants of the [ADR baseline](../adr/adr-000-architecture-baseline-v0.1.md).,docs/development/platform-portability-rules.md#header,docs/development/documentation-baseline.md;docs/development/stage-workflow.md,,not-applicable,,,phase1-conservative-routing-classified,pending,Codex,2026-09-28,
f5b23932e7d2036811b2f9e89a9b71c174e4f5b4,docs/development/quality-gates.md,1cbc999a9709af5f27527d0ef6413c5802b185a4,1cbc999a9709af5f27527d0ef6413c5802b185a4,unchanged,original-963,cross-cutting,governance-or-root-navigation,source-en,docs/development/quality-gates.md,Normative quality-gate policy.,v0.2,v0.2,header,normative-routed-governance,current-governance,P0-W07 development quality gates; bilingual-documentation design-level extension; operationalizes the P0 task book's quality outcomes (P0-V03–V08).,docs/development/quality-gates.md#header,docs/development/documentation-baseline.md;docs/development/stage-workflow.md,,not-applicable,,,phase1-conservative-routing-classified,pending,Codex,2026-09-28,
f5b23932e7d2036811b2f9e89a9b71c174e4f5b4,docs/development/stage-workflow.md,73715ff685d4c9ab5b18b405717fb5f47d0a4a29,73715ff685d4c9ab5b18b405717fb5f47d0a4a29,unchanged,original-963,cross-cutting,governance-or-root-navigation,source-en,docs/development/stage-workflow.md,Normative stage-process governance.,v0.1,v0.1,header,normative-routed-governance,current-governance,"P0-W21 stage/plan/implementation workflow; consolidates existing authorities into one decision surface and creates no new authority — where a consolidated rule and its owning instance ever diverge, the instance governs and this document is corrected.",docs/development/stage-workflow.md#header,docs/development/documentation-baseline.md;docs/development/stage-workflow.md,,not-applicable,,,phase1-conservative-routing-classified,pending,Codex,2026-09-28,
f5b23932e7d2036811b2f9e89a9b71c174e4f5b4,docs/development/stage-workflow.zh-CN.md,1bf01b55ac3f19cb2a12ede24435cebacd00dad5,1bf01b55ac3f19cb2a12ede24435cebacd00dad5,unchanged,original-963,cross-cutting,governance-or-root-navigation,translation-zh-CN,docs/development/stage-workflow.md,Normative stage-process governance.,v0.1,v0.1,header,translation-no-independent-authority / normative-routed-governance,current-governance,"P0-W21 stage/plan/implementation workflow; consolidates existing authorities into one decision surface and creates no new authority — where a consolidated rule and its owning instance ever diverge, the instance governs and this document is corrected.",docs/development/stage-workflow.md#header,docs/development/documentation-baseline.md;docs/development/stage-workflow.md,,blob-current,73715ff685d4c9ab5b18b405717fb5f47d0a4a29,73715ff685d4c9ab5b18b405717fb5f47d0a4a29,phase1-conservative-routing-classified,pending,Codex,2026-09-28,Blob currency does not prove faithful semantic translation.
f5b23932e7d2036811b2f9e89a9b71c174e4f5b4,docs/development/toolchain-baseline.md,430368f4494d8a4eded01410bced0cc4380c1c0b,430368f4494d8a4eded01410bced0cc4380c1c0b,unchanged,original-963,cross-cutting,governance-or-root-navigation,source-en,docs/development/toolchain-baseline.md,Normative toolchain policy.,v0.1,v0.1,header,normative-routed-governance,current-governance,P0-W02 toolchain baseline.,docs/development/toolchain-baseline.md#header,docs/development/documentation-baseline.md;docs/development/stage-workflow.md,,not-applicable,,,phase1-conservative-routing-classified,pending,Codex,2026-09-28,
f5b23932e7d2036811b2f9e89a9b71c174e4f5b4,docs/development/trace-event-namespace.md,837bec31ae56b040ef7a46eeb5422acd092e7569,837bec31ae56b040ef7a46eeb5422acd092e7569,unchanged,original-963,cross-cutting,governance-or-root-navigation,source-en,docs/development/trace-event-namespace.md,Normative trace-naming governance.,v0.1,v0.1 (this document's version is its namespace-governance version; see §5),header,normative-routed-governance,current-governance,P0-W13 trace event namespace baseline; operationalizes ADR-048 (structured tracing as a first-class capability) and the §12 observability invariants.,docs/development/trace-event-namespace.md#header,docs/development/documentation-baseline.md;docs/development/stage-workflow.md,,not-applicable,,,phase1-conservative-routing-classified,pending,Codex,2026-09-28,
f5b23932e7d2036811b2f9e89a9b71c174e4f5b4,docs/development/translation-glossary.md,21dd0f352725c5698a17f4c2ba5e463749a589f6,21dd0f352725c5698a17f4c2ba5e463749a589f6,unchanged,original-963,cross-cutting,informative-note,source-en,docs/development/translation-glossary.md,Informative translation aid.,v0.1,v0.1,header,informative-no-policy,reference,Bilingual documentation rollout.,docs/development/translation-glossary.md#header,docs/development/documentation-baseline.md;docs/development/stage-workflow.md,,not-applicable,,,phase1-conservative-routing-classified,pending,Codex,2026-09-28,
f5b23932e7d2036811b2f9e89a9b71c174e4f5b4,docs/development/translation-glossary.zh-CN.md,e3fcaebfc62d8fbe069722c88462b7e74fb58474,e3fcaebfc62d8fbe069722c88462b7e74fb58474,unchanged,original-963,cross-cutting,informative-note,translation-zh-CN,docs/development/translation-glossary.md,Informative translation aid.,v0.1,v0.1,header,translation-no-independent-authority / informative-no-policy,reference,Bilingual documentation rollout.,docs/development/translation-glossary.md#header,docs/development/documentation-baseline.md;docs/development/stage-workflow.md;docs/development/translation-glossary.md,,blob-current,21dd0f352725c5698a17f4c2ba5e463749a589f6,21dd0f352725c5698a17f4c2ba5e463749a589f6,phase1-conservative-routing-classified,pending,Codex,2026-09-28,Blob currency does not prove faithful semantic translation.
f5b23932e7d2036811b2f9e89a9b71c174e4f5b4,docs/development/version-build-metadata.md,b39f08dfcd531f86223e265f4d59e8b0bbbe82bb,b39f08dfcd531f86223e265f4d59e8b0bbbe82bb,unchanged,original-963,cross-cutting,governance-or-root-navigation,source-en,docs/development/version-build-metadata.md,Normative identity/metadata governance.,v0.1,v0.1,header,normative-routed-governance,current-governance,P0-W16 version/build metadata baseline; operationalizes ADR-040 (independent versioning) and the P0-V14 identity wording.,docs/development/version-build-metadata.md#header,docs/development/documentation-baseline.md;docs/development/stage-workflow.md,,not-applicable,,,phase1-conservative-routing-classified,pending,Codex,2026-09-28,
f5b23932e7d2036811b2f9e89a9b71c174e4f5b4,docs/machine-types/README.md,cf26885ec1cd25266403aa05b7b4d9ecb0a9c07e,cf26885ec1cd25266403aa05b7b4d9ecb0a9c07e,unchanged,original-963,cross-cutting,public-contract-home-index,source-en,docs/machine-types/README.md,normative when present (versioned guest machine model; none exist in P0).,not-declared,,git-blob-only,routing-only-no-frozen-contract,placeholder-home,repository documentation maintainers,routing responsibility; no named person asserted,docs/development/documentation-baseline.md;docs/development/stage-workflow.md,,not-applicable,,,phase1-conservative-routing-classified,pending,Codex,2026-09-28,Directory class does not establish an approved public ABI or platform contract.
f5b23932e7d2036811b2f9e89a9b71c174e4f5b4,docs/platform/README.md,8767a8e265e769bc55a1a1de009f4c3ec6b962c1,8767a8e265e769bc55a1a1de009f4c3ec6b962c1,unchanged,original-963,cross-cutting,public-contract-home-index,source-en,docs/platform/README.md,conditional (normative when approved and routed).,not-declared,,git-blob-only,routing-only-no-frozen-contract,placeholder-home,repository documentation maintainers,routing responsibility; no named person asserted,docs/development/documentation-baseline.md;docs/development/stage-workflow.md,,not-applicable,,,phase1-conservative-routing-classified,pending,Codex,2026-09-28,Directory class does not establish an approved public ABI or platform contract.
f5b23932e7d2036811b2f9e89a9b71c174e4f5b4,docs/security/README.md,6f3ec4a2878d68e53b3b6f2424037de36dcd3a37,6f3ec4a2878d68e53b3b6f2424037de36dcd3a37,unchanged,original-963,cross-cutting,governance-or-root-navigation,source-en,docs/security/README.md,conditional (normative when approved and routed).,not-declared,,git-blob-only,directory-routing-per-declared-class,index,repository documentation maintainers,routing responsibility; no named person asserted,docs/development/documentation-baseline.md;docs/development/stage-workflow.md,,not-applicable,,,phase1-conservative-routing-classified,pending,Codex,2026-09-28,
f5b23932e7d2036811b2f9e89a9b71c174e4f5b4,docs/security/failure-classification.md,c10278f1b5ba08381662debdf64b42d4b5c7a77d,c10278f1b5ba08381662debdf64b42d4b5c7a77d,unchanged,original-963,cross-cutting,governance-or-root-navigation,source-en,docs/security/failure-classification.md,Normative failure-taxonomy governance.,v0.1,v0.1,header,normative-routed-governance,current-governance,"P0-W14 panic/failure classification; operationalizes ADR-007 (untrusted guests), ADR-013/ADR-051 (capability authorization), ADR-035 (fault isolation), and the §12/§19 invariants of the [ADR baseline](../adr/adr-000-architecture-baseline-v0.1.md).",docs/security/failure-classification.md#header,docs/development/documentation-baseline.md;docs/development/stage-workflow.md,,not-applicable,,,phase1-conservative-routing-classified,pending,Codex,2026-09-28,
f5b23932e7d2036811b2f9e89a9b71c174e4f5b4,docs/security/unsafe-inventory.md,a1eee57a85e57f172da6f8b630f822b60be74e93,a1eee57a85e57f172da6f8b630f822b60be74e93,unchanged,original-963,cross-cutting,governance-or-root-navigation,source-en,docs/security/unsafe-inventory.md,Normative register.,v0.9,v0.9 — adds the independently reviewed default-off W11 NC3/NC5 fault instruction boundaries.,header,normative-routed-governance,current-governance,"P0-W10 unsafe Rust governance; entries are created only by real, merged unsafe changes under the policy's review rules.",docs/security/unsafe-inventory.md#header,docs/development/documentation-baseline.md;docs/development/stage-workflow.md,,not-applicable,,,phase1-conservative-routing-classified,pending,Codex,2026-09-28,
f5b23932e7d2036811b2f9e89a9b71c174e4f5b4,docs/security/unsafe-rust-policy.md,1218dba67cd783bce2dc107af88fc512cb261972,1218dba67cd783bce2dc107af88fc512cb261972,unchanged,original-963,cross-cutting,governance-or-root-navigation,source-en,docs/security/unsafe-rust-policy.md,Normative safety governance.,v0.1,v0.1,header,normative-routed-governance,current-governance,"P0-W10 unsafe Rust governance; operationalizes ADR-006 (necessary, reviewed unsafe) and ADR-049 (unsafe audit layer).",docs/security/unsafe-rust-policy.md#header,docs/development/documentation-baseline.md;docs/development/stage-workflow.md,,not-applicable,,,phase1-conservative-routing-classified,pending,Codex,2026-09-28,
f5b23932e7d2036811b2f9e89a9b71c174e4f5b4,docs/stages/README.md,e48ff025802e1d1d6cfb490fe362bec1198b9ce9,e48ff025802e1d1d6cfb490fe362bec1198b9ce9,unchanged,original-963,cross-cutting,stage-navigation,source-en,docs/stages/README.md,normative (per the [documentation baseline](../development/documentation-baseline.md)).,not-declared,,git-blob-only,routing-only,index,repository documentation maintainers,routing responsibility; no named person asserted,docs/development/documentation-baseline.md;docs/development/stage-workflow.md,,not-applicable,,,phase1-conservative-routing-classified,pending,Codex,2026-09-28,
f5b23932e7d2036811b2f9e89a9b71c174e4f5b4,docs/stages/README.zh-CN.md,ff9d74fce240e1d9463b33f10ad0a400bbd1fada,ff9d74fce240e1d9463b33f10ad0a400bbd1fada,unchanged,original-963,cross-cutting,stage-navigation,translation-zh-CN,docs/stages/README.md,normative (per the [documentation baseline](../development/documentation-baseline.md)).,not-declared,,git-blob-only,translation-no-independent-authority / routing-only,index,repository documentation maintainers,routing responsibility; no named person asserted,docs/development/documentation-baseline.md;docs/development/stage-workflow.md;docs/stages/README.md,,blob-current,e48ff025802e1d1d6cfb490fe362bec1198b9ce9,e48ff025802e1d1d6cfb490fe362bec1198b9ce9,phase1-conservative-routing-classified,pending,Codex,2026-09-28,Blob currency does not prove faithful semantic translation.
f5b23932e7d2036811b2f9e89a9b71c174e4f5b4,docs/stages/p0/README.md,a58238761b42136b82e669ae15aba6767d4a52e3,a58238761b42136b82e669ae15aba6767d4a52e3,unchanged,original-963,p0,stage-navigation,source-en,docs/stages/p0/README.md,not-declared,not-declared,,git-blob-only,routing-only,index,P0 stage maintainers,routing responsibility; no named person asserted,docs/development/documentation-baseline.md;docs/development/stage-workflow.md,,not-applicable,,,phase1-conservative-routing-classified,pending,Codex,2026-09-28,
f5b23932e7d2036811b2f9e89a9b71c174e4f5b4,docs/stages/p0/README.zh-CN.md,fca8dccf551099c1adbc020a03bf90d3420ffb32,fca8dccf551099c1adbc020a03bf90d3420ffb32,unchanged,original-963,p0,stage-navigation,translation-zh-CN,docs/stages/p0/README.md,not-declared,not-declared,,git-blob-only,translation-no-independent-authority / routing-only,index,P0 stage maintainers,routing responsibility; no named person asserted,docs/development/documentation-baseline.md;docs/development/stage-workflow.md;docs/stages/p0/README.md,,blob-current,a58238761b42136b82e669ae15aba6767d4a52e3,a58238761b42136b82e669ae15aba6767d4a52e3,phase1-conservative-routing-classified,pending,Codex,2026-09-28,Blob currency does not prove faithful semantic translation.
f5b23932e7d2036811b2f9e89a9b71c174e4f5b4,docs/stages/p0/implementation/README.md,8c237d2e05e41d9d8c469b554445be383530e69b,8c237d2e05e41d9d8c469b554445be383530e69b,unchanged,original-963,p0,stage-implementation-index,source-en,docs/stages/p0/implementation/README.md,Index of proposed designs and future implementation records; not a completion claim.,not-declared,,git-blob-only,routing-and-factual-context,index,P0 stage maintainers,routing responsibility; no named person asserted,docs/development/documentation-baseline.md;docs/development/stage-workflow.md,,not-applicable,,,phase1-conservative-routing-classified,pending,Codex,2026-09-28,
f5b23932e7d2036811b2f9e89a9b71c174e4f5b4,docs/stages/p0/implementation/p0-w01-repository-baseline-record.md,1774dd2d91ce350e0a9d953a6151f8b74ed0d908,1774dd2d91ce350e0a9d953a6151f8b74ed0d908,unchanged,original-963,p0,L5-implementation-record,source-en,docs/stages/p0/implementation/p0-w01-repository-baseline-record.md,Completed; verification evidence recorded.,not-declared,,git-blob-only,factual-record-no-new-policy,recorded-snapshot,P0-W01,routing responsibility; no named person asserted,docs/development/documentation-baseline.md;docs/development/stage-workflow.md,,not-applicable,,,phase1-conservative-routing-classified,pending,Codex,2026-09-28,
f5b23932e7d2036811b2f9e89a9b71c174e4f5b4,docs/stages/p0/implementation/p0-w01-repository-baseline/01-artifact-contract.md,4e74283340754b619c75ea96adff9d65f728496b,4e74283340754b619c75ea96adff9d65f728496b,unchanged,original-963,p0,L4-design-or-amendment,source-en,docs/stages/p0/implementation/p0-w01-repository-baseline/01-artifact-contract.md,Proposed detailed design; implementation not claimed.,not-declared,,git-blob-only,conditional-design-approval-not-certified,proposed-design,P0-W01 implementation handoff.,docs/stages/p0/implementation/p0-w01-repository-baseline/README.md#header,docs/development/documentation-baseline.md;docs/development/stage-workflow.md;docs/stages/p0/implementation/p0-w01-repository-baseline/README.md;docs/stages/p0/implementation/README.md;docs/stages/p0/verification/p0-completion-report.md,,not-applicable,,,phase1-conservative-routing-classified,pending,Codex,2026-09-28,Completed-stage index does not independently approve this document; read amendments and approval provenance before new code.
f5b23932e7d2036811b2f9e89a9b71c174e4f5b4,docs/stages/p0/implementation/p0-w01-repository-baseline/02-implementation-and-review.md,23cc2a273c4b11c10de7be6bd10a82ef05595c82,23cc2a273c4b11c10de7be6bd10a82ef05595c82,unchanged,original-963,p0,L4-design-or-amendment,source-en,docs/stages/p0/implementation/p0-w01-repository-baseline/02-implementation-and-review.md,Proposed detailed design; implementation and validation are not claimed.,not-declared,,git-blob-only,conditional-design-approval-not-certified,proposed-design,P0-W01 implementation handoff.,docs/stages/p0/implementation/p0-w01-repository-baseline/README.md#header,docs/development/documentation-baseline.md;docs/development/stage-workflow.md;docs/stages/p0/implementation/p0-w01-repository-baseline/README.md;docs/stages/p0/implementation/README.md;docs/stages/p0/verification/p0-completion-report.md,,not-applicable,,,phase1-conservative-routing-classified,pending,Codex,2026-09-28,Completed-stage index does not independently approve this document; read amendments and approval provenance before new code.
f5b23932e7d2036811b2f9e89a9b71c174e4f5b4,docs/stages/p0/implementation/p0-w01-repository-baseline/README.md,5200a61fe4d7b6caaea55006146b2bd5ecfa3dbc,5200a61fe4d7b6caaea55006146b2bd5ecfa3dbc,unchanged,original-963,p0,L4-design-or-amendment,source-en,docs/stages/p0/implementation/p0-w01-repository-baseline/README.md,Proposed detailed design; implementation and validation are not claimed.,not-declared,,git-blob-only,conditional-design-approval-not-certified,approval-wording-conflict,P0-W01 implementation handoff.,docs/stages/p0/implementation/p0-w01-repository-baseline/README.md#header,docs/development/documentation-baseline.md;docs/development/stage-workflow.md;docs/stages/p0/implementation/p0-w01-repository-baseline/README.md;docs/stages/p0/implementation/README.md;docs/stages/p0/verification/p0-completion-report.md,,not-applicable,,,phase1-conservative-routing-classified,pending,Codex,2026-09-28,Completed-stage index does not independently approve this document; read amendments and approval provenance before new code. AUTH-01: Proposed header and affirmative approved-design prose coexist; approval provenance unresolved.
f5b23932e7d2036811b2f9e89a9b71c174e4f5b4,docs/stages/p0/implementation/p0-w02-rust-toolchain-baseline-record.md,f88a33138eb698bfd5af0e8a4be25534243789e5,f88a33138eb698bfd5af0e8a4be25534243789e5,unchanged,original-963,p0,L5-implementation-record,source-en,docs/stages/p0/implementation/p0-w02-rust-toolchain-baseline-record.md,Implemented on branch `p0/w02-toolchain`; verification evidence in [the verification record](../verification/p0-w02-rust-toolchain-baseline-verification.md).,not-declared,,git-blob-only,factual-record-no-new-policy,recorded-snapshot,P0-W02,routing responsibility; no named person asserted,docs/development/documentation-baseline.md;docs/development/stage-workflow.md,,not-applicable,,,phase1-conservative-routing-classified,pending,Codex,2026-09-28,
f5b23932e7d2036811b2f9e89a9b71c174e4f5b4,docs/stages/p0/implementation/p0-w02-rust-toolchain-baseline/01-toolchain-contract.md,d508aba7a6743a1ce90fba9a61133eb4aedb0f83,d508aba7a6743a1ce90fba9a61133eb4aedb0f83,unchanged,original-963,p0,L4-design-or-amendment,source-en,docs/stages/p0/implementation/p0-w02-rust-toolchain-baseline/01-toolchain-contract.md,Proposed detailed design; implementation not claimed.,not-declared,,git-blob-only,conditional-design-approval-not-certified,proposed-design,P0-W02 implementation handoff.,docs/stages/p0/implementation/p0-w02-rust-toolchain-baseline/README.md#header,docs/development/documentation-baseline.md;docs/development/stage-workflow.md;docs/stages/p0/implementation/p0-w02-rust-toolchain-baseline/README.md;docs/stages/p0/implementation/README.md;docs/stages/p0/verification/p0-completion-report.md,,not-applicable,,,phase1-conservative-routing-classified,pending,Codex,2026-09-28,Completed-stage index does not independently approve this document; read amendments and approval provenance before new code.
f5b23932e7d2036811b2f9e89a9b71c174e4f5b4,docs/stages/p0/implementation/p0-w02-rust-toolchain-baseline/02-implementation-and-review.md,1c1aed9abff65103ccead6ba4178b9b39aaf194f,1c1aed9abff65103ccead6ba4178b9b39aaf194f,unchanged,original-963,p0,L4-design-or-amendment,source-en,docs/stages/p0/implementation/p0-w02-rust-toolchain-baseline/02-implementation-and-review.md,Proposed detailed design; implementation and validation are not claimed.,not-declared,,git-blob-only,conditional-design-approval-not-certified,proposed-design,P0-W02 implementation handoff.,docs/stages/p0/implementation/p0-w02-rust-toolchain-baseline/README.md#header,docs/development/documentation-baseline.md;docs/development/stage-workflow.md;docs/stages/p0/implementation/p0-w02-rust-toolchain-baseline/README.md;docs/stages/p0/implementation/README.md;docs/stages/p0/verification/p0-completion-report.md,,not-applicable,,,phase1-conservative-routing-classified,pending,Codex,2026-09-28,Completed-stage index does not independently approve this document; read amendments and approval provenance before new code.
f5b23932e7d2036811b2f9e89a9b71c174e4f5b4,docs/stages/p0/implementation/p0-w02-rust-toolchain-baseline/README.md,f1ac20807f7cc8de34b230fffa4f792e9458f689,f1ac20807f7cc8de34b230fffa4f792e9458f689,unchanged,original-963,p0,L4-design-or-amendment,source-en,docs/stages/p0/implementation/p0-w02-rust-toolchain-baseline/README.md,Proposed detailed design; implementation and validation are not claimed.,not-declared,,git-blob-only,conditional-design-approval-not-certified,proposed-design,P0-W02 implementation handoff.,docs/stages/p0/implementation/p0-w02-rust-toolchain-baseline/README.md#header,docs/development/documentation-baseline.md;docs/development/stage-workflow.md;docs/stages/p0/implementation/p0-w02-rust-toolchain-baseline/README.md;docs/stages/p0/implementation/README.md;docs/stages/p0/verification/p0-completion-report.md,,not-applicable,,,phase1-conservative-routing-classified,pending,Codex,2026-09-28,Completed-stage index does not independently approve this document; read amendments and approval provenance before new code.
f5b23932e7d2036811b2f9e89a9b71c174e4f5b4,docs/stages/p0/implementation/p0-w03-aarch64-build-target-baseline-record.md,792373b5978bcf4812657594e2a51d129969f1e4,792373b5978bcf4812657594e2a51d129969f1e4,unchanged,original-963,p0,L5-implementation-record,source-en,docs/stages/p0/implementation/p0-w03-aarch64-build-target-baseline-record.md,Implemented on branch `p0/w03-aarch64-target`; verification evidence in [the verification record](../verification/p0-w03-aarch64-build-target-baseline-verification.md).,not-declared,,git-blob-only,factual-record-no-new-policy,recorded-snapshot,P0-W03,routing responsibility; no named person asserted,docs/development/documentation-baseline.md;docs/development/stage-workflow.md,,not-applicable,,,phase1-conservative-routing-classified,pending,Codex,2026-09-28,
f5b23932e7d2036811b2f9e89a9b71c174e4f5b4,docs/stages/p0/implementation/p0-w03-aarch64-build-target-baseline/01-target-baseline-contract.md,175f05fb40aca46cb6ccfb2ed36c4fd2c44f4727,175f05fb40aca46cb6ccfb2ed36c4fd2c44f4727,unchanged,original-963,p0,L4-design-or-amendment,source-en,docs/stages/p0/implementation/p0-w03-aarch64-build-target-baseline/01-target-baseline-contract.md,Proposed detailed design; implementation not claimed.,not-declared,,git-blob-only,conditional-design-approval-not-certified,proposed-design,P0-W03 implementation handoff.,docs/stages/p0/implementation/p0-w03-aarch64-build-target-baseline/README.md#header,docs/development/documentation-baseline.md;docs/development/stage-workflow.md;docs/stages/p0/implementation/p0-w03-aarch64-build-target-baseline/README.md;docs/stages/p0/implementation/README.md;docs/stages/p0/verification/p0-completion-report.md,,not-applicable,,,phase1-conservative-routing-classified,pending,Codex,2026-09-28,Completed-stage index does not independently approve this document; read amendments and approval provenance before new code.
f5b23932e7d2036811b2f9e89a9b71c174e4f5b4,docs/stages/p0/implementation/p0-w03-aarch64-build-target-baseline/02-workspace-and-probe-crate-contract.md,44c8bf8616e8a0978cf9b26d6047f6881c32a11f,44c8bf8616e8a0978cf9b26d6047f6881c32a11f,unchanged,original-963,p0,L4-design-or-amendment,source-en,docs/stages/p0/implementation/p0-w03-aarch64-build-target-baseline/02-workspace-and-probe-crate-contract.md,Proposed detailed design; implementation not claimed.,not-declared,,git-blob-only,conditional-design-approval-not-certified,proposed-design,P0-W03 implementation handoff.,docs/stages/p0/implementation/p0-w03-aarch64-build-target-baseline/README.md#header,docs/development/documentation-baseline.md;docs/development/stage-workflow.md;docs/stages/p0/implementation/p0-w03-aarch64-build-target-baseline/README.md;docs/stages/p0/implementation/README.md;docs/stages/p0/verification/p0-completion-report.md,,not-applicable,,,phase1-conservative-routing-classified,pending,Codex,2026-09-28,Completed-stage index does not independently approve this document; read amendments and approval provenance before new code.
f5b23932e7d2036811b2f9e89a9b71c174e4f5b4,docs/stages/p0/implementation/p0-w03-aarch64-build-target-baseline/03-implementation-and-review.md,209c32bd006542af3721ecee70e0efab377f3a88,209c32bd006542af3721ecee70e0efab377f3a88,unchanged,original-963,p0,L4-design-or-amendment,source-en,docs/stages/p0/implementation/p0-w03-aarch64-build-target-baseline/03-implementation-and-review.md,Proposed detailed design; implementation and validation are not claimed.,not-declared,,git-blob-only,conditional-design-approval-not-certified,proposed-design,P0-W03 implementation handoff.,docs/stages/p0/implementation/p0-w03-aarch64-build-target-baseline/README.md#header,docs/development/documentation-baseline.md;docs/development/stage-workflow.md;docs/stages/p0/implementation/p0-w03-aarch64-build-target-baseline/README.md;docs/stages/p0/implementation/README.md;docs/stages/p0/verification/p0-completion-report.md,,not-applicable,,,phase1-conservative-routing-classified,pending,Codex,2026-09-28,Completed-stage index does not independently approve this document; read amendments and approval provenance before new code.
f5b23932e7d2036811b2f9e89a9b71c174e4f5b4,docs/stages/p0/implementation/p0-w03-aarch64-build-target-baseline/README.md,7ca1840d51ba3b9b271fe69ebd96a0bd2292fe26,7ca1840d51ba3b9b271fe69ebd96a0bd2292fe26,unchanged,original-963,p0,L4-design-or-amendment,source-en,docs/stages/p0/implementation/p0-w03-aarch64-build-target-baseline/README.md,Proposed detailed design; implementation and validation are not claimed.,not-declared,,git-blob-only,conditional-design-approval-not-certified,proposed-design,P0-W03 implementation handoff.,docs/stages/p0/implementation/p0-w03-aarch64-build-target-baseline/README.md#header,docs/development/documentation-baseline.md;docs/development/stage-workflow.md;docs/stages/p0/implementation/p0-w03-aarch64-build-target-baseline/README.md;docs/stages/p0/implementation/README.md;docs/stages/p0/verification/p0-completion-report.md,,not-applicable,,,phase1-conservative-routing-classified,pending,Codex,2026-09-28,Completed-stage index does not independently approve this document; read amendments and approval provenance before new code.
f5b23932e7d2036811b2f9e89a9b71c174e4f5b4,docs/stages/p0/implementation/p0-w04-build-profile-feature-governance-record.md,f5306650bdc68304484ea8307f329637ae95e3f1,f5306650bdc68304484ea8307f329637ae95e3f1,unchanged,original-963,p0,L5-implementation-record,source-en,docs/stages/p0/implementation/p0-w04-build-profile-feature-governance-record.md,Implemented on branch `p0/w04-build-profile-governance`; verification evidence in [the verification record](../verification/p0-w04-build-profile-feature-governance-verification.md).,not-declared,,git-blob-only,factual-record-no-new-policy,recorded-snapshot,P0-W04,routing responsibility; no named person asserted,docs/development/documentation-baseline.md;docs/development/stage-workflow.md,,not-applicable,,,phase1-conservative-routing-classified,pending,Codex,2026-09-28,
f5b23932e7d2036811b2f9e89a9b71c174e4f5b4,docs/stages/p0/implementation/p0-w04-build-profile-feature-governance/01-governance-contract.md,97af444b181a709bcc8e8fe2862776272104cb1f,97af444b181a709bcc8e8fe2862776272104cb1f,unchanged,original-963,p0,L4-design-or-amendment,source-en,docs/stages/p0/implementation/p0-w04-build-profile-feature-governance/01-governance-contract.md,Proposed detailed design; implementation not claimed.,not-declared,,git-blob-only,conditional-design-approval-not-certified,proposed-design,P0-W04 implementation handoff.,docs/stages/p0/implementation/p0-w04-build-profile-feature-governance/README.md#header,docs/development/documentation-baseline.md;docs/development/stage-workflow.md;docs/stages/p0/implementation/p0-w04-build-profile-feature-governance/README.md;docs/stages/p0/implementation/README.md;docs/stages/p0/verification/p0-completion-report.md,,not-applicable,,,phase1-conservative-routing-classified,pending,Codex,2026-09-28,Completed-stage index does not independently approve this document; read amendments and approval provenance before new code.
f5b23932e7d2036811b2f9e89a9b71c174e4f5b4,docs/stages/p0/implementation/p0-w04-build-profile-feature-governance/02-implementation-and-review.md,6b82161d29fc391368de8efada777e5742f7da82,6b82161d29fc391368de8efada777e5742f7da82,unchanged,original-963,p0,L4-design-or-amendment,source-en,docs/stages/p0/implementation/p0-w04-build-profile-feature-governance/02-implementation-and-review.md,Proposed detailed design; implementation and validation are not claimed.,not-declared,,git-blob-only,conditional-design-approval-not-certified,proposed-design,P0-W04 implementation handoff.,docs/stages/p0/implementation/p0-w04-build-profile-feature-governance/README.md#header,docs/development/documentation-baseline.md;docs/development/stage-workflow.md;docs/stages/p0/implementation/p0-w04-build-profile-feature-governance/README.md;docs/stages/p0/implementation/README.md;docs/stages/p0/verification/p0-completion-report.md,,not-applicable,,,phase1-conservative-routing-classified,pending,Codex,2026-09-28,Completed-stage index does not independently approve this document; read amendments and approval provenance before new code.
f5b23932e7d2036811b2f9e89a9b71c174e4f5b4,docs/stages/p0/implementation/p0-w04-build-profile-feature-governance/README.md,3471588027faeaca5413d7ee9fc4ebf996175eb5,3471588027faeaca5413d7ee9fc4ebf996175eb5,unchanged,original-963,p0,L4-design-or-amendment,source-en,docs/stages/p0/implementation/p0-w04-build-profile-feature-governance/README.md,Proposed detailed design; implementation and validation are not claimed.,not-declared,,git-blob-only,conditional-design-approval-not-certified,proposed-design,P0-W04 implementation handoff.,docs/stages/p0/implementation/p0-w04-build-profile-feature-governance/README.md#header,docs/development/documentation-baseline.md;docs/development/stage-workflow.md;docs/stages/p0/implementation/p0-w04-build-profile-feature-governance/README.md;docs/stages/p0/implementation/README.md;docs/stages/p0/verification/p0-completion-report.md,,not-applicable,,,phase1-conservative-routing-classified,pending,Codex,2026-09-28,Completed-stage index does not independently approve this document; read amendments and approval provenance before new code.
f5b23932e7d2036811b2f9e89a9b71c174e4f5b4,docs/stages/p0/implementation/p0-w05-documentation-baseline-record.md,1bab864d0dd9f021b54fac8de973c2f1923e525a,1bab864d0dd9f021b54fac8de973c2f1923e525a,unchanged,original-963,p0,L5-implementation-record,source-en,docs/stages/p0/implementation/p0-w05-documentation-baseline-record.md,Implemented on branch `p0/w05-documentation-baseline`; verification evidence in [the verification record](../verification/p0-w05-documentation-baseline-verification.md).,not-declared,,git-blob-only,factual-record-no-new-policy,recorded-snapshot,P0-W05,routing responsibility; no named person asserted,docs/development/documentation-baseline.md;docs/development/stage-workflow.md,,not-applicable,,,phase1-conservative-routing-classified,pending,Codex,2026-09-28,
f5b23932e7d2036811b2f9e89a9b71c174e4f5b4,docs/stages/p0/implementation/p0-w05-documentation-baseline/01-taxonomy-and-baseline-contract.md,5d9569cac4c6f992cc6c2eff35073a1a6b690a72,5d9569cac4c6f992cc6c2eff35073a1a6b690a72,unchanged,original-963,p0,L4-design-or-amendment,source-en,docs/stages/p0/implementation/p0-w05-documentation-baseline/01-taxonomy-and-baseline-contract.md,Proposed detailed design; implementation not claimed.,not-declared,,git-blob-only,conditional-design-approval-not-certified,proposed-design,P0-W05 implementation handoff.,docs/stages/p0/implementation/p0-w05-documentation-baseline/README.md#header,docs/development/documentation-baseline.md;docs/development/stage-workflow.md;docs/stages/p0/implementation/p0-w05-documentation-baseline/README.md;docs/stages/p0/implementation/README.md;docs/stages/p0/verification/p0-completion-report.md,,not-applicable,,,phase1-conservative-routing-classified,pending,Codex,2026-09-28,Completed-stage index does not independently approve this document; read amendments and approval provenance before new code.
f5b23932e7d2036811b2f9e89a9b71c174e4f5b4,docs/stages/p0/implementation/p0-w05-documentation-baseline/02-implementation-and-review.md,d10df29afe14522d583049b677165a36f3bb3851,d10df29afe14522d583049b677165a36f3bb3851,unchanged,original-963,p0,L4-design-or-amendment,source-en,docs/stages/p0/implementation/p0-w05-documentation-baseline/02-implementation-and-review.md,Proposed detailed design; implementation and validation are not claimed.,not-declared,,git-blob-only,conditional-design-approval-not-certified,proposed-design,P0-W05 implementation handoff.,docs/stages/p0/implementation/p0-w05-documentation-baseline/README.md#header,docs/development/documentation-baseline.md;docs/development/stage-workflow.md;docs/stages/p0/implementation/p0-w05-documentation-baseline/README.md;docs/stages/p0/implementation/README.md;docs/stages/p0/verification/p0-completion-report.md,,not-applicable,,,phase1-conservative-routing-classified,pending,Codex,2026-09-28,Completed-stage index does not independently approve this document; read amendments and approval provenance before new code.
f5b23932e7d2036811b2f9e89a9b71c174e4f5b4,docs/stages/p0/implementation/p0-w05-documentation-baseline/README.md,85624e21826751dda6f61128f370ec36123706a6,85624e21826751dda6f61128f370ec36123706a6,unchanged,original-963,p0,L4-design-or-amendment,source-en,docs/stages/p0/implementation/p0-w05-documentation-baseline/README.md,Proposed detailed design; implementation and validation are not claimed.,not-declared,,git-blob-only,conditional-design-approval-not-certified,proposed-design,P0-W05 implementation handoff.,docs/stages/p0/implementation/p0-w05-documentation-baseline/README.md#header,docs/development/documentation-baseline.md;docs/development/stage-workflow.md;docs/stages/p0/implementation/p0-w05-documentation-baseline/README.md;docs/stages/p0/implementation/README.md;docs/stages/p0/verification/p0-completion-report.md,,not-applicable,,,phase1-conservative-routing-classified,pending,Codex,2026-09-28,Completed-stage index does not independently approve this document; read amendments and approval provenance before new code.
f5b23932e7d2036811b2f9e89a9b71c174e4f5b4,docs/stages/p0/implementation/p0-w06-adr-governance-record.md,d8c21441f23c9a94991d10b3d678a3d6ccd983a2,d8c21441f23c9a94991d10b3d678a3d6ccd983a2,unchanged,original-963,p0,L5-implementation-record,source-en,docs/stages/p0/implementation/p0-w06-adr-governance-record.md,Implemented on branch `p0/w06-adr-governance`; verification evidence in [the verification record](../verification/p0-w06-adr-governance-verification.md).,not-declared,,git-blob-only,factual-record-no-new-policy,recorded-snapshot,P0-W06,routing responsibility; no named person asserted,docs/development/documentation-baseline.md;docs/development/stage-workflow.md,,not-applicable,,,phase1-conservative-routing-classified,pending,Codex,2026-09-28,
f5b23932e7d2036811b2f9e89a9b71c174e4f5b4,docs/stages/p0/implementation/p0-w06-adr-governance/01-adr-lifecycle-contract.md,20cb704214da708649f3800a79c6ef047758ef88,20cb704214da708649f3800a79c6ef047758ef88,unchanged,original-963,p0,L4-design-or-amendment,source-en,docs/stages/p0/implementation/p0-w06-adr-governance/01-adr-lifecycle-contract.md,Proposed detailed design; implementation not claimed.,not-declared,,git-blob-only,conditional-design-approval-not-certified,proposed-design,P0-W06 implementation handoff.,docs/stages/p0/implementation/p0-w06-adr-governance/README.md#header,docs/development/documentation-baseline.md;docs/development/stage-workflow.md;docs/stages/p0/implementation/p0-w06-adr-governance/README.md;docs/stages/p0/implementation/README.md;docs/stages/p0/verification/p0-completion-report.md,,not-applicable,,,phase1-conservative-routing-classified,pending,Codex,2026-09-28,Completed-stage index does not independently approve this document; read amendments and approval provenance before new code.
f5b23932e7d2036811b2f9e89a9b71c174e4f5b4,docs/stages/p0/implementation/p0-w06-adr-governance/02-implementation-and-review.md,c59f18f2e31583497f9207d4a61b4f17dd020821,c59f18f2e31583497f9207d4a61b4f17dd020821,unchanged,original-963,p0,L4-design-or-amendment,source-en,docs/stages/p0/implementation/p0-w06-adr-governance/02-implementation-and-review.md,Proposed detailed design; implementation and validation are not claimed.,not-declared,,git-blob-only,conditional-design-approval-not-certified,proposed-design,P0-W06 implementation handoff.,docs/stages/p0/implementation/p0-w06-adr-governance/README.md#header,docs/development/documentation-baseline.md;docs/development/stage-workflow.md;docs/stages/p0/implementation/p0-w06-adr-governance/README.md;docs/stages/p0/implementation/README.md;docs/stages/p0/verification/p0-completion-report.md,,not-applicable,,,phase1-conservative-routing-classified,pending,Codex,2026-09-28,Completed-stage index does not independently approve this document; read amendments and approval provenance before new code.
f5b23932e7d2036811b2f9e89a9b71c174e4f5b4,docs/stages/p0/implementation/p0-w06-adr-governance/README.md,d102a22842ae09668df54a8e31566cec49103a59,d102a22842ae09668df54a8e31566cec49103a59,unchanged,original-963,p0,L4-design-or-amendment,source-en,docs/stages/p0/implementation/p0-w06-adr-governance/README.md,Proposed detailed design; implementation and validation are not claimed.,not-declared,,git-blob-only,conditional-design-approval-not-certified,proposed-design,P0-W06 implementation handoff.,docs/stages/p0/implementation/p0-w06-adr-governance/README.md#header,docs/development/documentation-baseline.md;docs/development/stage-workflow.md;docs/stages/p0/implementation/p0-w06-adr-governance/README.md;docs/stages/p0/implementation/README.md;docs/stages/p0/verification/p0-completion-report.md,,not-applicable,,,phase1-conservative-routing-classified,pending,Codex,2026-09-28,Completed-stage index does not independently approve this document; read amendments and approval provenance before new code.
f5b23932e7d2036811b2f9e89a9b71c174e4f5b4,docs/stages/p0/implementation/p0-w07-development-quality-gates-record.md,ca2709cad495e5d719b99c05d80aa7c447f3186d,ca2709cad495e5d719b99c05d80aa7c447f3186d,unchanged,original-963,p0,L5-implementation-record,source-en,docs/stages/p0/implementation/p0-w07-development-quality-gates-record.md,Implemented on branch `p0/w07-quality-gates`; verification evidence in [the verification record](../verification/p0-w07-development-quality-gates-verification.md).,not-declared,,git-blob-only,factual-record-no-new-policy,recorded-snapshot,P0-W07,routing responsibility; no named person asserted,docs/development/documentation-baseline.md;docs/development/stage-workflow.md,,not-applicable,,,phase1-conservative-routing-classified,pending,Codex,2026-09-28,
f5b23932e7d2036811b2f9e89a9b71c174e4f5b4,docs/stages/p0/implementation/p0-w07-development-quality-gates/01-gate-register.md,01f1ea8de573229241394bd10a46576b1a7c5f30,01f1ea8de573229241394bd10a46576b1a7c5f30,unchanged,original-963,p0,L4-design-or-amendment,source-en,docs/stages/p0/implementation/p0-w07-development-quality-gates/01-gate-register.md,Proposed detailed design; implementation not claimed.,not-declared,,git-blob-only,conditional-design-approval-not-certified,proposed-design,P0-W07 implementation handoff.,docs/stages/p0/implementation/p0-w07-development-quality-gates/README.md#header,docs/development/documentation-baseline.md;docs/development/stage-workflow.md;docs/stages/p0/implementation/p0-w07-development-quality-gates/README.md;docs/stages/p0/implementation/README.md;docs/stages/p0/verification/p0-completion-report.md,,not-applicable,,,phase1-conservative-routing-classified,pending,Codex,2026-09-28,Completed-stage index does not independently approve this document; read amendments and approval provenance before new code.
f5b23932e7d2036811b2f9e89a9b71c174e4f5b4,docs/stages/p0/implementation/p0-w07-development-quality-gates/02-gate-minimum-standards.md,986ed593e5337cb4496586a928186fa08b4e0c5f,986ed593e5337cb4496586a928186fa08b4e0c5f,unchanged,original-963,p0,L4-design-or-amendment,source-en,docs/stages/p0/implementation/p0-w07-development-quality-gates/02-gate-minimum-standards.md,Proposed detailed design; implementation not claimed.,not-declared,,git-blob-only,conditional-design-approval-not-certified,proposed-design,P0-W07 implementation handoff.,docs/stages/p0/implementation/p0-w07-development-quality-gates/README.md#header,docs/development/documentation-baseline.md;docs/development/stage-workflow.md;docs/stages/p0/implementation/p0-w07-development-quality-gates/README.md;docs/stages/p0/implementation/README.md;docs/stages/p0/verification/p0-completion-report.md,,not-applicable,,,phase1-conservative-routing-classified,pending,Codex,2026-09-28,Completed-stage index does not independently approve this document; read amendments and approval provenance before new code.
f5b23932e7d2036811b2f9e89a9b71c174e4f5b4,docs/stages/p0/implementation/p0-w07-development-quality-gates/03-implementation-and-validation.md,659f32a80aead06315ad7c8bf88f33eb7945580b,659f32a80aead06315ad7c8bf88f33eb7945580b,unchanged,original-963,p0,L4-design-or-amendment,source-en,docs/stages/p0/implementation/p0-w07-development-quality-gates/03-implementation-and-validation.md,Proposed detailed design; implementation and validation are not claimed.,not-declared,,git-blob-only,conditional-design-approval-not-certified,proposed-design,P0-W07 implementation handoff.,docs/stages/p0/implementation/p0-w07-development-quality-gates/README.md#header,docs/development/documentation-baseline.md;docs/development/stage-workflow.md;docs/stages/p0/implementation/p0-w07-development-quality-gates/README.md;docs/stages/p0/implementation/README.md;docs/stages/p0/verification/p0-completion-report.md,,not-applicable,,,phase1-conservative-routing-classified,pending,Codex,2026-09-28,Completed-stage index does not independently approve this document; read amendments and approval provenance before new code.
f5b23932e7d2036811b2f9e89a9b71c174e4f5b4,docs/stages/p0/implementation/p0-w07-development-quality-gates/README.md,dba36b3d4ebe8b291ebe42a04fa62cd8d0166af6,dba36b3d4ebe8b291ebe42a04fa62cd8d0166af6,unchanged,original-963,p0,L4-design-or-amendment,source-en,docs/stages/p0/implementation/p0-w07-development-quality-gates/README.md,Proposed detailed design; implementation and validation are not claimed.,not-declared,,git-blob-only,conditional-design-approval-not-certified,proposed-design,P0-W07 implementation handoff.,docs/stages/p0/implementation/p0-w07-development-quality-gates/README.md#header,docs/development/documentation-baseline.md;docs/development/stage-workflow.md;docs/stages/p0/implementation/p0-w07-development-quality-gates/README.md;docs/stages/p0/implementation/README.md;docs/stages/p0/verification/p0-completion-report.md,,not-applicable,,,phase1-conservative-routing-classified,pending,Codex,2026-09-28,Completed-stage index does not independently approve this document; read amendments and approval provenance before new code.
f5b23932e7d2036811b2f9e89a9b71c174e4f5b4,docs/stages/p0/implementation/p0-w08-host-side-testing-baseline-record.md,d90fc91238431bc38590b21dc069c70e330c7864,d90fc91238431bc38590b21dc069c70e330c7864,unchanged,original-963,p0,L5-implementation-record,source-en,docs/stages/p0/implementation/p0-w08-host-side-testing-baseline-record.md,Implemented on branch `p0/w08-host-testing-baseline`; verification evidence in [the verification record](../verification/p0-w08-host-side-testing-baseline-verification.md).,not-declared,,git-blob-only,factual-record-no-new-policy,recorded-snapshot,P0-W08,routing responsibility; no named person asserted,docs/development/documentation-baseline.md;docs/development/stage-workflow.md,,not-applicable,,,phase1-conservative-routing-classified,pending,Codex,2026-09-28,
f5b23932e7d2036811b2f9e89a9b71c174e4f5b4,docs/stages/p0/implementation/p0-w08-host-side-testing-baseline/01-host-test-contract.md,c6f5f36afc8eb1e75251999a41a3399db62d7848,c6f5f36afc8eb1e75251999a41a3399db62d7848,unchanged,original-963,p0,L4-design-or-amendment,source-en,docs/stages/p0/implementation/p0-w08-host-side-testing-baseline/01-host-test-contract.md,Proposed detailed design; implementation not claimed.,not-declared,,git-blob-only,conditional-design-approval-not-certified,proposed-design,P0-W08 implementation handoff.,docs/stages/p0/implementation/p0-w08-host-side-testing-baseline/README.md#header,docs/development/documentation-baseline.md;docs/development/stage-workflow.md;docs/stages/p0/implementation/p0-w08-host-side-testing-baseline/README.md;docs/stages/p0/implementation/README.md;docs/stages/p0/verification/p0-completion-report.md,,not-applicable,,,phase1-conservative-routing-classified,pending,Codex,2026-09-28,Completed-stage index does not independently approve this document; read amendments and approval provenance before new code.
f5b23932e7d2036811b2f9e89a9b71c174e4f5b4,docs/stages/p0/implementation/p0-w08-host-side-testing-baseline/02-test-category-matrix.md,95c05cb22579cd647d5379b9e802ed65793fde9f,95c05cb22579cd647d5379b9e802ed65793fde9f,unchanged,original-963,p0,L4-design-or-amendment,source-en,docs/stages/p0/implementation/p0-w08-host-side-testing-baseline/02-test-category-matrix.md,Proposed detailed design; implementation not claimed.,not-declared,,git-blob-only,conditional-design-approval-not-certified,proposed-design,P0-W08 implementation handoff.,docs/stages/p0/implementation/p0-w08-host-side-testing-baseline/README.md#header,docs/development/documentation-baseline.md;docs/development/stage-workflow.md;docs/stages/p0/implementation/p0-w08-host-side-testing-baseline/README.md;docs/stages/p0/implementation/README.md;docs/stages/p0/verification/p0-completion-report.md,,not-applicable,,,phase1-conservative-routing-classified,pending,Codex,2026-09-28,Completed-stage index does not independently approve this document; read amendments and approval provenance before new code.
f5b23932e7d2036811b2f9e89a9b71c174e4f5b4,docs/stages/p0/implementation/p0-w08-host-side-testing-baseline/03-implementation-and-validation.md,c4162fa52dfc729f4062f36477b6b47c01e83fa7,c4162fa52dfc729f4062f36477b6b47c01e83fa7,unchanged,original-963,p0,L4-design-or-amendment,source-en,docs/stages/p0/implementation/p0-w08-host-side-testing-baseline/03-implementation-and-validation.md,Proposed detailed design; implementation and validation are not claimed.,not-declared,,git-blob-only,conditional-design-approval-not-certified,proposed-design,P0-W08 implementation handoff.,docs/stages/p0/implementation/p0-w08-host-side-testing-baseline/README.md#header,docs/development/documentation-baseline.md;docs/development/stage-workflow.md;docs/stages/p0/implementation/p0-w08-host-side-testing-baseline/README.md;docs/stages/p0/implementation/README.md;docs/stages/p0/verification/p0-completion-report.md,,not-applicable,,,phase1-conservative-routing-classified,pending,Codex,2026-09-28,Completed-stage index does not independently approve this document; read amendments and approval provenance before new code.
f5b23932e7d2036811b2f9e89a9b71c174e4f5b4,docs/stages/p0/implementation/p0-w08-host-side-testing-baseline/README.md,c5d0c29809043912a4462bdabadcf69b7fa3523f,c5d0c29809043912a4462bdabadcf69b7fa3523f,unchanged,original-963,p0,L4-design-or-amendment,source-en,docs/stages/p0/implementation/p0-w08-host-side-testing-baseline/README.md,Proposed detailed design; implementation and validation are not claimed.,not-declared,,git-blob-only,conditional-design-approval-not-certified,proposed-design,P0-W08 implementation handoff.,docs/stages/p0/implementation/p0-w08-host-side-testing-baseline/README.md#header,docs/development/documentation-baseline.md;docs/development/stage-workflow.md;docs/stages/p0/implementation/p0-w08-host-side-testing-baseline/README.md;docs/stages/p0/implementation/README.md;docs/stages/p0/verification/p0-completion-report.md,,not-applicable,,,phase1-conservative-routing-classified,pending,Codex,2026-09-28,Completed-stage index does not independently approve this document; read amendments and approval provenance before new code.
f5b23932e7d2036811b2f9e89a9b71c174e4f5b4,docs/stages/p0/implementation/p0-w09-qemu-automation-entry-baseline-record.md,6328f615a29b9cfc1fe50fcc866d63983c6772ea,6328f615a29b9cfc1fe50fcc866d63983c6772ea,unchanged,original-963,p0,L5-implementation-record,source-en,docs/stages/p0/implementation/p0-w09-qemu-automation-entry-baseline-record.md,Implemented on branch `p0/w09-qemu-runner-entry`; verification evidence in [the verification record](../verification/p0-w09-qemu-automation-entry-baseline-verification.md).,not-declared,,git-blob-only,factual-record-no-new-policy,recorded-snapshot,P0-W09,routing responsibility; no named person asserted,docs/development/documentation-baseline.md;docs/development/stage-workflow.md,,not-applicable,,,phase1-conservative-routing-classified,pending,Codex,2026-09-28,
f5b23932e7d2036811b2f9e89a9b71c174e4f5b4,docs/stages/p0/implementation/p0-w09-qemu-automation-entry-baseline/01-runner-entry-contract.md,36e8fe4cf40f1c27c0432b588f6dfa82de85b013,36e8fe4cf40f1c27c0432b588f6dfa82de85b013,unchanged,original-963,p0,L4-design-or-amendment,source-en,docs/stages/p0/implementation/p0-w09-qemu-automation-entry-baseline/01-runner-entry-contract.md,Proposed detailed design; implementation not claimed.,not-declared,,git-blob-only,conditional-design-approval-not-certified,proposed-design,P0-W09 implementation handoff.,docs/stages/p0/implementation/p0-w09-qemu-automation-entry-baseline/README.md#header,docs/development/documentation-baseline.md;docs/development/stage-workflow.md;docs/stages/p0/implementation/p0-w09-qemu-automation-entry-baseline/README.md;docs/stages/p0/implementation/README.md;docs/stages/p0/verification/p0-completion-report.md,,not-applicable,,,phase1-conservative-routing-classified,pending,Codex,2026-09-28,Completed-stage index does not independently approve this document; read amendments and approval provenance before new code.
f5b23932e7d2036811b2f9e89a9b71c174e4f5b4,docs/stages/p0/implementation/p0-w09-qemu-automation-entry-baseline/02-implementation-and-validation.md,63451ef6c7ce729caddb5861b18afc71759e9712,63451ef6c7ce729caddb5861b18afc71759e9712,unchanged,original-963,p0,L4-design-or-amendment,source-en,docs/stages/p0/implementation/p0-w09-qemu-automation-entry-baseline/02-implementation-and-validation.md,Proposed detailed design; implementation and validation are not claimed.,not-declared,,git-blob-only,conditional-design-approval-not-certified,proposed-design,P0-W09 implementation handoff.,docs/stages/p0/implementation/p0-w09-qemu-automation-entry-baseline/README.md#header,docs/development/documentation-baseline.md;docs/development/stage-workflow.md;docs/stages/p0/implementation/p0-w09-qemu-automation-entry-baseline/README.md;docs/stages/p0/implementation/README.md;docs/stages/p0/verification/p0-completion-report.md,,not-applicable,,,phase1-conservative-routing-classified,pending,Codex,2026-09-28,Completed-stage index does not independently approve this document; read amendments and approval provenance before new code.
f5b23932e7d2036811b2f9e89a9b71c174e4f5b4,docs/stages/p0/implementation/p0-w09-qemu-automation-entry-baseline/README.md,9d226ba0208f6b051f35940b7cd116ed05402e49,9d226ba0208f6b051f35940b7cd116ed05402e49,unchanged,original-963,p0,L4-design-or-amendment,source-en,docs/stages/p0/implementation/p0-w09-qemu-automation-entry-baseline/README.md,Proposed detailed design; implementation and validation are not claimed.,not-declared,,git-blob-only,conditional-design-approval-not-certified,proposed-design,P0-W09 implementation handoff.,docs/stages/p0/implementation/p0-w09-qemu-automation-entry-baseline/README.md#header,docs/development/documentation-baseline.md;docs/development/stage-workflow.md;docs/stages/p0/implementation/p0-w09-qemu-automation-entry-baseline/README.md;docs/stages/p0/implementation/README.md;docs/stages/p0/verification/p0-completion-report.md,,not-applicable,,,phase1-conservative-routing-classified,pending,Codex,2026-09-28,Completed-stage index does not independently approve this document; read amendments and approval provenance before new code.
f5b23932e7d2036811b2f9e89a9b71c174e4f5b4,docs/stages/p0/implementation/p0-w10-unsafe-rust-governance-record.md,fc1ff006b7d5e348b296ce70624fe816d01be64b,fc1ff006b7d5e348b296ce70624fe816d01be64b,unchanged,original-963,p0,L5-implementation-record,source-en,docs/stages/p0/implementation/p0-w10-unsafe-rust-governance-record.md,Implemented on branch `p0/w10-unsafe-governance`; verification evidence in [the verification record](../verification/p0-w10-unsafe-rust-governance-verification.md).,not-declared,,git-blob-only,factual-record-no-new-policy,recorded-snapshot,P0-W10,routing responsibility; no named person asserted,docs/development/documentation-baseline.md;docs/development/stage-workflow.md,,not-applicable,,,phase1-conservative-routing-classified,pending,Codex,2026-09-28,
f5b23932e7d2036811b2f9e89a9b71c174e4f5b4,docs/stages/p0/implementation/p0-w10-unsafe-rust-governance/01-unsafe-policy-contract.md,cda9e47fa379e2c5519037f37eb1155c65932e0c,cda9e47fa379e2c5519037f37eb1155c65932e0c,unchanged,original-963,p0,L4-design-or-amendment,source-en,docs/stages/p0/implementation/p0-w10-unsafe-rust-governance/01-unsafe-policy-contract.md,Proposed detailed design; implementation not claimed.,not-declared,,git-blob-only,conditional-design-approval-not-certified,proposed-design,P0-W10 implementation handoff.,docs/stages/p0/implementation/p0-w10-unsafe-rust-governance/README.md#header,docs/development/documentation-baseline.md;docs/development/stage-workflow.md;docs/stages/p0/implementation/p0-w10-unsafe-rust-governance/README.md;docs/stages/p0/implementation/README.md;docs/stages/p0/verification/p0-completion-report.md,,not-applicable,,,phase1-conservative-routing-classified,pending,Codex,2026-09-28,Completed-stage index does not independently approve this document; read amendments and approval provenance before new code.
f5b23932e7d2036811b2f9e89a9b71c174e4f5b4,docs/stages/p0/implementation/p0-w10-unsafe-rust-governance/02-inventory-contract.md,20bb4c081cfdcb68743d6bc4fdb736ab146e7dd5,20bb4c081cfdcb68743d6bc4fdb736ab146e7dd5,unchanged,original-963,p0,L4-design-or-amendment,source-en,docs/stages/p0/implementation/p0-w10-unsafe-rust-governance/02-inventory-contract.md,Proposed detailed design; implementation not claimed.,not-declared,,git-blob-only,conditional-design-approval-not-certified,proposed-design,P0-W10 implementation handoff.,docs/stages/p0/implementation/p0-w10-unsafe-rust-governance/README.md#header,docs/development/documentation-baseline.md;docs/development/stage-workflow.md;docs/stages/p0/implementation/p0-w10-unsafe-rust-governance/README.md;docs/stages/p0/implementation/README.md;docs/stages/p0/verification/p0-completion-report.md,,not-applicable,,,phase1-conservative-routing-classified,pending,Codex,2026-09-28,Completed-stage index does not independently approve this document; read amendments and approval provenance before new code.
f5b23932e7d2036811b2f9e89a9b71c174e4f5b4,docs/stages/p0/implementation/p0-w10-unsafe-rust-governance/03-implementation-and-validation.md,fbf587bbca0aeef007d3e7d2d84b8a1a42b3cd93,fbf587bbca0aeef007d3e7d2d84b8a1a42b3cd93,unchanged,original-963,p0,L4-design-or-amendment,source-en,docs/stages/p0/implementation/p0-w10-unsafe-rust-governance/03-implementation-and-validation.md,Proposed detailed design; implementation and validation are not claimed.,not-declared,,git-blob-only,conditional-design-approval-not-certified,proposed-design,P0-W10 implementation handoff.,docs/stages/p0/implementation/p0-w10-unsafe-rust-governance/README.md#header,docs/development/documentation-baseline.md;docs/development/stage-workflow.md;docs/stages/p0/implementation/p0-w10-unsafe-rust-governance/README.md;docs/stages/p0/implementation/README.md;docs/stages/p0/verification/p0-completion-report.md,,not-applicable,,,phase1-conservative-routing-classified,pending,Codex,2026-09-28,Completed-stage index does not independently approve this document; read amendments and approval provenance before new code.
f5b23932e7d2036811b2f9e89a9b71c174e4f5b4,docs/stages/p0/implementation/p0-w10-unsafe-rust-governance/README.md,0666ade5ac9aa042abd37af2c7e11581c5b59aec,0666ade5ac9aa042abd37af2c7e11581c5b59aec,unchanged,original-963,p0,L4-design-or-amendment,source-en,docs/stages/p0/implementation/p0-w10-unsafe-rust-governance/README.md,Proposed detailed design; implementation and validation are not claimed.,not-declared,,git-blob-only,conditional-design-approval-not-certified,proposed-design,P0-W10 implementation handoff.,docs/stages/p0/implementation/p0-w10-unsafe-rust-governance/README.md#header,docs/development/documentation-baseline.md;docs/development/stage-workflow.md;docs/stages/p0/implementation/p0-w10-unsafe-rust-governance/README.md;docs/stages/p0/implementation/README.md;docs/stages/p0/verification/p0-completion-report.md,,not-applicable,,,phase1-conservative-routing-classified,pending,Codex,2026-09-28,Completed-stage index does not independently approve this document; read amendments and approval provenance before new code.
f5b23932e7d2036811b2f9e89a9b71c174e4f5b4,docs/stages/p0/implementation/p0-w11-platform-portability-guardrails-record.md,d5413612afd45ec79fceca822e61886f012ffcd5,d5413612afd45ec79fceca822e61886f012ffcd5,unchanged,original-963,p0,L5-implementation-record,source-en,docs/stages/p0/implementation/p0-w11-platform-portability-guardrails-record.md,Implemented on branch `p0/w11-portability-guardrails`; verification evidence in [the verification record](../verification/p0-w11-platform-portability-guardrails-verification.md).,not-declared,,git-blob-only,factual-record-no-new-policy,recorded-snapshot,P0-W11,routing responsibility; no named person asserted,docs/development/documentation-baseline.md;docs/development/stage-workflow.md,,not-applicable,,,phase1-conservative-routing-classified,pending,Codex,2026-09-28,
f5b23932e7d2036811b2f9e89a9b71c174e4f5b4,docs/stages/p0/implementation/p0-w11-platform-portability-guardrails/01-portability-rules-contract.md,6047b011e2b6942e8e251ace4ac51f7659c4eba2,6047b011e2b6942e8e251ace4ac51f7659c4eba2,unchanged,original-963,p0,L4-design-or-amendment,source-en,docs/stages/p0/implementation/p0-w11-platform-portability-guardrails/01-portability-rules-contract.md,Proposed detailed design; implementation not claimed.,not-declared,,git-blob-only,conditional-design-approval-not-certified,proposed-design,P0-W11 implementation handoff.,docs/stages/p0/implementation/p0-w11-platform-portability-guardrails/README.md#header,docs/development/documentation-baseline.md;docs/development/stage-workflow.md;docs/stages/p0/implementation/p0-w11-platform-portability-guardrails/README.md;docs/stages/p0/implementation/README.md;docs/stages/p0/verification/p0-completion-report.md,,not-applicable,,,phase1-conservative-routing-classified,pending,Codex,2026-09-28,Completed-stage index does not independently approve this document; read amendments and approval provenance before new code.
f5b23932e7d2036811b2f9e89a9b71c174e4f5b4,docs/stages/p0/implementation/p0-w11-platform-portability-guardrails/02-implementation-and-review.md,9add6d9e7669532c58c72533f4050c0c2c233ef4,9add6d9e7669532c58c72533f4050c0c2c233ef4,unchanged,original-963,p0,L4-design-or-amendment,source-en,docs/stages/p0/implementation/p0-w11-platform-portability-guardrails/02-implementation-and-review.md,Proposed detailed design; implementation and validation are not claimed.,not-declared,,git-blob-only,conditional-design-approval-not-certified,proposed-design,P0-W11 implementation handoff.,docs/stages/p0/implementation/p0-w11-platform-portability-guardrails/README.md#header,docs/development/documentation-baseline.md;docs/development/stage-workflow.md;docs/stages/p0/implementation/p0-w11-platform-portability-guardrails/README.md;docs/stages/p0/implementation/README.md;docs/stages/p0/verification/p0-completion-report.md,,not-applicable,,,phase1-conservative-routing-classified,pending,Codex,2026-09-28,Completed-stage index does not independently approve this document; read amendments and approval provenance before new code.
f5b23932e7d2036811b2f9e89a9b71c174e4f5b4,docs/stages/p0/implementation/p0-w11-platform-portability-guardrails/README.md,9b10183d516e2458011f83cd7d76381d0c6b6005,9b10183d516e2458011f83cd7d76381d0c6b6005,unchanged,original-963,p0,L4-design-or-amendment,source-en,docs/stages/p0/implementation/p0-w11-platform-portability-guardrails/README.md,Proposed detailed design; implementation and validation are not claimed.,not-declared,,git-blob-only,conditional-design-approval-not-certified,proposed-design,P0-W11 implementation handoff.,docs/stages/p0/implementation/p0-w11-platform-portability-guardrails/README.md#header,docs/development/documentation-baseline.md;docs/development/stage-workflow.md;docs/stages/p0/implementation/p0-w11-platform-portability-guardrails/README.md;docs/stages/p0/implementation/README.md;docs/stages/p0/verification/p0-completion-report.md,,not-applicable,,,phase1-conservative-routing-classified,pending,Codex,2026-09-28,Completed-stage index does not independently approve this document; read amendments and approval provenance before new code.
f5b23932e7d2036811b2f9e89a9b71c174e4f5b4,docs/stages/p0/implementation/p0-w12-logging-diagnostic-baseline-record.md,39198e0bacffd113a2db7c67786961e0e81c5ec2,39198e0bacffd113a2db7c67786961e0e81c5ec2,unchanged,original-963,p0,L5-implementation-record,source-en,docs/stages/p0/implementation/p0-w12-logging-diagnostic-baseline-record.md,Implemented on branch `p0/w12-diagnostics-baseline`; verification evidence in [the verification record](../verification/p0-w12-logging-diagnostic-baseline-verification.md).,not-declared,,git-blob-only,factual-record-no-new-policy,recorded-snapshot,P0-W12,routing responsibility; no named person asserted,docs/development/documentation-baseline.md;docs/development/stage-workflow.md,,not-applicable,,,phase1-conservative-routing-classified,pending,Codex,2026-09-28,
f5b23932e7d2036811b2f9e89a9b71c174e4f5b4,docs/stages/p0/implementation/p0-w12-logging-diagnostic-baseline/01-diagnostic-channels-and-levels.md,001b2593bf38ee7612ba7860fda83fce7c136242,001b2593bf38ee7612ba7860fda83fce7c136242,unchanged,original-963,p0,L4-design-or-amendment,source-en,docs/stages/p0/implementation/p0-w12-logging-diagnostic-baseline/01-diagnostic-channels-and-levels.md,Proposed detailed design; implementation not claimed.,not-declared,,git-blob-only,conditional-design-approval-not-certified,proposed-design,P0-W12 implementation handoff.,docs/stages/p0/implementation/p0-w12-logging-diagnostic-baseline/README.md#header,docs/development/documentation-baseline.md;docs/development/stage-workflow.md;docs/stages/p0/implementation/p0-w12-logging-diagnostic-baseline/README.md;docs/stages/p0/implementation/README.md;docs/stages/p0/verification/p0-completion-report.md,,not-applicable,,,phase1-conservative-routing-classified,pending,Codex,2026-09-28,Completed-stage index does not independently approve this document; read amendments and approval provenance before new code.
f5b23932e7d2036811b2f9e89a9b71c174e4f5b4,docs/stages/p0/implementation/p0-w12-logging-diagnostic-baseline/02-crash-identity-and-consumer-constraints.md,65b51cb5885172bf696e9ddb916e639449b9bd97,65b51cb5885172bf696e9ddb916e639449b9bd97,unchanged,original-963,p0,L4-design-or-amendment,source-en,docs/stages/p0/implementation/p0-w12-logging-diagnostic-baseline/02-crash-identity-and-consumer-constraints.md,Proposed detailed design; implementation not claimed.,not-declared,,git-blob-only,conditional-design-approval-not-certified,proposed-design,P0-W12 implementation handoff.,docs/stages/p0/implementation/p0-w12-logging-diagnostic-baseline/README.md#header,docs/development/documentation-baseline.md;docs/development/stage-workflow.md;docs/stages/p0/implementation/p0-w12-logging-diagnostic-baseline/README.md;docs/stages/p0/implementation/README.md;docs/stages/p0/verification/p0-completion-report.md,,not-applicable,,,phase1-conservative-routing-classified,pending,Codex,2026-09-28,Completed-stage index does not independently approve this document; read amendments and approval provenance before new code.
f5b23932e7d2036811b2f9e89a9b71c174e4f5b4,docs/stages/p0/implementation/p0-w12-logging-diagnostic-baseline/03-implementation-and-review.md,3913ea510f09cf3d66be5f65fd2309fbf5b0989d,3913ea510f09cf3d66be5f65fd2309fbf5b0989d,unchanged,original-963,p0,L4-design-or-amendment,source-en,docs/stages/p0/implementation/p0-w12-logging-diagnostic-baseline/03-implementation-and-review.md,Proposed detailed design; implementation and validation are not claimed.,not-declared,,git-blob-only,conditional-design-approval-not-certified,proposed-design,P0-W12 implementation handoff.,docs/stages/p0/implementation/p0-w12-logging-diagnostic-baseline/README.md#header,docs/development/documentation-baseline.md;docs/development/stage-workflow.md;docs/stages/p0/implementation/p0-w12-logging-diagnostic-baseline/README.md;docs/stages/p0/implementation/README.md;docs/stages/p0/verification/p0-completion-report.md,,not-applicable,,,phase1-conservative-routing-classified,pending,Codex,2026-09-28,Completed-stage index does not independently approve this document; read amendments and approval provenance before new code.
f5b23932e7d2036811b2f9e89a9b71c174e4f5b4,docs/stages/p0/implementation/p0-w12-logging-diagnostic-baseline/README.md,54b193d66924722f6546dde2d89b25aae1eebe22,54b193d66924722f6546dde2d89b25aae1eebe22,unchanged,original-963,p0,L4-design-or-amendment,source-en,docs/stages/p0/implementation/p0-w12-logging-diagnostic-baseline/README.md,Proposed detailed design; implementation and validation are not claimed.,not-declared,,git-blob-only,conditional-design-approval-not-certified,proposed-design,P0-W12 implementation handoff.,docs/stages/p0/implementation/p0-w12-logging-diagnostic-baseline/README.md#header,docs/development/documentation-baseline.md;docs/development/stage-workflow.md;docs/stages/p0/implementation/p0-w12-logging-diagnostic-baseline/README.md;docs/stages/p0/implementation/README.md;docs/stages/p0/verification/p0-completion-report.md,,not-applicable,,,phase1-conservative-routing-classified,pending,Codex,2026-09-28,Completed-stage index does not independently approve this document; read amendments and approval provenance before new code.
f5b23932e7d2036811b2f9e89a9b71c174e4f5b4,docs/stages/p0/implementation/p0-w13-trace-event-namespace-baseline-record.md,66d61777d516cad945f4d12b1379166142e250c5,66d61777d516cad945f4d12b1379166142e250c5,unchanged,original-963,p0,L5-implementation-record,source-en,docs/stages/p0/implementation/p0-w13-trace-event-namespace-baseline-record.md,Implemented on branch `p0/w13-trace-namespace`; verification evidence in [the verification record](../verification/p0-w13-trace-event-namespace-baseline-verification.md).,not-declared,,git-blob-only,factual-record-no-new-policy,recorded-snapshot,P0-W13,routing responsibility; no named person asserted,docs/development/documentation-baseline.md;docs/development/stage-workflow.md,,not-applicable,,,phase1-conservative-routing-classified,pending,Codex,2026-09-28,
f5b23932e7d2036811b2f9e89a9b71c174e4f5b4,docs/stages/p0/implementation/p0-w13-trace-event-namespace-baseline/01-namespace-contract.md,0d969d3b3f98701b99c0b34f9c0522e1c8d7e884,0d969d3b3f98701b99c0b34f9c0522e1c8d7e884,unchanged,original-963,p0,L4-design-or-amendment,source-en,docs/stages/p0/implementation/p0-w13-trace-event-namespace-baseline/01-namespace-contract.md,Proposed detailed design; implementation not claimed.,not-declared,,git-blob-only,conditional-design-approval-not-certified,proposed-design,P0-W13 implementation handoff.,docs/stages/p0/implementation/p0-w13-trace-event-namespace-baseline/README.md#header,docs/development/documentation-baseline.md;docs/development/stage-workflow.md;docs/stages/p0/implementation/p0-w13-trace-event-namespace-baseline/README.md;docs/stages/p0/implementation/README.md;docs/stages/p0/verification/p0-completion-report.md,,not-applicable,,,phase1-conservative-routing-classified,pending,Codex,2026-09-28,Completed-stage index does not independently approve this document; read amendments and approval provenance before new code.
f5b23932e7d2036811b2f9e89a9b71c174e4f5b4,docs/stages/p0/implementation/p0-w13-trace-event-namespace-baseline/02-implementation-and-review.md,5c5270ae835223d40f96b4a77155249a01a37d4c,5c5270ae835223d40f96b4a77155249a01a37d4c,unchanged,original-963,p0,L4-design-or-amendment,source-en,docs/stages/p0/implementation/p0-w13-trace-event-namespace-baseline/02-implementation-and-review.md,Proposed detailed design; implementation and validation are not claimed.,not-declared,,git-blob-only,conditional-design-approval-not-certified,proposed-design,P0-W13 implementation handoff.,docs/stages/p0/implementation/p0-w13-trace-event-namespace-baseline/README.md#header,docs/development/documentation-baseline.md;docs/development/stage-workflow.md;docs/stages/p0/implementation/p0-w13-trace-event-namespace-baseline/README.md;docs/stages/p0/implementation/README.md;docs/stages/p0/verification/p0-completion-report.md,,not-applicable,,,phase1-conservative-routing-classified,pending,Codex,2026-09-28,Completed-stage index does not independently approve this document; read amendments and approval provenance before new code.
f5b23932e7d2036811b2f9e89a9b71c174e4f5b4,docs/stages/p0/implementation/p0-w13-trace-event-namespace-baseline/README.md,1ebd9d880121dbd693c9058723578be6cc8390dc,1ebd9d880121dbd693c9058723578be6cc8390dc,unchanged,original-963,p0,L4-design-or-amendment,source-en,docs/stages/p0/implementation/p0-w13-trace-event-namespace-baseline/README.md,Proposed detailed design; implementation and validation are not claimed.,not-declared,,git-blob-only,conditional-design-approval-not-certified,proposed-design,P0-W13 implementation handoff.,docs/stages/p0/implementation/p0-w13-trace-event-namespace-baseline/README.md#header,docs/development/documentation-baseline.md;docs/development/stage-workflow.md;docs/stages/p0/implementation/p0-w13-trace-event-namespace-baseline/README.md;docs/stages/p0/implementation/README.md;docs/stages/p0/verification/p0-completion-report.md,,not-applicable,,,phase1-conservative-routing-classified,pending,Codex,2026-09-28,Completed-stage index does not independently approve this document; read amendments and approval provenance before new code.
f5b23932e7d2036811b2f9e89a9b71c174e4f5b4,docs/stages/p0/implementation/p0-w14-panic-failure-classification-record.md,da1624d555aff4652f9e2bea00aef4dd76278e8b,da1624d555aff4652f9e2bea00aef4dd76278e8b,unchanged,original-963,p0,L5-implementation-record,source-en,docs/stages/p0/implementation/p0-w14-panic-failure-classification-record.md,Implemented on branch `p0/w14-failure-classification`; verification evidence in [the verification record](../verification/p0-w14-panic-failure-classification-verification.md).,not-declared,,git-blob-only,factual-record-no-new-policy,recorded-snapshot,P0-W14,routing responsibility; no named person asserted,docs/development/documentation-baseline.md;docs/development/stage-workflow.md,,not-applicable,,,phase1-conservative-routing-classified,pending,Codex,2026-09-28,
f5b23932e7d2036811b2f9e89a9b71c174e4f5b4,docs/stages/p0/implementation/p0-w14-panic-failure-classification/01-failure-classification-contract.md,775dfd7af2892f22977dc19b6b7525b113707bab,775dfd7af2892f22977dc19b6b7525b113707bab,unchanged,original-963,p0,L4-design-or-amendment,source-en,docs/stages/p0/implementation/p0-w14-panic-failure-classification/01-failure-classification-contract.md,Proposed detailed design; implementation not claimed.,not-declared,,git-blob-only,conditional-design-approval-not-certified,proposed-design,P0-W14 implementation handoff.,docs/stages/p0/implementation/p0-w14-panic-failure-classification/README.md#header,docs/development/documentation-baseline.md;docs/development/stage-workflow.md;docs/stages/p0/implementation/p0-w14-panic-failure-classification/README.md;docs/stages/p0/implementation/README.md;docs/stages/p0/verification/p0-completion-report.md,,not-applicable,,,phase1-conservative-routing-classified,pending,Codex,2026-09-28,Completed-stage index does not independently approve this document; read amendments and approval provenance before new code.
f5b23932e7d2036811b2f9e89a9b71c174e4f5b4,docs/stages/p0/implementation/p0-w14-panic-failure-classification/02-implementation-and-review.md,c9e09e92d286cb1f1c14dcf59fcdb96a6d4da479,c9e09e92d286cb1f1c14dcf59fcdb96a6d4da479,unchanged,original-963,p0,L4-design-or-amendment,source-en,docs/stages/p0/implementation/p0-w14-panic-failure-classification/02-implementation-and-review.md,Proposed detailed design; implementation and validation are not claimed.,not-declared,,git-blob-only,conditional-design-approval-not-certified,proposed-design,P0-W14 implementation handoff.,docs/stages/p0/implementation/p0-w14-panic-failure-classification/README.md#header,docs/development/documentation-baseline.md;docs/development/stage-workflow.md;docs/stages/p0/implementation/p0-w14-panic-failure-classification/README.md;docs/stages/p0/implementation/README.md;docs/stages/p0/verification/p0-completion-report.md,,not-applicable,,,phase1-conservative-routing-classified,pending,Codex,2026-09-28,Completed-stage index does not independently approve this document; read amendments and approval provenance before new code.
f5b23932e7d2036811b2f9e89a9b71c174e4f5b4,docs/stages/p0/implementation/p0-w14-panic-failure-classification/README.md,ed82ff8e480ea603199ae8c4fa7d0b4daab6266a,ed82ff8e480ea603199ae8c4fa7d0b4daab6266a,unchanged,original-963,p0,L4-design-or-amendment,source-en,docs/stages/p0/implementation/p0-w14-panic-failure-classification/README.md,Proposed detailed design; implementation and validation are not claimed.,not-declared,,git-blob-only,conditional-design-approval-not-certified,proposed-design,P0-W14 implementation handoff.,docs/stages/p0/implementation/p0-w14-panic-failure-classification/README.md#header,docs/development/documentation-baseline.md;docs/development/stage-workflow.md;docs/stages/p0/implementation/p0-w14-panic-failure-classification/README.md;docs/stages/p0/implementation/README.md;docs/stages/p0/verification/p0-completion-report.md,,not-applicable,,,phase1-conservative-routing-classified,pending,Codex,2026-09-28,Completed-stage index does not independently approve this document; read amendments and approval provenance before new code.
f5b23932e7d2036811b2f9e89a9b71c174e4f5b4,docs/stages/p0/implementation/p0-w15-address-identifier-type-safety-record.md,b631791f193f8589ed6dd54c42ea5e28e13c1f60,b631791f193f8589ed6dd54c42ea5e28e13c1f60,unchanged,original-963,p0,L5-implementation-record,source-en,docs/stages/p0/implementation/p0-w15-address-identifier-type-safety-record.md,Implemented on branch `p0/w15-type-safety`; verification evidence in [the verification record](../verification/p0-w15-address-identifier-type-safety-verification.md).,not-declared,,git-blob-only,factual-record-no-new-policy,recorded-snapshot,P0-W15,routing responsibility; no named person asserted,docs/development/documentation-baseline.md;docs/development/stage-workflow.md,,not-applicable,,,phase1-conservative-routing-classified,pending,Codex,2026-09-28,
f5b23932e7d2036811b2f9e89a9b71c174e4f5b4,docs/stages/p0/implementation/p0-w15-address-identifier-type-safety/01-semantics-and-review-contract.md,a8a30ef15753cec56d9c4b2e94b6070c816b0636,a8a30ef15753cec56d9c4b2e94b6070c816b0636,unchanged,original-963,p0,L4-design-or-amendment,source-en,docs/stages/p0/implementation/p0-w15-address-identifier-type-safety/01-semantics-and-review-contract.md,Proposed detailed design; implementation not claimed.,not-declared,,git-blob-only,conditional-design-approval-not-certified,proposed-design,P0-W15 implementation handoff.,docs/stages/p0/implementation/p0-w15-address-identifier-type-safety/README.md#header,docs/development/documentation-baseline.md;docs/development/stage-workflow.md;docs/stages/p0/implementation/p0-w15-address-identifier-type-safety/README.md;docs/stages/p0/implementation/README.md;docs/stages/p0/verification/p0-completion-report.md,,not-applicable,,,phase1-conservative-routing-classified,pending,Codex,2026-09-28,Completed-stage index does not independently approve this document; read amendments and approval provenance before new code.
f5b23932e7d2036811b2f9e89a9b71c174e4f5b4,docs/stages/p0/implementation/p0-w15-address-identifier-type-safety/02-implementation-and-review.md,4cd9ff65ca045d62c610f502fe972778c8dbba2d,4cd9ff65ca045d62c610f502fe972778c8dbba2d,unchanged,original-963,p0,L4-design-or-amendment,source-en,docs/stages/p0/implementation/p0-w15-address-identifier-type-safety/02-implementation-and-review.md,Proposed detailed design; implementation and validation are not claimed.,not-declared,,git-blob-only,conditional-design-approval-not-certified,proposed-design,P0-W15 implementation handoff.,docs/stages/p0/implementation/p0-w15-address-identifier-type-safety/README.md#header,docs/development/documentation-baseline.md;docs/development/stage-workflow.md;docs/stages/p0/implementation/p0-w15-address-identifier-type-safety/README.md;docs/stages/p0/implementation/README.md;docs/stages/p0/verification/p0-completion-report.md,,not-applicable,,,phase1-conservative-routing-classified,pending,Codex,2026-09-28,Completed-stage index does not independently approve this document; read amendments and approval provenance before new code.
f5b23932e7d2036811b2f9e89a9b71c174e4f5b4,docs/stages/p0/implementation/p0-w15-address-identifier-type-safety/README.md,fa7a0c279421c66091962718275167e022366ff5,fa7a0c279421c66091962718275167e022366ff5,unchanged,original-963,p0,L4-design-or-amendment,source-en,docs/stages/p0/implementation/p0-w15-address-identifier-type-safety/README.md,Proposed detailed design; implementation and validation are not claimed.,not-declared,,git-blob-only,conditional-design-approval-not-certified,proposed-design,P0-W15 implementation handoff.,docs/stages/p0/implementation/p0-w15-address-identifier-type-safety/README.md#header,docs/development/documentation-baseline.md;docs/development/stage-workflow.md;docs/stages/p0/implementation/p0-w15-address-identifier-type-safety/README.md;docs/stages/p0/implementation/README.md;docs/stages/p0/verification/p0-completion-report.md,,not-applicable,,,phase1-conservative-routing-classified,pending,Codex,2026-09-28,Completed-stage index does not independently approve this document; read amendments and approval provenance before new code.
f5b23932e7d2036811b2f9e89a9b71c174e4f5b4,docs/stages/p0/implementation/p0-w16-version-build-metadata-baseline-record.md,072b8c3f353f7f2d56e11b5131a8c1d19c35c78f,072b8c3f353f7f2d56e11b5131a8c1d19c35c78f,unchanged,original-963,p0,L5-implementation-record,source-en,docs/stages/p0/implementation/p0-w16-version-build-metadata-baseline-record.md,Implemented on branch `p0/w16-version-metadata`; verification evidence in [the verification record](../verification/p0-w16-version-build-metadata-baseline-verification.md).,not-declared,,git-blob-only,factual-record-no-new-policy,recorded-snapshot,P0-W16,routing responsibility; no named person asserted,docs/development/documentation-baseline.md;docs/development/stage-workflow.md,,not-applicable,,,phase1-conservative-routing-classified,pending,Codex,2026-09-28,
f5b23932e7d2036811b2f9e89a9b71c174e4f5b4,docs/stages/p0/implementation/p0-w16-version-build-metadata-baseline/01-metadata-contract.md,ee27bbbf253d108b79a4288d5071da3223f61008,ee27bbbf253d108b79a4288d5071da3223f61008,unchanged,original-963,p0,L4-design-or-amendment,source-en,docs/stages/p0/implementation/p0-w16-version-build-metadata-baseline/01-metadata-contract.md,Proposed detailed design; implementation not claimed.,not-declared,,git-blob-only,conditional-design-approval-not-certified,proposed-design,P0-W16 implementation handoff.,docs/stages/p0/implementation/p0-w16-version-build-metadata-baseline/README.md#header,docs/development/documentation-baseline.md;docs/development/stage-workflow.md;docs/stages/p0/implementation/p0-w16-version-build-metadata-baseline/README.md;docs/stages/p0/implementation/README.md;docs/stages/p0/verification/p0-completion-report.md,,not-applicable,,,phase1-conservative-routing-classified,pending,Codex,2026-09-28,Completed-stage index does not independently approve this document; read amendments and approval provenance before new code.
f5b23932e7d2036811b2f9e89a9b71c174e4f5b4,docs/stages/p0/implementation/p0-w16-version-build-metadata-baseline/02-implementation-and-review.md,480cb2c2de9f4cd6280207ef96c9119a57bab191,480cb2c2de9f4cd6280207ef96c9119a57bab191,unchanged,original-963,p0,L4-design-or-amendment,source-en,docs/stages/p0/implementation/p0-w16-version-build-metadata-baseline/02-implementation-and-review.md,Proposed detailed design; implementation and validation are not claimed.,not-declared,,git-blob-only,conditional-design-approval-not-certified,proposed-design,P0-W16 implementation handoff.,docs/stages/p0/implementation/p0-w16-version-build-metadata-baseline/README.md#header,docs/development/documentation-baseline.md;docs/development/stage-workflow.md;docs/stages/p0/implementation/p0-w16-version-build-metadata-baseline/README.md;docs/stages/p0/implementation/README.md;docs/stages/p0/verification/p0-completion-report.md,,not-applicable,,,phase1-conservative-routing-classified,pending,Codex,2026-09-28,Completed-stage index does not independently approve this document; read amendments and approval provenance before new code.
f5b23932e7d2036811b2f9e89a9b71c174e4f5b4,docs/stages/p0/implementation/p0-w16-version-build-metadata-baseline/README.md,0973cc37f6608b4053d88f05ecc24fbadb73a44c,0973cc37f6608b4053d88f05ecc24fbadb73a44c,unchanged,original-963,p0,L4-design-or-amendment,source-en,docs/stages/p0/implementation/p0-w16-version-build-metadata-baseline/README.md,Proposed detailed design; implementation and validation are not claimed.,not-declared,,git-blob-only,conditional-design-approval-not-certified,proposed-design,P0-W16 implementation handoff.,docs/stages/p0/implementation/p0-w16-version-build-metadata-baseline/README.md#header,docs/development/documentation-baseline.md;docs/development/stage-workflow.md;docs/stages/p0/implementation/p0-w16-version-build-metadata-baseline/README.md;docs/stages/p0/implementation/README.md;docs/stages/p0/verification/p0-completion-report.md,,not-applicable,,,phase1-conservative-routing-classified,pending,Codex,2026-09-28,Completed-stage index does not independently approve this document; read amendments and approval provenance before new code.
f5b23932e7d2036811b2f9e89a9b71c174e4f5b4,docs/stages/p0/implementation/p0-w17-artifact-naming-baseline-record.md,1210c698ee1fecba61c4c6628ad3e2a2a6fa7d3e,1210c698ee1fecba61c4c6628ad3e2a2a6fa7d3e,unchanged,original-963,p0,L5-implementation-record,source-en,docs/stages/p0/implementation/p0-w17-artifact-naming-baseline-record.md,Implemented on branch `p0/w17-artifact-naming`; verification evidence in [the verification record](../verification/p0-w17-artifact-naming-baseline-verification.md).,not-declared,,git-blob-only,factual-record-no-new-policy,recorded-snapshot,P0-W17,routing responsibility; no named person asserted,docs/development/documentation-baseline.md;docs/development/stage-workflow.md,,not-applicable,,,phase1-conservative-routing-classified,pending,Codex,2026-09-28,
f5b23932e7d2036811b2f9e89a9b71c174e4f5b4,docs/stages/p0/implementation/p0-w17-artifact-naming-baseline/01-naming-contract.md,cab42116997e2ecd43706bdb23c27edd503ec378,cab42116997e2ecd43706bdb23c27edd503ec378,unchanged,original-963,p0,L4-design-or-amendment,source-en,docs/stages/p0/implementation/p0-w17-artifact-naming-baseline/01-naming-contract.md,Proposed detailed design; implementation not claimed.,not-declared,,git-blob-only,conditional-design-approval-not-certified,proposed-design,P0-W17 implementation handoff.,docs/stages/p0/implementation/p0-w17-artifact-naming-baseline/README.md#header,docs/development/documentation-baseline.md;docs/development/stage-workflow.md;docs/stages/p0/implementation/p0-w17-artifact-naming-baseline/README.md;docs/stages/p0/implementation/README.md;docs/stages/p0/verification/p0-completion-report.md,,not-applicable,,,phase1-conservative-routing-classified,pending,Codex,2026-09-28,Completed-stage index does not independently approve this document; read amendments and approval provenance before new code.
f5b23932e7d2036811b2f9e89a9b71c174e4f5b4,docs/stages/p0/implementation/p0-w17-artifact-naming-baseline/02-artifact-category-inventory.md,01c1aa54259d813a4696f17a77201f8440929788,01c1aa54259d813a4696f17a77201f8440929788,unchanged,original-963,p0,L4-design-or-amendment,source-en,docs/stages/p0/implementation/p0-w17-artifact-naming-baseline/02-artifact-category-inventory.md,Proposed detailed design; implementation not claimed.,not-declared,,git-blob-only,conditional-design-approval-not-certified,proposed-design,P0-W17 implementation handoff.,docs/stages/p0/implementation/p0-w17-artifact-naming-baseline/README.md#header,docs/development/documentation-baseline.md;docs/development/stage-workflow.md;docs/stages/p0/implementation/p0-w17-artifact-naming-baseline/README.md;docs/stages/p0/implementation/README.md;docs/stages/p0/verification/p0-completion-report.md,,not-applicable,,,phase1-conservative-routing-classified,pending,Codex,2026-09-28,Completed-stage index does not independently approve this document; read amendments and approval provenance before new code.
f5b23932e7d2036811b2f9e89a9b71c174e4f5b4,docs/stages/p0/implementation/p0-w17-artifact-naming-baseline/03-implementation-and-review.md,dd56e59e29137678eaa0c3892c1447774a5b2fdb,dd56e59e29137678eaa0c3892c1447774a5b2fdb,unchanged,original-963,p0,L4-design-or-amendment,source-en,docs/stages/p0/implementation/p0-w17-artifact-naming-baseline/03-implementation-and-review.md,Proposed detailed design; implementation and validation are not claimed.,not-declared,,git-blob-only,conditional-design-approval-not-certified,proposed-design,P0-W17 implementation handoff.,docs/stages/p0/implementation/p0-w17-artifact-naming-baseline/README.md#header,docs/development/documentation-baseline.md;docs/development/stage-workflow.md;docs/stages/p0/implementation/p0-w17-artifact-naming-baseline/README.md;docs/stages/p0/implementation/README.md;docs/stages/p0/verification/p0-completion-report.md,,not-applicable,,,phase1-conservative-routing-classified,pending,Codex,2026-09-28,Completed-stage index does not independently approve this document; read amendments and approval provenance before new code.
f5b23932e7d2036811b2f9e89a9b71c174e4f5b4,docs/stages/p0/implementation/p0-w17-artifact-naming-baseline/README.md,7a6af951605cbe8d5c0fa9f03d397b851f120145,7a6af951605cbe8d5c0fa9f03d397b851f120145,unchanged,original-963,p0,L4-design-or-amendment,source-en,docs/stages/p0/implementation/p0-w17-artifact-naming-baseline/README.md,Proposed detailed design; implementation and validation are not claimed.,not-declared,,git-blob-only,conditional-design-approval-not-certified,proposed-design,P0-W17 implementation handoff.,docs/stages/p0/implementation/p0-w17-artifact-naming-baseline/README.md#header,docs/development/documentation-baseline.md;docs/development/stage-workflow.md;docs/stages/p0/implementation/p0-w17-artifact-naming-baseline/README.md;docs/stages/p0/implementation/README.md;docs/stages/p0/verification/p0-completion-report.md,,not-applicable,,,phase1-conservative-routing-classified,pending,Codex,2026-09-28,Completed-stage index does not independently approve this document; read amendments and approval provenance before new code.
f5b23932e7d2036811b2f9e89a9b71c174e4f5b4,docs/stages/p0/implementation/p0-w18-dependency-governance-record.md,7a597a1743ee8fdd02507a2d8ec5233dacce5de7,7a597a1743ee8fdd02507a2d8ec5233dacce5de7,unchanged,original-963,p0,L5-implementation-record,source-en,docs/stages/p0/implementation/p0-w18-dependency-governance-record.md,Implemented on branch `p0/w18-dependency-governance`; verification evidence in [the verification record](../verification/p0-w18-dependency-governance-verification.md).,not-declared,,git-blob-only,factual-record-no-new-policy,recorded-snapshot,P0-W18,routing responsibility; no named person asserted,docs/development/documentation-baseline.md;docs/development/stage-workflow.md,,not-applicable,,,phase1-conservative-routing-classified,pending,Codex,2026-09-28,
f5b23932e7d2036811b2f9e89a9b71c174e4f5b4,docs/stages/p0/implementation/p0-w18-dependency-governance/01-governance-policy.md,6d1f826a9624b5d143614ba5298c5628a19d6196,6d1f826a9624b5d143614ba5298c5628a19d6196,unchanged,original-963,p0,L4-design-or-amendment,source-en,docs/stages/p0/implementation/p0-w18-dependency-governance/01-governance-policy.md,Proposed detailed design; implementation not claimed.,not-declared,,git-blob-only,conditional-design-approval-not-certified,proposed-design,P0-W18 implementation handoff.,docs/stages/p0/implementation/p0-w18-dependency-governance/README.md#header,docs/development/documentation-baseline.md;docs/development/stage-workflow.md;docs/stages/p0/implementation/p0-w18-dependency-governance/README.md;docs/stages/p0/implementation/README.md;docs/stages/p0/verification/p0-completion-report.md,,not-applicable,,,phase1-conservative-routing-classified,pending,Codex,2026-09-28,Completed-stage index does not independently approve this document; read amendments and approval provenance before new code.
f5b23932e7d2036811b2f9e89a9b71c174e4f5b4,docs/stages/p0/implementation/p0-w18-dependency-governance/02-dependency-register-schema.md,3b1d1cb7df13e5ef68c3e0801be6f4215d33ceee,3b1d1cb7df13e5ef68c3e0801be6f4215d33ceee,unchanged,original-963,p0,L4-design-or-amendment,source-en,docs/stages/p0/implementation/p0-w18-dependency-governance/02-dependency-register-schema.md,Proposed detailed design; implementation not claimed.,not-declared,,git-blob-only,conditional-design-approval-not-certified,proposed-design,P0-W18 implementation handoff.,docs/stages/p0/implementation/p0-w18-dependency-governance/README.md#header,docs/development/documentation-baseline.md;docs/development/stage-workflow.md;docs/stages/p0/implementation/p0-w18-dependency-governance/README.md;docs/stages/p0/implementation/README.md;docs/stages/p0/verification/p0-completion-report.md,,not-applicable,,,phase1-conservative-routing-classified,pending,Codex,2026-09-28,Completed-stage index does not independently approve this document; read amendments and approval provenance before new code.
f5b23932e7d2036811b2f9e89a9b71c174e4f5b4,docs/stages/p0/implementation/p0-w18-dependency-governance/03-implementation-and-review.md,58ce6fee2dc7250b96f063aef5de4d9e24d4597a,58ce6fee2dc7250b96f063aef5de4d9e24d4597a,unchanged,original-963,p0,L4-design-or-amendment,source-en,docs/stages/p0/implementation/p0-w18-dependency-governance/03-implementation-and-review.md,Proposed detailed design; implementation and validation are not claimed.,not-declared,,git-blob-only,conditional-design-approval-not-certified,proposed-design,P0-W18 implementation handoff.,docs/stages/p0/implementation/p0-w18-dependency-governance/README.md#header,docs/development/documentation-baseline.md;docs/development/stage-workflow.md;docs/stages/p0/implementation/p0-w18-dependency-governance/README.md;docs/stages/p0/implementation/README.md;docs/stages/p0/verification/p0-completion-report.md,,not-applicable,,,phase1-conservative-routing-classified,pending,Codex,2026-09-28,Completed-stage index does not independently approve this document; read amendments and approval provenance before new code.
f5b23932e7d2036811b2f9e89a9b71c174e4f5b4,docs/stages/p0/implementation/p0-w18-dependency-governance/README.md,2fc4601693bfa24004520b6989e4336d1289a3f5,2fc4601693bfa24004520b6989e4336d1289a3f5,unchanged,original-963,p0,L4-design-or-amendment,source-en,docs/stages/p0/implementation/p0-w18-dependency-governance/README.md,Proposed detailed design; implementation and validation are not claimed.,not-declared,,git-blob-only,conditional-design-approval-not-certified,proposed-design,P0-W18 implementation handoff.,docs/stages/p0/implementation/p0-w18-dependency-governance/README.md#header,docs/development/documentation-baseline.md;docs/development/stage-workflow.md;docs/stages/p0/implementation/p0-w18-dependency-governance/README.md;docs/stages/p0/implementation/README.md;docs/stages/p0/verification/p0-completion-report.md,,not-applicable,,,phase1-conservative-routing-classified,pending,Codex,2026-09-28,Completed-stage index does not independently approve this document; read amendments and approval provenance before new code.
f5b23932e7d2036811b2f9e89a9b71c174e4f5b4,docs/stages/p0/implementation/p0-w19-reproducible-development-workflow-record.md,69b14fee8f8922c7f26e82c7097163980318f124,69b14fee8f8922c7f26e82c7097163980318f124,unchanged,original-963,p0,L5-implementation-record,source-en,docs/stages/p0/implementation/p0-w19-reproducible-development-workflow-record.md,Implemented on branch `p0/w19-contributor-workflow`; verification evidence in [the verification record](../verification/p0-w19-reproducible-development-workflow-verification.md).,not-declared,,git-blob-only,factual-record-no-new-policy,recorded-snapshot,P0-W19,routing responsibility; no named person asserted,docs/development/documentation-baseline.md;docs/development/stage-workflow.md,,not-applicable,,,phase1-conservative-routing-classified,pending,Codex,2026-09-28,
f5b23932e7d2036811b2f9e89a9b71c174e4f5b4,docs/stages/p0/implementation/p0-w19-reproducible-development-workflow/01-workflow-stage-contracts.md,a8a9b2ffc0e09ca4d1c25f82064cf4901bc871a3,a8a9b2ffc0e09ca4d1c25f82064cf4901bc871a3,unchanged,original-963,p0,L4-design-or-amendment,source-en,docs/stages/p0/implementation/p0-w19-reproducible-development-workflow/01-workflow-stage-contracts.md,Proposed detailed design; implementation not claimed.,not-declared,,git-blob-only,conditional-design-approval-not-certified,proposed-design,P0-W19 implementation handoff.,docs/stages/p0/implementation/p0-w19-reproducible-development-workflow/README.md#header,docs/development/documentation-baseline.md;docs/development/stage-workflow.md;docs/stages/p0/implementation/p0-w19-reproducible-development-workflow/README.md;docs/stages/p0/implementation/README.md;docs/stages/p0/verification/p0-completion-report.md,,not-applicable,,,phase1-conservative-routing-classified,pending,Codex,2026-09-28,Completed-stage index does not independently approve this document; read amendments and approval provenance before new code.
f5b23932e7d2036811b2f9e89a9b71c174e4f5b4,docs/stages/p0/implementation/p0-w19-reproducible-development-workflow/02-integration-path-and-walkthrough.md,d4e9550ab2b6de28c944b252f4aef98c4e5c2b0f,d4e9550ab2b6de28c944b252f4aef98c4e5c2b0f,unchanged,original-963,p0,L4-design-or-amendment,source-en,docs/stages/p0/implementation/p0-w19-reproducible-development-workflow/02-integration-path-and-walkthrough.md,Proposed detailed design; implementation not claimed.,not-declared,,git-blob-only,conditional-design-approval-not-certified,proposed-design,P0-W19 implementation handoff.,docs/stages/p0/implementation/p0-w19-reproducible-development-workflow/README.md#header,docs/development/documentation-baseline.md;docs/development/stage-workflow.md;docs/stages/p0/implementation/p0-w19-reproducible-development-workflow/README.md;docs/stages/p0/implementation/README.md;docs/stages/p0/verification/p0-completion-report.md,,not-applicable,,,phase1-conservative-routing-classified,pending,Codex,2026-09-28,Completed-stage index does not independently approve this document; read amendments and approval provenance before new code.
f5b23932e7d2036811b2f9e89a9b71c174e4f5b4,docs/stages/p0/implementation/p0-w19-reproducible-development-workflow/03-implementation-and-review.md,5d5e957af011385a3f3cf1e5f8034ecabeb490ed,5d5e957af011385a3f3cf1e5f8034ecabeb490ed,unchanged,original-963,p0,L4-design-or-amendment,source-en,docs/stages/p0/implementation/p0-w19-reproducible-development-workflow/03-implementation-and-review.md,Proposed detailed design; implementation and validation are not claimed.,not-declared,,git-blob-only,conditional-design-approval-not-certified,proposed-design,P0-W19 implementation handoff.,docs/stages/p0/implementation/p0-w19-reproducible-development-workflow/README.md#header,docs/development/documentation-baseline.md;docs/development/stage-workflow.md;docs/stages/p0/implementation/p0-w19-reproducible-development-workflow/README.md;docs/stages/p0/implementation/README.md;docs/stages/p0/verification/p0-completion-report.md,,not-applicable,,,phase1-conservative-routing-classified,pending,Codex,2026-09-28,Completed-stage index does not independently approve this document; read amendments and approval provenance before new code.
f5b23932e7d2036811b2f9e89a9b71c174e4f5b4,docs/stages/p0/implementation/p0-w19-reproducible-development-workflow/README.md,a9a79709828a3c8e7e47166913d8c8e135455df5,a9a79709828a3c8e7e47166913d8c8e135455df5,unchanged,original-963,p0,L4-design-or-amendment,source-en,docs/stages/p0/implementation/p0-w19-reproducible-development-workflow/README.md,Proposed detailed design; implementation and validation are not claimed.,not-declared,,git-blob-only,conditional-design-approval-not-certified,proposed-design,P0-W19 implementation handoff.,docs/stages/p0/implementation/p0-w19-reproducible-development-workflow/README.md#header,docs/development/documentation-baseline.md;docs/development/stage-workflow.md;docs/stages/p0/implementation/p0-w19-reproducible-development-workflow/README.md;docs/stages/p0/implementation/README.md;docs/stages/p0/verification/p0-completion-report.md,,not-applicable,,,phase1-conservative-routing-classified,pending,Codex,2026-09-28,Completed-stage index does not independently approve this document; read amendments and approval provenance before new code.
f5b23932e7d2036811b2f9e89a9b71c174e4f5b4,docs/stages/p0/implementation/p0-w20-ci-baseline-record.md,f4e3726f9184dfc4e54043500665672da005653e,f4e3726f9184dfc4e54043500665672da005653e,unchanged,original-963,p0,L5-implementation-record,source-en,docs/stages/p0/implementation/p0-w20-ci-baseline-record.md,Implemented on branches `p0/w20-ci-baseline` (merged as PR #31) and `p0/w20-ci-enforcement` (PR #32); verification evidence in [the verification record](../verification/p0-w20-ci-baseline-verification.md).,not-declared,,git-blob-only,factual-record-no-new-policy,recorded-snapshot,P0-W20,routing responsibility; no named person asserted,docs/development/documentation-baseline.md;docs/development/stage-workflow.md,,not-applicable,,,phase1-conservative-routing-classified,pending,Codex,2026-09-28,
f5b23932e7d2036811b2f9e89a9b71c174e4f5b4,docs/stages/p0/implementation/p0-w20-ci-baseline/01-ci-contract.md,335209283934b8bbe4044f0ee2100e4d3d2101c4,335209283934b8bbe4044f0ee2100e4d3d2101c4,unchanged,original-963,p0,L4-design-or-amendment,source-en,docs/stages/p0/implementation/p0-w20-ci-baseline/01-ci-contract.md,Proposed detailed design; implementation not claimed.,not-declared,,git-blob-only,conditional-design-approval-not-certified,proposed-design,P0-W20 implementation handoff.,docs/stages/p0/implementation/p0-w20-ci-baseline/README.md#header,docs/development/documentation-baseline.md;docs/development/stage-workflow.md;docs/stages/p0/implementation/p0-w20-ci-baseline/README.md;docs/stages/p0/implementation/README.md;docs/stages/p0/verification/p0-completion-report.md,,not-applicable,,,phase1-conservative-routing-classified,pending,Codex,2026-09-28,Completed-stage index does not independently approve this document; read amendments and approval provenance before new code.
f5b23932e7d2036811b2f9e89a9b71c174e4f5b4,docs/stages/p0/implementation/p0-w20-ci-baseline/02-protection-and-enforcement.md,a41a90cf0cfe519cbde1387d17c0f27bcf6186d4,a41a90cf0cfe519cbde1387d17c0f27bcf6186d4,unchanged,original-963,p0,L4-design-or-amendment,source-en,docs/stages/p0/implementation/p0-w20-ci-baseline/02-protection-and-enforcement.md,Proposed detailed design; implementation not claimed.,not-declared,,git-blob-only,conditional-design-approval-not-certified,proposed-design,P0-W20 implementation handoff.,docs/stages/p0/implementation/p0-w20-ci-baseline/README.md#header,docs/development/documentation-baseline.md;docs/development/stage-workflow.md;docs/stages/p0/implementation/p0-w20-ci-baseline/README.md;docs/stages/p0/implementation/README.md;docs/stages/p0/verification/p0-completion-report.md,,not-applicable,,,phase1-conservative-routing-classified,pending,Codex,2026-09-28,Completed-stage index does not independently approve this document; read amendments and approval provenance before new code.
f5b23932e7d2036811b2f9e89a9b71c174e4f5b4,docs/stages/p0/implementation/p0-w20-ci-baseline/03-implementation-and-validation.md,fd7de24564bdea60cae0bb447f28ee414da585a7,fd7de24564bdea60cae0bb447f28ee414da585a7,unchanged,original-963,p0,L4-design-or-amendment,source-en,docs/stages/p0/implementation/p0-w20-ci-baseline/03-implementation-and-validation.md,Proposed detailed design; implementation and validation are not claimed.,not-declared,,git-blob-only,conditional-design-approval-not-certified,proposed-design,P0-W20 implementation handoff.,docs/stages/p0/implementation/p0-w20-ci-baseline/README.md#header,docs/development/documentation-baseline.md;docs/development/stage-workflow.md;docs/stages/p0/implementation/p0-w20-ci-baseline/README.md;docs/stages/p0/implementation/README.md;docs/stages/p0/verification/p0-completion-report.md,,not-applicable,,,phase1-conservative-routing-classified,pending,Codex,2026-09-28,Completed-stage index does not independently approve this document; read amendments and approval provenance before new code.
f5b23932e7d2036811b2f9e89a9b71c174e4f5b4,docs/stages/p0/implementation/p0-w20-ci-baseline/README.md,b07055c68bafb118ee29f364a34129a88905f0d2,b07055c68bafb118ee29f364a34129a88905f0d2,unchanged,original-963,p0,L4-design-or-amendment,source-en,docs/stages/p0/implementation/p0-w20-ci-baseline/README.md,Proposed detailed design; implementation and validation are not claimed.,not-declared,,git-blob-only,conditional-design-approval-not-certified,proposed-design,P0-W20 implementation handoff.,docs/stages/p0/implementation/p0-w20-ci-baseline/README.md#header,docs/development/documentation-baseline.md;docs/development/stage-workflow.md;docs/stages/p0/implementation/p0-w20-ci-baseline/README.md;docs/stages/p0/implementation/README.md;docs/stages/p0/verification/p0-completion-report.md,,not-applicable,,,phase1-conservative-routing-classified,pending,Codex,2026-09-28,Completed-stage index does not independently approve this document; read amendments and approval provenance before new code.
f5b23932e7d2036811b2f9e89a9b71c174e4f5b4,docs/stages/p0/implementation/p0-w21-stage-plan-implementation-workflow-record.md,9259aa9b90bbd79bd61a7e2750fe6a72749434e2,9259aa9b90bbd79bd61a7e2750fe6a72749434e2,unchanged,original-963,p0,L5-implementation-record,source-en,docs/stages/p0/implementation/p0-w21-stage-plan-implementation-workflow-record.md,Implemented on branch `p0/w21-stage-workflow`; verification evidence in [the verification record](../verification/p0-w21-stage-plan-implementation-workflow-verification.md).,not-declared,,git-blob-only,factual-record-no-new-policy,recorded-snapshot,P0-W21,routing responsibility; no named person asserted,docs/development/documentation-baseline.md;docs/development/stage-workflow.md,,not-applicable,,,phase1-conservative-routing-classified,pending,Codex,2026-09-28,
f5b23932e7d2036811b2f9e89a9b71c174e4f5b4,docs/stages/p0/implementation/p0-w21-stage-plan-implementation-workflow/01-layer-contract.md,3004fc7db46849c346dbcaede6473775cb1d3fc8,3004fc7db46849c346dbcaede6473775cb1d3fc8,unchanged,original-963,p0,L4-design-or-amendment,source-en,docs/stages/p0/implementation/p0-w21-stage-plan-implementation-workflow/01-layer-contract.md,Proposed detailed design; implementation not claimed.,not-declared,,git-blob-only,conditional-design-approval-not-certified,proposed-design,P0-W21 implementation handoff.,docs/stages/p0/implementation/p0-w21-stage-plan-implementation-workflow/README.md#header,docs/development/documentation-baseline.md;docs/development/stage-workflow.md;docs/stages/p0/implementation/p0-w21-stage-plan-implementation-workflow/README.md;docs/stages/p0/implementation/README.md;docs/stages/p0/verification/p0-completion-report.md,,not-applicable,,,phase1-conservative-routing-classified,pending,Codex,2026-09-28,Completed-stage index does not independently approve this document; read amendments and approval provenance before new code.
f5b23932e7d2036811b2f9e89a9b71c174e4f5b4,docs/stages/p0/implementation/p0-w21-stage-plan-implementation-workflow/02-admission-and-traceability.md,b6a3a9b9036c8a0ff9e1e018b5f19a7bc5705067,b6a3a9b9036c8a0ff9e1e018b5f19a7bc5705067,unchanged,original-963,p0,L4-design-or-amendment,source-en,docs/stages/p0/implementation/p0-w21-stage-plan-implementation-workflow/02-admission-and-traceability.md,Proposed detailed design; implementation not claimed.,not-declared,,git-blob-only,conditional-design-approval-not-certified,proposed-design,P0-W21 implementation handoff.,docs/stages/p0/implementation/p0-w21-stage-plan-implementation-workflow/README.md#header,docs/development/documentation-baseline.md;docs/development/stage-workflow.md;docs/stages/p0/implementation/p0-w21-stage-plan-implementation-workflow/README.md;docs/stages/p0/implementation/README.md;docs/stages/p0/verification/p0-completion-report.md,,not-applicable,,,phase1-conservative-routing-classified,pending,Codex,2026-09-28,Completed-stage index does not independently approve this document; read amendments and approval provenance before new code.
f5b23932e7d2036811b2f9e89a9b71c174e4f5b4,docs/stages/p0/implementation/p0-w21-stage-plan-implementation-workflow/03-implementation-and-review.md,5fb4a43b58dd19953a3dd0a0a5ee9b04f6a6b2cf,5fb4a43b58dd19953a3dd0a0a5ee9b04f6a6b2cf,unchanged,original-963,p0,L4-design-or-amendment,source-en,docs/stages/p0/implementation/p0-w21-stage-plan-implementation-workflow/03-implementation-and-review.md,Proposed detailed design; implementation and validation are not claimed.,not-declared,,git-blob-only,conditional-design-approval-not-certified,proposed-design,P0-W21 implementation handoff.,docs/stages/p0/implementation/p0-w21-stage-plan-implementation-workflow/README.md#header,docs/development/documentation-baseline.md;docs/development/stage-workflow.md;docs/stages/p0/implementation/p0-w21-stage-plan-implementation-workflow/README.md;docs/stages/p0/implementation/README.md;docs/stages/p0/verification/p0-completion-report.md,,not-applicable,,,phase1-conservative-routing-classified,pending,Codex,2026-09-28,Completed-stage index does not independently approve this document; read amendments and approval provenance before new code.
f5b23932e7d2036811b2f9e89a9b71c174e4f5b4,docs/stages/p0/implementation/p0-w21-stage-plan-implementation-workflow/README.md,5ae61c62641f125e86ba5a1098b2c9e6011c14ed,5ae61c62641f125e86ba5a1098b2c9e6011c14ed,unchanged,original-963,p0,L4-design-or-amendment,source-en,docs/stages/p0/implementation/p0-w21-stage-plan-implementation-workflow/README.md,Proposed detailed design; implementation and validation are not claimed.,not-declared,,git-blob-only,conditional-design-approval-not-certified,proposed-design,P0-W21 implementation handoff.,docs/stages/p0/implementation/p0-w21-stage-plan-implementation-workflow/README.md#header,docs/development/documentation-baseline.md;docs/development/stage-workflow.md;docs/stages/p0/implementation/p0-w21-stage-plan-implementation-workflow/README.md;docs/stages/p0/implementation/README.md;docs/stages/p0/verification/p0-completion-report.md,,not-applicable,,,phase1-conservative-routing-classified,pending,Codex,2026-09-28,Completed-stage index does not independently approve this document; read amendments and approval provenance before new code.
f5b23932e7d2036811b2f9e89a9b71c174e4f5b4,docs/stages/p0/implementation/p0-w22-stage-dependency-map-record.md,62e8f63f6282decfab52f766eede86219c60c1fd,62e8f63f6282decfab52f766eede86219c60c1fd,unchanged,original-963,p0,L5-implementation-record,source-en,docs/stages/p0/implementation/p0-w22-stage-dependency-map-record.md,Implemented on branch `p0/w22-handoff-map`; verification evidence in [the verification record](../verification/p0-w22-stage-dependency-map-verification.md).,not-declared,,git-blob-only,factual-record-no-new-policy,recorded-snapshot,P0-W22,routing responsibility; no named person asserted,docs/development/documentation-baseline.md;docs/development/stage-workflow.md,,not-applicable,,,phase1-conservative-routing-classified,pending,Codex,2026-09-28,
f5b23932e7d2036811b2f9e89a9b71c174e4f5b4,docs/stages/p0/implementation/p0-w22-stage-dependency-map/01-handoff-map-contract.md,5c042c3cdfdfc579b0d5171cf123e30a32c71b32,5c042c3cdfdfc579b0d5171cf123e30a32c71b32,unchanged,original-963,p0,L4-design-or-amendment,source-en,docs/stages/p0/implementation/p0-w22-stage-dependency-map/01-handoff-map-contract.md,Proposed detailed design; implementation not claimed.,not-declared,,git-blob-only,conditional-design-approval-not-certified,proposed-design,P0-W22 implementation handoff.,docs/stages/p0/implementation/p0-w22-stage-dependency-map/README.md#header,docs/development/documentation-baseline.md;docs/development/stage-workflow.md;docs/stages/p0/implementation/p0-w22-stage-dependency-map/README.md;docs/stages/p0/implementation/README.md;docs/stages/p0/verification/p0-completion-report.md,,not-applicable,,,phase1-conservative-routing-classified,pending,Codex,2026-09-28,Completed-stage index does not independently approve this document; read amendments and approval provenance before new code.
f5b23932e7d2036811b2f9e89a9b71c174e4f5b4,docs/stages/p0/implementation/p0-w22-stage-dependency-map/02-implementation-and-review.md,e03317b111a64ae61b1220cff74a85e3da636a03,e03317b111a64ae61b1220cff74a85e3da636a03,unchanged,original-963,p0,L4-design-or-amendment,source-en,docs/stages/p0/implementation/p0-w22-stage-dependency-map/02-implementation-and-review.md,Proposed detailed design; implementation and validation are not claimed.,not-declared,,git-blob-only,conditional-design-approval-not-certified,proposed-design,P0-W22 implementation handoff.,docs/stages/p0/implementation/p0-w22-stage-dependency-map/README.md#header,docs/development/documentation-baseline.md;docs/development/stage-workflow.md;docs/stages/p0/implementation/p0-w22-stage-dependency-map/README.md;docs/stages/p0/implementation/README.md;docs/stages/p0/verification/p0-completion-report.md,,not-applicable,,,phase1-conservative-routing-classified,pending,Codex,2026-09-28,Completed-stage index does not independently approve this document; read amendments and approval provenance before new code.
f5b23932e7d2036811b2f9e89a9b71c174e4f5b4,docs/stages/p0/implementation/p0-w22-stage-dependency-map/README.md,9dd38fd299a42ad371f02f0e8c29c2911e51f668,9dd38fd299a42ad371f02f0e8c29c2911e51f668,unchanged,original-963,p0,L4-design-or-amendment,source-en,docs/stages/p0/implementation/p0-w22-stage-dependency-map/README.md,Proposed detailed design; implementation and validation are not claimed.,not-declared,,git-blob-only,conditional-design-approval-not-certified,proposed-design,P0-W22 implementation handoff.,docs/stages/p0/implementation/p0-w22-stage-dependency-map/README.md#header,docs/development/documentation-baseline.md;docs/development/stage-workflow.md;docs/stages/p0/implementation/p0-w22-stage-dependency-map/README.md;docs/stages/p0/implementation/README.md;docs/stages/p0/verification/p0-completion-report.md,,not-applicable,,,phase1-conservative-routing-classified,pending,Codex,2026-09-28,Completed-stage index does not independently approve this document; read amendments and approval provenance before new code.
f5b23932e7d2036811b2f9e89a9b71c174e4f5b4,docs/stages/p0/p0-handoff-map.md,53e5bd1a5df20feb50385012a286886966b1d8f9,53e5bd1a5df20feb50385012a286886966b1d8f9,unchanged,original-963,p0,stage-handoff,source-en,docs/stages/p0/p0-handoff-map.md,"Normative handoff map — the register below is filled truthfully from the stage records; every row is a pointer: the pointed-to document is the authority, the row is the view.",v0.1,v0.1,header,normative-handoff-register,current-register,P0-W22 stage dependency map; row updates follow §5's rules and never edit contract content.,docs/stages/p0/p0-handoff-map.md#header,docs/development/documentation-baseline.md;docs/development/stage-workflow.md,,not-applicable,,,phase1-conservative-routing-classified,pending,Codex,2026-09-28,
f5b23932e7d2036811b2f9e89a9b71c174e4f5b4,docs/stages/p0/plans/README.md,eb0598840ad4b52abe75590e96cb7037b7f48407,eb0598840ad4b52abe75590e96cb7037b7f48407,unchanged,original-963,p0,L3-plan-index,source-en,docs/stages/p0/plans/README.md,"Planning index. Individual plans are bounded work-package plans, not implementation-completion records.",not-declared,,git-blob-only,bounded-planning-not-code-admission,planning,P0 stage maintainers,routing responsibility; no named person asserted,docs/development/documentation-baseline.md;docs/development/stage-workflow.md,,not-applicable,,,phase1-conservative-routing-classified,pending,Codex,2026-09-28,
f5b23932e7d2036811b2f9e89a9b71c174e4f5b4,docs/stages/p0/plans/p0-w01-repository-baseline.md,faf349de38c7be99d8c92eb546a02481dda1ed19,faf349de38c7be99d8c92eb546a02481dda1ed19,unchanged,original-963,p0,L3-package-plan,source-en,docs/stages/p0/plans/p0-w01-repository-baseline.md,Planned work package; implementation not claimed,not-declared,,git-blob-only,bounded-planning-not-code-admission,planning,P0-W01,routing responsibility; no named person asserted,docs/development/documentation-baseline.md;docs/development/stage-workflow.md;docs/stages/p0/task-book-v0.1.md,,not-applicable,,,phase1-conservative-routing-classified,pending,Codex,2026-09-28,
f5b23932e7d2036811b2f9e89a9b71c174e4f5b4,docs/stages/p0/plans/p0-w02-rust-toolchain-baseline.md,3d82a5d1797d09a42cb5d11b3f7805f339c98996,3d82a5d1797d09a42cb5d11b3f7805f339c98996,unchanged,original-963,p0,L3-package-plan,source-en,docs/stages/p0/plans/p0-w02-rust-toolchain-baseline.md,Planned work package; implementation not claimed,not-declared,,git-blob-only,bounded-planning-not-code-admission,planning,P0-W02,routing responsibility; no named person asserted,docs/development/documentation-baseline.md;docs/development/stage-workflow.md;docs/stages/p0/task-book-v0.1.md,,not-applicable,,,phase1-conservative-routing-classified,pending,Codex,2026-09-28,
f5b23932e7d2036811b2f9e89a9b71c174e4f5b4,docs/stages/p0/plans/p0-w03-aarch64-build-target-baseline.md,114571ce22752220876d58bf2943b91ac286e3c3,114571ce22752220876d58bf2943b91ac286e3c3,unchanged,original-963,p0,L3-package-plan,source-en,docs/stages/p0/plans/p0-w03-aarch64-build-target-baseline.md,Planned work package; implementation not claimed,not-declared,,git-blob-only,bounded-planning-not-code-admission,planning,P0-W03,routing responsibility; no named person asserted,docs/development/documentation-baseline.md;docs/development/stage-workflow.md;docs/stages/p0/task-book-v0.1.md,,not-applicable,,,phase1-conservative-routing-classified,pending,Codex,2026-09-28,
f5b23932e7d2036811b2f9e89a9b71c174e4f5b4,docs/stages/p0/plans/p0-w04-build-profile-feature-governance.md,6f1d51ddf23c8cf58ed1a8436d1c23e3589d7e0e,6f1d51ddf23c8cf58ed1a8436d1c23e3589d7e0e,unchanged,original-963,p0,L3-package-plan,source-en,docs/stages/p0/plans/p0-w04-build-profile-feature-governance.md,Planned work package; implementation not claimed,not-declared,,git-blob-only,bounded-planning-not-code-admission,planning,P0-W04,routing responsibility; no named person asserted,docs/development/documentation-baseline.md;docs/development/stage-workflow.md;docs/stages/p0/task-book-v0.1.md,,not-applicable,,,phase1-conservative-routing-classified,pending,Codex,2026-09-28,
f5b23932e7d2036811b2f9e89a9b71c174e4f5b4,docs/stages/p0/plans/p0-w05-documentation-baseline.md,f62c92020ee9b58ab4ff39f62ec8bbfa5bc4ce15,f62c92020ee9b58ab4ff39f62ec8bbfa5bc4ce15,unchanged,original-963,p0,L3-package-plan,source-en,docs/stages/p0/plans/p0-w05-documentation-baseline.md,Planned work package; implementation not claimed,not-declared,,git-blob-only,bounded-planning-not-code-admission,planning,P0-W05,routing responsibility; no named person asserted,docs/development/documentation-baseline.md;docs/development/stage-workflow.md;docs/stages/p0/task-book-v0.1.md,,not-applicable,,,phase1-conservative-routing-classified,pending,Codex,2026-09-28,
f5b23932e7d2036811b2f9e89a9b71c174e4f5b4,docs/stages/p0/plans/p0-w06-adr-governance.md,fcb9bf31240d34dae1ba6cfd415b91c53f882a34,fcb9bf31240d34dae1ba6cfd415b91c53f882a34,unchanged,original-963,p0,L3-package-plan,source-en,docs/stages/p0/plans/p0-w06-adr-governance.md,Planned work package; implementation not claimed,not-declared,,git-blob-only,bounded-planning-not-code-admission,planning,P0-W06,routing responsibility; no named person asserted,docs/development/documentation-baseline.md;docs/development/stage-workflow.md;docs/stages/p0/task-book-v0.1.md,,not-applicable,,,phase1-conservative-routing-classified,pending,Codex,2026-09-28,
f5b23932e7d2036811b2f9e89a9b71c174e4f5b4,docs/stages/p0/plans/p0-w07-development-quality-gates.md,62d13f9e4eaaaa7d434fcc2c5189025d221ec50f,62d13f9e4eaaaa7d434fcc2c5189025d221ec50f,unchanged,original-963,p0,L3-package-plan,source-en,docs/stages/p0/plans/p0-w07-development-quality-gates.md,Planned work package; implementation not claimed,not-declared,,git-blob-only,bounded-planning-not-code-admission,planning,P0-W07,routing responsibility; no named person asserted,docs/development/documentation-baseline.md;docs/development/stage-workflow.md;docs/stages/p0/task-book-v0.1.md,,not-applicable,,,phase1-conservative-routing-classified,pending,Codex,2026-09-28,
f5b23932e7d2036811b2f9e89a9b71c174e4f5b4,docs/stages/p0/plans/p0-w08-host-side-testing-baseline.md,968cd3fc7363e0b0e6b3b725fe6699bb99ab6ff6,968cd3fc7363e0b0e6b3b725fe6699bb99ab6ff6,unchanged,original-963,p0,L3-package-plan,source-en,docs/stages/p0/plans/p0-w08-host-side-testing-baseline.md,Planned work package; implementation not claimed,not-declared,,git-blob-only,bounded-planning-not-code-admission,planning,P0-W08,routing responsibility; no named person asserted,docs/development/documentation-baseline.md;docs/development/stage-workflow.md;docs/stages/p0/task-book-v0.1.md,,not-applicable,,,phase1-conservative-routing-classified,pending,Codex,2026-09-28,
f5b23932e7d2036811b2f9e89a9b71c174e4f5b4,docs/stages/p0/plans/p0-w09-qemu-automation-entry-baseline.md,ece7db6ccefb3d8b33defc8479e6bd4e52a0aeaa,ece7db6ccefb3d8b33defc8479e6bd4e52a0aeaa,unchanged,original-963,p0,L3-package-plan,source-en,docs/stages/p0/plans/p0-w09-qemu-automation-entry-baseline.md,Planned work package; implementation not claimed,not-declared,,git-blob-only,bounded-planning-not-code-admission,planning,P0-W09,routing responsibility; no named person asserted,docs/development/documentation-baseline.md;docs/development/stage-workflow.md;docs/stages/p0/task-book-v0.1.md,,not-applicable,,,phase1-conservative-routing-classified,pending,Codex,2026-09-28,
f5b23932e7d2036811b2f9e89a9b71c174e4f5b4,docs/stages/p0/plans/p0-w10-unsafe-rust-governance.md,3288465bda59f5de70850b4b73d78e6534d3c456,3288465bda59f5de70850b4b73d78e6534d3c456,unchanged,original-963,p0,L3-package-plan,source-en,docs/stages/p0/plans/p0-w10-unsafe-rust-governance.md,Planned work package; implementation not claimed,not-declared,,git-blob-only,bounded-planning-not-code-admission,planning,P0-W10,routing responsibility; no named person asserted,docs/development/documentation-baseline.md;docs/development/stage-workflow.md;docs/stages/p0/task-book-v0.1.md,,not-applicable,,,phase1-conservative-routing-classified,pending,Codex,2026-09-28,
f5b23932e7d2036811b2f9e89a9b71c174e4f5b4,docs/stages/p0/plans/p0-w11-platform-portability-guardrails.md,ac88c65a223e999369a6baaaf9f7208931d0bea2,ac88c65a223e999369a6baaaf9f7208931d0bea2,unchanged,original-963,p0,L3-package-plan,source-en,docs/stages/p0/plans/p0-w11-platform-portability-guardrails.md,Planned work package; implementation not claimed,not-declared,,git-blob-only,bounded-planning-not-code-admission,planning,P0-W11,routing responsibility; no named person asserted,docs/development/documentation-baseline.md;docs/development/stage-workflow.md;docs/stages/p0/task-book-v0.1.md,,not-applicable,,,phase1-conservative-routing-classified,pending,Codex,2026-09-28,
f5b23932e7d2036811b2f9e89a9b71c174e4f5b4,docs/stages/p0/plans/p0-w12-logging-diagnostic-baseline.md,3507168b73add0431ba9ecf3a9653d698c015a7c,3507168b73add0431ba9ecf3a9653d698c015a7c,unchanged,original-963,p0,L3-package-plan,source-en,docs/stages/p0/plans/p0-w12-logging-diagnostic-baseline.md,Planned work package; implementation not claimed,not-declared,,git-blob-only,bounded-planning-not-code-admission,planning,P0-W12,routing responsibility; no named person asserted,docs/development/documentation-baseline.md;docs/development/stage-workflow.md;docs/stages/p0/task-book-v0.1.md,,not-applicable,,,phase1-conservative-routing-classified,pending,Codex,2026-09-28,
f5b23932e7d2036811b2f9e89a9b71c174e4f5b4,docs/stages/p0/plans/p0-w13-trace-event-namespace-baseline.md,e6413901a73dad00da760857a84a4a2b15a71f8c,e6413901a73dad00da760857a84a4a2b15a71f8c,unchanged,original-963,p0,L3-package-plan,source-en,docs/stages/p0/plans/p0-w13-trace-event-namespace-baseline.md,Planned work package; implementation not claimed,not-declared,,git-blob-only,bounded-planning-not-code-admission,planning,P0-W13,routing responsibility; no named person asserted,docs/development/documentation-baseline.md;docs/development/stage-workflow.md;docs/stages/p0/task-book-v0.1.md,,not-applicable,,,phase1-conservative-routing-classified,pending,Codex,2026-09-28,
f5b23932e7d2036811b2f9e89a9b71c174e4f5b4,docs/stages/p0/plans/p0-w14-panic-failure-classification.md,c639f2ab33f070b6c674a1c6f64b42f82d9c4beb,c639f2ab33f070b6c674a1c6f64b42f82d9c4beb,unchanged,original-963,p0,L3-package-plan,source-en,docs/stages/p0/plans/p0-w14-panic-failure-classification.md,Planned work package; implementation not claimed,not-declared,,git-blob-only,bounded-planning-not-code-admission,planning,P0-W14,routing responsibility; no named person asserted,docs/development/documentation-baseline.md;docs/development/stage-workflow.md;docs/stages/p0/task-book-v0.1.md,,not-applicable,,,phase1-conservative-routing-classified,pending,Codex,2026-09-28,
f5b23932e7d2036811b2f9e89a9b71c174e4f5b4,docs/stages/p0/plans/p0-w15-address-identifier-type-safety.md,afc72dcad569dfd0f03a63a99eb7d5e73e1f83f0,afc72dcad569dfd0f03a63a99eb7d5e73e1f83f0,unchanged,original-963,p0,L3-package-plan,source-en,docs/stages/p0/plans/p0-w15-address-identifier-type-safety.md,Planned work package; implementation not claimed,not-declared,,git-blob-only,bounded-planning-not-code-admission,planning,P0-W15,routing responsibility; no named person asserted,docs/development/documentation-baseline.md;docs/development/stage-workflow.md;docs/stages/p0/task-book-v0.1.md,,not-applicable,,,phase1-conservative-routing-classified,pending,Codex,2026-09-28,
f5b23932e7d2036811b2f9e89a9b71c174e4f5b4,docs/stages/p0/plans/p0-w16-version-build-metadata-baseline.md,4e2d2f23d06d2a045c14959fb00f98fc1e442f38,4e2d2f23d06d2a045c14959fb00f98fc1e442f38,unchanged,original-963,p0,L3-package-plan,source-en,docs/stages/p0/plans/p0-w16-version-build-metadata-baseline.md,Planned work package; implementation not claimed,not-declared,,git-blob-only,bounded-planning-not-code-admission,planning,P0-W16,routing responsibility; no named person asserted,docs/development/documentation-baseline.md;docs/development/stage-workflow.md;docs/stages/p0/task-book-v0.1.md,,not-applicable,,,phase1-conservative-routing-classified,pending,Codex,2026-09-28,
f5b23932e7d2036811b2f9e89a9b71c174e4f5b4,docs/stages/p0/plans/p0-w17-artifact-naming-baseline.md,dd154e82ee7a601b38a5e9196d24beca75100631,dd154e82ee7a601b38a5e9196d24beca75100631,unchanged,original-963,p0,L3-package-plan,source-en,docs/stages/p0/plans/p0-w17-artifact-naming-baseline.md,Planned work package; implementation not claimed,not-declared,,git-blob-only,bounded-planning-not-code-admission,planning,P0-W17,routing responsibility; no named person asserted,docs/development/documentation-baseline.md;docs/development/stage-workflow.md;docs/stages/p0/task-book-v0.1.md,,not-applicable,,,phase1-conservative-routing-classified,pending,Codex,2026-09-28,
f5b23932e7d2036811b2f9e89a9b71c174e4f5b4,docs/stages/p0/plans/p0-w18-dependency-governance.md,5869359ee5103607ca85df3d0558ff5c16a1f563,5869359ee5103607ca85df3d0558ff5c16a1f563,unchanged,original-963,p0,L3-package-plan,source-en,docs/stages/p0/plans/p0-w18-dependency-governance.md,Planned work package; implementation not claimed,not-declared,,git-blob-only,bounded-planning-not-code-admission,planning,P0-W18,routing responsibility; no named person asserted,docs/development/documentation-baseline.md;docs/development/stage-workflow.md;docs/stages/p0/task-book-v0.1.md,,not-applicable,,,phase1-conservative-routing-classified,pending,Codex,2026-09-28,
f5b23932e7d2036811b2f9e89a9b71c174e4f5b4,docs/stages/p0/plans/p0-w19-reproducible-development-workflow.md,77d9f546a2c824f8cfd7a16637443562393c765d,77d9f546a2c824f8cfd7a16637443562393c765d,unchanged,original-963,p0,L3-package-plan,source-en,docs/stages/p0/plans/p0-w19-reproducible-development-workflow.md,Planned work package; implementation not claimed,not-declared,,git-blob-only,bounded-planning-not-code-admission,planning,P0-W19,routing responsibility; no named person asserted,docs/development/documentation-baseline.md;docs/development/stage-workflow.md;docs/stages/p0/task-book-v0.1.md,,not-applicable,,,phase1-conservative-routing-classified,pending,Codex,2026-09-28,
f5b23932e7d2036811b2f9e89a9b71c174e4f5b4,docs/stages/p0/plans/p0-w20-ci-baseline.md,7873b5fd4c9147c76c287b6c1bf3bf99d5ae1764,7873b5fd4c9147c76c287b6c1bf3bf99d5ae1764,unchanged,original-963,p0,L3-package-plan,source-en,docs/stages/p0/plans/p0-w20-ci-baseline.md,Planned work package; implementation not claimed,not-declared,,git-blob-only,bounded-planning-not-code-admission,planning,P0-W20,routing responsibility; no named person asserted,docs/development/documentation-baseline.md;docs/development/stage-workflow.md;docs/stages/p0/task-book-v0.1.md,,not-applicable,,,phase1-conservative-routing-classified,pending,Codex,2026-09-28,
f5b23932e7d2036811b2f9e89a9b71c174e4f5b4,docs/stages/p0/plans/p0-w21-stage-plan-implementation-workflow.md,42246b863d620c0c472b78c27d63b82a99187089,42246b863d620c0c472b78c27d63b82a99187089,unchanged,original-963,p0,L3-package-plan,source-en,docs/stages/p0/plans/p0-w21-stage-plan-implementation-workflow.md,Planned work package; implementation not claimed,not-declared,,git-blob-only,bounded-planning-not-code-admission,planning,P0-W21,routing responsibility; no named person asserted,docs/development/documentation-baseline.md;docs/development/stage-workflow.md;docs/stages/p0/task-book-v0.1.md,,not-applicable,,,phase1-conservative-routing-classified,pending,Codex,2026-09-28,
f5b23932e7d2036811b2f9e89a9b71c174e4f5b4,docs/stages/p0/plans/p0-w22-stage-dependency-map.md,a7be12deabd721598bd8342a6eb0443a677875e7,a7be12deabd721598bd8342a6eb0443a677875e7,unchanged,original-963,p0,L3-package-plan,source-en,docs/stages/p0/plans/p0-w22-stage-dependency-map.md,Planned work package; implementation not claimed,not-declared,,git-blob-only,bounded-planning-not-code-admission,planning,P0-W22,routing responsibility; no named person asserted,docs/development/documentation-baseline.md;docs/development/stage-workflow.md;docs/stages/p0/task-book-v0.1.md,,not-applicable,,,phase1-conservative-routing-classified,pending,Codex,2026-09-28,
f5b23932e7d2036811b2f9e89a9b71c174e4f5b4,docs/stages/p0/task-book-v0.1.md,4ee371a779d15af0277d00e294a7db733c652fa1,4ee371a779d15af0277d00e294a7db733c652fa1,unchanged,original-963,p0,L2-task-book,source-en,docs/stages/p0/task-book-v0.1.md,Defined; not an implementation-completion claim,v0.1,,title,stage-outcomes-not-code-admission,planning-baseline,P0 engineering baseline,docs/stages/p0/task-book-v0.1.md#header,docs/development/documentation-baseline.md;docs/development/stage-workflow.md;docs/stages/p0/task-book-v0.1.md,,not-applicable,,,phase1-conservative-routing-classified,pending,Codex,2026-09-28,
f5b23932e7d2036811b2f9e89a9b71c174e4f5b4,docs/stages/p0/task-book-v0.1.zh-CN.md,af6287c305f97e2a8ae8f7c6e2fba0a4f4ae7710,af6287c305f97e2a8ae8f7c6e2fba0a4f4ae7710,unchanged,original-963,p0,L2-task-book,translation-zh-CN,docs/stages/p0/task-book-v0.1.md,Defined; not an implementation-completion claim,v0.1,,title,translation-no-independent-authority / stage-outcomes-not-code-admission,planning-baseline,P0 engineering baseline,docs/stages/p0/task-book-v0.1.md#header,docs/development/documentation-baseline.md;docs/development/stage-workflow.md;docs/stages/p0/task-book-v0.1.md,,blob-current,4ee371a779d15af0277d00e294a7db733c652fa1,4ee371a779d15af0277d00e294a7db733c652fa1,phase1-conservative-routing-classified,pending,Codex,2026-09-28,Blob currency does not prove faithful semantic translation.
f5b23932e7d2036811b2f9e89a9b71c174e4f5b4,docs/stages/p0/verification/p0-completion-report.md,6c35307c4d0609bf4b23334310b6728b57582ed2,6c35307c4d0609bf4b23334310b6728b57582ed2,unchanged,original-963,p0,L7-completion-report,source-en,docs/stages/p0/verification/p0-completion-report.md,P0 stage completion claim — the only document authorized to make it (stage workflow L7).,not-declared,,git-blob-only,factual-evidence-with-declared-scope,recorded-snapshot,P0 stage maintainers,routing responsibility; no named person asserted,docs/development/documentation-baseline.md;docs/development/stage-workflow.md,,not-applicable,,,phase1-conservative-routing-classified,pending,Codex,2026-09-28,No fresh runtime or retained-artifact verification in phase 1.
f5b23932e7d2036811b2f9e89a9b71c174e4f5b4,docs/stages/p0/verification/p0-completion-report.zh-CN.md,f4868697e79f245a147b7a7525ead8902bf5f888,f4868697e79f245a147b7a7525ead8902bf5f888,unchanged,original-963,p0,L7-completion-report,translation-zh-CN,docs/stages/p0/verification/p0-completion-report.md,P0 stage completion claim — the only document authorized to make it (stage workflow L7).,not-declared,,git-blob-only,translation-no-independent-authority / factual-evidence-with-declared-scope,recorded-snapshot,P0 stage maintainers,routing responsibility; no named person asserted,docs/development/documentation-baseline.md;docs/development/stage-workflow.md;docs/stages/p0/verification/p0-completion-report.md,,blob-current,6c35307c4d0609bf4b23334310b6728b57582ed2,6c35307c4d0609bf4b23334310b6728b57582ed2,phase1-conservative-routing-classified,pending,Codex,2026-09-28,No fresh runtime or retained-artifact verification in phase 1. Blob currency does not prove faithful semantic translation.
f5b23932e7d2036811b2f9e89a9b71c174e4f5b4,docs/stages/p0/verification/p0-w01-repository-baseline-verification.md,695ba738ff073742737499e29aaefd0d58513d23,695ba738ff073742737499e29aaefd0d58513d23,unchanged,original-963,p0,L6-verification-or-custody,source-en,docs/stages/p0/verification/p0-w01-repository-baseline-verification.md,Complete evidence recorded; W01 closure claimed.,not-declared,,git-blob-only,factual-evidence-with-declared-scope,recorded-snapshot,P0-W01,routing responsibility; no named person asserted,docs/development/documentation-baseline.md;docs/development/stage-workflow.md,,not-applicable,,,phase1-conservative-routing-classified,pending,Codex,2026-09-28,No fresh runtime or retained-artifact verification in phase 1.
f5b23932e7d2036811b2f9e89a9b71c174e4f5b4,docs/stages/p0/verification/p0-w02-rust-toolchain-baseline-verification.md,502271921e83c245c07bd68e5185cee381944fb2,502271921e83c245c07bd68e5185cee381944fb2,unchanged,original-963,p0,L6-verification-or-custody,source-en,docs/stages/p0/verification/p0-w02-rust-toolchain-baseline-verification.md,Complete evidence recorded; W02 closure claimed.,not-declared,,git-blob-only,factual-evidence-with-declared-scope,recorded-snapshot,P0-W02,routing responsibility; no named person asserted,docs/development/documentation-baseline.md;docs/development/stage-workflow.md,,not-applicable,,,phase1-conservative-routing-classified,pending,Codex,2026-09-28,No fresh runtime or retained-artifact verification in phase 1.
f5b23932e7d2036811b2f9e89a9b71c174e4f5b4,docs/stages/p0/verification/p0-w03-aarch64-build-target-baseline-verification.md,0575dee8d8d6bd5840be423295013b4bcc0c6ab9,0575dee8d8d6bd5840be423295013b4bcc0c6ab9,unchanged,original-963,p0,L6-verification-or-custody,source-en,docs/stages/p0/verification/p0-w03-aarch64-build-target-baseline-verification.md,Complete evidence recorded; W03 closure claimed.,not-declared,,git-blob-only,factual-evidence-with-declared-scope,recorded-snapshot,P0-W03,routing responsibility; no named person asserted,docs/development/documentation-baseline.md;docs/development/stage-workflow.md,,not-applicable,,,phase1-conservative-routing-classified,pending,Codex,2026-09-28,No fresh runtime or retained-artifact verification in phase 1.
f5b23932e7d2036811b2f9e89a9b71c174e4f5b4,docs/stages/p0/verification/p0-w04-build-profile-feature-governance-verification.md,99fae227fb6910b8d79a8e335f4b1ffa522f5dd8,99fae227fb6910b8d79a8e335f4b1ffa522f5dd8,unchanged,original-963,p0,L6-verification-or-custody,source-en,docs/stages/p0/verification/p0-w04-build-profile-feature-governance-verification.md,Complete evidence recorded; W04 closure claimed.,not-declared,,git-blob-only,factual-evidence-with-declared-scope,recorded-snapshot,P0-W04,routing responsibility; no named person asserted,docs/development/documentation-baseline.md;docs/development/stage-workflow.md,,not-applicable,,,phase1-conservative-routing-classified,pending,Codex,2026-09-28,No fresh runtime or retained-artifact verification in phase 1.
f5b23932e7d2036811b2f9e89a9b71c174e4f5b4,docs/stages/p0/verification/p0-w05-documentation-baseline-verification.md,3ac9ce901d08f27e56cbb5f4c886e2efedf5cb96,3ac9ce901d08f27e56cbb5f4c886e2efedf5cb96,unchanged,original-963,p0,L6-verification-or-custody,source-en,docs/stages/p0/verification/p0-w05-documentation-baseline-verification.md,Complete evidence recorded; W05 closure claimed.,not-declared,,git-blob-only,factual-evidence-with-declared-scope,recorded-snapshot,P0-W05,routing responsibility; no named person asserted,docs/development/documentation-baseline.md;docs/development/stage-workflow.md,,not-applicable,,,phase1-conservative-routing-classified,pending,Codex,2026-09-28,No fresh runtime or retained-artifact verification in phase 1.
f5b23932e7d2036811b2f9e89a9b71c174e4f5b4,docs/stages/p0/verification/p0-w06-adr-governance-verification.md,ab687db3975da795add26c66b8a88a54adef5448,ab687db3975da795add26c66b8a88a54adef5448,unchanged,original-963,p0,L6-verification-or-custody,source-en,docs/stages/p0/verification/p0-w06-adr-governance-verification.md,Complete evidence recorded; W06 closure claimed.,not-declared,,git-blob-only,factual-evidence-with-declared-scope,recorded-snapshot,P0-W06,routing responsibility; no named person asserted,docs/development/documentation-baseline.md;docs/development/stage-workflow.md,,not-applicable,,,phase1-conservative-routing-classified,pending,Codex,2026-09-28,No fresh runtime or retained-artifact verification in phase 1.
f5b23932e7d2036811b2f9e89a9b71c174e4f5b4,docs/stages/p0/verification/p0-w07-development-quality-gates-verification.md,fede3bcbb31cbe2c1ce1b5f156084fda5d35fca7,fede3bcbb31cbe2c1ce1b5f156084fda5d35fca7,unchanged,original-963,p0,L6-verification-or-custody,source-en,docs/stages/p0/verification/p0-w07-development-quality-gates-verification.md,Complete evidence recorded; W07 closure claimed.,not-declared,,git-blob-only,factual-evidence-with-declared-scope,recorded-snapshot,P0-W07,routing responsibility; no named person asserted,docs/development/documentation-baseline.md;docs/development/stage-workflow.md,,not-applicable,,,phase1-conservative-routing-classified,pending,Codex,2026-09-28,No fresh runtime or retained-artifact verification in phase 1.
f5b23932e7d2036811b2f9e89a9b71c174e4f5b4,docs/stages/p0/verification/p0-w08-host-side-testing-baseline-verification.md,d1fc2e4d88d806178f7afc07cc04ce60ee3e2f7e,d1fc2e4d88d806178f7afc07cc04ce60ee3e2f7e,unchanged,original-963,p0,L6-verification-or-custody,source-en,docs/stages/p0/verification/p0-w08-host-side-testing-baseline-verification.md,Complete evidence recorded; W08 closure claimed.,not-declared,,git-blob-only,factual-evidence-with-declared-scope,recorded-snapshot,P0-W08,routing responsibility; no named person asserted,docs/development/documentation-baseline.md;docs/development/stage-workflow.md,,not-applicable,,,phase1-conservative-routing-classified,pending,Codex,2026-09-28,No fresh runtime or retained-artifact verification in phase 1.
f5b23932e7d2036811b2f9e89a9b71c174e4f5b4,docs/stages/p0/verification/p0-w09-qemu-automation-entry-baseline-verification.md,486c1a2f5dfabe9f2a39d47f7f241543273f2a1c,486c1a2f5dfabe9f2a39d47f7f241543273f2a1c,unchanged,original-963,p0,L6-verification-or-custody,source-en,docs/stages/p0/verification/p0-w09-qemu-automation-entry-baseline-verification.md,Complete evidence recorded; W09 closure claimed.,not-declared,,git-blob-only,factual-evidence-with-declared-scope,recorded-snapshot,P0-W09,routing responsibility; no named person asserted,docs/development/documentation-baseline.md;docs/development/stage-workflow.md,,not-applicable,,,phase1-conservative-routing-classified,pending,Codex,2026-09-28,No fresh runtime or retained-artifact verification in phase 1.
f5b23932e7d2036811b2f9e89a9b71c174e4f5b4,docs/stages/p0/verification/p0-w10-unsafe-rust-governance-verification.md,76b917c129142025fad92769f1cd5a53e53fd052,76b917c129142025fad92769f1cd5a53e53fd052,unchanged,original-963,p0,L6-verification-or-custody,source-en,docs/stages/p0/verification/p0-w10-unsafe-rust-governance-verification.md,Complete evidence recorded; W10 closure claimed.,not-declared,,git-blob-only,factual-evidence-with-declared-scope,recorded-snapshot,P0-W10,routing responsibility; no named person asserted,docs/development/documentation-baseline.md;docs/development/stage-workflow.md,,not-applicable,,,phase1-conservative-routing-classified,pending,Codex,2026-09-28,No fresh runtime or retained-artifact verification in phase 1.
f5b23932e7d2036811b2f9e89a9b71c174e4f5b4,docs/stages/p0/verification/p0-w11-platform-portability-guardrails-verification.md,4242357fc7e34c041b48769d5cd8bb91c801bfce,4242357fc7e34c041b48769d5cd8bb91c801bfce,unchanged,original-963,p0,L6-verification-or-custody,source-en,docs/stages/p0/verification/p0-w11-platform-portability-guardrails-verification.md,Complete evidence recorded; W11 closure claimed.,not-declared,,git-blob-only,factual-evidence-with-declared-scope,recorded-snapshot,P0-W11,routing responsibility; no named person asserted,docs/development/documentation-baseline.md;docs/development/stage-workflow.md,,not-applicable,,,phase1-conservative-routing-classified,pending,Codex,2026-09-28,No fresh runtime or retained-artifact verification in phase 1.
f5b23932e7d2036811b2f9e89a9b71c174e4f5b4,docs/stages/p0/verification/p0-w12-logging-diagnostic-baseline-verification.md,8e64346f15919b017fa4ffb9448894a34dfc989a,8e64346f15919b017fa4ffb9448894a34dfc989a,unchanged,original-963,p0,L6-verification-or-custody,source-en,docs/stages/p0/verification/p0-w12-logging-diagnostic-baseline-verification.md,Complete evidence recorded; W12 closure claimed.,not-declared,,git-blob-only,factual-evidence-with-declared-scope,recorded-snapshot,P0-W12,routing responsibility; no named person asserted,docs/development/documentation-baseline.md;docs/development/stage-workflow.md,,not-applicable,,,phase1-conservative-routing-classified,pending,Codex,2026-09-28,No fresh runtime or retained-artifact verification in phase 1.
f5b23932e7d2036811b2f9e89a9b71c174e4f5b4,docs/stages/p0/verification/p0-w13-trace-event-namespace-baseline-verification.md,696df3f3fb117635cbbef3b17b74604a87f358f7,696df3f3fb117635cbbef3b17b74604a87f358f7,unchanged,original-963,p0,L6-verification-or-custody,source-en,docs/stages/p0/verification/p0-w13-trace-event-namespace-baseline-verification.md,Complete evidence recorded; W13 closure claimed.,not-declared,,git-blob-only,factual-evidence-with-declared-scope,recorded-snapshot,P0-W13,routing responsibility; no named person asserted,docs/development/documentation-baseline.md;docs/development/stage-workflow.md,,not-applicable,,,phase1-conservative-routing-classified,pending,Codex,2026-09-28,No fresh runtime or retained-artifact verification in phase 1.
f5b23932e7d2036811b2f9e89a9b71c174e4f5b4,docs/stages/p0/verification/p0-w14-panic-failure-classification-verification.md,64a00387644fdc387be0f83b8014a00643eb8070,64a00387644fdc387be0f83b8014a00643eb8070,unchanged,original-963,p0,L6-verification-or-custody,source-en,docs/stages/p0/verification/p0-w14-panic-failure-classification-verification.md,Complete evidence recorded; W14 closure claimed.,not-declared,,git-blob-only,factual-evidence-with-declared-scope,recorded-snapshot,P0-W14,routing responsibility; no named person asserted,docs/development/documentation-baseline.md;docs/development/stage-workflow.md,,not-applicable,,,phase1-conservative-routing-classified,pending,Codex,2026-09-28,No fresh runtime or retained-artifact verification in phase 1.
f5b23932e7d2036811b2f9e89a9b71c174e4f5b4,docs/stages/p0/verification/p0-w15-address-identifier-type-safety-verification.md,93a915d861c8924b53ad346b0f36448dbba11d20,93a915d861c8924b53ad346b0f36448dbba11d20,unchanged,original-963,p0,L6-verification-or-custody,source-en,docs/stages/p0/verification/p0-w15-address-identifier-type-safety-verification.md,Complete evidence recorded; W15 closure claimed.,not-declared,,git-blob-only,factual-evidence-with-declared-scope,recorded-snapshot,P0-W15,routing responsibility; no named person asserted,docs/development/documentation-baseline.md;docs/development/stage-workflow.md,,not-applicable,,,phase1-conservative-routing-classified,pending,Codex,2026-09-28,No fresh runtime or retained-artifact verification in phase 1.
f5b23932e7d2036811b2f9e89a9b71c174e4f5b4,docs/stages/p0/verification/p0-w16-version-build-metadata-baseline-verification.md,efd580c27dc320493da8b93d6a31ff95ffebc3cf,efd580c27dc320493da8b93d6a31ff95ffebc3cf,unchanged,original-963,p0,L6-verification-or-custody,source-en,docs/stages/p0/verification/p0-w16-version-build-metadata-baseline-verification.md,Complete evidence recorded; W16 closure claimed.,not-declared,,git-blob-only,factual-evidence-with-declared-scope,recorded-snapshot,P0-W16,routing responsibility; no named person asserted,docs/development/documentation-baseline.md;docs/development/stage-workflow.md,,not-applicable,,,phase1-conservative-routing-classified,pending,Codex,2026-09-28,No fresh runtime or retained-artifact verification in phase 1.
f5b23932e7d2036811b2f9e89a9b71c174e4f5b4,docs/stages/p0/verification/p0-w17-artifact-naming-baseline-verification.md,fff5fc3ad1ae8a310715fb33dda0415dd9271ce1,fff5fc3ad1ae8a310715fb33dda0415dd9271ce1,unchanged,original-963,p0,L6-verification-or-custody,source-en,docs/stages/p0/verification/p0-w17-artifact-naming-baseline-verification.md,Complete evidence recorded; W17 closure claimed.,not-declared,,git-blob-only,factual-evidence-with-declared-scope,recorded-snapshot,P0-W17,routing responsibility; no named person asserted,docs/development/documentation-baseline.md;docs/development/stage-workflow.md,,not-applicable,,,phase1-conservative-routing-classified,pending,Codex,2026-09-28,No fresh runtime or retained-artifact verification in phase 1.
f5b23932e7d2036811b2f9e89a9b71c174e4f5b4,docs/stages/p0/verification/p0-w18-dependency-governance-verification.md,091e45f920282a71555566f8db9026a230bb48a9,091e45f920282a71555566f8db9026a230bb48a9,unchanged,original-963,p0,L6-verification-or-custody,source-en,docs/stages/p0/verification/p0-w18-dependency-governance-verification.md,Complete evidence recorded; W18 closure claimed.,not-declared,,git-blob-only,factual-evidence-with-declared-scope,recorded-snapshot,P0-W18,routing responsibility; no named person asserted,docs/development/documentation-baseline.md;docs/development/stage-workflow.md,,not-applicable,,,phase1-conservative-routing-classified,pending,Codex,2026-09-28,No fresh runtime or retained-artifact verification in phase 1.
f5b23932e7d2036811b2f9e89a9b71c174e4f5b4,docs/stages/p0/verification/p0-w19-reproducible-development-workflow-verification.md,d60e87199ad4dde51b3d5cf9c20a356ed73bde79,d60e87199ad4dde51b3d5cf9c20a356ed73bde79,unchanged,original-963,p0,L6-verification-or-custody,source-en,docs/stages/p0/verification/p0-w19-reproducible-development-workflow-verification.md,Complete evidence recorded; W19 closure claimed.,not-declared,,git-blob-only,factual-evidence-with-declared-scope,recorded-snapshot,P0-W19,routing responsibility; no named person asserted,docs/development/documentation-baseline.md;docs/development/stage-workflow.md,,not-applicable,,,phase1-conservative-routing-classified,pending,Codex,2026-09-28,No fresh runtime or retained-artifact verification in phase 1.
f5b23932e7d2036811b2f9e89a9b71c174e4f5b4,docs/stages/p0/verification/p0-w20-ci-baseline-verification.md,373cf7b68ad808640553b3a7670ec6092a7a65f0,373cf7b68ad808640553b3a7670ec6092a7a65f0,unchanged,original-963,p0,L6-verification-or-custody,source-en,docs/stages/p0/verification/p0-w20-ci-baseline-verification.md,Complete evidence recorded; W20 closure claimed.,not-declared,,git-blob-only,factual-evidence-with-declared-scope,recorded-snapshot,P0-W20,routing responsibility; no named person asserted,docs/development/documentation-baseline.md;docs/development/stage-workflow.md,,not-applicable,,,phase1-conservative-routing-classified,pending,Codex,2026-09-28,No fresh runtime or retained-artifact verification in phase 1.
f5b23932e7d2036811b2f9e89a9b71c174e4f5b4,docs/stages/p0/verification/p0-w21-stage-plan-implementation-workflow-verification.md,0920d029396c447c1803cbf07bd43d8b2e4e12b3,0920d029396c447c1803cbf07bd43d8b2e4e12b3,unchanged,original-963,p0,L6-verification-or-custody,source-en,docs/stages/p0/verification/p0-w21-stage-plan-implementation-workflow-verification.md,Complete evidence recorded; W21 closure claimed.,not-declared,,git-blob-only,factual-evidence-with-declared-scope,recorded-snapshot,P0-W21,routing responsibility; no named person asserted,docs/development/documentation-baseline.md;docs/development/stage-workflow.md,,not-applicable,,,phase1-conservative-routing-classified,pending,Codex,2026-09-28,No fresh runtime or retained-artifact verification in phase 1.
f5b23932e7d2036811b2f9e89a9b71c174e4f5b4,docs/stages/p0/verification/p0-w22-stage-dependency-map-verification.md,2b8bf6f83591efa97cb00ab72ea4c786307ae12f,2b8bf6f83591efa97cb00ab72ea4c786307ae12f,unchanged,original-963,p0,L6-verification-or-custody,source-en,docs/stages/p0/verification/p0-w22-stage-dependency-map-verification.md,"Complete evidence recorded; W22 closure claimed — and with it, P0 stage closure per the completion report.",not-declared,,git-blob-only,factual-evidence-with-declared-scope,recorded-snapshot,P0-W22,routing responsibility; no named person asserted,docs/development/documentation-baseline.md;docs/development/stage-workflow.md,,not-applicable,,,phase1-conservative-routing-classified,pending,Codex,2026-09-28,No fresh runtime or retained-artifact verification in phase 1.
f5b23932e7d2036811b2f9e89a9b71c174e4f5b4,docs/stages/p1/README.md,71b79afe1757b757e31b7b8f26d06a95e62e3613,71b79afe1757b757e31b7b8f26d06a95e62e3613,unchanged,original-963,p1,stage-navigation,source-en,docs/stages/p1/README.md,P1 stage entry; completion is claimed only in the linked L7 report.,v0.2,v0.2.,header,routing-only,index,"P1 stage completion review, 2026-09-26.",docs/stages/p1/README.md#header,docs/development/documentation-baseline.md;docs/development/stage-workflow.md,,not-applicable,,,phase1-conservative-routing-classified,pending,Codex,2026-09-28,
f5b23932e7d2036811b2f9e89a9b71c174e4f5b4,docs/stages/p1/README.zh-CN.md,c48eee41b76fef0850b206ea9052b80ad8c0747a,c48eee41b76fef0850b206ea9052b80ad8c0747a,unchanged,original-963,p1,stage-navigation,translation-zh-CN,docs/stages/p1/README.md,P1 stage entry; completion is claimed only in the linked L7 report.,v0.2,v0.2.,header,translation-no-independent-authority / routing-only,index,"P1 stage completion review, 2026-09-26.",docs/stages/p1/README.md#header,docs/development/documentation-baseline.md;docs/development/stage-workflow.md;docs/stages/p1/README.md,,blob-current,71b79afe1757b757e31b7b8f26d06a95e62e3613,71b79afe1757b757e31b7b8f26d06a95e62e3613,phase1-conservative-routing-classified,pending,Codex,2026-09-28,Blob currency does not prove faithful semantic translation.
f5b23932e7d2036811b2f9e89a9b71c174e4f5b4,docs/stages/p1/contracts/README.md,6a0b2b177295903b09dcd7b751341e5c8f806e62,6a0b2b177295903b09dcd7b751341e5c8f806e62,unchanged,original-963,p1,stage-contract-or-evidence-map,source-en,docs/stages/p1/contracts/README.md,"Stage-local contract index; P1 completion decision is in the L7 report, not this index.\",v0.2,v0.2.\,header,stage-bounded-contract-see-L7,assembled-contract,"P1-W12 assembly and P1 L7 completion cross-link, 2026-09-26.\",docs/stages/p1/contracts/README.md#header,docs/development/documentation-baseline.md;docs/development/stage-workflow.md;docs/stages/p1/verification/p1-completion-report.md,,not-applicable,,,phase1-conservative-routing-classified,pending,Codex,2026-09-28,Proposed assembly wording retained; no enlargement of P1 completion scope.
f5b23932e7d2036811b2f9e89a9b71c174e4f5b4,docs/stages/p1/contracts/aarch64-boot-contract.md,cf2f05e5b7772d5960dbe43fe7dfa1667622ff9b,cf2f05e5b7772d5960dbe43fe7dfa1667622ff9b,unchanged,original-963,p1,stage-contract-or-evidence-map,source-en,docs/stages/p1/contracts/aarch64-boot-contract.md,Proposed assembly of the current W01/W02 boundaries; executed coverage is partial.\,v0.1,v0.1.\,header,stage-bounded-contract-see-L7,assembled-contract,"P1-W12 assembly of [W01's owning contract](../implementation/p1-w01-reference-boot-contract/01-boot-contract.md) and [implementation selection](../implementation/p1-w01-reference-boot-contract-record.md), 2026-09-25.\",docs/stages/p1/contracts/aarch64-boot-contract.md#header,docs/development/documentation-baseline.md;docs/development/stage-workflow.md;docs/stages/p1/verification/p1-completion-report.md,,not-applicable,,,phase1-conservative-routing-classified,pending,Codex,2026-09-28,Proposed assembly wording retained; no enlargement of P1 completion scope.
f5b23932e7d2036811b2f9e89a9b71c174e4f5b4,docs/stages/p1/contracts/el2-initialization-contract.md,b5044b91b9e11f7e89af5ef5a9c046ebe34d781e,b5044b91b9e11f7e89af5ef5a9c046ebe34d781e,unchanged,original-963,p1,stage-contract-or-evidence-map,source-en,docs/stages/p1/contracts/el2-initialization-contract.md,"Proposed W09 assembly; reference repetition and NC2–NC5 fault-phase evidence recorded, NC6 execution deferred to P6-V29 under ADR-061.\",v0.1,v0.1.\,header,stage-bounded-contract-see-L7,assembled-contract,"P1-W12 assembly of [W09's owning state machine](../implementation/p1-w09-initialization-sequencing/01-init-state-machine.md) and [record](../implementation/p1-w09-initialization-sequencing-record.md), 2026-09-25.\",docs/stages/p1/contracts/el2-initialization-contract.md#header,docs/development/documentation-baseline.md;docs/development/stage-workflow.md;docs/stages/p1/verification/p1-completion-report.md,,not-applicable,,,phase1-conservative-routing-classified,pending,Codex,2026-09-28,Proposed assembly wording retained; no enlargement of P1 completion scope.
f5b23932e7d2036811b2f9e89a9b71c174e4f5b4,docs/stages/p1/contracts/exception-diagnostics-contract.md,debc30fff5c7aa0becc05336ccb21f33d306334a,debc30fff5c7aa0becc05336ccb21f33d306334a,unchanged,original-963,p1,stage-contract-or-evidence-map,source-en,docs/stages/p1/contracts/exception-diagnostics-contract.md,"Proposed assembly of W05/W07/W09 boundaries; NC1–NC5 paired evidence recorded, NC6 execution transferred to P6-V29.\",v0.1,v0.1.\,header,stage-bounded-contract-see-L7,assembled-contract,"P1-W12 assembly of [W05](../implementation/p1-w05-el2-exception-entry-baseline-record.md), [W07](../implementation/p1-w07-fatal-crash-diagnostics-record.md) and [W09](../implementation/p1-w09-initialization-sequencing-record.md), 2026-09-25.\",docs/stages/p1/contracts/exception-diagnostics-contract.md#header,docs/development/documentation-baseline.md;docs/development/stage-workflow.md;docs/stages/p1/verification/p1-completion-report.md,,not-applicable,,,phase1-conservative-routing-classified,pending,Codex,2026-09-28,Proposed assembly wording retained; no enlargement of P1 completion scope.
f5b23932e7d2036811b2f9e89a9b71c174e4f5b4,docs/stages/p1/contracts/host-address-space.md,7986ceb02dea4b47f3db0906c927ae2ddc56c938,7986ceb02dea4b47f3db0906c927ae2ddc56c938,unchanged,original-963,p1,stage-contract-or-evidence-map,source-en,docs/stages/p1/contracts/host-address-space.md,Proposed assembly of the W08 mechanism boundary; reference-QEMU post-MMU NC5 evidence recorded.\,v0.1,v0.1.\,header,stage-bounded-contract-see-L7,assembled-contract,"P1-W12 assembly of [W08 mapping contract](../implementation/p1-w08-host-stage1-address-space/01-architecture-and-state.md), [activation record](../implementation/p1-w08-mmu-activation-record.md), 2026-09-25.\",docs/stages/p1/contracts/host-address-space.md#header,docs/development/documentation-baseline.md;docs/development/stage-workflow.md;docs/stages/p1/verification/p1-completion-report.md,,not-applicable,,,phase1-conservative-routing-classified,pending,Codex,2026-09-28,Proposed assembly wording retained; no enlargement of P1 completion scope.
f5b23932e7d2036811b2f9e89a9b71c174e4f5b4,docs/stages/p1/contracts/known-limitations.md,38b3b02532202c5c389aced863db19389c2089cc,38b3b02532202c5c389aced863db19389c2089cc,unchanged,original-963,p1,stage-contract-or-evidence-map,source-en,docs/stages/p1/contracts/known-limitations.md,Proposed current-state assembly; limitations are not closure claims.\,v0.2,v0.2.\,header,stage-bounded-contract-see-L7,assembled-contract,"P1-W12 consolidation of W01–W11 records and local artifact-custody update, 2026-09-26.\",docs/stages/p1/contracts/known-limitations.md#header,docs/development/documentation-baseline.md;docs/development/stage-workflow.md;docs/stages/p1/verification/p1-completion-report.md,,not-applicable,,,phase1-conservative-routing-classified,pending,Codex,2026-09-28,Proposed assembly wording retained; no enlargement of P1 completion scope.
f5b23932e7d2036811b2f9e89a9b71c174e4f5b4,docs/stages/p1/contracts/p2-handoff.md,0ba2cec2a62900957e20e7a23d0e00d8f2b46a51,0ba2cec2a62900957e20e7a23d0e00d8f2b46a51,unchanged,original-963,p1,stage-contract-or-evidence-map,source-en,docs/stages/p1/contracts/p2-handoff.md,"P1-to-P2 handoff contract; P1 completion is bounded by the L7 report, and P2 readiness is not claimed.\",v0.2,v0.2.\,header,stage-bounded-contract-see-L7,assembled-contract,"P1-W12 and P1 L7 completion review, following [P2 task-book inputs](../../p2/task-book-v0.1.md#2-inputs-constraints-and-state) and [plan index](../../p2/plans/README.md), 2026-09-26.\",docs/stages/p1/contracts/p2-handoff.md#header,docs/development/documentation-baseline.md;docs/development/stage-workflow.md;docs/stages/p1/verification/p1-completion-report.md,,not-applicable,,,phase1-conservative-routing-classified,pending,Codex,2026-09-28,Proposed assembly wording retained; no enlargement of P1 completion scope.
f5b23932e7d2036811b2f9e89a9b71c174e4f5b4,docs/stages/p1/contracts/reference-qemu-environment.md,14d52251aca60cd642c5e279e329312302dd0c4c,14d52251aca60cd642c5e279e329312302dd0c4c,unchanged,original-963,p1,stage-contract-or-evidence-map,source-en,docs/stages/p1/contracts/reference-qemu-environment.md,Proposed assembly; R1–R6 and 100-cycle reference evidence recorded.\,v0.2,v0.2.\,header,stage-bounded-contract-see-L7,assembled-contract,"P1-W12 assembly of [W01 selection](../implementation/p1-w01-reference-boot-contract-record.md), [W10 runner record](../implementation/p1-w10-qemu-boot-regression-record.md) and [runner design](../implementation/p1-w10-qemu-boot-regression/01-automation-contract.md), with artifact-custody update, 2026-09-26.\",docs/stages/p1/contracts/reference-qemu-environment.md#header,docs/development/documentation-baseline.md;docs/development/stage-workflow.md;docs/stages/p1/verification/p1-completion-report.md,,not-applicable,,,phase1-conservative-routing-classified,pending,Codex,2026-09-28,Proposed assembly wording retained; no enlargement of P1 completion scope.
f5b23932e7d2036811b2f9e89a9b71c174e4f5b4,docs/stages/p1/contracts/stage-gate-evidence-map.md,3f3b2fd022d6cf1cb48644f7cc3b66eb4bfc34dd,3f3b2fd022d6cf1cb48644f7cc3b66eb4bfc34dd,unchanged,original-963,p1,stage-contract-or-evidence-map,source-en,docs/stages/p1/contracts/stage-gate-evidence-map.md,Evidence-location map; L7 P1 completion decision is in the linked report.\,v0.3,v0.3.\,header,stage-bounded-contract-see-L7,assembled-contract,"P1-W12 review of the [amended task book](../task-book-v0.2.md) under [ADR-061](../../../adr/adr-061-defer-p1-asynchronous-vector-validation-to-p6.md), plus P1 L7 review, 2026-09-26.\",docs/stages/p1/contracts/stage-gate-evidence-map.md#header,docs/development/documentation-baseline.md;docs/development/stage-workflow.md;docs/stages/p1/verification/p1-completion-report.md,,not-applicable,,,phase1-conservative-routing-classified,pending,Codex,2026-09-28,Proposed assembly wording retained; no enlargement of P1 completion scope.
f5b23932e7d2036811b2f9e89a9b71c174e4f5b4,docs/stages/p1/implementation/README.md,f60764a676ab055207a763f531b11d37e716c37d,f60764a676ab055207a763f531b11d37e716c37d,unchanged,original-963,p1,stage-implementation-index,source-en,docs/stages/p1/implementation/README.md,"Index of P1 designs, implementation records and local verification; not a stage-completion claim.",not-declared,,git-blob-only,routing-and-factual-context,index,P1 stage maintainers,routing responsibility; no named person asserted,docs/development/documentation-baseline.md;docs/development/stage-workflow.md,,not-applicable,,,phase1-conservative-routing-classified,pending,Codex,2026-09-28,
f5b23932e7d2036811b2f9e89a9b71c174e4f5b4,docs/stages/p1/implementation/p1-w01-reference-boot-contract-record.md,c60b4cda45f69f3346f204bcf95d0690237b4357,c60b4cda45f69f3346f204bcf95d0690237b4357,unchanged,original-963,p1,L5-implementation-record,source-en,docs/stages/p1/implementation/p1-w01-reference-boot-contract-record.md,Implemented on branch `p1/w01-boot-contract`; verification evidence in [the verification record](../verification/p1-w01-reference-boot-contract-verification.md).,not-declared,,git-blob-only,factual-record-no-new-policy,recorded-snapshot,P1-W01,routing responsibility; no named person asserted,docs/development/documentation-baseline.md;docs/development/stage-workflow.md,,not-applicable,,,phase1-conservative-routing-classified,pending,Codex,2026-09-28,
f5b23932e7d2036811b2f9e89a9b71c174e4f5b4,docs/stages/p1/implementation/p1-w01-reference-boot-contract/01-boot-contract.md,97dc51309ba22a88d7d245b5d2f9c187a00bf903,97dc51309ba22a88d7d245b5d2f9c187a00bf903,unchanged,original-963,p1,L4-design-or-amendment,source-en,docs/stages/p1/implementation/p1-w01-reference-boot-contract/01-boot-contract.md,Proposed detailed design; implementation not claimed.,not-declared,,git-blob-only,conditional-design-approval-not-certified,proposed-design,P1-W01 implementation handoff.,docs/stages/p1/implementation/p1-w01-reference-boot-contract/README.md#header,docs/development/documentation-baseline.md;docs/development/stage-workflow.md;docs/stages/p1/implementation/p1-w01-reference-boot-contract/README.md;docs/stages/p1/implementation/README.md;docs/stages/p1/verification/p1-completion-report.md,,not-applicable,,,phase1-conservative-routing-classified,pending,Codex,2026-09-28,Completed-stage index does not independently approve this document; read amendments and approval provenance before new code.
f5b23932e7d2036811b2f9e89a9b71c174e4f5b4,docs/stages/p1/implementation/p1-w01-reference-boot-contract/02-entry-validation-contracts.md,fac18d7b409f8f9adefadbaefc6db7bab0d35f82,fac18d7b409f8f9adefadbaefc6db7bab0d35f82,unchanged,original-963,p1,L4-design-or-amendment,source-en,docs/stages/p1/implementation/p1-w01-reference-boot-contract/02-entry-validation-contracts.md,Proposed detailed design; implementation not claimed.,not-declared,,git-blob-only,conditional-design-approval-not-certified,proposed-design,P1-W01 implementation handoff.,docs/stages/p1/implementation/p1-w01-reference-boot-contract/README.md#header,docs/development/documentation-baseline.md;docs/development/stage-workflow.md;docs/stages/p1/implementation/p1-w01-reference-boot-contract/README.md;docs/stages/p1/implementation/README.md;docs/stages/p1/verification/p1-completion-report.md,,not-applicable,,,phase1-conservative-routing-classified,pending,Codex,2026-09-28,Completed-stage index does not independently approve this document; read amendments and approval provenance before new code.
f5b23932e7d2036811b2f9e89a9b71c174e4f5b4,docs/stages/p1/implementation/p1-w01-reference-boot-contract/03-implementation-and-review.md,b5c63f4491ba091babee1cf5184a3afb55d9a281,b5c63f4491ba091babee1cf5184a3afb55d9a281,unchanged,original-963,p1,L4-design-or-amendment,source-en,docs/stages/p1/implementation/p1-w01-reference-boot-contract/03-implementation-and-review.md,Proposed detailed design; implementation and validation are not claimed.,not-declared,,git-blob-only,conditional-design-approval-not-certified,proposed-design,P1-W01 implementation handoff.,docs/stages/p1/implementation/p1-w01-reference-boot-contract/README.md#header,docs/development/documentation-baseline.md;docs/development/stage-workflow.md;docs/stages/p1/implementation/p1-w01-reference-boot-contract/README.md;docs/stages/p1/implementation/README.md;docs/stages/p1/verification/p1-completion-report.md,,not-applicable,,,phase1-conservative-routing-classified,pending,Codex,2026-09-28,Completed-stage index does not independently approve this document; read amendments and approval provenance before new code.
f5b23932e7d2036811b2f9e89a9b71c174e4f5b4,docs/stages/p1/implementation/p1-w01-reference-boot-contract/README.md,501356646dc38d505d65fef3056983158043ae8e,501356646dc38d505d65fef3056983158043ae8e,unchanged,original-963,p1,L4-design-or-amendment,source-en,docs/stages/p1/implementation/p1-w01-reference-boot-contract/README.md,Proposed detailed design; implementation and validation are not claimed.,not-declared,,git-blob-only,conditional-design-approval-not-certified,proposed-design,P1-W01 implementation handoff.,docs/stages/p1/implementation/p1-w01-reference-boot-contract/README.md#header,docs/development/documentation-baseline.md;docs/development/stage-workflow.md;docs/stages/p1/implementation/p1-w01-reference-boot-contract/README.md;docs/stages/p1/implementation/README.md;docs/stages/p1/verification/p1-completion-report.md,,not-applicable,,,phase1-conservative-routing-classified,pending,Codex,2026-09-28,Completed-stage index does not independently approve this document; read amendments and approval provenance before new code.
f5b23932e7d2036811b2f9e89a9b71c174e4f5b4,docs/stages/p1/implementation/p1-w02-minimal-rust-el2-runtime-record.md,abf11c3df05e3718f9bfe7f84d7626c5e2414dbd,abf11c3df05e3718f9bfe7f84d7626c5e2414dbd,unchanged,original-963,p1,L5-implementation-record,source-en,docs/stages/p1/implementation/p1-w02-minimal-rust-el2-runtime-record.md,Implemented on branch `p1/w02-minimal-runtime`; verification evidence in [the verification record](../verification/p1-w02-minimal-rust-el2-runtime-verification.md).,not-declared,,git-blob-only,factual-record-no-new-policy,recorded-snapshot,P1-W02,routing responsibility; no named person asserted,docs/development/documentation-baseline.md;docs/development/stage-workflow.md,,not-applicable,,,phase1-conservative-routing-classified,pending,Codex,2026-09-28,
f5b23932e7d2036811b2f9e89a9b71c174e4f5b4,docs/stages/p1/implementation/p1-w02-minimal-rust-el2-runtime/01-architecture-and-state.md,d9c424a55a6214ce78c4bce97dd92dcf6e075a47,d9c424a55a6214ce78c4bce97dd92dcf6e075a47,unchanged,original-963,p1,L4-design-or-amendment,source-en,docs/stages/p1/implementation/p1-w02-minimal-rust-el2-runtime/01-architecture-and-state.md,Proposed detailed design; implementation not claimed.,not-declared,,git-blob-only,conditional-design-approval-not-certified,proposed-design,P1-W02 implementation handoff.,docs/stages/p1/implementation/p1-w02-minimal-rust-el2-runtime/README.md#header,docs/development/documentation-baseline.md;docs/development/stage-workflow.md;docs/stages/p1/implementation/p1-w02-minimal-rust-el2-runtime/README.md;docs/stages/p1/implementation/README.md;docs/stages/p1/verification/p1-completion-report.md,docs/stages/p1/implementation/p1-w02-minimal-rust-el2-runtime/06-controlled-idle-reconciliation.md,not-applicable,,,phase1-conservative-routing-classified,pending,Codex,2026-09-28,Completed-stage index does not independently approve this document; read amendments and approval provenance before new code.
f5b23932e7d2036811b2f9e89a9b71c174e4f5b4,docs/stages/p1/implementation/p1-w02-minimal-rust-el2-runtime/02-code-contracts-entry-assembly.md,32851807ea975ce52e498c266d31cbc1efbfd036,32851807ea975ce52e498c266d31cbc1efbfd036,unchanged,original-963,p1,L4-design-or-amendment,source-en,docs/stages/p1/implementation/p1-w02-minimal-rust-el2-runtime/02-code-contracts-entry-assembly.md,Proposed detailed design; implementation not claimed.,not-declared,,git-blob-only,conditional-design-approval-not-certified,proposed-design,P1-W02 implementation handoff.,docs/stages/p1/implementation/p1-w02-minimal-rust-el2-runtime/README.md#header,docs/development/documentation-baseline.md;docs/development/stage-workflow.md;docs/stages/p1/implementation/p1-w02-minimal-rust-el2-runtime/README.md;docs/stages/p1/implementation/README.md;docs/stages/p1/verification/p1-completion-report.md,docs/stages/p1/implementation/p1-w02-minimal-rust-el2-runtime/06-controlled-idle-reconciliation.md,not-applicable,,,phase1-conservative-routing-classified,pending,Codex,2026-09-28,Completed-stage index does not independently approve this document; read amendments and approval provenance before new code.
f5b23932e7d2036811b2f9e89a9b71c174e4f5b4,docs/stages/p1/implementation/p1-w02-minimal-rust-el2-runtime/03-code-contracts-rust-runtime.md,a3261f540dab778905f843e93dafaf5dfb822b3f,a3261f540dab778905f843e93dafaf5dfb822b3f,unchanged,original-963,p1,L4-design-or-amendment,source-en,docs/stages/p1/implementation/p1-w02-minimal-rust-el2-runtime/03-code-contracts-rust-runtime.md,Proposed detailed design; implementation not claimed.,not-declared,,git-blob-only,conditional-design-approval-not-certified,proposed-design,P1-W02 implementation handoff.,docs/stages/p1/implementation/p1-w02-minimal-rust-el2-runtime/README.md#header,docs/development/documentation-baseline.md;docs/development/stage-workflow.md;docs/stages/p1/implementation/p1-w02-minimal-rust-el2-runtime/README.md;docs/stages/p1/implementation/README.md;docs/stages/p1/verification/p1-completion-report.md,docs/stages/p1/implementation/p1-w02-minimal-rust-el2-runtime/06-controlled-idle-reconciliation.md,not-applicable,,,phase1-conservative-routing-classified,pending,Codex,2026-09-28,Completed-stage index does not independently approve this document; read amendments and approval provenance before new code.
f5b23932e7d2036811b2f9e89a9b71c174e4f5b4,docs/stages/p1/implementation/p1-w02-minimal-rust-el2-runtime/04-code-contracts-panic-identity.md,1cad4f602d9036d5cb8fcbce034ebc1e9dd22b2a,1cad4f602d9036d5cb8fcbce034ebc1e9dd22b2a,unchanged,original-963,p1,L4-design-or-amendment,source-en,docs/stages/p1/implementation/p1-w02-minimal-rust-el2-runtime/04-code-contracts-panic-identity.md,Proposed detailed design; implementation not claimed.,not-declared,,git-blob-only,conditional-design-approval-not-certified,proposed-design,P1-W02 implementation handoff.,docs/stages/p1/implementation/p1-w02-minimal-rust-el2-runtime/README.md#header,docs/development/documentation-baseline.md;docs/development/stage-workflow.md;docs/stages/p1/implementation/p1-w02-minimal-rust-el2-runtime/README.md;docs/stages/p1/implementation/README.md;docs/stages/p1/verification/p1-completion-report.md,docs/stages/p1/implementation/p1-w02-minimal-rust-el2-runtime/06-controlled-idle-reconciliation.md,not-applicable,,,phase1-conservative-routing-classified,pending,Codex,2026-09-28,Completed-stage index does not independently approve this document; read amendments and approval provenance before new code.
f5b23932e7d2036811b2f9e89a9b71c174e4f5b4,docs/stages/p1/implementation/p1-w02-minimal-rust-el2-runtime/05-implementation-and-review.md,d0372ca6c1816a560fa208adbf31bca565714a78,d0372ca6c1816a560fa208adbf31bca565714a78,unchanged,original-963,p1,L4-design-or-amendment,source-en,docs/stages/p1/implementation/p1-w02-minimal-rust-el2-runtime/05-implementation-and-review.md,Proposed detailed design; implementation and validation are not claimed.,not-declared,,git-blob-only,conditional-design-approval-not-certified,proposed-design,P1-W02 implementation handoff.,docs/stages/p1/implementation/p1-w02-minimal-rust-el2-runtime/README.md#header,docs/development/documentation-baseline.md;docs/development/stage-workflow.md;docs/stages/p1/implementation/p1-w02-minimal-rust-el2-runtime/README.md;docs/stages/p1/implementation/README.md;docs/stages/p1/verification/p1-completion-report.md,docs/stages/p1/implementation/p1-w02-minimal-rust-el2-runtime/06-controlled-idle-reconciliation.md,not-applicable,,,phase1-conservative-routing-classified,pending,Codex,2026-09-28,Completed-stage index does not independently approve this document; read amendments and approval provenance before new code.
f5b23932e7d2036811b2f9e89a9b71c174e4f5b4,docs/stages/p1/implementation/p1-w02-minimal-rust-el2-runtime/06-controlled-idle-reconciliation.md,104250b0058e7820cf181252be611ece75962665,104250b0058e7820cf181252be611ece75962665,unchanged,original-963,p1,L4-design-or-amendment,source-en,docs/stages/p1/implementation/p1-w02-minimal-rust-el2-runtime/06-controlled-idle-reconciliation.md,Proposed detailed-design correction; implementation and validation are recorded separately.,v0.1,v0.1,header,conditional-design-approval-not-certified,proposed-design,"P1-W02/W09 integration, 2026-09-25.",docs/stages/p1/implementation/p1-w02-minimal-rust-el2-runtime/06-controlled-idle-reconciliation.md#header,docs/development/documentation-baseline.md;docs/development/stage-workflow.md;docs/stages/p1/implementation/p1-w02-minimal-rust-el2-runtime/README.md;docs/stages/p1/implementation/README.md;docs/stages/p1/verification/p1-completion-report.md,docs/stages/p1/implementation/p1-w02-minimal-rust-el2-runtime/06-controlled-idle-reconciliation.md,not-applicable,,,phase1-conservative-routing-classified,pending,Codex,2026-09-28,Completed-stage index does not independently approve this document; read amendments and approval provenance before new code.
f5b23932e7d2036811b2f9e89a9b71c174e4f5b4,docs/stages/p1/implementation/p1-w02-minimal-rust-el2-runtime/README.md,6aa460d3bcccb3b5e2b4d7cb2da75b7211d31642,6aa460d3bcccb3b5e2b4d7cb2da75b7211d31642,unchanged,original-963,p1,L4-design-or-amendment,source-en,docs/stages/p1/implementation/p1-w02-minimal-rust-el2-runtime/README.md,Proposed detailed design; implementation and validation are not claimed.,not-declared,,git-blob-only,conditional-design-approval-not-certified,proposed-design,P1-W02 implementation handoff.,docs/stages/p1/implementation/p1-w02-minimal-rust-el2-runtime/README.md#header,docs/development/documentation-baseline.md;docs/development/stage-workflow.md;docs/stages/p1/implementation/p1-w02-minimal-rust-el2-runtime/README.md;docs/stages/p1/implementation/README.md;docs/stages/p1/verification/p1-completion-report.md,docs/stages/p1/implementation/p1-w02-minimal-rust-el2-runtime/06-controlled-idle-reconciliation.md,not-applicable,,,phase1-conservative-routing-classified,pending,Codex,2026-09-28,Completed-stage index does not independently approve this document; read amendments and approval provenance before new code.
f5b23932e7d2036811b2f9e89a9b71c174e4f5b4,docs/stages/p1/implementation/p1-w03-aarch64-capability-inventory-record.md,1f630cf1791987f1b0b2001ea51f2d285f218614,1f630cf1791987f1b0b2001ea51f2d285f218614,unchanged,original-963,p1,L5-implementation-record,source-en,docs/stages/p1/implementation/p1-w03-aarch64-capability-inventory-record.md,Implemented mechanism and host validation; runtime integration pending W09.,not-declared,,git-blob-only,factual-record-no-new-policy,recorded-snapshot,"P1-W03, 2026-09-24, base a05fca6.",docs/stages/p1/implementation/p1-w03-aarch64-capability-inventory-record.md#header,docs/development/documentation-baseline.md;docs/development/stage-workflow.md,,not-applicable,,,phase1-conservative-routing-classified,pending,Codex,2026-09-28,
f5b23932e7d2036811b2f9e89a9b71c174e4f5b4,docs/stages/p1/implementation/p1-w03-aarch64-capability-inventory/01-architecture-and-state.md,d555f760c9bbaf5a186fb613f29d8dd8f718ebce,d555f760c9bbaf5a186fb613f29d8dd8f718ebce,unchanged,original-963,p1,L4-design-or-amendment,source-en,docs/stages/p1/implementation/p1-w03-aarch64-capability-inventory/01-architecture-and-state.md,Proposed detailed design; implementation not claimed.,not-declared,,git-blob-only,conditional-design-approval-not-certified,proposed-design,P1-W03 implementation handoff.,docs/stages/p1/implementation/p1-w03-aarch64-capability-inventory/README.md#header,docs/development/documentation-baseline.md;docs/development/stage-workflow.md;docs/stages/p1/implementation/p1-w03-aarch64-capability-inventory/README.md;docs/stages/p1/implementation/README.md;docs/stages/p1/verification/p1-completion-report.md,docs/stages/p1/implementation/p1-w03-aarch64-capability-inventory/05-implementation-reconciliation.md,not-applicable,,,phase1-conservative-routing-classified,pending,Codex,2026-09-28,Completed-stage index does not independently approve this document; read amendments and approval provenance before new code.
f5b23932e7d2036811b2f9e89a9b71c174e4f5b4,docs/stages/p1/implementation/p1-w03-aarch64-capability-inventory/02-code-contracts-fact-extraction.md,a897c1b055b6967eb28d205ee0363b34a503024e,a897c1b055b6967eb28d205ee0363b34a503024e,unchanged,original-963,p1,L4-design-or-amendment,source-en,docs/stages/p1/implementation/p1-w03-aarch64-capability-inventory/02-code-contracts-fact-extraction.md,Proposed detailed design; implementation not claimed.,not-declared,,git-blob-only,conditional-design-approval-not-certified,proposed-design,P1-W03 implementation handoff.,docs/stages/p1/implementation/p1-w03-aarch64-capability-inventory/README.md#header,docs/development/documentation-baseline.md;docs/development/stage-workflow.md;docs/stages/p1/implementation/p1-w03-aarch64-capability-inventory/README.md;docs/stages/p1/implementation/README.md;docs/stages/p1/verification/p1-completion-report.md,docs/stages/p1/implementation/p1-w03-aarch64-capability-inventory/05-implementation-reconciliation.md,not-applicable,,,phase1-conservative-routing-classified,pending,Codex,2026-09-28,Completed-stage index does not independently approve this document; read amendments and approval provenance before new code.
f5b23932e7d2036811b2f9e89a9b71c174e4f5b4,docs/stages/p1/implementation/p1-w03-aarch64-capability-inventory/03-code-contracts-classification-and-report.md,b140ebd8a49adab5a3e4f6b1c7d55060f9e3caf9,b140ebd8a49adab5a3e4f6b1c7d55060f9e3caf9,unchanged,original-963,p1,L4-design-or-amendment,source-en,docs/stages/p1/implementation/p1-w03-aarch64-capability-inventory/03-code-contracts-classification-and-report.md,Proposed detailed design; implementation not claimed.,not-declared,,git-blob-only,conditional-design-approval-not-certified,proposed-design,P1-W03 implementation handoff.,docs/stages/p1/implementation/p1-w03-aarch64-capability-inventory/README.md#header,docs/development/documentation-baseline.md;docs/development/stage-workflow.md;docs/stages/p1/implementation/p1-w03-aarch64-capability-inventory/README.md;docs/stages/p1/implementation/README.md;docs/stages/p1/verification/p1-completion-report.md,docs/stages/p1/implementation/p1-w03-aarch64-capability-inventory/05-implementation-reconciliation.md,not-applicable,,,phase1-conservative-routing-classified,pending,Codex,2026-09-28,Completed-stage index does not independently approve this document; read amendments and approval provenance before new code.
f5b23932e7d2036811b2f9e89a9b71c174e4f5b4,docs/stages/p1/implementation/p1-w03-aarch64-capability-inventory/04-implementation-and-review.md,2fbdbdc2f73d57cdcc7cf7aee9cab1402d6e3ea6,2fbdbdc2f73d57cdcc7cf7aee9cab1402d6e3ea6,unchanged,original-963,p1,L4-design-or-amendment,source-en,docs/stages/p1/implementation/p1-w03-aarch64-capability-inventory/04-implementation-and-review.md,Proposed detailed design; implementation and validation are not claimed.,not-declared,,git-blob-only,conditional-design-approval-not-certified,proposed-design,P1-W03 implementation handoff.,docs/stages/p1/implementation/p1-w03-aarch64-capability-inventory/README.md#header,docs/development/documentation-baseline.md;docs/development/stage-workflow.md;docs/stages/p1/implementation/p1-w03-aarch64-capability-inventory/README.md;docs/stages/p1/implementation/README.md;docs/stages/p1/verification/p1-completion-report.md,docs/stages/p1/implementation/p1-w03-aarch64-capability-inventory/05-implementation-reconciliation.md,not-applicable,,,phase1-conservative-routing-classified,pending,Codex,2026-09-28,Completed-stage index does not independently approve this document; read amendments and approval provenance before new code.
f5b23932e7d2036811b2f9e89a9b71c174e4f5b4,docs/stages/p1/implementation/p1-w03-aarch64-capability-inventory/05-implementation-reconciliation.md,10994dfbf521eae4430ffde71b81ee1e2da27cec,10994dfbf521eae4430ffde71b81ee1e2da27cec,unchanged,original-963,p1,L4-design-or-amendment,source-en,docs/stages/p1/implementation/p1-w03-aarch64-capability-inventory/05-implementation-reconciliation.md,Detailed-design amendment for P1 implementation; no validation claim.,not-declared,,git-blob-only,conditional-design-approval-not-certified,amended-or-selected-design,"W03 current-state audit, 2026-09-24.",docs/stages/p1/implementation/p1-w03-aarch64-capability-inventory/05-implementation-reconciliation.md#header,docs/development/documentation-baseline.md;docs/development/stage-workflow.md;docs/stages/p1/implementation/p1-w03-aarch64-capability-inventory/README.md;docs/stages/p1/implementation/README.md;docs/stages/p1/verification/p1-completion-report.md,docs/stages/p1/implementation/p1-w03-aarch64-capability-inventory/05-implementation-reconciliation.md,not-applicable,,,phase1-conservative-routing-classified,pending,Codex,2026-09-28,Completed-stage index does not independently approve this document; read amendments and approval provenance before new code.
f5b23932e7d2036811b2f9e89a9b71c174e4f5b4,docs/stages/p1/implementation/p1-w03-aarch64-capability-inventory/README.md,00591bda63082bc084ce35015330a9dc31863813,00591bda63082bc084ce35015330a9dc31863813,unchanged,original-963,p1,L4-design-or-amendment,source-en,docs/stages/p1/implementation/p1-w03-aarch64-capability-inventory/README.md,Proposed detailed design; implementation and validation are not claimed.,not-declared,,git-blob-only,conditional-design-approval-not-certified,proposed-design,P1-W03 implementation handoff.,docs/stages/p1/implementation/p1-w03-aarch64-capability-inventory/README.md#header,docs/development/documentation-baseline.md;docs/development/stage-workflow.md;docs/stages/p1/implementation/p1-w03-aarch64-capability-inventory/README.md;docs/stages/p1/implementation/README.md;docs/stages/p1/verification/p1-completion-report.md,docs/stages/p1/implementation/p1-w03-aarch64-capability-inventory/05-implementation-reconciliation.md,not-applicable,,,phase1-conservative-routing-classified,pending,Codex,2026-09-28,Completed-stage index does not independently approve this document; read amendments and approval provenance before new code.
f5b23932e7d2036811b2f9e89a9b71c174e4f5b4,docs/stages/p1/implementation/p1-w04-el2-architectural-state-baseline-record.md,47e7476147d28657b8aa8571bab8f5dd55ba630c,47e7476147d28657b8aa8571bab8f5dd55ba630c,unchanged,original-963,p1,L5-implementation-record,source-en,docs/stages/p1/implementation/p1-w04-el2-architectural-state-baseline-record.md,Mechanism implemented; W09 integration and runtime evidence pending.,v0.1,v0.1,header,factual-record-no-new-policy,recorded-snapshot,"P1-W04, 2026-09-25.",docs/stages/p1/implementation/p1-w04-el2-architectural-state-baseline-record.md#header,docs/development/documentation-baseline.md;docs/development/stage-workflow.md,,not-applicable,,,phase1-conservative-routing-classified,pending,Codex,2026-09-28,
f5b23932e7d2036811b2f9e89a9b71c174e4f5b4,docs/stages/p1/implementation/p1-w04-el2-architectural-state-baseline/00-preflight-amendment.md,a37e4315280d41ae7a720e615c032a81469fa73f,a37e4315280d41ae7a720e615c032a81469fa73f,unchanged,original-963,p1,L4-design-or-amendment,source-en,docs/stages/p1/implementation/p1-w04-el2-architectural-state-baseline/00-preflight-amendment.md,Proposed detailed design; implementation not claimed.,v0.2,v0.2,header,conditional-design-approval-not-certified,proposed-design,"P1 preflight, 2026-09-24.",docs/stages/p1/implementation/p1-w04-el2-architectural-state-baseline/00-preflight-amendment.md#header,docs/development/documentation-baseline.md;docs/development/stage-workflow.md;docs/stages/p1/implementation/p1-w04-el2-architectural-state-baseline/README.md;docs/stages/p1/implementation/README.md;docs/stages/p1/verification/p1-completion-report.md,docs/stages/p1/implementation/p1-w04-el2-architectural-state-baseline/00-preflight-amendment.md,not-applicable,,,phase1-conservative-routing-classified,pending,Codex,2026-09-28,Completed-stage index does not independently approve this document; read amendments and approval provenance before new code.
f5b23932e7d2036811b2f9e89a9b71c174e4f5b4,docs/stages/p1/implementation/p1-w04-el2-architectural-state-baseline/01-architecture-and-state.md,55fa5e75c2d93012237cf1e303802d9ae1f82219,55fa5e75c2d93012237cf1e303802d9ae1f82219,unchanged,original-963,p1,L4-design-or-amendment,source-en,docs/stages/p1/implementation/p1-w04-el2-architectural-state-baseline/01-architecture-and-state.md,Proposed detailed design; implementation not claimed.,not-declared,,git-blob-only,conditional-design-approval-not-certified,proposed-design,P1-W04 implementation handoff.,docs/stages/p1/implementation/p1-w04-el2-architectural-state-baseline/README.md#header,docs/development/documentation-baseline.md;docs/development/stage-workflow.md;docs/stages/p1/implementation/p1-w04-el2-architectural-state-baseline/README.md;docs/stages/p1/implementation/README.md;docs/stages/p1/verification/p1-completion-report.md,docs/stages/p1/implementation/p1-w04-el2-architectural-state-baseline/00-preflight-amendment.md,not-applicable,,,phase1-conservative-routing-classified,pending,Codex,2026-09-28,Completed-stage index does not independently approve this document; read amendments and approval provenance before new code.
f5b23932e7d2036811b2f9e89a9b71c174e4f5b4,docs/stages/p1/implementation/p1-w04-el2-architectural-state-baseline/02-code-contracts-control-writes.md,7dd4b88699381516a940b803db407f2a94e973cc,7dd4b88699381516a940b803db407f2a94e973cc,unchanged,original-963,p1,L4-design-or-amendment,source-en,docs/stages/p1/implementation/p1-w04-el2-architectural-state-baseline/02-code-contracts-control-writes.md,Proposed detailed design; implementation not claimed.,not-declared,,git-blob-only,conditional-design-approval-not-certified,proposed-design,P1-W04 implementation handoff.,docs/stages/p1/implementation/p1-w04-el2-architectural-state-baseline/README.md#header,docs/development/documentation-baseline.md;docs/development/stage-workflow.md;docs/stages/p1/implementation/p1-w04-el2-architectural-state-baseline/README.md;docs/stages/p1/implementation/README.md;docs/stages/p1/verification/p1-completion-report.md,docs/stages/p1/implementation/p1-w04-el2-architectural-state-baseline/00-preflight-amendment.md,not-applicable,,,phase1-conservative-routing-classified,pending,Codex,2026-09-28,Completed-stage index does not independently approve this document; read amendments and approval provenance before new code.
f5b23932e7d2036811b2f9e89a9b71c174e4f5b4,docs/stages/p1/implementation/p1-w04-el2-architectural-state-baseline/03-code-contracts-readback-and-declaration.md,94556350c92854012c7ac459df587c2899654d79,94556350c92854012c7ac459df587c2899654d79,unchanged,original-963,p1,L4-design-or-amendment,source-en,docs/stages/p1/implementation/p1-w04-el2-architectural-state-baseline/03-code-contracts-readback-and-declaration.md,Proposed detailed design; implementation not claimed.,not-declared,,git-blob-only,conditional-design-approval-not-certified,proposed-design,P1-W04 implementation handoff.,docs/stages/p1/implementation/p1-w04-el2-architectural-state-baseline/README.md#header,docs/development/documentation-baseline.md;docs/development/stage-workflow.md;docs/stages/p1/implementation/p1-w04-el2-architectural-state-baseline/README.md;docs/stages/p1/implementation/README.md;docs/stages/p1/verification/p1-completion-report.md,docs/stages/p1/implementation/p1-w04-el2-architectural-state-baseline/00-preflight-amendment.md,not-applicable,,,phase1-conservative-routing-classified,pending,Codex,2026-09-28,Completed-stage index does not independently approve this document; read amendments and approval provenance before new code.
f5b23932e7d2036811b2f9e89a9b71c174e4f5b4,docs/stages/p1/implementation/p1-w04-el2-architectural-state-baseline/04-implementation-and-review.md,9c146ae5ac869eb76a28f15fa8844bff7f1bde0b,9c146ae5ac869eb76a28f15fa8844bff7f1bde0b,unchanged,original-963,p1,L4-design-or-amendment,source-en,docs/stages/p1/implementation/p1-w04-el2-architectural-state-baseline/04-implementation-and-review.md,Proposed detailed design; implementation and validation are not claimed.,not-declared,,git-blob-only,conditional-design-approval-not-certified,proposed-design,P1-W04 implementation handoff.,docs/stages/p1/implementation/p1-w04-el2-architectural-state-baseline/README.md#header,docs/development/documentation-baseline.md;docs/development/stage-workflow.md;docs/stages/p1/implementation/p1-w04-el2-architectural-state-baseline/README.md;docs/stages/p1/implementation/README.md;docs/stages/p1/verification/p1-completion-report.md,docs/stages/p1/implementation/p1-w04-el2-architectural-state-baseline/00-preflight-amendment.md,not-applicable,,,phase1-conservative-routing-classified,pending,Codex,2026-09-28,Completed-stage index does not independently approve this document; read amendments and approval provenance before new code.
f5b23932e7d2036811b2f9e89a9b71c174e4f5b4,docs/stages/p1/implementation/p1-w04-el2-architectural-state-baseline/README.md,d5eb7d129aa5ae92c5d258f986581706fb86108f,d5eb7d129aa5ae92c5d258f986581706fb86108f,unchanged,original-963,p1,L4-design-or-amendment,source-en,docs/stages/p1/implementation/p1-w04-el2-architectural-state-baseline/README.md,Proposed detailed design; implementation and validation are not claimed.,not-declared,,git-blob-only,conditional-design-approval-not-certified,proposed-design,P1-W04 implementation handoff.,docs/stages/p1/implementation/p1-w04-el2-architectural-state-baseline/README.md#header,docs/development/documentation-baseline.md;docs/development/stage-workflow.md;docs/stages/p1/implementation/p1-w04-el2-architectural-state-baseline/README.md;docs/stages/p1/implementation/README.md;docs/stages/p1/verification/p1-completion-report.md,docs/stages/p1/implementation/p1-w04-el2-architectural-state-baseline/00-preflight-amendment.md,not-applicable,,,phase1-conservative-routing-classified,pending,Codex,2026-09-28,Completed-stage index does not independently approve this document; read amendments and approval provenance before new code.
f5b23932e7d2036811b2f9e89a9b71c174e4f5b4,docs/stages/p1/implementation/p1-w05-el2-exception-entry-baseline-record.md,e07d6de632e4ad889ced04d0c962061a0e1dc101,e07d6de632e4ad889ced04d0c962061a0e1dc101,unchanged,original-963,p1,L5-implementation-record,source-en,docs/stages/p1/implementation/p1-w05-el2-exception-entry-baseline-record.md,Mechanism implemented; W07/W09 integration and executed fault evidence pending.,v0.1,v0.1,header,factual-record-no-new-policy,recorded-snapshot,"P1-W05, 2026-09-25.",docs/stages/p1/implementation/p1-w05-el2-exception-entry-baseline-record.md#header,docs/development/documentation-baseline.md;docs/development/stage-workflow.md,,not-applicable,,,phase1-conservative-routing-classified,pending,Codex,2026-09-28,
f5b23932e7d2036811b2f9e89a9b71c174e4f5b4,docs/stages/p1/implementation/p1-w05-el2-exception-entry-baseline/00-preflight-amendment.md,6ab872dcc2b687db952c0e3d42bd3dd554251126,6ab872dcc2b687db952c0e3d42bd3dd554251126,unchanged,original-963,p1,L4-design-or-amendment,source-en,docs/stages/p1/implementation/p1-w05-el2-exception-entry-baseline/00-preflight-amendment.md,Proposed detailed design; implementation not claimed.,v0.2,v0.2,header,conditional-design-approval-not-certified,proposed-design,"P1 preflight, 2026-09-24.",docs/stages/p1/implementation/p1-w05-el2-exception-entry-baseline/00-preflight-amendment.md#header,docs/development/documentation-baseline.md;docs/development/stage-workflow.md;docs/stages/p1/implementation/p1-w05-el2-exception-entry-baseline/README.md;docs/stages/p1/implementation/README.md;docs/stages/p1/verification/p1-completion-report.md,docs/stages/p1/implementation/p1-w05-el2-exception-entry-baseline/00-preflight-amendment.md;docs/stages/p1/implementation/p1-w05-el2-exception-entry-baseline/06-implementation-reconciliation.md,not-applicable,,,phase1-conservative-routing-classified,pending,Codex,2026-09-28,Completed-stage index does not independently approve this document; read amendments and approval provenance before new code.
f5b23932e7d2036811b2f9e89a9b71c174e4f5b4,docs/stages/p1/implementation/p1-w05-el2-exception-entry-baseline/01-architecture-and-state.md,86adc1217ab4090e662933f7f35ad81670822f8a,86adc1217ab4090e662933f7f35ad81670822f8a,unchanged,original-963,p1,L4-design-or-amendment,source-en,docs/stages/p1/implementation/p1-w05-el2-exception-entry-baseline/01-architecture-and-state.md,Proposed detailed design; implementation not claimed.,not-declared,,git-blob-only,conditional-design-approval-not-certified,proposed-design,P1-W05 implementation handoff.,docs/stages/p1/implementation/p1-w05-el2-exception-entry-baseline/README.md#header,docs/development/documentation-baseline.md;docs/development/stage-workflow.md;docs/stages/p1/implementation/p1-w05-el2-exception-entry-baseline/README.md;docs/stages/p1/implementation/README.md;docs/stages/p1/verification/p1-completion-report.md,docs/stages/p1/implementation/p1-w05-el2-exception-entry-baseline/00-preflight-amendment.md;docs/stages/p1/implementation/p1-w05-el2-exception-entry-baseline/06-implementation-reconciliation.md,not-applicable,,,phase1-conservative-routing-classified,pending,Codex,2026-09-28,Completed-stage index does not independently approve this document; read amendments and approval provenance before new code.
f5b23932e7d2036811b2f9e89a9b71c174e4f5b4,docs/stages/p1/implementation/p1-w05-el2-exception-entry-baseline/02-code-contracts-vector-install.md,c6ee11359c59d14933bb554aff5726ba78fcaec9,c6ee11359c59d14933bb554aff5726ba78fcaec9,unchanged,original-963,p1,L4-design-or-amendment,source-en,docs/stages/p1/implementation/p1-w05-el2-exception-entry-baseline/02-code-contracts-vector-install.md,Proposed detailed design; implementation not claimed.,not-declared,,git-blob-only,conditional-design-approval-not-certified,proposed-design,P1-W05 implementation handoff.,docs/stages/p1/implementation/p1-w05-el2-exception-entry-baseline/README.md#header,docs/development/documentation-baseline.md;docs/development/stage-workflow.md;docs/stages/p1/implementation/p1-w05-el2-exception-entry-baseline/README.md;docs/stages/p1/implementation/README.md;docs/stages/p1/verification/p1-completion-report.md,docs/stages/p1/implementation/p1-w05-el2-exception-entry-baseline/00-preflight-amendment.md;docs/stages/p1/implementation/p1-w05-el2-exception-entry-baseline/06-implementation-reconciliation.md,not-applicable,,,phase1-conservative-routing-classified,pending,Codex,2026-09-28,Completed-stage index does not independently approve this document; read amendments and approval provenance before new code.
f5b23932e7d2036811b2f9e89a9b71c174e4f5b4,docs/stages/p1/implementation/p1-w05-el2-exception-entry-baseline/03-code-contracts-entry-capture.md,9aedffd4cd248c9cd8c841b02a66b6a088e0dee4,9aedffd4cd248c9cd8c841b02a66b6a088e0dee4,unchanged,original-963,p1,L4-design-or-amendment,source-en,docs/stages/p1/implementation/p1-w05-el2-exception-entry-baseline/03-code-contracts-entry-capture.md,Proposed detailed design; implementation not claimed.,not-declared,,git-blob-only,conditional-design-approval-not-certified,proposed-design,P1-W05 implementation handoff.,docs/stages/p1/implementation/p1-w05-el2-exception-entry-baseline/README.md#header,docs/development/documentation-baseline.md;docs/development/stage-workflow.md;docs/stages/p1/implementation/p1-w05-el2-exception-entry-baseline/README.md;docs/stages/p1/implementation/README.md;docs/stages/p1/verification/p1-completion-report.md,docs/stages/p1/implementation/p1-w05-el2-exception-entry-baseline/00-preflight-amendment.md;docs/stages/p1/implementation/p1-w05-el2-exception-entry-baseline/06-implementation-reconciliation.md,not-applicable,,,phase1-conservative-routing-classified,pending,Codex,2026-09-28,Completed-stage index does not independently approve this document; read amendments and approval provenance before new code.
f5b23932e7d2036811b2f9e89a9b71c174e4f5b4,docs/stages/p1/implementation/p1-w05-el2-exception-entry-baseline/04-code-contracts-classification-routing.md,b5cb480b58ae0b0b68be55521957d9e50239b084,b5cb480b58ae0b0b68be55521957d9e50239b084,unchanged,original-963,p1,L4-design-or-amendment,source-en,docs/stages/p1/implementation/p1-w05-el2-exception-entry-baseline/04-code-contracts-classification-routing.md,Proposed detailed design; implementation not claimed.,not-declared,,git-blob-only,conditional-design-approval-not-certified,proposed-design,P1-W05 implementation handoff.,docs/stages/p1/implementation/p1-w05-el2-exception-entry-baseline/README.md#header,docs/development/documentation-baseline.md;docs/development/stage-workflow.md;docs/stages/p1/implementation/p1-w05-el2-exception-entry-baseline/README.md;docs/stages/p1/implementation/README.md;docs/stages/p1/verification/p1-completion-report.md,docs/stages/p1/implementation/p1-w05-el2-exception-entry-baseline/00-preflight-amendment.md;docs/stages/p1/implementation/p1-w05-el2-exception-entry-baseline/06-implementation-reconciliation.md,not-applicable,,,phase1-conservative-routing-classified,pending,Codex,2026-09-28,Completed-stage index does not independently approve this document; read amendments and approval provenance before new code.
f5b23932e7d2036811b2f9e89a9b71c174e4f5b4,docs/stages/p1/implementation/p1-w05-el2-exception-entry-baseline/05-implementation-and-review.md,cd41f69eea19d49f8e16711d154854e59ca9f840,cd41f69eea19d49f8e16711d154854e59ca9f840,unchanged,original-963,p1,L4-design-or-amendment,source-en,docs/stages/p1/implementation/p1-w05-el2-exception-entry-baseline/05-implementation-and-review.md,Proposed detailed design; implementation and validation are not claimed.,not-declared,,git-blob-only,conditional-design-approval-not-certified,proposed-design,P1-W05 implementation handoff.,docs/stages/p1/implementation/p1-w05-el2-exception-entry-baseline/README.md#header,docs/development/documentation-baseline.md;docs/development/stage-workflow.md;docs/stages/p1/implementation/p1-w05-el2-exception-entry-baseline/README.md;docs/stages/p1/implementation/README.md;docs/stages/p1/verification/p1-completion-report.md,docs/stages/p1/implementation/p1-w05-el2-exception-entry-baseline/00-preflight-amendment.md;docs/stages/p1/implementation/p1-w05-el2-exception-entry-baseline/06-implementation-reconciliation.md,not-applicable,,,phase1-conservative-routing-classified,pending,Codex,2026-09-28,Completed-stage index does not independently approve this document; read amendments and approval provenance before new code.
f5b23932e7d2036811b2f9e89a9b71c174e4f5b4,docs/stages/p1/implementation/p1-w05-el2-exception-entry-baseline/06-implementation-reconciliation.md,6d8ea6597deee720ed6cc332deac1ec1e1a85f65,6d8ea6597deee720ed6cc332deac1ec1e1a85f65,unchanged,original-963,p1,L4-design-or-amendment,source-en,docs/stages/p1/implementation/p1-w05-el2-exception-entry-baseline/06-implementation-reconciliation.md,Detailed-design amendment; implementation and validation not claimed.,v0.3,v0.3,header,conditional-design-approval-not-certified,amended-or-selected-design,"W05 current-state audit, 2026-09-25.",docs/stages/p1/implementation/p1-w05-el2-exception-entry-baseline/06-implementation-reconciliation.md#header,docs/development/documentation-baseline.md;docs/development/stage-workflow.md;docs/stages/p1/implementation/p1-w05-el2-exception-entry-baseline/README.md;docs/stages/p1/implementation/README.md;docs/stages/p1/verification/p1-completion-report.md,docs/stages/p1/implementation/p1-w05-el2-exception-entry-baseline/00-preflight-amendment.md;docs/stages/p1/implementation/p1-w05-el2-exception-entry-baseline/06-implementation-reconciliation.md,not-applicable,,,phase1-conservative-routing-classified,pending,Codex,2026-09-28,Completed-stage index does not independently approve this document; read amendments and approval provenance before new code.
f5b23932e7d2036811b2f9e89a9b71c174e4f5b4,docs/stages/p1/implementation/p1-w05-el2-exception-entry-baseline/README.md,5d64ce2c4d629a420af5516f8d8d1b52879fec6c,5d64ce2c4d629a420af5516f8d8d1b52879fec6c,unchanged,original-963,p1,L4-design-or-amendment,source-en,docs/stages/p1/implementation/p1-w05-el2-exception-entry-baseline/README.md,Proposed detailed design; implementation and validation are not claimed.,not-declared,,git-blob-only,conditional-design-approval-not-certified,proposed-design,P1-W05 implementation handoff.,docs/stages/p1/implementation/p1-w05-el2-exception-entry-baseline/README.md#header,docs/development/documentation-baseline.md;docs/development/stage-workflow.md;docs/stages/p1/implementation/p1-w05-el2-exception-entry-baseline/README.md;docs/stages/p1/implementation/README.md;docs/stages/p1/verification/p1-completion-report.md,docs/stages/p1/implementation/p1-w05-el2-exception-entry-baseline/00-preflight-amendment.md;docs/stages/p1/implementation/p1-w05-el2-exception-entry-baseline/06-implementation-reconciliation.md,not-applicable,,,phase1-conservative-routing-classified,pending,Codex,2026-09-28,Completed-stage index does not independently approve this document; read amendments and approval provenance before new code.
f5b23932e7d2036811b2f9e89a9b71c174e4f5b4,docs/stages/p1/implementation/p1-w06-early-console-logging-record.md,279eb58475efcaa74e2a7de7e3315b0ca36cf0b8,279eb58475efcaa74e2a7de7e3315b0ca36cf0b8,unchanged,original-963,p1,L5-implementation-record,source-en,docs/stages/p1/implementation/p1-w06-early-console-logging-record.md,Mechanism implemented on `p1/w06-early-console`; W09 integration and W10/W11 execution pending.,not-declared,,git-blob-only,factual-record-no-new-policy,recorded-snapshot,P1-W06,routing responsibility; no named person asserted,docs/development/documentation-baseline.md;docs/development/stage-workflow.md,,not-applicable,,,phase1-conservative-routing-classified,pending,Codex,2026-09-28,
f5b23932e7d2036811b2f9e89a9b71c174e4f5b4,docs/stages/p1/implementation/p1-w06-early-console-logging/01-architecture-and-state.md,304a35305d1c2776b7b6b2be85dc54326d1e6f53,304a35305d1c2776b7b6b2be85dc54326d1e6f53,unchanged,original-963,p1,L4-design-or-amendment,source-en,docs/stages/p1/implementation/p1-w06-early-console-logging/01-architecture-and-state.md,Proposed detailed design; implementation not claimed.,not-declared,,git-blob-only,conditional-design-approval-not-certified,proposed-design,P1-W06 implementation handoff.,docs/stages/p1/implementation/p1-w06-early-console-logging/README.md#header,docs/development/documentation-baseline.md;docs/development/stage-workflow.md;docs/stages/p1/implementation/p1-w06-early-console-logging/README.md;docs/stages/p1/implementation/README.md;docs/stages/p1/verification/p1-completion-report.md,docs/stages/p1/implementation/p1-w06-early-console-logging/05-implementation-reconciliation.md,not-applicable,,,phase1-conservative-routing-classified,pending,Codex,2026-09-28,Completed-stage index does not independently approve this document; read amendments and approval provenance before new code.
f5b23932e7d2036811b2f9e89a9b71c174e4f5b4,docs/stages/p1/implementation/p1-w06-early-console-logging/02-code-contracts-channel.md,55b2b5ae60867e9a00de32272efd767d292deb51,55b2b5ae60867e9a00de32272efd767d292deb51,unchanged,original-963,p1,L4-design-or-amendment,source-en,docs/stages/p1/implementation/p1-w06-early-console-logging/02-code-contracts-channel.md,Proposed detailed design; implementation not claimed.,not-declared,,git-blob-only,conditional-design-approval-not-certified,proposed-design,P1-W06 implementation handoff.,docs/stages/p1/implementation/p1-w06-early-console-logging/README.md#header,docs/development/documentation-baseline.md;docs/development/stage-workflow.md;docs/stages/p1/implementation/p1-w06-early-console-logging/README.md;docs/stages/p1/implementation/README.md;docs/stages/p1/verification/p1-completion-report.md,docs/stages/p1/implementation/p1-w06-early-console-logging/05-implementation-reconciliation.md,not-applicable,,,phase1-conservative-routing-classified,pending,Codex,2026-09-28,Completed-stage index does not independently approve this document; read amendments and approval provenance before new code.
f5b23932e7d2036811b2f9e89a9b71c174e4f5b4,docs/stages/p1/implementation/p1-w06-early-console-logging/03-code-contracts-integration.md,1edb2bd1579cb9fd64ee6f0ab09badd7b1428137,1edb2bd1579cb9fd64ee6f0ab09badd7b1428137,unchanged,original-963,p1,L4-design-or-amendment,source-en,docs/stages/p1/implementation/p1-w06-early-console-logging/03-code-contracts-integration.md,Proposed detailed design; implementation not claimed.,not-declared,,git-blob-only,conditional-design-approval-not-certified,proposed-design,P1-W06 implementation handoff.,docs/stages/p1/implementation/p1-w06-early-console-logging/README.md#header,docs/development/documentation-baseline.md;docs/development/stage-workflow.md;docs/stages/p1/implementation/p1-w06-early-console-logging/README.md;docs/stages/p1/implementation/README.md;docs/stages/p1/verification/p1-completion-report.md,docs/stages/p1/implementation/p1-w06-early-console-logging/05-implementation-reconciliation.md,not-applicable,,,phase1-conservative-routing-classified,pending,Codex,2026-09-28,Completed-stage index does not independently approve this document; read amendments and approval provenance before new code.
f5b23932e7d2036811b2f9e89a9b71c174e4f5b4,docs/stages/p1/implementation/p1-w06-early-console-logging/04-implementation-and-review.md,72437d2e7e97834ab2ccf4ce4ab8ee816096046c,72437d2e7e97834ab2ccf4ce4ab8ee816096046c,unchanged,original-963,p1,L4-design-or-amendment,source-en,docs/stages/p1/implementation/p1-w06-early-console-logging/04-implementation-and-review.md,Proposed detailed design; implementation and validation are not claimed.,not-declared,,git-blob-only,conditional-design-approval-not-certified,proposed-design,P1-W06 implementation handoff.,docs/stages/p1/implementation/p1-w06-early-console-logging/README.md#header,docs/development/documentation-baseline.md;docs/development/stage-workflow.md;docs/stages/p1/implementation/p1-w06-early-console-logging/README.md;docs/stages/p1/implementation/README.md;docs/stages/p1/verification/p1-completion-report.md,docs/stages/p1/implementation/p1-w06-early-console-logging/05-implementation-reconciliation.md,not-applicable,,,phase1-conservative-routing-classified,pending,Codex,2026-09-28,Completed-stage index does not independently approve this document; read amendments and approval provenance before new code.
f5b23932e7d2036811b2f9e89a9b71c174e4f5b4,docs/stages/p1/implementation/p1-w06-early-console-logging/05-implementation-reconciliation.md,2534ab849978cd03d231cc56c5fe914d823a5938,2534ab849978cd03d231cc56c5fe914d823a5938,unchanged,original-963,p1,L4-design-or-amendment,source-en,docs/stages/p1/implementation/p1-w06-early-console-logging/05-implementation-reconciliation.md,Proposed detailed-design amendment; no validation claim.,v0.2,v0.2,header,conditional-design-approval-not-certified,proposed-design,"P1-W06 current-state audit, 2026-09-25.",docs/stages/p1/implementation/p1-w06-early-console-logging/05-implementation-reconciliation.md#header,docs/development/documentation-baseline.md;docs/development/stage-workflow.md;docs/stages/p1/implementation/p1-w06-early-console-logging/README.md;docs/stages/p1/implementation/README.md;docs/stages/p1/verification/p1-completion-report.md,docs/stages/p1/implementation/p1-w06-early-console-logging/05-implementation-reconciliation.md,not-applicable,,,phase1-conservative-routing-classified,pending,Codex,2026-09-28,Completed-stage index does not independently approve this document; read amendments and approval provenance before new code.
f5b23932e7d2036811b2f9e89a9b71c174e4f5b4,docs/stages/p1/implementation/p1-w06-early-console-logging/README.md,d55c4cb83eb2df861f4f4f8d80eb5ba468612c1b,d55c4cb83eb2df861f4f4f8d80eb5ba468612c1b,unchanged,original-963,p1,L4-design-or-amendment,source-en,docs/stages/p1/implementation/p1-w06-early-console-logging/README.md,Proposed detailed design; implementation and validation are not claimed.,not-declared,,git-blob-only,conditional-design-approval-not-certified,proposed-design,P1-W06 implementation handoff.,docs/stages/p1/implementation/p1-w06-early-console-logging/README.md#header,docs/development/documentation-baseline.md;docs/development/stage-workflow.md;docs/stages/p1/implementation/p1-w06-early-console-logging/README.md;docs/stages/p1/implementation/README.md;docs/stages/p1/verification/p1-completion-report.md,docs/stages/p1/implementation/p1-w06-early-console-logging/05-implementation-reconciliation.md,not-applicable,,,phase1-conservative-routing-classified,pending,Codex,2026-09-28,Completed-stage index does not independently approve this document; read amendments and approval provenance before new code.
f5b23932e7d2036811b2f9e89a9b71c174e4f5b4,docs/stages/p1/implementation/p1-w07-fatal-crash-diagnostics-record.md,adbbf034c734fdb97ff71a927b3a6d87be8afce4,adbbf034c734fdb97ff71a927b3a6d87be8afce4,unchanged,original-963,p1,L5-implementation-record,source-en,docs/stages/p1/implementation/p1-w07-fatal-crash-diagnostics-record.md,Mechanism linked and target-built; integrated fault evidence pending.,v0.1,v0.1,header,factual-record-no-new-policy,recorded-snapshot,"P1-W07, 2026-09-25.",docs/stages/p1/implementation/p1-w07-fatal-crash-diagnostics-record.md#header,docs/development/documentation-baseline.md;docs/development/stage-workflow.md,,not-applicable,,,phase1-conservative-routing-classified,pending,Codex,2026-09-28,
f5b23932e7d2036811b2f9e89a9b71c174e4f5b4,docs/stages/p1/implementation/p1-w07-fatal-crash-diagnostics/00-implementation-reconciliation.md,9826c0ff9a47ba0b2a9b48db9957506305548145,9826c0ff9a47ba0b2a9b48db9957506305548145,unchanged,original-963,p1,L4-design-or-amendment,source-en,docs/stages/p1/implementation/p1-w07-fatal-crash-diagnostics/00-implementation-reconciliation.md,Proposed detailed-design correction; no execution claim.,v0.1,v0.1.,header,conditional-design-approval-not-certified,proposed-design,"P1-W07 coding preflight, 2026-09-25.",docs/stages/p1/implementation/p1-w07-fatal-crash-diagnostics/00-implementation-reconciliation.md#header,docs/development/documentation-baseline.md;docs/development/stage-workflow.md;docs/stages/p1/implementation/p1-w07-fatal-crash-diagnostics/README.md;docs/stages/p1/implementation/README.md;docs/stages/p1/verification/p1-completion-report.md,docs/stages/p1/implementation/p1-w07-fatal-crash-diagnostics/00-implementation-reconciliation.md,not-applicable,,,phase1-conservative-routing-classified,pending,Codex,2026-09-28,Completed-stage index does not independently approve this document; read amendments and approval provenance before new code.
f5b23932e7d2036811b2f9e89a9b71c174e4f5b4,docs/stages/p1/implementation/p1-w07-fatal-crash-diagnostics/01-architecture-and-state.md,4d520b6b73c0e3b2316c19735104c4cca4131c89,4d520b6b73c0e3b2316c19735104c4cca4131c89,unchanged,original-963,p1,L4-design-or-amendment,source-en,docs/stages/p1/implementation/p1-w07-fatal-crash-diagnostics/01-architecture-and-state.md,Proposed detailed design; implementation not claimed.,not-declared,,git-blob-only,conditional-design-approval-not-certified,proposed-design,P1-W07 implementation handoff.,docs/stages/p1/implementation/p1-w07-fatal-crash-diagnostics/README.md#header,docs/development/documentation-baseline.md;docs/development/stage-workflow.md;docs/stages/p1/implementation/p1-w07-fatal-crash-diagnostics/README.md;docs/stages/p1/implementation/README.md;docs/stages/p1/verification/p1-completion-report.md,docs/stages/p1/implementation/p1-w07-fatal-crash-diagnostics/00-implementation-reconciliation.md,not-applicable,,,phase1-conservative-routing-classified,pending,Codex,2026-09-28,Completed-stage index does not independently approve this document; read amendments and approval provenance before new code.
f5b23932e7d2036811b2f9e89a9b71c174e4f5b4,docs/stages/p1/implementation/p1-w07-fatal-crash-diagnostics/02-code-contracts-report-model.md,ac9ce81595962c648d358d95e609a8816fa56090,ac9ce81595962c648d358d95e609a8816fa56090,unchanged,original-963,p1,L4-design-or-amendment,source-en,docs/stages/p1/implementation/p1-w07-fatal-crash-diagnostics/02-code-contracts-report-model.md,Proposed detailed design; implementation not claimed.,not-declared,,git-blob-only,conditional-design-approval-not-certified,proposed-design,P1-W07 implementation handoff.,docs/stages/p1/implementation/p1-w07-fatal-crash-diagnostics/README.md#header,docs/development/documentation-baseline.md;docs/development/stage-workflow.md;docs/stages/p1/implementation/p1-w07-fatal-crash-diagnostics/README.md;docs/stages/p1/implementation/README.md;docs/stages/p1/verification/p1-completion-report.md,docs/stages/p1/implementation/p1-w07-fatal-crash-diagnostics/00-implementation-reconciliation.md,not-applicable,,,phase1-conservative-routing-classified,pending,Codex,2026-09-28,Completed-stage index does not independently approve this document; read amendments and approval provenance before new code.
f5b23932e7d2036811b2f9e89a9b71c174e4f5b4,docs/stages/p1/implementation/p1-w07-fatal-crash-diagnostics/03-code-contracts-fatal-path.md,cb1c1a95d261ecf2340a9945160f901af088cde3,cb1c1a95d261ecf2340a9945160f901af088cde3,unchanged,original-963,p1,L4-design-or-amendment,source-en,docs/stages/p1/implementation/p1-w07-fatal-crash-diagnostics/03-code-contracts-fatal-path.md,Proposed detailed design; implementation not claimed.,not-declared,,git-blob-only,conditional-design-approval-not-certified,proposed-design,P1-W07 implementation handoff.,docs/stages/p1/implementation/p1-w07-fatal-crash-diagnostics/README.md#header,docs/development/documentation-baseline.md;docs/development/stage-workflow.md;docs/stages/p1/implementation/p1-w07-fatal-crash-diagnostics/README.md;docs/stages/p1/implementation/README.md;docs/stages/p1/verification/p1-completion-report.md,docs/stages/p1/implementation/p1-w07-fatal-crash-diagnostics/00-implementation-reconciliation.md,not-applicable,,,phase1-conservative-routing-classified,pending,Codex,2026-09-28,Completed-stage index does not independently approve this document; read amendments and approval provenance before new code.
f5b23932e7d2036811b2f9e89a9b71c174e4f5b4,docs/stages/p1/implementation/p1-w07-fatal-crash-diagnostics/04-implementation-and-review.md,7985eeb664289855a02aadc7f37bdb1f3d8209ad,7985eeb664289855a02aadc7f37bdb1f3d8209ad,unchanged,original-963,p1,L4-design-or-amendment,source-en,docs/stages/p1/implementation/p1-w07-fatal-crash-diagnostics/04-implementation-and-review.md,Proposed detailed design; implementation and validation are not claimed.,not-declared,,git-blob-only,conditional-design-approval-not-certified,proposed-design,P1-W07 implementation handoff.,docs/stages/p1/implementation/p1-w07-fatal-crash-diagnostics/README.md#header,docs/development/documentation-baseline.md;docs/development/stage-workflow.md;docs/stages/p1/implementation/p1-w07-fatal-crash-diagnostics/README.md;docs/stages/p1/implementation/README.md;docs/stages/p1/verification/p1-completion-report.md,docs/stages/p1/implementation/p1-w07-fatal-crash-diagnostics/00-implementation-reconciliation.md,not-applicable,,,phase1-conservative-routing-classified,pending,Codex,2026-09-28,Completed-stage index does not independently approve this document; read amendments and approval provenance before new code.
f5b23932e7d2036811b2f9e89a9b71c174e4f5b4,docs/stages/p1/implementation/p1-w07-fatal-crash-diagnostics/README.md,957c124ebce27100284d1cff3d283d1b41185c34,957c124ebce27100284d1cff3d283d1b41185c34,unchanged,original-963,p1,L4-design-or-amendment,source-en,docs/stages/p1/implementation/p1-w07-fatal-crash-diagnostics/README.md,Proposed detailed design; implementation and validation are not claimed.,not-declared,,git-blob-only,conditional-design-approval-not-certified,proposed-design,P1-W07 implementation handoff.,docs/stages/p1/implementation/p1-w07-fatal-crash-diagnostics/README.md#header,docs/development/documentation-baseline.md;docs/development/stage-workflow.md;docs/stages/p1/implementation/p1-w07-fatal-crash-diagnostics/README.md;docs/stages/p1/implementation/README.md;docs/stages/p1/verification/p1-completion-report.md,docs/stages/p1/implementation/p1-w07-fatal-crash-diagnostics/00-implementation-reconciliation.md,not-applicable,,,phase1-conservative-routing-classified,pending,Codex,2026-09-28,Completed-stage index does not independently approve this document; read amendments and approval provenance before new code.
f5b23932e7d2036811b2f9e89a9b71c174e4f5b4,docs/stages/p1/implementation/p1-w08-host-stage1-address-space/00-preflight-amendment.md,ce7d14bf2eb05648f006f6763fc82dfd4bf899a3,ce7d14bf2eb05648f006f6763fc82dfd4bf899a3,unchanged,original-963,p1,L4-design-or-amendment,source-en,docs/stages/p1/implementation/p1-w08-host-stage1-address-space/00-preflight-amendment.md,Proposed detailed design; implementation not claimed.,v0.2,v0.2,header,conditional-design-approval-not-certified,proposed-design,"P1 preflight, 2026-09-24.",docs/stages/p1/implementation/p1-w08-host-stage1-address-space/00-preflight-amendment.md#header,docs/development/documentation-baseline.md;docs/development/stage-workflow.md;docs/stages/p1/implementation/p1-w08-host-stage1-address-space/README.md;docs/stages/p1/implementation/README.md;docs/stages/p1/verification/p1-completion-report.md,docs/stages/p1/implementation/p1-w08-host-stage1-address-space/00-preflight-amendment.md;docs/stages/p1/implementation/p1-w08-host-stage1-address-space/05-failure-seam-reconciliation.md;docs/stages/p1/implementation/p1-w08-host-stage1-address-space/06-activation-reconciliation.md,not-applicable,,,phase1-conservative-routing-classified,pending,Codex,2026-09-28,Completed-stage index does not independently approve this document; read amendments and approval provenance before new code.
f5b23932e7d2036811b2f9e89a9b71c174e4f5b4,docs/stages/p1/implementation/p1-w08-host-stage1-address-space/01-architecture-and-state.md,f679747ce72a75300ebae4de527c8c87cdeeeb6d,f679747ce72a75300ebae4de527c8c87cdeeeb6d,unchanged,original-963,p1,L4-design-or-amendment,source-en,docs/stages/p1/implementation/p1-w08-host-stage1-address-space/01-architecture-and-state.md,Proposed detailed design; implementation not claimed.,not-declared,,git-blob-only,conditional-design-approval-not-certified,proposed-design,P1-W08 implementation handoff.,docs/stages/p1/implementation/p1-w08-host-stage1-address-space/README.md#header,docs/development/documentation-baseline.md;docs/development/stage-workflow.md;docs/stages/p1/implementation/p1-w08-host-stage1-address-space/README.md;docs/stages/p1/implementation/README.md;docs/stages/p1/verification/p1-completion-report.md,docs/stages/p1/implementation/p1-w08-host-stage1-address-space/00-preflight-amendment.md;docs/stages/p1/implementation/p1-w08-host-stage1-address-space/05-failure-seam-reconciliation.md;docs/stages/p1/implementation/p1-w08-host-stage1-address-space/06-activation-reconciliation.md,not-applicable,,,phase1-conservative-routing-classified,pending,Codex,2026-09-28,Completed-stage index does not independently approve this document; read amendments and approval provenance before new code.
f5b23932e7d2036811b2f9e89a9b71c174e4f5b4,docs/stages/p1/implementation/p1-w08-host-stage1-address-space/02-code-contracts-address-types-and-tables.md,53f4abca9b84c175d8518357d45664d31ea9ff4c,53f4abca9b84c175d8518357d45664d31ea9ff4c,unchanged,original-963,p1,L4-design-or-amendment,source-en,docs/stages/p1/implementation/p1-w08-host-stage1-address-space/02-code-contracts-address-types-and-tables.md,Proposed detailed design; implementation not claimed.,not-declared,,git-blob-only,conditional-design-approval-not-certified,proposed-design,P1-W08 implementation handoff.,docs/stages/p1/implementation/p1-w08-host-stage1-address-space/README.md#header,docs/development/documentation-baseline.md;docs/development/stage-workflow.md;docs/stages/p1/implementation/p1-w08-host-stage1-address-space/README.md;docs/stages/p1/implementation/README.md;docs/stages/p1/verification/p1-completion-report.md,docs/stages/p1/implementation/p1-w08-host-stage1-address-space/00-preflight-amendment.md;docs/stages/p1/implementation/p1-w08-host-stage1-address-space/05-failure-seam-reconciliation.md;docs/stages/p1/implementation/p1-w08-host-stage1-address-space/06-activation-reconciliation.md,not-applicable,,,phase1-conservative-routing-classified,pending,Codex,2026-09-28,Completed-stage index does not independently approve this document; read amendments and approval provenance before new code.
f5b23932e7d2036811b2f9e89a9b71c174e4f5b4,docs/stages/p1/implementation/p1-w08-host-stage1-address-space/03-code-contracts-mapping-and-transition.md,f3b8fc7e9e0e7174cb65509b342dd9c00f057c4f,f3b8fc7e9e0e7174cb65509b342dd9c00f057c4f,unchanged,original-963,p1,L4-design-or-amendment,source-en,docs/stages/p1/implementation/p1-w08-host-stage1-address-space/03-code-contracts-mapping-and-transition.md,Proposed detailed design; implementation not claimed.,not-declared,,git-blob-only,conditional-design-approval-not-certified,proposed-design,P1-W08 implementation handoff.,docs/stages/p1/implementation/p1-w08-host-stage1-address-space/README.md#header,docs/development/documentation-baseline.md;docs/development/stage-workflow.md;docs/stages/p1/implementation/p1-w08-host-stage1-address-space/README.md;docs/stages/p1/implementation/README.md;docs/stages/p1/verification/p1-completion-report.md,docs/stages/p1/implementation/p1-w08-host-stage1-address-space/00-preflight-amendment.md;docs/stages/p1/implementation/p1-w08-host-stage1-address-space/05-failure-seam-reconciliation.md;docs/stages/p1/implementation/p1-w08-host-stage1-address-space/06-activation-reconciliation.md,not-applicable,,,phase1-conservative-routing-classified,pending,Codex,2026-09-28,Completed-stage index does not independently approve this document; read amendments and approval provenance before new code.
f5b23932e7d2036811b2f9e89a9b71c174e4f5b4,docs/stages/p1/implementation/p1-w08-host-stage1-address-space/04-implementation-and-review.md,245fd391cd4fc70532e5db2e3ef678b7c219fd54,245fd391cd4fc70532e5db2e3ef678b7c219fd54,unchanged,original-963,p1,L4-design-or-amendment,source-en,docs/stages/p1/implementation/p1-w08-host-stage1-address-space/04-implementation-and-review.md,Proposed detailed design; implementation and validation are not claimed.,not-declared,,git-blob-only,conditional-design-approval-not-certified,proposed-design,P1-W08 implementation handoff.,docs/stages/p1/implementation/p1-w08-host-stage1-address-space/README.md#header,docs/development/documentation-baseline.md;docs/development/stage-workflow.md;docs/stages/p1/implementation/p1-w08-host-stage1-address-space/README.md;docs/stages/p1/implementation/README.md;docs/stages/p1/verification/p1-completion-report.md,docs/stages/p1/implementation/p1-w08-host-stage1-address-space/00-preflight-amendment.md;docs/stages/p1/implementation/p1-w08-host-stage1-address-space/05-failure-seam-reconciliation.md;docs/stages/p1/implementation/p1-w08-host-stage1-address-space/06-activation-reconciliation.md,not-applicable,,,phase1-conservative-routing-classified,pending,Codex,2026-09-28,Completed-stage index does not independently approve this document; read amendments and approval provenance before new code.
f5b23932e7d2036811b2f9e89a9b71c174e4f5b4,docs/stages/p1/implementation/p1-w08-host-stage1-address-space/05-failure-seam-reconciliation.md,d9e3142a73efe92d65013be9ae965a4ff01405a8,d9e3142a73efe92d65013be9ae965a4ff01405a8,unchanged,original-963,p1,L4-design-or-amendment,source-en,docs/stages/p1/implementation/p1-w08-host-stage1-address-space/05-failure-seam-reconciliation.md,Proposed detailed-design correction; no implementation or validation claim.,v0.1,v0.1,header,conditional-design-approval-not-certified,proposed-design,"P1-W08/W09 integration preflight, 2026-09-25.",docs/stages/p1/implementation/p1-w08-host-stage1-address-space/05-failure-seam-reconciliation.md#header,docs/development/documentation-baseline.md;docs/development/stage-workflow.md;docs/stages/p1/implementation/p1-w08-host-stage1-address-space/README.md;docs/stages/p1/implementation/README.md;docs/stages/p1/verification/p1-completion-report.md,docs/stages/p1/implementation/p1-w08-host-stage1-address-space/00-preflight-amendment.md;docs/stages/p1/implementation/p1-w08-host-stage1-address-space/05-failure-seam-reconciliation.md;docs/stages/p1/implementation/p1-w08-host-stage1-address-space/06-activation-reconciliation.md,not-applicable,,,phase1-conservative-routing-classified,pending,Codex,2026-09-28,Completed-stage index does not independently approve this document; read amendments and approval provenance before new code.
f5b23932e7d2036811b2f9e89a9b71c174e4f5b4,docs/stages/p1/implementation/p1-w08-host-stage1-address-space/06-activation-reconciliation.md,f75bd9179b0aa87f8603eb5738b8c8f14a57c021,f75bd9179b0aa87f8603eb5738b8c8f14a57c021,unchanged,original-963,p1,L4-design-or-amendment,source-en,docs/stages/p1/implementation/p1-w08-host-stage1-address-space/06-activation-reconciliation.md,Proposed detailed-design correction; implementation and validation are recorded separately.,v0.1,v0.1,header,conditional-design-approval-not-certified,proposed-design,"P1-W08 activation preflight, 2026-09-25.",docs/stages/p1/implementation/p1-w08-host-stage1-address-space/06-activation-reconciliation.md#header,docs/development/documentation-baseline.md;docs/development/stage-workflow.md;docs/stages/p1/implementation/p1-w08-host-stage1-address-space/README.md;docs/stages/p1/implementation/README.md;docs/stages/p1/verification/p1-completion-report.md,docs/stages/p1/implementation/p1-w08-host-stage1-address-space/00-preflight-amendment.md;docs/stages/p1/implementation/p1-w08-host-stage1-address-space/05-failure-seam-reconciliation.md;docs/stages/p1/implementation/p1-w08-host-stage1-address-space/06-activation-reconciliation.md,not-applicable,,,phase1-conservative-routing-classified,pending,Codex,2026-09-28,Completed-stage index does not independently approve this document; read amendments and approval provenance before new code.
f5b23932e7d2036811b2f9e89a9b71c174e4f5b4,docs/stages/p1/implementation/p1-w08-host-stage1-address-space/README.md,6dd797b9621d77b251e41bfc50ede4722b7dcc62,6dd797b9621d77b251e41bfc50ede4722b7dcc62,unchanged,original-963,p1,L4-design-or-amendment,source-en,docs/stages/p1/implementation/p1-w08-host-stage1-address-space/README.md,Proposed detailed design; implementation and validation are not claimed.,not-declared,,git-blob-only,conditional-design-approval-not-certified,proposed-design,P1-W08 implementation handoff.,docs/stages/p1/implementation/p1-w08-host-stage1-address-space/README.md#header,docs/development/documentation-baseline.md;docs/development/stage-workflow.md;docs/stages/p1/implementation/p1-w08-host-stage1-address-space/README.md;docs/stages/p1/implementation/README.md;docs/stages/p1/verification/p1-completion-report.md,docs/stages/p1/implementation/p1-w08-host-stage1-address-space/00-preflight-amendment.md;docs/stages/p1/implementation/p1-w08-host-stage1-address-space/05-failure-seam-reconciliation.md;docs/stages/p1/implementation/p1-w08-host-stage1-address-space/06-activation-reconciliation.md,not-applicable,,,phase1-conservative-routing-classified,pending,Codex,2026-09-28,Completed-stage index does not independently approve this document; read amendments and approval provenance before new code.
f5b23932e7d2036811b2f9e89a9b71c174e4f5b4,docs/stages/p1/implementation/p1-w08-mmu-activation-record.md,00ece39c4cfe004ff600e424581dcafd49c84286,00ece39c4cfe004ff600e424581dcafd49c84286,unchanged,original-963,p1,L5-implementation-record,source-en,docs/stages/p1/implementation/p1-w08-mmu-activation-record.md,"Mechanism target-built in this checkpoint; a later W09 integration boot is recorded in [verification](../verification/p1-w08-mmu-activation-verification.md), with post-MMU fault evidence still pending.",v0.1,v0.1,header,factual-record-no-new-policy,recorded-snapshot,"P1-W08 activation mechanism, 2026-09-25.",docs/stages/p1/implementation/p1-w08-mmu-activation-record.md#header,docs/development/documentation-baseline.md;docs/development/stage-workflow.md,,not-applicable,,,phase1-conservative-routing-classified,pending,Codex,2026-09-28,
f5b23932e7d2036811b2f9e89a9b71c174e4f5b4,docs/stages/p1/implementation/p1-w08-page-layout-record.md,b202c73d0b51b4e26b81ea58072f2f3d5f4f818d,b202c73d0b51b4e26b81ea58072f2f3d5f4f818d,unchanged,original-963,p1,L5-implementation-record,source-en,docs/stages/p1/implementation/p1-w08-page-layout-record.md,Linker/layout foundation; Stage-1 activation not implemented.,v0.1,v0.1,header,factual-record-no-new-policy,recorded-snapshot,"P1-W08 linker foundation, 2026-09-25.",docs/stages/p1/implementation/p1-w08-page-layout-record.md#header,docs/development/documentation-baseline.md;docs/development/stage-workflow.md,,not-applicable,,,phase1-conservative-routing-classified,pending,Codex,2026-09-28,
f5b23932e7d2036811b2f9e89a9b71c174e4f5b4,docs/stages/p1/implementation/p1-w08-stage1-foundation-record.md,7e0fe99df54771b6e2f78ed1fe74a0b922682b49,7e0fe99df54771b6e2f78ed1fe74a0b922682b49,unchanged,original-963,p1,L5-implementation-record,source-en,docs/stages/p1/implementation/p1-w08-stage1-foundation-record.md,Pure table/address foundation only; MMU transition not implemented.,v0.1,v0.1,header,factual-record-no-new-policy,recorded-snapshot,"P1-W08 foundation, 2026-09-25.",docs/stages/p1/implementation/p1-w08-stage1-foundation-record.md#header,docs/development/documentation-baseline.md;docs/development/stage-workflow.md,,not-applicable,,,phase1-conservative-routing-classified,pending,Codex,2026-09-28,
f5b23932e7d2036811b2f9e89a9b71c174e4f5b4,docs/stages/p1/implementation/p1-w09-initialization-sequencing-record.md,1a505e1f914fd87d9f279b3f1d2e4e43199b79cc,1a505e1f914fd87d9f279b3f1d2e4e43199b79cc,unchanged,original-963,p1,L5-implementation-record,source-en,docs/stages/p1/implementation/p1-w09-initialization-sequencing-record.md,Ordered boot path implemented; broader negative/repetition evidence tracked separately.,v0.1,v0.1,header,factual-record-no-new-policy,recorded-snapshot,"P1-W09 integration, 2026-09-25.",docs/stages/p1/implementation/p1-w09-initialization-sequencing-record.md#header,docs/development/documentation-baseline.md;docs/development/stage-workflow.md,,not-applicable,,,phase1-conservative-routing-classified,pending,Codex,2026-09-28,
f5b23932e7d2036811b2f9e89a9b71c174e4f5b4,docs/stages/p1/implementation/p1-w09-initialization-sequencing/00-preflight-amendment.md,265041b3ae2552b2c8d7bfb1e620d84316e06d7a,265041b3ae2552b2c8d7bfb1e620d84316e06d7a,unchanged,original-963,p1,L4-design-or-amendment,source-en,docs/stages/p1/implementation/p1-w09-initialization-sequencing/00-preflight-amendment.md,Proposed detailed design; implementation not claimed.,v0.2,v0.2,header,conditional-design-approval-not-certified,proposed-design,"P1 preflight, 2026-09-24.",docs/stages/p1/implementation/p1-w09-initialization-sequencing/00-preflight-amendment.md#header,docs/development/documentation-baseline.md;docs/development/stage-workflow.md;docs/stages/p1/implementation/p1-w09-initialization-sequencing/README.md;docs/stages/p1/implementation/README.md;docs/stages/p1/verification/p1-completion-report.md,docs/stages/p1/implementation/p1-w09-initialization-sequencing/00-preflight-amendment.md;docs/stages/p1/implementation/p1-w09-initialization-sequencing/04-foundation-reconciliation.md,not-applicable,,,phase1-conservative-routing-classified,pending,Codex,2026-09-28,Completed-stage index does not independently approve this document; read amendments and approval provenance before new code.
f5b23932e7d2036811b2f9e89a9b71c174e4f5b4,docs/stages/p1/implementation/p1-w09-initialization-sequencing/01-init-state-machine.md,a2f676af532ed88773d0b733805cee600a176e5b,a2f676af532ed88773d0b733805cee600a176e5b,unchanged,original-963,p1,L4-design-or-amendment,source-en,docs/stages/p1/implementation/p1-w09-initialization-sequencing/01-init-state-machine.md,Proposed detailed design; implementation not claimed.,not-declared,,git-blob-only,conditional-design-approval-not-certified,proposed-design,P1-W09 implementation handoff.,docs/stages/p1/implementation/p1-w09-initialization-sequencing/README.md#header,docs/development/documentation-baseline.md;docs/development/stage-workflow.md;docs/stages/p1/implementation/p1-w09-initialization-sequencing/README.md;docs/stages/p1/implementation/README.md;docs/stages/p1/verification/p1-completion-report.md,docs/stages/p1/implementation/p1-w09-initialization-sequencing/00-preflight-amendment.md;docs/stages/p1/implementation/p1-w09-initialization-sequencing/04-foundation-reconciliation.md,not-applicable,,,phase1-conservative-routing-classified,pending,Codex,2026-09-28,Completed-stage index does not independently approve this document; read amendments and approval provenance before new code.
f5b23932e7d2036811b2f9e89a9b71c174e4f5b4,docs/stages/p1/implementation/p1-w09-initialization-sequencing/02-interface-contracts.md,f56cbaca4db3594a38ed20c66f3f85cdf015ceef,f56cbaca4db3594a38ed20c66f3f85cdf015ceef,unchanged,original-963,p1,L4-design-or-amendment,source-en,docs/stages/p1/implementation/p1-w09-initialization-sequencing/02-interface-contracts.md,Proposed detailed design; implementation not claimed.,not-declared,,git-blob-only,conditional-design-approval-not-certified,proposed-design,P1-W09 implementation handoff.,docs/stages/p1/implementation/p1-w09-initialization-sequencing/README.md#header,docs/development/documentation-baseline.md;docs/development/stage-workflow.md;docs/stages/p1/implementation/p1-w09-initialization-sequencing/README.md;docs/stages/p1/implementation/README.md;docs/stages/p1/verification/p1-completion-report.md,docs/stages/p1/implementation/p1-w09-initialization-sequencing/00-preflight-amendment.md;docs/stages/p1/implementation/p1-w09-initialization-sequencing/04-foundation-reconciliation.md,not-applicable,,,phase1-conservative-routing-classified,pending,Codex,2026-09-28,Completed-stage index does not independently approve this document; read amendments and approval provenance before new code.
f5b23932e7d2036811b2f9e89a9b71c174e4f5b4,docs/stages/p1/implementation/p1-w09-initialization-sequencing/03-implementation-and-review.md,6bf664266a4e436939cde905c617bd084d226233,6bf664266a4e436939cde905c617bd084d226233,unchanged,original-963,p1,L4-design-or-amendment,source-en,docs/stages/p1/implementation/p1-w09-initialization-sequencing/03-implementation-and-review.md,Proposed detailed design; implementation and validation are not claimed.,not-declared,,git-blob-only,conditional-design-approval-not-certified,proposed-design,P1-W09 implementation handoff.,docs/stages/p1/implementation/p1-w09-initialization-sequencing/README.md#header,docs/development/documentation-baseline.md;docs/development/stage-workflow.md;docs/stages/p1/implementation/p1-w09-initialization-sequencing/README.md;docs/stages/p1/implementation/README.md;docs/stages/p1/verification/p1-completion-report.md,docs/stages/p1/implementation/p1-w09-initialization-sequencing/00-preflight-amendment.md;docs/stages/p1/implementation/p1-w09-initialization-sequencing/04-foundation-reconciliation.md,not-applicable,,,phase1-conservative-routing-classified,pending,Codex,2026-09-28,Completed-stage index does not independently approve this document; read amendments and approval provenance before new code.
f5b23932e7d2036811b2f9e89a9b71c174e4f5b4,docs/stages/p1/implementation/p1-w09-initialization-sequencing/04-foundation-reconciliation.md,381df9a30090f7204bb6dd604e632ecf50e18b6d,381df9a30090f7204bb6dd604e632ecf50e18b6d,unchanged,original-963,p1,L4-design-or-amendment,source-en,docs/stages/p1/implementation/p1-w09-initialization-sequencing/04-foundation-reconciliation.md,Proposed detailed-design correction; no sequencer or boot evidence claim.,v0.1,v0.1,header,conditional-design-approval-not-certified,proposed-design,"P1-W09 foundation preflight, 2026-09-25.",docs/stages/p1/implementation/p1-w09-initialization-sequencing/04-foundation-reconciliation.md#header,docs/development/documentation-baseline.md;docs/development/stage-workflow.md;docs/stages/p1/implementation/p1-w09-initialization-sequencing/README.md;docs/stages/p1/implementation/README.md;docs/stages/p1/verification/p1-completion-report.md,docs/stages/p1/implementation/p1-w09-initialization-sequencing/00-preflight-amendment.md;docs/stages/p1/implementation/p1-w09-initialization-sequencing/04-foundation-reconciliation.md,not-applicable,,,phase1-conservative-routing-classified,pending,Codex,2026-09-28,Completed-stage index does not independently approve this document; read amendments and approval provenance before new code.
f5b23932e7d2036811b2f9e89a9b71c174e4f5b4,docs/stages/p1/implementation/p1-w09-initialization-sequencing/README.md,4fc0ce76c27ab29cabab495cbde47f4186b31509,4fc0ce76c27ab29cabab495cbde47f4186b31509,unchanged,original-963,p1,L4-design-or-amendment,source-en,docs/stages/p1/implementation/p1-w09-initialization-sequencing/README.md,Proposed detailed design; implementation and validation are not claimed.,not-declared,,git-blob-only,conditional-design-approval-not-certified,proposed-design,P1-W09 implementation handoff.,docs/stages/p1/implementation/p1-w09-initialization-sequencing/README.md#header,docs/development/documentation-baseline.md;docs/development/stage-workflow.md;docs/stages/p1/implementation/p1-w09-initialization-sequencing/README.md;docs/stages/p1/implementation/README.md;docs/stages/p1/verification/p1-completion-report.md,docs/stages/p1/implementation/p1-w09-initialization-sequencing/00-preflight-amendment.md;docs/stages/p1/implementation/p1-w09-initialization-sequencing/04-foundation-reconciliation.md,not-applicable,,,phase1-conservative-routing-classified,pending,Codex,2026-09-28,Completed-stage index does not independently approve this document; read amendments and approval provenance before new code.
f5b23932e7d2036811b2f9e89a9b71c174e4f5b4,docs/stages/p1/implementation/p1-w09-lifecycle-foundation-record.md,2cba77b7f42014647a7b9396c82243f0e1a05896,2cba77b7f42014647a7b9396c82243f0e1a05896,unchanged,original-963,p1,L5-implementation-record,source-en,docs/stages/p1/implementation/p1-w09-lifecycle-foundation-record.md,Coherent type/tracker foundation only; W09 sequencing not complete.,v0.1,v0.1,header,factual-record-no-new-policy,recorded-snapshot,"P1-W09 foundation, 2026-09-25.",docs/stages/p1/implementation/p1-w09-lifecycle-foundation-record.md#header,docs/development/documentation-baseline.md;docs/development/stage-workflow.md,,not-applicable,,,phase1-conservative-routing-classified,pending,Codex,2026-09-28,
f5b23932e7d2036811b2f9e89a9b71c174e4f5b4,docs/stages/p1/implementation/p1-w10-qemu-boot-regression-record.md,35f54f6aae934c0854bf5246522a218ee8764c08,35f54f6aae934c0854bf5246522a218ee8764c08,unchanged,original-963,p1,L5-implementation-record,source-en,docs/stages/p1/implementation/p1-w10-qemu-boot-regression-record.md,"Runner, R1–R6 controls and 100-cycle execution recorded; W11 re-anchored R2 on NC4 on 2026-09-26 (addendum below).",not-declared,,git-blob-only,factual-record-no-new-policy,recorded-snapshot,P1-W10,routing responsibility; no named person asserted,docs/development/documentation-baseline.md;docs/development/stage-workflow.md,,not-applicable,,,phase1-conservative-routing-classified,pending,Codex,2026-09-28,
f5b23932e7d2036811b2f9e89a9b71c174e4f5b4,docs/stages/p1/implementation/p1-w10-qemu-boot-regression/01-automation-contract.md,aebda12debafda5f5a2a66cb9cc1545440445ac2,aebda12debafda5f5a2a66cb9cc1545440445ac2,unchanged,original-963,p1,L4-design-or-amendment,source-en,docs/stages/p1/implementation/p1-w10-qemu-boot-regression/01-automation-contract.md,Proposed detailed design; implementation not claimed.,not-declared,,git-blob-only,conditional-design-approval-not-certified,proposed-design,P1-W10 implementation handoff.,docs/stages/p1/implementation/p1-w10-qemu-boot-regression/README.md#header,docs/development/documentation-baseline.md;docs/development/stage-workflow.md;docs/stages/p1/implementation/p1-w10-qemu-boot-regression/README.md;docs/stages/p1/implementation/README.md;docs/stages/p1/verification/p1-completion-report.md,docs/stages/p1/implementation/p1-w10-qemu-boot-regression/04-marker-control-amendment.md,not-applicable,,,phase1-conservative-routing-classified,pending,Codex,2026-09-28,Completed-stage index does not independently approve this document; read amendments and approval provenance before new code.
f5b23932e7d2036811b2f9e89a9b71c174e4f5b4,docs/stages/p1/implementation/p1-w10-qemu-boot-regression/02-scenarios-and-verdict.md,315d0b3a50e8b22ba61626a475e8e6198fbe8727,315d0b3a50e8b22ba61626a475e8e6198fbe8727,unchanged,original-963,p1,L4-design-or-amendment,source-en,docs/stages/p1/implementation/p1-w10-qemu-boot-regression/02-scenarios-and-verdict.md,Proposed detailed design; implementation and validation are not claimed.,not-declared,,git-blob-only,conditional-design-approval-not-certified,proposed-design,P1-W10 implementation handoff.,docs/stages/p1/implementation/p1-w10-qemu-boot-regression/README.md#header,docs/development/documentation-baseline.md;docs/development/stage-workflow.md;docs/stages/p1/implementation/p1-w10-qemu-boot-regression/README.md;docs/stages/p1/implementation/README.md;docs/stages/p1/verification/p1-completion-report.md,docs/stages/p1/implementation/p1-w10-qemu-boot-regression/04-marker-control-amendment.md,not-applicable,,,phase1-conservative-routing-classified,pending,Codex,2026-09-28,Completed-stage index does not independently approve this document; read amendments and approval provenance before new code.
f5b23932e7d2036811b2f9e89a9b71c174e4f5b4,docs/stages/p1/implementation/p1-w10-qemu-boot-regression/03-implementation-and-review.md,bc841f90f3cd06a9b4b9d9a3a1de94c32dac813c,bc841f90f3cd06a9b4b9d9a3a1de94c32dac813c,unchanged,original-963,p1,L4-design-or-amendment,source-en,docs/stages/p1/implementation/p1-w10-qemu-boot-regression/03-implementation-and-review.md,Proposed detailed design; implementation and validation are not claimed.,not-declared,,git-blob-only,conditional-design-approval-not-certified,proposed-design,P1-W10 implementation handoff.,docs/stages/p1/implementation/p1-w10-qemu-boot-regression/README.md#header,docs/development/documentation-baseline.md;docs/development/stage-workflow.md;docs/stages/p1/implementation/p1-w10-qemu-boot-regression/README.md;docs/stages/p1/implementation/README.md;docs/stages/p1/verification/p1-completion-report.md,docs/stages/p1/implementation/p1-w10-qemu-boot-regression/04-marker-control-amendment.md,not-applicable,,,phase1-conservative-routing-classified,pending,Codex,2026-09-28,Completed-stage index does not independently approve this document; read amendments and approval provenance before new code.
f5b23932e7d2036811b2f9e89a9b71c174e4f5b4,docs/stages/p1/implementation/p1-w10-qemu-boot-regression/04-marker-control-amendment.md,9a4de9b50ccf407501f286c59b0e4e20d77e89f1,9a4de9b50ccf407501f286c59b0e4e20d77e89f1,unchanged,original-963,p1,L4-design-or-amendment,source-en,docs/stages/p1/implementation/p1-w10-qemu-boot-regression/04-marker-control-amendment.md,Adopted detailed-design correction for W10 R4; implementation and verification are recorded separately.,v0.1,v0.1.,header,conditional-design-approval-not-certified,amended-or-selected-design,W10 scenario execution after W09 integration.,docs/stages/p1/implementation/p1-w10-qemu-boot-regression/04-marker-control-amendment.md#header,docs/development/documentation-baseline.md;docs/development/stage-workflow.md;docs/stages/p1/implementation/p1-w10-qemu-boot-regression/README.md;docs/stages/p1/implementation/README.md;docs/stages/p1/verification/p1-completion-report.md,docs/stages/p1/implementation/p1-w10-qemu-boot-regression/04-marker-control-amendment.md,not-applicable,,,phase1-conservative-routing-classified,pending,Codex,2026-09-28,Completed-stage index does not independently approve this document; read amendments and approval provenance before new code.
f5b23932e7d2036811b2f9e89a9b71c174e4f5b4,docs/stages/p1/implementation/p1-w10-qemu-boot-regression/README.md,34e671b986a676101b2f5284ec17513e3f656a56,34e671b986a676101b2f5284ec17513e3f656a56,unchanged,original-963,p1,L4-design-or-amendment,source-en,docs/stages/p1/implementation/p1-w10-qemu-boot-regression/README.md,Proposed detailed design; implementation and validation are not claimed.,not-declared,,git-blob-only,conditional-design-approval-not-certified,proposed-design,P1-W10 implementation handoff.,docs/stages/p1/implementation/p1-w10-qemu-boot-regression/README.md#header,docs/development/documentation-baseline.md;docs/development/stage-workflow.md;docs/stages/p1/implementation/p1-w10-qemu-boot-regression/README.md;docs/stages/p1/implementation/README.md;docs/stages/p1/verification/p1-completion-report.md,docs/stages/p1/implementation/p1-w10-qemu-boot-regression/04-marker-control-amendment.md,not-applicable,,,phase1-conservative-routing-classified,pending,Codex,2026-09-28,Completed-stage index does not independently approve this document; read amendments and approval provenance before new code.
f5b23932e7d2036811b2f9e89a9b71c174e4f5b4,docs/stages/p1/implementation/p1-w11-negative-fault-validation-record.md,a8b9c9cfbce15bbd79d69fb4f6a19b8cb47de97f,a8b9c9cfbce15bbd79d69fb4f6a19b8cb47de97f,unchanged,original-963,p1,L5-implementation-record,source-en,docs/stages/p1/implementation/p1-w11-negative-fault-validation-record.md,NC2–NC5 mechanisms and local paired runs; W11 closure not claimed.,v0.1,v0.1.,header,factual-record-no-new-policy,recorded-snapshot,"P1-W11 implementation, 2026-09-25.",docs/stages/p1/implementation/p1-w11-negative-fault-validation-record.md#header,docs/development/documentation-baseline.md;docs/development/stage-workflow.md,,not-applicable,,,phase1-conservative-routing-classified,pending,Codex,2026-09-28,
f5b23932e7d2036811b2f9e89a9b71c174e4f5b4,docs/stages/p1/implementation/p1-w11-negative-fault-validation/01-fault-scenario-matrix.md,132a5a2bc6c55cbab67b015cfc1f9decebee7b82,132a5a2bc6c55cbab67b015cfc1f9decebee7b82,unchanged,original-963,p1,L4-design-or-amendment,source-en,docs/stages/p1/implementation/p1-w11-negative-fault-validation/01-fault-scenario-matrix.md,Proposed detailed design; implementation not claimed.,not-declared,,git-blob-only,conditional-design-approval-not-certified,proposed-design,P1-W11 implementation handoff.,docs/stages/p1/implementation/p1-w11-negative-fault-validation/README.md#header,docs/development/documentation-baseline.md;docs/development/stage-workflow.md;docs/stages/p1/implementation/p1-w11-negative-fault-validation/README.md;docs/stages/p1/implementation/README.md;docs/stages/p1/verification/p1-completion-report.md,docs/stages/p1/implementation/p1-w11-negative-fault-validation/04-trigger-reconciliation.md,not-applicable,,,phase1-conservative-routing-classified,pending,Codex,2026-09-28,Completed-stage index does not independently approve this document; read amendments and approval provenance before new code.
f5b23932e7d2036811b2f9e89a9b71c174e4f5b4,docs/stages/p1/implementation/p1-w11-negative-fault-validation/02-scope-security-review.md,1af40ca9cefbd367d85115d66d344cafd9236950,1af40ca9cefbd367d85115d66d344cafd9236950,unchanged,original-963,p1,L4-design-or-amendment,source-en,docs/stages/p1/implementation/p1-w11-negative-fault-validation/02-scope-security-review.md,Proposed detailed design; implementation not claimed.,not-declared,,git-blob-only,conditional-design-approval-not-certified,proposed-design,P1-W11 implementation handoff.,docs/stages/p1/implementation/p1-w11-negative-fault-validation/README.md#header,docs/development/documentation-baseline.md;docs/development/stage-workflow.md;docs/stages/p1/implementation/p1-w11-negative-fault-validation/README.md;docs/stages/p1/implementation/README.md;docs/stages/p1/verification/p1-completion-report.md,docs/stages/p1/implementation/p1-w11-negative-fault-validation/04-trigger-reconciliation.md,not-applicable,,,phase1-conservative-routing-classified,pending,Codex,2026-09-28,Completed-stage index does not independently approve this document; read amendments and approval provenance before new code.
f5b23932e7d2036811b2f9e89a9b71c174e4f5b4,docs/stages/p1/implementation/p1-w11-negative-fault-validation/03-implementation-and-review.md,bd19696ec80962638ddf30bf1db8d15563b9ecee,bd19696ec80962638ddf30bf1db8d15563b9ecee,unchanged,original-963,p1,L4-design-or-amendment,source-en,docs/stages/p1/implementation/p1-w11-negative-fault-validation/03-implementation-and-review.md,Proposed detailed design; implementation and validation are not claimed.,not-declared,,git-blob-only,conditional-design-approval-not-certified,proposed-design,P1-W11 implementation handoff.,docs/stages/p1/implementation/p1-w11-negative-fault-validation/README.md#header,docs/development/documentation-baseline.md;docs/development/stage-workflow.md;docs/stages/p1/implementation/p1-w11-negative-fault-validation/README.md;docs/stages/p1/implementation/README.md;docs/stages/p1/verification/p1-completion-report.md,docs/stages/p1/implementation/p1-w11-negative-fault-validation/04-trigger-reconciliation.md,not-applicable,,,phase1-conservative-routing-classified,pending,Codex,2026-09-28,Completed-stage index does not independently approve this document; read amendments and approval provenance before new code.
f5b23932e7d2036811b2f9e89a9b71c174e4f5b4,docs/stages/p1/implementation/p1-w11-negative-fault-validation/04-trigger-reconciliation.md,b6cf3690476a302bac4621de81672026ef2b9124,b6cf3690476a302bac4621de81672026ef2b9124,unchanged,original-963,p1,L4-design-or-amendment,source-en,docs/stages/p1/implementation/p1-w11-negative-fault-validation/04-trigger-reconciliation.md,Proposed detailed-design correction; execution is not claimed.,v0.1,v0.1.,header,conditional-design-approval-not-certified,proposed-design,"P1-W11 implementation, 2026-09-26.",docs/stages/p1/implementation/p1-w11-negative-fault-validation/04-trigger-reconciliation.md#header,docs/development/documentation-baseline.md;docs/development/stage-workflow.md;docs/stages/p1/implementation/p1-w11-negative-fault-validation/README.md;docs/stages/p1/implementation/README.md;docs/stages/p1/verification/p1-completion-report.md,docs/stages/p1/implementation/p1-w11-negative-fault-validation/04-trigger-reconciliation.md,not-applicable,,,phase1-conservative-routing-classified,pending,Codex,2026-09-28,Completed-stage index does not independently approve this document; read amendments and approval provenance before new code.
f5b23932e7d2036811b2f9e89a9b71c174e4f5b4,docs/stages/p1/implementation/p1-w11-negative-fault-validation/README.md,4427c16bdb0a0f202e4721b1286efd9b55b63d84,4427c16bdb0a0f202e4721b1286efd9b55b63d84,unchanged,original-963,p1,L4-design-or-amendment,source-en,docs/stages/p1/implementation/p1-w11-negative-fault-validation/README.md,Proposed detailed design; implementation and validation are not claimed.,not-declared,,git-blob-only,conditional-design-approval-not-certified,proposed-design,P1-W11 implementation handoff.,docs/stages/p1/implementation/p1-w11-negative-fault-validation/README.md#header,docs/development/documentation-baseline.md;docs/development/stage-workflow.md;docs/stages/p1/implementation/p1-w11-negative-fault-validation/README.md;docs/stages/p1/implementation/README.md;docs/stages/p1/verification/p1-completion-report.md,docs/stages/p1/implementation/p1-w11-negative-fault-validation/04-trigger-reconciliation.md,not-applicable,,,phase1-conservative-routing-classified,pending,Codex,2026-09-28,Completed-stage index does not independently approve this document; read amendments and approval provenance before new code.
f5b23932e7d2036811b2f9e89a9b71c174e4f5b4,docs/stages/p1/implementation/p1-w12-p1-documentation-handoff-record.md,6ba55bfa3c9a1a7933d86586f011e777c1fffdc1,6ba55bfa3c9a1a7933d86586f011e777c1fffdc1,unchanged,original-963,p1,L5-implementation-record,source-en,docs/stages/p1/implementation/p1-w12-p1-documentation-handoff-record.md,W12 contract set merged through PR #57 after local review and online checks; P1 completion not claimed.\,v0.1,v0.1.\,header,factual-record-no-new-policy,recorded-snapshot,"P1-W12, 2026-09-26.\",docs/stages/p1/implementation/p1-w12-p1-documentation-handoff-record.md#header,docs/development/documentation-baseline.md;docs/development/stage-workflow.md,,not-applicable,,,phase1-conservative-routing-classified,pending,Codex,2026-09-28,
f5b23932e7d2036811b2f9e89a9b71c174e4f5b4,docs/stages/p1/implementation/p1-w12-p1-documentation-handoff/01-contracts-and-review.md,f939c706ecf909e38b87c2f688210a9c3c530b65,f939c706ecf909e38b87c2f688210a9c3c530b65,unchanged,original-963,p1,L4-design-or-amendment,source-en,docs/stages/p1/implementation/p1-w12-p1-documentation-handoff/01-contracts-and-review.md,Proposed detailed design; implementation not claimed.,not-declared,,git-blob-only,conditional-design-approval-not-certified,proposed-design,P1-W12 implementation handoff.,docs/stages/p1/implementation/p1-w12-p1-documentation-handoff/README.md#header,docs/development/documentation-baseline.md;docs/development/stage-workflow.md;docs/stages/p1/implementation/p1-w12-p1-documentation-handoff/README.md;docs/stages/p1/implementation/README.md;docs/stages/p1/verification/p1-completion-report.md,,not-applicable,,,phase1-conservative-routing-classified,pending,Codex,2026-09-28,Completed-stage index does not independently approve this document; read amendments and approval provenance before new code.
f5b23932e7d2036811b2f9e89a9b71c174e4f5b4,docs/stages/p1/implementation/p1-w12-p1-documentation-handoff/README.md,09de10a2d6e236004a3ba64d17e55cbd62887991,09de10a2d6e236004a3ba64d17e55cbd62887991,unchanged,original-963,p1,L4-design-or-amendment,source-en,docs/stages/p1/implementation/p1-w12-p1-documentation-handoff/README.md,Proposed detailed design; implementation and validation are not claimed.,not-declared,,git-blob-only,conditional-design-approval-not-certified,proposed-design,P1-W12 implementation handoff.,docs/stages/p1/implementation/p1-w12-p1-documentation-handoff/README.md#header,docs/development/documentation-baseline.md;docs/development/stage-workflow.md;docs/stages/p1/implementation/p1-w12-p1-documentation-handoff/README.md;docs/stages/p1/implementation/README.md;docs/stages/p1/verification/p1-completion-report.md,,not-applicable,,,phase1-conservative-routing-classified,pending,Codex,2026-09-28,Completed-stage index does not independently approve this document; read amendments and approval provenance before new code.
f5b23932e7d2036811b2f9e89a9b71c174e4f5b4,docs/stages/p1/plans/README.md,addbf459df27ffd3d996fc5562ba8e02a0af34f4,addbf459df27ffd3d996fc5562ba8e02a0af34f4,unchanged,original-963,p1,L3-plan-index,source-en,docs/stages/p1/plans/README.md,Planning index. Individual plans are bounded work-package plans; implementation and validation are not claimed.,not-declared,,git-blob-only,bounded-planning-not-code-admission,planning,P1 stage maintainers,routing responsibility; no named person asserted,docs/development/documentation-baseline.md;docs/development/stage-workflow.md,,not-applicable,,,phase1-conservative-routing-classified,pending,Codex,2026-09-28,
f5b23932e7d2036811b2f9e89a9b71c174e4f5b4,docs/stages/p1/plans/p1-w01-reference-boot-contract.md,1bb8eeead2ba27bcf2c4ff63313b10430fa5cd6a,1bb8eeead2ba27bcf2c4ff63313b10430fa5cd6a,unchanged,original-963,p1,L3-package-plan,source-en,docs/stages/p1/plans/p1-w01-reference-boot-contract.md,Planned work package; implementation not claimed,not-declared,,git-blob-only,bounded-planning-not-code-admission,planning,P1-W01,routing responsibility; no named person asserted,docs/development/documentation-baseline.md;docs/development/stage-workflow.md;docs/stages/p1/task-book-v0.2.md,,not-applicable,,,phase1-conservative-routing-classified,pending,Codex,2026-09-28,
f5b23932e7d2036811b2f9e89a9b71c174e4f5b4,docs/stages/p1/plans/p1-w02-minimal-rust-el2-runtime.md,c4e6517c2b6dbdfb0b05b7bc81d9471f1e0ecf15,c4e6517c2b6dbdfb0b05b7bc81d9471f1e0ecf15,unchanged,original-963,p1,L3-package-plan,source-en,docs/stages/p1/plans/p1-w02-minimal-rust-el2-runtime.md,Planned work package; implementation not claimed,not-declared,,git-blob-only,bounded-planning-not-code-admission,planning,P1-W02,routing responsibility; no named person asserted,docs/development/documentation-baseline.md;docs/development/stage-workflow.md;docs/stages/p1/task-book-v0.2.md,,not-applicable,,,phase1-conservative-routing-classified,pending,Codex,2026-09-28,
f5b23932e7d2036811b2f9e89a9b71c174e4f5b4,docs/stages/p1/plans/p1-w03-aarch64-capability-inventory.md,cd801b95b17a9b411101c622885379cb2cd24552,cd801b95b17a9b411101c622885379cb2cd24552,unchanged,original-963,p1,L3-package-plan,source-en,docs/stages/p1/plans/p1-w03-aarch64-capability-inventory.md,Planned work package; implementation not claimed,not-declared,,git-blob-only,bounded-planning-not-code-admission,planning,P1-W03,routing responsibility; no named person asserted,docs/development/documentation-baseline.md;docs/development/stage-workflow.md;docs/stages/p1/task-book-v0.2.md,,not-applicable,,,phase1-conservative-routing-classified,pending,Codex,2026-09-28,
f5b23932e7d2036811b2f9e89a9b71c174e4f5b4,docs/stages/p1/plans/p1-w04-el2-architectural-state-baseline.md,bf125a27560630a9f491aff72f72afd1d55a4fac,bf125a27560630a9f491aff72f72afd1d55a4fac,unchanged,original-963,p1,L3-package-plan,source-en,docs/stages/p1/plans/p1-w04-el2-architectural-state-baseline.md,Planned work package; implementation not claimed,not-declared,,git-blob-only,bounded-planning-not-code-admission,planning,P1-W04,routing responsibility; no named person asserted,docs/development/documentation-baseline.md;docs/development/stage-workflow.md;docs/stages/p1/task-book-v0.2.md,,not-applicable,,,phase1-conservative-routing-classified,pending,Codex,2026-09-28,
f5b23932e7d2036811b2f9e89a9b71c174e4f5b4,docs/stages/p1/plans/p1-w05-el2-exception-entry-baseline.md,fd76c1958d185bfd66909131eea3dbdc69782110,fd76c1958d185bfd66909131eea3dbdc69782110,unchanged,original-963,p1,L3-package-plan,source-en,docs/stages/p1/plans/p1-w05-el2-exception-entry-baseline.md,Planned work package; implementation not claimed,not-declared,,git-blob-only,bounded-planning-not-code-admission,planning,P1-W05,routing responsibility; no named person asserted,docs/development/documentation-baseline.md;docs/development/stage-workflow.md;docs/stages/p1/task-book-v0.2.md,,not-applicable,,,phase1-conservative-routing-classified,pending,Codex,2026-09-28,
f5b23932e7d2036811b2f9e89a9b71c174e4f5b4,docs/stages/p1/plans/p1-w06-early-console-logging.md,da80a3bbfcb32a40b3e9e459f2c21be99251de8d,da80a3bbfcb32a40b3e9e459f2c21be99251de8d,unchanged,original-963,p1,L3-package-plan,source-en,docs/stages/p1/plans/p1-w06-early-console-logging.md,Planned work package; implementation not claimed,not-declared,,git-blob-only,bounded-planning-not-code-admission,planning,P1-W06,routing responsibility; no named person asserted,docs/development/documentation-baseline.md;docs/development/stage-workflow.md;docs/stages/p1/task-book-v0.2.md,,not-applicable,,,phase1-conservative-routing-classified,pending,Codex,2026-09-28,
f5b23932e7d2036811b2f9e89a9b71c174e4f5b4,docs/stages/p1/plans/p1-w07-fatal-crash-diagnostics.md,7dc4d5518b8d8ece3d9bcc794d05aef4c894353e,7dc4d5518b8d8ece3d9bcc794d05aef4c894353e,unchanged,original-963,p1,L3-package-plan,source-en,docs/stages/p1/plans/p1-w07-fatal-crash-diagnostics.md,Planned work package; implementation not claimed,not-declared,,git-blob-only,bounded-planning-not-code-admission,planning,P1-W07,routing responsibility; no named person asserted,docs/development/documentation-baseline.md;docs/development/stage-workflow.md;docs/stages/p1/task-book-v0.2.md,,not-applicable,,,phase1-conservative-routing-classified,pending,Codex,2026-09-28,
f5b23932e7d2036811b2f9e89a9b71c174e4f5b4,docs/stages/p1/plans/p1-w08-host-stage1-address-space.md,c263a903b9943139f9bd75cf92290283c7231f03,c263a903b9943139f9bd75cf92290283c7231f03,unchanged,original-963,p1,L3-package-plan,source-en,docs/stages/p1/plans/p1-w08-host-stage1-address-space.md,Planned work package; implementation not claimed,not-declared,,git-blob-only,bounded-planning-not-code-admission,planning,P1-W08,routing responsibility; no named person asserted,docs/development/documentation-baseline.md;docs/development/stage-workflow.md;docs/stages/p1/task-book-v0.2.md,,not-applicable,,,phase1-conservative-routing-classified,pending,Codex,2026-09-28,
f5b23932e7d2036811b2f9e89a9b71c174e4f5b4,docs/stages/p1/plans/p1-w09-initialization-sequencing.md,62cefe99bdbd363025a29d8eb4f19ee4547aac32,62cefe99bdbd363025a29d8eb4f19ee4547aac32,unchanged,original-963,p1,L3-package-plan,source-en,docs/stages/p1/plans/p1-w09-initialization-sequencing.md,Planned work package; implementation not claimed,not-declared,,git-blob-only,bounded-planning-not-code-admission,planning,P1-W09,routing responsibility; no named person asserted,docs/development/documentation-baseline.md;docs/development/stage-workflow.md;docs/stages/p1/task-book-v0.2.md,,not-applicable,,,phase1-conservative-routing-classified,pending,Codex,2026-09-28,
f5b23932e7d2036811b2f9e89a9b71c174e4f5b4,docs/stages/p1/plans/p1-w10-qemu-boot-regression.md,57f1a8d0cebbe85a6bde47cdabe5bc2f25f67d66,57f1a8d0cebbe85a6bde47cdabe5bc2f25f67d66,unchanged,original-963,p1,L3-package-plan,source-en,docs/stages/p1/plans/p1-w10-qemu-boot-regression.md,Planned work package; implementation not claimed,not-declared,,git-blob-only,bounded-planning-not-code-admission,planning,P1-W10,routing responsibility; no named person asserted,docs/development/documentation-baseline.md;docs/development/stage-workflow.md;docs/stages/p1/task-book-v0.2.md,,not-applicable,,,phase1-conservative-routing-classified,pending,Codex,2026-09-28,
f5b23932e7d2036811b2f9e89a9b71c174e4f5b4,docs/stages/p1/plans/p1-w11-negative-fault-validation.md,3b53da72a26b1c8fb1e65cb2d64634c4b4bb2ae6,3b53da72a26b1c8fb1e65cb2d64634c4b4bb2ae6,unchanged,original-963,p1,L3-package-plan,source-en,docs/stages/p1/plans/p1-w11-negative-fault-validation.md,Planned work package; implementation not claimed,not-declared,,git-blob-only,bounded-planning-not-code-admission,planning,P1-W11,routing responsibility; no named person asserted,docs/development/documentation-baseline.md;docs/development/stage-workflow.md;docs/stages/p1/task-book-v0.2.md,,not-applicable,,,phase1-conservative-routing-classified,pending,Codex,2026-09-28,
f5b23932e7d2036811b2f9e89a9b71c174e4f5b4,docs/stages/p1/plans/p1-w12-p1-documentation-handoff.md,e4fff18afa8116b41c5ee745afc3fe3ad9f517a9,e4fff18afa8116b41c5ee745afc3fe3ad9f517a9,unchanged,original-963,p1,L3-package-plan,source-en,docs/stages/p1/plans/p1-w12-p1-documentation-handoff.md,Planned work package; implementation not claimed,not-declared,,git-blob-only,bounded-planning-not-code-admission,planning,P1-W12,routing responsibility; no named person asserted,docs/development/documentation-baseline.md;docs/development/stage-workflow.md;docs/stages/p1/task-book-v0.2.md,,not-applicable,,,phase1-conservative-routing-classified,pending,Codex,2026-09-28,
f5b23932e7d2036811b2f9e89a9b71c174e4f5b4,docs/stages/p1/task-book-v0.1.md,490d3ba0687cceff5f201d0a1f8e140bbbc414fd,490d3ba0687cceff5f201d0a1f8e140bbbc414fd,unchanged,original-963,p1,L2-task-book,source-en,docs/stages/p1/task-book-v0.1.md,Superseded by [P1 task book v0.2](task-book-v0.2.md); retained as the historical acceptance baseline,v0.1,,title,historical-not-current-gate,superseded,P1 planning set established from the existing stage task book,docs/stages/p1/task-book-v0.1.md#header,docs/development/documentation-baseline.md;docs/development/stage-workflow.md;docs/stages/p1/task-book-v0.2.md,,not-applicable,,,phase1-conservative-routing-classified,pending,Codex,2026-09-28,
f5b23932e7d2036811b2f9e89a9b71c174e4f5b4,docs/stages/p1/task-book-v0.2.md,88ef67539c743ce72edab41c83d19ea6646c9091,88ef67539c743ce72edab41c83d19ea6646c9091,unchanged,original-963,p1,L2-task-book,source-en,docs/stages/p1/task-book-v0.2.md,"Current amended planning baseline; implementation and validation evidence remains in package records, not this book",v0.2,,title,stage-outcomes-not-code-admission,planning-baseline,"P1 NC6 acceptance transfer to P6, 2026-09-26",docs/stages/p1/task-book-v0.2.md#header,docs/development/documentation-baseline.md;docs/development/stage-workflow.md;docs/stages/p1/task-book-v0.2.md,,not-applicable,,,phase1-conservative-routing-classified,pending,Codex,2026-09-28,
f5b23932e7d2036811b2f9e89a9b71c174e4f5b4,docs/stages/p1/task-book-v0.2.zh-CN.md,73a32ce81a65631f50449394aa07cccf8839e99a,73a32ce81a65631f50449394aa07cccf8839e99a,unchanged,original-963,p1,L2-task-book,translation-zh-CN,docs/stages/p1/task-book-v0.2.md,"Current amended planning baseline; implementation and validation evidence remains in package records, not this book",v0.2,,title,translation-no-independent-authority / stage-outcomes-not-code-admission,planning-baseline,"P1 NC6 acceptance transfer to P6, 2026-09-26",docs/stages/p1/task-book-v0.2.md#header,docs/development/documentation-baseline.md;docs/development/stage-workflow.md;docs/stages/p1/task-book-v0.2.md,,blob-current,88ef67539c743ce72edab41c83d19ea6646c9091,88ef67539c743ce72edab41c83d19ea6646c9091,phase1-conservative-routing-classified,pending,Codex,2026-09-28,Blob currency does not prove faithful semantic translation.
f5b23932e7d2036811b2f9e89a9b71c174e4f5b4,docs/stages/p1/verification/p1-completion-report.md,d236a1e039b81dd107d7ec288c58a78b29e5fd84,d236a1e039b81dd107d7ec288c58a78b29e5fd84,unchanged,original-963,p1,L7-completion-report,source-en,docs/stages/p1/verification/p1-completion-report.md,P1 stage completion decision for the declared reference-QEMU scope.,v0.1,v0.1.,header,factual-evidence-with-declared-scope,recorded-snapshot,"P1 L7 stage review, 2026-09-26 (Asia/Shanghai), after ADR-061.",docs/stages/p1/verification/p1-completion-report.md#header,docs/development/documentation-baseline.md;docs/development/stage-workflow.md,,not-applicable,,,phase1-conservative-routing-classified,pending,Codex,2026-09-28,No fresh runtime or retained-artifact verification in phase 1.
f5b23932e7d2036811b2f9e89a9b71c174e4f5b4,docs/stages/p1/verification/p1-completion-report.zh-CN.md,359c26426aa6b6de5e91935324c816e330865b90,359c26426aa6b6de5e91935324c816e330865b90,unchanged,original-963,p1,L7-completion-report,translation-zh-CN,docs/stages/p1/verification/p1-completion-report.md,P1 stage completion decision for the declared reference-QEMU scope.,v0.1,v0.1.,header,translation-no-independent-authority / factual-evidence-with-declared-scope,recorded-snapshot,"P1 L7 stage review, 2026-09-26 (Asia/Shanghai), after ADR-061.",docs/stages/p1/verification/p1-completion-report.md#header,docs/development/documentation-baseline.md;docs/development/stage-workflow.md;docs/stages/p1/verification/p1-completion-report.md,,blob-current,d236a1e039b81dd107d7ec288c58a78b29e5fd84,d236a1e039b81dd107d7ec288c58a78b29e5fd84,phase1-conservative-routing-classified,pending,Codex,2026-09-28,No fresh runtime or retained-artifact verification in phase 1. Blob currency does not prove faithful semantic translation.
f5b23932e7d2036811b2f9e89a9b71c174e4f5b4,docs/stages/p1/verification/p1-local-evidence-archive.md,a4aad5cca7d70ff94b154779cfe8596c14731b04,a4aad5cca7d70ff94b154779cfe8596c14731b04,unchanged,original-963,p1,L6-verification-or-custody,source-en,docs/stages/p1/verification/p1-local-evidence-archive.md,Factual custody record; not new runtime evidence or a stage decision.,v0.1,v0.1.,header,factual-evidence-with-declared-scope,recorded-snapshot,"P1 worktree cleanup, 2026-09-26.",docs/stages/p1/verification/p1-local-evidence-archive.md#header,docs/development/documentation-baseline.md;docs/development/stage-workflow.md,,not-applicable,,,phase1-conservative-routing-classified,pending,Codex,2026-09-28,No fresh runtime or retained-artifact verification in phase 1.
f5b23932e7d2036811b2f9e89a9b71c174e4f5b4,docs/stages/p1/verification/p1-w01-reference-boot-contract-verification.md,a59634ad83ca14af5ebfc73dbf10a3ac4b53a10e,a59634ad83ca14af5ebfc73dbf10a3ac4b53a10e,unchanged,original-963,p1,L6-verification-or-custody,source-en,docs/stages/p1/verification/p1-w01-reference-boot-contract-verification.md,Reviews complete; executable matrix entries deferred by contract.,not-declared,,git-blob-only,factual-evidence-with-declared-scope,recorded-snapshot,P1-W01,routing responsibility; no named person asserted,docs/development/documentation-baseline.md;docs/development/stage-workflow.md,,not-applicable,,,phase1-conservative-routing-classified,pending,Codex,2026-09-28,No fresh runtime or retained-artifact verification in phase 1.
f5b23932e7d2036811b2f9e89a9b71c174e4f5b4,docs/stages/p1/verification/p1-w02-minimal-rust-el2-runtime-verification.md,6219ad655dad99a64cbcbe5c987f6224dceb6b8a,6219ad655dad99a64cbcbe5c987f6224dceb6b8a,unchanged,original-963,p1,L6-verification-or-custody,source-en,docs/stages/p1/verification/p1-w02-minimal-rust-el2-runtime-verification.md,Reviews complete; executed matrix entry deferred by contract; manual-investigation boots recorded as informative evidence.,not-declared,,git-blob-only,factual-evidence-with-declared-scope,recorded-snapshot,P1-W02,routing responsibility; no named person asserted,docs/development/documentation-baseline.md;docs/development/stage-workflow.md,,not-applicable,,,phase1-conservative-routing-classified,pending,Codex,2026-09-28,No fresh runtime or retained-artifact verification in phase 1.
f5b23932e7d2036811b2f9e89a9b71c174e4f5b4,docs/stages/p1/verification/p1-w03-aarch64-capability-inventory-verification.md,b398245326c75dc662c1b7eedf14f76d263cd188,b398245326c75dc662c1b7eedf14f76d263cd188,unchanged,original-963,p1,L6-verification-or-custody,source-en,docs/stages/p1/verification/p1-w03-aarch64-capability-inventory-verification.md,Local mechanism evidence; runtime P1-V05/P1-V06 proofs pending W09–W11.,not-declared,,git-blob-only,factual-evidence-with-declared-scope,recorded-snapshot,"W03, 2026-09-24.",docs/stages/p1/verification/p1-w03-aarch64-capability-inventory-verification.md#header,docs/development/documentation-baseline.md;docs/development/stage-workflow.md,,not-applicable,,,phase1-conservative-routing-classified,pending,Codex,2026-09-28,No fresh runtime or retained-artifact verification in phase 1.
f5b23932e7d2036811b2f9e89a9b71c174e4f5b4,docs/stages/p1/verification/p1-w04-el2-architectural-state-baseline-verification.md,5387336e37a805a6fba2150f2b17f9f7b8740a10,5387336e37a805a6fba2150f2b17f9f7b8740a10,unchanged,original-963,p1,L6-verification-or-custody,source-en,docs/stages/p1/verification/p1-w04-el2-architectural-state-baseline-verification.md,Local implementation validation; runtime evidence deferred.,v0.1,v0.1,header,factual-evidence-with-declared-scope,recorded-snapshot,"P1-W04, 2026-09-25.",docs/stages/p1/verification/p1-w04-el2-architectural-state-baseline-verification.md#header,docs/development/documentation-baseline.md;docs/development/stage-workflow.md,,not-applicable,,,phase1-conservative-routing-classified,pending,Codex,2026-09-28,No fresh runtime or retained-artifact verification in phase 1.
f5b23932e7d2036811b2f9e89a9b71c174e4f5b4,docs/stages/p1/verification/p1-w05-el2-exception-entry-baseline-verification.md,d63e5586fd67b0557ef50c1fefc27ac125e6bfd1,d63e5586fd67b0557ef50c1fefc27ac125e6bfd1,unchanged,original-963,p1,L6-verification-or-custody,source-en,docs/stages/p1/verification/p1-w05-el2-exception-entry-baseline-verification.md,Static mechanism review and host tests passed; executed faults pending.,not-declared,,git-blob-only,factual-evidence-with-declared-scope,recorded-snapshot,P1-W05,routing responsibility; no named person asserted,docs/development/documentation-baseline.md;docs/development/stage-workflow.md,,not-applicable,,,phase1-conservative-routing-classified,pending,Codex,2026-09-28,No fresh runtime or retained-artifact verification in phase 1.
f5b23932e7d2036811b2f9e89a9b71c174e4f5b4,docs/stages/p1/verification/p1-w06-early-console-logging-verification.md,d5348edc529cbc43dc27c531f0885443c7a0e140,d5348edc529cbc43dc27c531f0885443c7a0e140,unchanged,original-963,p1,L6-verification-or-custody,source-en,docs/stages/p1/verification/p1-w06-early-console-logging-verification.md,Mechanism review and local gates; integrated execution pending.,not-declared,,git-blob-only,factual-evidence-with-declared-scope,recorded-snapshot,P1-W06,routing responsibility; no named person asserted,docs/development/documentation-baseline.md;docs/development/stage-workflow.md,,not-applicable,,,phase1-conservative-routing-classified,pending,Codex,2026-09-28,No fresh runtime or retained-artifact verification in phase 1.
f5b23932e7d2036811b2f9e89a9b71c174e4f5b4,docs/stages/p1/verification/p1-w07-fatal-crash-diagnostics-verification.md,16c08eeb3b7436947d90342e64f5360f1dbeab76,16c08eeb3b7436947d90342e64f5360f1dbeab76,unchanged,original-963,p1,L6-verification-or-custody,source-en,docs/stages/p1/verification/p1-w07-fatal-crash-diagnostics-verification.md,Host/target checks and one real QEMU panic-path probe passed; fault execution pending.,not-declared,,git-blob-only,factual-evidence-with-declared-scope,recorded-snapshot,P1-W07,routing responsibility; no named person asserted,docs/development/documentation-baseline.md;docs/development/stage-workflow.md,,not-applicable,,,phase1-conservative-routing-classified,pending,Codex,2026-09-28,No fresh runtime or retained-artifact verification in phase 1.
f5b23932e7d2036811b2f9e89a9b71c174e4f5b4,docs/stages/p1/verification/p1-w08-const-initialization-verification.md,5a6bf5c99bca1c658ddff1eace65ca49328d86c3,5a6bf5c99bca1c658ddff1eace65ca49328d86c3,unchanged,original-963,p1,L6-verification-or-custody,source-en,docs/stages/p1/verification/p1-w08-const-initialization-verification.md,Verified bounded correction; no expansion of P1 completion scope.,v0.1,v0.1,header,factual-evidence-with-declared-scope,recorded-snapshot,"P1-W08 follow-up found during P2 integration, 2026-09-26.",docs/stages/p1/verification/p1-w08-const-initialization-verification.md#header,docs/development/documentation-baseline.md;docs/development/stage-workflow.md,,not-applicable,,,phase1-conservative-routing-classified,pending,Codex,2026-09-28,No fresh runtime or retained-artifact verification in phase 1.
f5b23932e7d2036811b2f9e89a9b71c174e4f5b4,docs/stages/p1/verification/p1-w08-mmu-activation-verification.md,48fbb9b909af6554e6ef9bb81823315c615edc58,48fbb9b909af6554e6ef9bb81823315c615edc58,unchanged,original-963,p1,L6-verification-or-custody,source-en,docs/stages/p1/verification/p1-w08-mmu-activation-verification.md,Compilation/model validation passed; executed MMU transition pending.,not-declared,,git-blob-only,factual-evidence-with-declared-scope,recorded-snapshot,P1-W08,routing responsibility; no named person asserted,docs/development/documentation-baseline.md;docs/development/stage-workflow.md,,not-applicable,,,phase1-conservative-routing-classified,pending,Codex,2026-09-28,No fresh runtime or retained-artifact verification in phase 1.
f5b23932e7d2036811b2f9e89a9b71c174e4f5b4,docs/stages/p1/verification/p1-w08-page-layout-verification.md,39943872baa2b8def54cca75236946a0fa820bd8,39943872baa2b8def54cca75236946a0fa820bd8,unchanged,original-963,p1,L6-verification-or-custody,source-en,docs/stages/p1/verification/p1-w08-page-layout-verification.md,Target layout and pre-MMU boot probe passed; mapped execution pending.,not-declared,,git-blob-only,factual-evidence-with-declared-scope,recorded-snapshot,P1-W08,routing responsibility; no named person asserted,docs/development/documentation-baseline.md;docs/development/stage-workflow.md,,not-applicable,,,phase1-conservative-routing-classified,pending,Codex,2026-09-28,No fresh runtime or retained-artifact verification in phase 1.
f5b23932e7d2036811b2f9e89a9b71c174e4f5b4,docs/stages/p1/verification/p1-w08-stage1-foundation-verification.md,c02c12acd8ff1c575a6f75702b991d2da163ce33,c02c12acd8ff1c575a6f75702b991d2da163ce33,unchanged,original-963,p1,L6-verification-or-custody,source-en,docs/stages/p1/verification/p1-w08-stage1-foundation-verification.md,Pure model checks passed; integrated W08 evidence pending.,not-declared,,git-blob-only,factual-evidence-with-declared-scope,recorded-snapshot,P1-W08,routing responsibility; no named person asserted,docs/development/documentation-baseline.md;docs/development/stage-workflow.md,,not-applicable,,,phase1-conservative-routing-classified,pending,Codex,2026-09-28,No fresh runtime or retained-artifact verification in phase 1.
f5b23932e7d2036811b2f9e89a9b71c174e4f5b4,docs/stages/p1/verification/p1-w09-initialization-sequencing-verification.md,2e586385ed14f4a27a602ea860ef91600f8027d5,2e586385ed14f4a27a602ea860ef91600f8027d5,unchanged,original-963,p1,L6-verification-or-custody,source-en,docs/stages/p1/verification/p1-w09-initialization-sequencing-verification.md,"Local integrated lifecycle checks passed; repetition, fault matrix and hardware remain separate work.",not-declared,,git-blob-only,factual-evidence-with-declared-scope,recorded-snapshot,P1-W09,routing responsibility; no named person asserted,docs/development/documentation-baseline.md;docs/development/stage-workflow.md,,not-applicable,,,phase1-conservative-routing-classified,pending,Codex,2026-09-28,No fresh runtime or retained-artifact verification in phase 1.
f5b23932e7d2036811b2f9e89a9b71c174e4f5b4,docs/stages/p1/verification/p1-w09-lifecycle-foundation-verification.md,58fbef902d3912c52ed6c8f9ef8ad2fe8b01ce4d,58fbef902d3912c52ed6c8f9ef8ad2fe8b01ce4d,unchanged,original-963,p1,L6-verification-or-custody,source-en,docs/stages/p1/verification/p1-w09-lifecycle-foundation-verification.md,Pure tracker tests passed; integrated W09 evidence pending.,not-declared,,git-blob-only,factual-evidence-with-declared-scope,recorded-snapshot,P1-W09,routing responsibility; no named person asserted,docs/development/documentation-baseline.md;docs/development/stage-workflow.md,,not-applicable,,,phase1-conservative-routing-classified,pending,Codex,2026-09-28,No fresh runtime or retained-artifact verification in phase 1.
f5b23932e7d2036811b2f9e89a9b71c174e4f5b4,docs/stages/p1/verification/p1-w10-qemu-boot-regression-verification.md,af92e467cd0c19b3ef5e69e656921fd1935f5ff6,af92e467cd0c19b3ef5e69e656921fd1935f5ff6,unchanged,original-963,p1,L6-verification-or-custody,source-en,docs/stages/p1/verification/p1-w10-qemu-boot-regression-verification.md,"R1, R3–R6 and 100-cycle evidence recorded; W11 NC4 re-anchored R2 on 2026-09-26. The original NC2 R2 control below remains historical.",not-declared,,git-blob-only,factual-evidence-with-declared-scope,recorded-snapshot,P1-W10,routing responsibility; no named person asserted,docs/development/documentation-baseline.md;docs/development/stage-workflow.md,,not-applicable,,,phase1-conservative-routing-classified,pending,Codex,2026-09-28,No fresh runtime or retained-artifact verification in phase 1.
f5b23932e7d2036811b2f9e89a9b71c174e4f5b4,docs/stages/p1/verification/p1-w11-negative-fault-validation-verification.md,c0e1afb800c9bc424070743627856c105e381649,c0e1afb800c9bc424070743627856c105e381649,unchanged,original-963,p1,L6-verification-or-custody,source-en,docs/stages/p1/verification/p1-w11-negative-fault-validation-verification.md,NC1–NC5 paired execution and S1–S6 review passed locally after W10 integration; NC6 blocks P1-V18 and stage completion. Earlier sections are dated snapshots.,v0.1,v0.1.,header,factual-evidence-with-declared-scope,historical-verdict-with-governing-addendum,P1-W11 validation-image foundation.,docs/stages/p1/verification/p1-w11-negative-fault-validation-verification.md#header,docs/development/documentation-baseline.md;docs/development/stage-workflow.md;docs/adr/adr-061-defer-p1-asynchronous-vector-validation-to-p6.md;docs/stages/p1/task-book-v0.2.md,,not-applicable,,,phase1-conservative-routing-classified,pending,Codex,2026-09-28,"No fresh runtime or retained-artifact verification in phase 1. Read governance addendum at line 228: NC6 moved to P6-V29; header is the historical v0.1 verdict, not current P1 blocking."
f5b23932e7d2036811b2f9e89a9b71c174e4f5b4,docs/stages/p1/verification/p1-w12-p1-documentation-handoff-verification.md,1a16b9499948e2e681e267bb6dd550ea090422ec,1a16b9499948e2e681e267bb6dd550ea090422ec,unchanged,original-963,p1,L6-verification-or-custody,source-en,docs/stages/p1/verification/p1-w12-p1-documentation-handoff-verification.md,W12-DV01–DV06 passed local documentation review and PR #57 online checks; P1 completion not claimed.\,v0.1,v0.1.\,header,factual-evidence-with-declared-scope,recorded-snapshot,"P1-W12, 2026-09-26.\",docs/stages/p1/verification/p1-w12-p1-documentation-handoff-verification.md#header,docs/development/documentation-baseline.md;docs/development/stage-workflow.md,,not-applicable,,,phase1-conservative-routing-classified,pending,Codex,2026-09-28,No fresh runtime or retained-artifact verification in phase 1.
f5b23932e7d2036811b2f9e89a9b71c174e4f5b4,docs/stages/p2/README.md,2b5191e1dbbd8e457049751351973a8f92fb3434,2b5191e1dbbd8e457049751351973a8f92fb3434,unchanged,original-963,p2,stage-navigation,source-en,docs/stages/p2/README.md,not-declared,not-declared,,git-blob-only,routing-only,index,P2 stage maintainers,routing responsibility; no named person asserted,docs/development/documentation-baseline.md;docs/development/stage-workflow.md,,not-applicable,,,phase1-conservative-routing-classified,pending,Codex,2026-09-28,
f5b23932e7d2036811b2f9e89a9b71c174e4f5b4,docs/stages/p2/README.zh-CN.md,d9c31fdfd8ae55893075e80ca07e9121af65b226,d9c31fdfd8ae55893075e80ca07e9121af65b226,unchanged,original-963,p2,stage-navigation,translation-zh-CN,docs/stages/p2/README.md,not-declared,not-declared,,git-blob-only,translation-no-independent-authority / routing-only,index,P2 stage maintainers,routing responsibility; no named person asserted,docs/development/documentation-baseline.md;docs/development/stage-workflow.md;docs/stages/p2/README.md,,blob-current,2b5191e1dbbd8e457049751351973a8f92fb3434,2b5191e1dbbd8e457049751351973a8f92fb3434,phase1-conservative-routing-classified,pending,Codex,2026-09-28,Blob currency does not prove faithful semantic translation.
f5b23932e7d2036811b2f9e89a9b71c174e4f5b4,docs/stages/p2/implementation/README.md,cd796c9c7e1d4994ee5c7916a6ea54abac813676,cd796c9c7e1d4994ee5c7916a6ea54abac813676,unchanged,original-963,p2,stage-implementation-index,source-en,docs/stages/p2/implementation/README.md,W01/W02 implemented in their bounded reference scope; W03 map implemented with host and bounded runtime evidence; W04–W10 remain proposed designs. This is not whole-P2 completion.,not-declared,,git-blob-only,routing-and-factual-context,index,P2 stage maintainers,routing responsibility; no named person asserted,docs/development/documentation-baseline.md;docs/development/stage-workflow.md,,not-applicable,,,phase1-conservative-routing-classified,pending,Codex,2026-09-28,
f5b23932e7d2036811b2f9e89a9b71c174e4f5b4,docs/stages/p2/implementation/p2-contract-reconciliation-record.md,5fb66ba1dcda29772cc18ebad2281edb9806c6c6,5fb66ba1dcda29772cc18ebad2281edb9806c6c6,unchanged,original-963,p2,L5-implementation-record,source-en,docs/stages/p2/implementation/p2-contract-reconciliation-record.md,Documentation revision authorized by the user's accepted audit plan; not allocator implementation or package-completion evidence.\,v0.1,v0.1\,header,factual-record-no-new-policy,historical-W03-snapshot-with-successor,"P2 documentation reconciliation, 2026-09-27.\",docs/stages/p2/implementation/p2-contract-reconciliation-record.md#header,docs/development/documentation-baseline.md;docs/development/stage-workflow.md;docs/stages/p2/verification/p2-w03-runtime-verification.md,,not-applicable,,,phase1-conservative-routing-classified,pending,Codex,2026-09-28,W03 runtime successor governs its later bounded closure; W04 remains open.
f5b23932e7d2036811b2f9e89a9b71c174e4f5b4,docs/stages/p2/implementation/p2-w01-boot-platform-description-intake-record.md,2146412401153a9bf41a4c1b9fa4db474391e1b0,2146412401153a9bf41a4c1b9fa4db474391e1b0,unchanged,original-963,p2,L5-implementation-record,source-en,docs/stages/p2/implementation/p2-w01-boot-platform-description-intake-record.md,Implemented within the declared reference boot scope; evidence is in the [verification record](../verification/p2-w01-boot-platform-description-intake-verification.md).,v0.1,v0.1,header,factual-record-no-new-policy,recorded-snapshot,"P2-W01, 2026-09-26.",docs/stages/p2/implementation/p2-w01-boot-platform-description-intake-record.md#header,docs/development/documentation-baseline.md;docs/development/stage-workflow.md,docs/stages/p2/implementation/p2-w01-boot-platform-description-intake/00-current-baseline-amendment.md,not-applicable,,,phase1-conservative-routing-classified,pending,Codex,2026-09-28,
f5b23932e7d2036811b2f9e89a9b71c174e4f5b4,docs/stages/p2/implementation/p2-w01-boot-platform-description-intake/00-current-baseline-amendment.md,0fe6987d6d0385122f027f9e93ba0853dc060b2e,0fe6987d6d0385122f027f9e93ba0853dc060b2e,unchanged,original-963,p2,L4-design-or-amendment,source-en,docs/stages/p2/implementation/p2-w01-boot-platform-description-intake/00-current-baseline-amendment.md,Implementation design authorized by the request to resolve the P2-W01/W02 prerequisite conflict.,v0.1,v0.1,header,conditional-design-approval-not-certified,amended-or-selected-design,"P2-W01, 2026-09-26.",docs/stages/p2/implementation/p2-w01-boot-platform-description-intake/00-current-baseline-amendment.md#header,docs/development/documentation-baseline.md;docs/development/stage-workflow.md;docs/stages/p2/implementation/p2-w01-boot-platform-description-intake/README.md,docs/stages/p2/implementation/p2-w01-boot-platform-description-intake/00-current-baseline-amendment.md,not-applicable,,,phase1-conservative-routing-classified,pending,Codex,2026-09-28,
f5b23932e7d2036811b2f9e89a9b71c174e4f5b4,docs/stages/p2/implementation/p2-w01-boot-platform-description-intake/01-intake-boundary.md,17fc855107f12184e33d2ca2b8def9579614e56a,17fc855107f12184e33d2ca2b8def9579614e56a,unchanged,original-963,p2,L4-design-or-amendment,source-en,docs/stages/p2/implementation/p2-w01-boot-platform-description-intake/01-intake-boundary.md,Proposed detailed design; implementation not claimed.,not-declared,,git-blob-only,conditional-design-approval-not-certified,proposed-design,P2-W01 implementation handoff.,docs/stages/p2/implementation/p2-w01-boot-platform-description-intake/README.md#header,docs/development/documentation-baseline.md;docs/development/stage-workflow.md;docs/stages/p2/implementation/p2-w01-boot-platform-description-intake/README.md,docs/stages/p2/implementation/p2-w01-boot-platform-description-intake/00-current-baseline-amendment.md,not-applicable,,,phase1-conservative-routing-classified,pending,Codex,2026-09-28,
f5b23932e7d2036811b2f9e89a9b71c174e4f5b4,docs/stages/p2/implementation/p2-w01-boot-platform-description-intake/02-architecture-and-state.md,0e0a1aac6041d0df277259803b4724d2c84967ce,0e0a1aac6041d0df277259803b4724d2c84967ce,unchanged,original-963,p2,L4-design-or-amendment,source-en,docs/stages/p2/implementation/p2-w01-boot-platform-description-intake/02-architecture-and-state.md,Proposed detailed design; implementation not claimed.,not-declared,,git-blob-only,conditional-design-approval-not-certified,proposed-design,P2-W01 implementation handoff.,docs/stages/p2/implementation/p2-w01-boot-platform-description-intake/README.md#header,docs/development/documentation-baseline.md;docs/development/stage-workflow.md;docs/stages/p2/implementation/p2-w01-boot-platform-description-intake/README.md,docs/stages/p2/implementation/p2-w01-boot-platform-description-intake/00-current-baseline-amendment.md,not-applicable,,,phase1-conservative-routing-classified,pending,Codex,2026-09-28,
f5b23932e7d2036811b2f9e89a9b71c174e4f5b4,docs/stages/p2/implementation/p2-w01-boot-platform-description-intake/03-code-contracts-intake.md,a1ea4e0dc67e1be430799fb48483b86ecc1bd19c,a1ea4e0dc67e1be430799fb48483b86ecc1bd19c,unchanged,original-963,p2,L4-design-or-amendment,source-en,docs/stages/p2/implementation/p2-w01-boot-platform-description-intake/03-code-contracts-intake.md,Proposed detailed design; implementation not claimed.,not-declared,,git-blob-only,conditional-design-approval-not-certified,proposed-design,P2-W01 implementation handoff.,docs/stages/p2/implementation/p2-w01-boot-platform-description-intake/README.md#header,docs/development/documentation-baseline.md;docs/development/stage-workflow.md;docs/stages/p2/implementation/p2-w01-boot-platform-description-intake/README.md,docs/stages/p2/implementation/p2-w01-boot-platform-description-intake/00-current-baseline-amendment.md,not-applicable,,,phase1-conservative-routing-classified,pending,Codex,2026-09-28,
f5b23932e7d2036811b2f9e89a9b71c174e4f5b4,docs/stages/p2/implementation/p2-w01-boot-platform-description-intake/04-implementation-workflow.md,bfa5457523d2404d78efabc2c9ef06922635d9f8,bfa5457523d2404d78efabc2c9ef06922635d9f8,unchanged,original-963,p2,L4-design-or-amendment,source-en,docs/stages/p2/implementation/p2-w01-boot-platform-description-intake/04-implementation-workflow.md,Proposed detailed design; implementation not claimed.,not-declared,,git-blob-only,conditional-design-approval-not-certified,proposed-design,P2-W01 implementation handoff.,docs/stages/p2/implementation/p2-w01-boot-platform-description-intake/README.md#header,docs/development/documentation-baseline.md;docs/development/stage-workflow.md;docs/stages/p2/implementation/p2-w01-boot-platform-description-intake/README.md,docs/stages/p2/implementation/p2-w01-boot-platform-description-intake/00-current-baseline-amendment.md,not-applicable,,,phase1-conservative-routing-classified,pending,Codex,2026-09-28,
f5b23932e7d2036811b2f9e89a9b71c174e4f5b4,docs/stages/p2/implementation/p2-w01-boot-platform-description-intake/05-validation-and-handoff.md,b5e956c346988ab0f8b8ce5b565773b543292c6c,b5e956c346988ab0f8b8ce5b565773b543292c6c,unchanged,original-963,p2,L4-design-or-amendment,source-en,docs/stages/p2/implementation/p2-w01-boot-platform-description-intake/05-validation-and-handoff.md,Proposed detailed design; implementation not claimed.,not-declared,,git-blob-only,conditional-design-approval-not-certified,proposed-design,P2-W01 implementation handoff.,docs/stages/p2/implementation/p2-w01-boot-platform-description-intake/README.md#header,docs/development/documentation-baseline.md;docs/development/stage-workflow.md;docs/stages/p2/implementation/p2-w01-boot-platform-description-intake/README.md,docs/stages/p2/implementation/p2-w01-boot-platform-description-intake/00-current-baseline-amendment.md,not-applicable,,,phase1-conservative-routing-classified,pending,Codex,2026-09-28,
f5b23932e7d2036811b2f9e89a9b71c174e4f5b4,docs/stages/p2/implementation/p2-w01-boot-platform-description-intake/README.md,3a265306da827d899b1103a6899ea052b8e47bf5,3a265306da827d899b1103a6899ea052b8e47bf5,unchanged,original-963,p2,L4-design-or-amendment,source-en,docs/stages/p2/implementation/p2-w01-boot-platform-description-intake/README.md,Original design with implemented current-baseline amendment; completion evidence remains in the linked verification record.\,not-declared,,git-blob-only,conditional-design-approval-not-certified,amended-or-selected-design,P2-W01 implementation handoff.,docs/stages/p2/implementation/p2-w01-boot-platform-description-intake/README.md#header,docs/development/documentation-baseline.md;docs/development/stage-workflow.md;docs/stages/p2/implementation/p2-w01-boot-platform-description-intake/README.md,docs/stages/p2/implementation/p2-w01-boot-platform-description-intake/00-current-baseline-amendment.md,not-applicable,,,phase1-conservative-routing-classified,pending,Codex,2026-09-28,
f5b23932e7d2036811b2f9e89a9b71c174e4f5b4,docs/stages/p2/implementation/p2-w01-w02-prerequisite-conflict.md,a7911e6399eb5975f94ffc28695827eb508a9fa8,a7911e6399eb5975f94ffc28695827eb508a9fa8,unchanged,original-963,p2,audit-or-reconciliation-note,source-en,docs/stages/p2/implementation/p2-w01-w02-prerequisite-conflict.md,Resolved by the P2-W01 current-baseline amendment and implementation.,v0.1,v0.1,header,routing-and-factual-context,dated-audit,"P2-W01/W02 current-state audit, 2026-09-26.",docs/stages/p2/implementation/p2-w01-w02-prerequisite-conflict.md#header,docs/development/documentation-baseline.md;docs/development/stage-workflow.md,docs/stages/p2/implementation/p2-w01-boot-platform-description-intake/00-current-baseline-amendment.md,not-applicable,,,phase1-conservative-routing-classified,pending,Codex,2026-09-28,
f5b23932e7d2036811b2f9e89a9b71c174e4f5b4,docs/stages/p2/implementation/p2-w02-platform-discovery-normalization-record.md,a041314cf629671541d986b989b6b227bcf80945,a041314cf629671541d986b989b6b227bcf80945,unchanged,original-963,p2,L5-implementation-record,source-en,docs/stages/p2/implementation/p2-w02-platform-discovery-normalization-record.md,Implemented; bounded host and reference-QEMU evidence is in the [verification record](../verification/p2-w02-platform-discovery-normalization-verification.md).,v0.1,v0.1,header,factual-record-no-new-policy,recorded-snapshot,"P2-W02, 2026-09-26.",docs/stages/p2/implementation/p2-w02-platform-discovery-normalization-record.md#header,docs/development/documentation-baseline.md;docs/development/stage-workflow.md,docs/stages/p2/implementation/p2-w01-boot-platform-description-intake/00-current-baseline-amendment.md,not-applicable,,,phase1-conservative-routing-classified,pending,Codex,2026-09-28,
f5b23932e7d2036811b2f9e89a9b71c174e4f5b4,docs/stages/p2/implementation/p2-w02-platform-discovery-normalization/01-scope-and-foundations.md,43c66772832cef99884bbf1f99c3c428cb144317,43c66772832cef99884bbf1f99c3c428cb144317,unchanged,original-963,p2,L4-design-or-amendment,source-en,docs/stages/p2/implementation/p2-w02-platform-discovery-normalization/01-scope-and-foundations.md,Proposed detailed design; implementation not claimed.,not-declared,,git-blob-only,conditional-design-approval-not-certified,proposed-design,P2-W02 implementation handoff.,docs/stages/p2/implementation/p2-w02-platform-discovery-normalization/README.md#header,docs/development/documentation-baseline.md;docs/development/stage-workflow.md;docs/stages/p2/implementation/p2-w02-platform-discovery-normalization/README.md,docs/stages/p2/implementation/p2-w01-boot-platform-description-intake/00-current-baseline-amendment.md,not-applicable,,,phase1-conservative-routing-classified,pending,Codex,2026-09-28,
f5b23932e7d2036811b2f9e89a9b71c174e4f5b4,docs/stages/p2/implementation/p2-w02-platform-discovery-normalization/02-architecture-and-state.md,40af4284215ada0f5b144b624473e1c8a7b3e303,40af4284215ada0f5b144b624473e1c8a7b3e303,unchanged,original-963,p2,L4-design-or-amendment,source-en,docs/stages/p2/implementation/p2-w02-platform-discovery-normalization/02-architecture-and-state.md,Proposed detailed design; implementation not claimed.,not-declared,,git-blob-only,conditional-design-approval-not-certified,proposed-design,P2-W02 implementation handoff.,docs/stages/p2/implementation/p2-w02-platform-discovery-normalization/README.md#header,docs/development/documentation-baseline.md;docs/development/stage-workflow.md;docs/stages/p2/implementation/p2-w02-platform-discovery-normalization/README.md,docs/stages/p2/implementation/p2-w01-boot-platform-description-intake/00-current-baseline-amendment.md,not-applicable,,,phase1-conservative-routing-classified,pending,Codex,2026-09-28,
f5b23932e7d2036811b2f9e89a9b71c174e4f5b4,docs/stages/p2/implementation/p2-w02-platform-discovery-normalization/03-code-contracts-decoders.md,244f40ec35264fda62a8170d13a48bd0e3b9075c,244f40ec35264fda62a8170d13a48bd0e3b9075c,unchanged,original-963,p2,L4-design-or-amendment,source-en,docs/stages/p2/implementation/p2-w02-platform-discovery-normalization/03-code-contracts-decoders.md,Proposed detailed design; implementation not claimed.,not-declared,,git-blob-only,conditional-design-approval-not-certified,proposed-design,P2-W02 implementation handoff.,docs/stages/p2/implementation/p2-w02-platform-discovery-normalization/README.md#header,docs/development/documentation-baseline.md;docs/development/stage-workflow.md;docs/stages/p2/implementation/p2-w02-platform-discovery-normalization/README.md,docs/stages/p2/implementation/p2-w01-boot-platform-description-intake/00-current-baseline-amendment.md,not-applicable,,,phase1-conservative-routing-classified,pending,Codex,2026-09-28,
f5b23932e7d2036811b2f9e89a9b71c174e4f5b4,docs/stages/p2/implementation/p2-w02-platform-discovery-normalization/04-code-contracts-facts.md,a77107c7c58cfee276655f4dc2ff3a296ba2a78c,a77107c7c58cfee276655f4dc2ff3a296ba2a78c,unchanged,original-963,p2,L4-design-or-amendment,source-en,docs/stages/p2/implementation/p2-w02-platform-discovery-normalization/04-code-contracts-facts.md,Proposed detailed design; implementation not claimed.,not-declared,,git-blob-only,conditional-design-approval-not-certified,proposed-design,P2-W02 implementation handoff.,docs/stages/p2/implementation/p2-w02-platform-discovery-normalization/README.md#header,docs/development/documentation-baseline.md;docs/development/stage-workflow.md;docs/stages/p2/implementation/p2-w02-platform-discovery-normalization/README.md,docs/stages/p2/implementation/p2-w01-boot-platform-description-intake/00-current-baseline-amendment.md,not-applicable,,,phase1-conservative-routing-classified,pending,Codex,2026-09-28,
f5b23932e7d2036811b2f9e89a9b71c174e4f5b4,docs/stages/p2/implementation/p2-w02-platform-discovery-normalization/05-implementation-workflow.md,68bebacc155701df42c20cd60a46bb39cc64814b,68bebacc155701df42c20cd60a46bb39cc64814b,unchanged,original-963,p2,L4-design-or-amendment,source-en,docs/stages/p2/implementation/p2-w02-platform-discovery-normalization/05-implementation-workflow.md,Proposed detailed design; implementation not claimed.,not-declared,,git-blob-only,conditional-design-approval-not-certified,proposed-design,P2-W02 implementation handoff.,docs/stages/p2/implementation/p2-w02-platform-discovery-normalization/README.md#header,docs/development/documentation-baseline.md;docs/development/stage-workflow.md;docs/stages/p2/implementation/p2-w02-platform-discovery-normalization/README.md,docs/stages/p2/implementation/p2-w01-boot-platform-description-intake/00-current-baseline-amendment.md,not-applicable,,,phase1-conservative-routing-classified,pending,Codex,2026-09-28,
f5b23932e7d2036811b2f9e89a9b71c174e4f5b4,docs/stages/p2/implementation/p2-w02-platform-discovery-normalization/06-validation-and-handoff.md,beb94ad29a1a4b6ead9baf319526453aa23105d2,beb94ad29a1a4b6ead9baf319526453aa23105d2,unchanged,original-963,p2,L4-design-or-amendment,source-en,docs/stages/p2/implementation/p2-w02-platform-discovery-normalization/06-validation-and-handoff.md,Proposed detailed design; implementation not claimed.,not-declared,,git-blob-only,conditional-design-approval-not-certified,proposed-design,P2-W02 implementation handoff.,docs/stages/p2/implementation/p2-w02-platform-discovery-normalization/README.md#header,docs/development/documentation-baseline.md;docs/development/stage-workflow.md;docs/stages/p2/implementation/p2-w02-platform-discovery-normalization/README.md,docs/stages/p2/implementation/p2-w01-boot-platform-description-intake/00-current-baseline-amendment.md,not-applicable,,,phase1-conservative-routing-classified,pending,Codex,2026-09-28,
f5b23932e7d2036811b2f9e89a9b71c174e4f5b4,docs/stages/p2/implementation/p2-w02-platform-discovery-normalization/README.md,5d1c58e50331cc6963825efe23e2608979c3553c,5d1c58e50331cc6963825efe23e2608979c3553c,unchanged,original-963,p2,L4-design-or-amendment,source-en,docs/stages/p2/implementation/p2-w02-platform-discovery-normalization/README.md,Original design with implemented current-baseline amendment; completion evidence remains in the linked verification record.\,not-declared,,git-blob-only,conditional-design-approval-not-certified,amended-or-selected-design,P2-W02 implementation handoff.,docs/stages/p2/implementation/p2-w02-platform-discovery-normalization/README.md#header,docs/development/documentation-baseline.md;docs/development/stage-workflow.md;docs/stages/p2/implementation/p2-w02-platform-discovery-normalization/README.md,docs/stages/p2/implementation/p2-w01-boot-platform-description-intake/00-current-baseline-amendment.md,not-applicable,,,phase1-conservative-routing-classified,pending,Codex,2026-09-28,
f5b23932e7d2036811b2f9e89a9b71c174e4f5b4,docs/stages/p2/implementation/p2-w03-boot-memory-map-ownership-record.md,8836389722c06171ecf3be5f7e00075e01eeb9d2,8836389722c06171ecf3be5f7e00075e01eeb9d2,unchanged,original-963,p2,L5-implementation-record,source-en,docs/stages/p2/implementation/p2-w03-boot-memory-map-ownership-record.md,Implementation record; validation and closure scope are in the [verification record](../verification/p2-w03-boot-memory-map-ownership-verification.md).,v0.1,v0.1,header,factual-record-no-new-policy,recorded-snapshot,"User-requested P2-W03 implementation, 2026-09-27.",docs/stages/p2/implementation/p2-w03-boot-memory-map-ownership-record.md#header,docs/development/documentation-baseline.md;docs/development/stage-workflow.md,,not-applicable,,,phase1-conservative-routing-classified,pending,Codex,2026-09-28,
f5b23932e7d2036811b2f9e89a9b71c174e4f5b4,docs/stages/p2/implementation/p2-w03-boot-memory-map-ownership/01-scope-and-foundations.md,c251bb2808d27d964155af26fd7128690d1f9644,c251bb2808d27d964155af26fd7128690d1f9644,unchanged,original-963,p2,L4-design-or-amendment,source-en,docs/stages/p2/implementation/p2-w03-boot-memory-map-ownership/01-scope-and-foundations.md,Detailed design selected for the user-requested W03 implementation; see the [implementation record](../p2-w03-boot-memory-map-ownership-record.md).,not-declared,,git-blob-only,conditional-design-approval-not-certified,amended-or-selected-design,P2-W03 implementation handoff.,docs/stages/p2/implementation/p2-w03-boot-memory-map-ownership/README.md#header,docs/development/documentation-baseline.md;docs/development/stage-workflow.md;docs/stages/p2/implementation/p2-w03-boot-memory-map-ownership/README.md,docs/stages/p2/implementation/p2-w03-boot-memory-map-ownership/06-runtime-storage-and-handoff.md,not-applicable,,,phase1-conservative-routing-classified,pending,Codex,2026-09-28,
f5b23932e7d2036811b2f9e89a9b71c174e4f5b4,docs/stages/p2/implementation/p2-w03-boot-memory-map-ownership/02-architecture-and-state.md,654a979a58e6bf453a5a9fb605a92d3b9adcab4e,654a979a58e6bf453a5a9fb605a92d3b9adcab4e,unchanged,original-963,p2,L4-design-or-amendment,source-en,docs/stages/p2/implementation/p2-w03-boot-memory-map-ownership/02-architecture-and-state.md,Detailed design selected for the user-requested W03 implementation; see the [implementation record](../p2-w03-boot-memory-map-ownership-record.md).,not-declared,,git-blob-only,conditional-design-approval-not-certified,amended-or-selected-design,P2-W03 implementation handoff.,docs/stages/p2/implementation/p2-w03-boot-memory-map-ownership/README.md#header,docs/development/documentation-baseline.md;docs/development/stage-workflow.md;docs/stages/p2/implementation/p2-w03-boot-memory-map-ownership/README.md,docs/stages/p2/implementation/p2-w03-boot-memory-map-ownership/06-runtime-storage-and-handoff.md,not-applicable,,,phase1-conservative-routing-classified,pending,Codex,2026-09-28,
f5b23932e7d2036811b2f9e89a9b71c174e4f5b4,docs/stages/p2/implementation/p2-w03-boot-memory-map-ownership/03-code-contracts-bootmap.md,f5ce4b1504ef381415002fe9b92db13cc6bfd95a,f5ce4b1504ef381415002fe9b92db13cc6bfd95a,unchanged,original-963,p2,L4-design-or-amendment,source-en,docs/stages/p2/implementation/p2-w03-boot-memory-map-ownership/03-code-contracts-bootmap.md,Detailed design selected for the user-requested W03 implementation; see the [implementation record](../p2-w03-boot-memory-map-ownership-record.md).,not-declared,,git-blob-only,conditional-design-approval-not-certified,amended-or-selected-design,P2-W03 implementation handoff.,docs/stages/p2/implementation/p2-w03-boot-memory-map-ownership/README.md#header,docs/development/documentation-baseline.md;docs/development/stage-workflow.md;docs/stages/p2/implementation/p2-w03-boot-memory-map-ownership/README.md,docs/stages/p2/implementation/p2-w03-boot-memory-map-ownership/06-runtime-storage-and-handoff.md,not-applicable,,,phase1-conservative-routing-classified,pending,Codex,2026-09-28,
f5b23932e7d2036811b2f9e89a9b71c174e4f5b4,docs/stages/p2/implementation/p2-w03-boot-memory-map-ownership/04-implementation-workflow.md,81a2e05ba90d953cd33f3313256b81bdfa9363e8,81a2e05ba90d953cd33f3313256b81bdfa9363e8,unchanged,original-963,p2,L4-design-or-amendment,source-en,docs/stages/p2/implementation/p2-w03-boot-memory-map-ownership/04-implementation-workflow.md,Detailed design selected for the user-requested W03 implementation; see the [implementation record](../p2-w03-boot-memory-map-ownership-record.md).,not-declared,,git-blob-only,conditional-design-approval-not-certified,amended-or-selected-design,P2-W03 implementation handoff.,docs/stages/p2/implementation/p2-w03-boot-memory-map-ownership/README.md#header,docs/development/documentation-baseline.md;docs/development/stage-workflow.md;docs/stages/p2/implementation/p2-w03-boot-memory-map-ownership/README.md,docs/stages/p2/implementation/p2-w03-boot-memory-map-ownership/06-runtime-storage-and-handoff.md,not-applicable,,,phase1-conservative-routing-classified,pending,Codex,2026-09-28,
f5b23932e7d2036811b2f9e89a9b71c174e4f5b4,docs/stages/p2/implementation/p2-w03-boot-memory-map-ownership/05-validation-and-handoff.md,9b3cd1b94a12dda853d168460ea47b231d1c3367,9b3cd1b94a12dda853d168460ea47b231d1c3367,unchanged,original-963,p2,L4-design-or-amendment,source-en,docs/stages/p2/implementation/p2-w03-boot-memory-map-ownership/05-validation-and-handoff.md,Detailed design selected for the user-requested W03 implementation; see the [implementation record](../p2-w03-boot-memory-map-ownership-record.md).,not-declared,,git-blob-only,conditional-design-approval-not-certified,amended-or-selected-design,P2-W03 implementation handoff.,docs/stages/p2/implementation/p2-w03-boot-memory-map-ownership/README.md#header,docs/development/documentation-baseline.md;docs/development/stage-workflow.md;docs/stages/p2/implementation/p2-w03-boot-memory-map-ownership/README.md,docs/stages/p2/implementation/p2-w03-boot-memory-map-ownership/06-runtime-storage-and-handoff.md,not-applicable,,,phase1-conservative-routing-classified,pending,Codex,2026-09-28,
f5b23932e7d2036811b2f9e89a9b71c174e4f5b4,docs/stages/p2/implementation/p2-w03-boot-memory-map-ownership/06-runtime-storage-and-handoff.md,4e150434d8c441b2199f96706bfc88c51d7c6bef,4e150434d8c441b2199f96706bfc88c51d7c6bef,unchanged,original-963,p2,L4-design-or-amendment,source-en,docs/stages/p2/implementation/p2-w03-boot-memory-map-ownership/06-runtime-storage-and-handoff.md,"Detailed design authorized by the user's request to finish W03's own storage, lifetime and boot integration; implementation evidence is separate.",v0.1,v0.1,header,conditional-design-approval-not-certified,amended-or-selected-design,"W03 completion correction, 2026-09-27.",docs/stages/p2/implementation/p2-w03-boot-memory-map-ownership/06-runtime-storage-and-handoff.md#header,docs/development/documentation-baseline.md;docs/development/stage-workflow.md;docs/stages/p2/implementation/p2-w03-boot-memory-map-ownership/README.md,docs/stages/p2/implementation/p2-w03-boot-memory-map-ownership/06-runtime-storage-and-handoff.md,not-applicable,,,phase1-conservative-routing-classified,pending,Codex,2026-09-28,
f5b23932e7d2036811b2f9e89a9b71c174e4f5b4,docs/stages/p2/implementation/p2-w03-boot-memory-map-ownership/README.md,a375fbd0b0281975e886d8ee41526cc3f5fff701,a375fbd0b0281975e886d8ee41526cc3f5fff701,unchanged,original-963,p2,L4-design-or-amendment,source-en,docs/stages/p2/implementation/p2-w03-boot-memory-map-ownership/README.md,Detailed design selected for the user-requested W03 implementation; see the [implementation record](../p2-w03-boot-memory-map-ownership-record.md) and its linked verification for actual delivery scope.,v0.4,v0.4\,header,conditional-design-approval-not-certified,amended-or-selected-design,P2-W03 implementation handoff.,docs/stages/p2/implementation/p2-w03-boot-memory-map-ownership/README.md#header,docs/development/documentation-baseline.md;docs/development/stage-workflow.md;docs/stages/p2/implementation/p2-w03-boot-memory-map-ownership/README.md,docs/stages/p2/implementation/p2-w03-boot-memory-map-ownership/06-runtime-storage-and-handoff.md,not-applicable,,,phase1-conservative-routing-classified,pending,Codex,2026-09-28,
f5b23932e7d2036811b2f9e89a9b71c174e4f5b4,docs/stages/p2/implementation/p2-w03-runtime-record.md,99634cfd4022f0145edbebaa683ae7f0e06946c5,99634cfd4022f0145edbebaa683ae7f0e06946c5,unchanged,original-963,p2,L5-implementation-record,source-en,docs/stages/p2/implementation/p2-w03-runtime-record.md,Implementation record; closure evidence is in the linked verification.,v0.1,v0.1,header,factual-record-no-new-policy,recorded-snapshot,"User-requested completion correction, 2026-09-27.",docs/stages/p2/implementation/p2-w03-runtime-record.md#header,docs/development/documentation-baseline.md;docs/development/stage-workflow.md,,not-applicable,,,phase1-conservative-routing-classified,pending,Codex,2026-09-28,
f5b23932e7d2036811b2f9e89a9b71c174e4f5b4,docs/stages/p2/implementation/p2-w03-w04-design-conflicts.md,58701f586bfc07dc71ee335743f2e6b99a9057b8,58701f586bfc07dc71ee335743f2e6b99a9057b8,unchanged,original-963,p2,audit-or-reconciliation-note,source-en,docs/stages/p2/implementation/p2-w03-w04-design-conflicts.md,Original audit retained; documentation contradictions revised. Detailed-design and runtime foundations remain open per the disposition below.,v0.2,v0.2,header,routing-and-factual-context,historical-W03-snapshot-with-successor,"P2-W03/W04 request, 2026-09-27.",docs/stages/p2/implementation/p2-w03-w04-design-conflicts.md#header,docs/development/documentation-baseline.md;docs/development/stage-workflow.md;docs/stages/p2/verification/p2-w03-runtime-verification.md,,not-applicable,,,phase1-conservative-routing-classified,pending,Codex,2026-09-28,W03 runtime successor governs its later bounded closure; W04 remains open.
f5b23932e7d2036811b2f9e89a9b71c174e4f5b4,docs/stages/p2/implementation/p2-w04-physical-page-allocation/01-scope-and-foundations.md,086368ee1901a5870e816ca5c95adfa49f6e2af4,086368ee1901a5870e816ca5c95adfa49f6e2af4,unchanged,original-963,p2,L4-design-or-amendment,source-en,docs/stages/p2/implementation/p2-w04-physical-page-allocation/01-scope-and-foundations.md,Proposed detailed design; implementation not claimed.,not-declared,,git-blob-only,conditional-design-approval-not-certified,proposed-design,P2-W04 implementation handoff.,docs/stages/p2/implementation/p2-w04-physical-page-allocation/README.md#header,docs/development/documentation-baseline.md;docs/development/stage-workflow.md;docs/stages/p2/implementation/p2-w04-physical-page-allocation/README.md,,not-applicable,,,phase1-conservative-routing-classified,pending,Codex,2026-09-28,
f5b23932e7d2036811b2f9e89a9b71c174e4f5b4,docs/stages/p2/implementation/p2-w04-physical-page-allocation/02-architecture-and-state.md,461e35f90b8c52cc03bc8d620b02d540f44cc774,461e35f90b8c52cc03bc8d620b02d540f44cc774,unchanged,original-963,p2,L4-design-or-amendment,source-en,docs/stages/p2/implementation/p2-w04-physical-page-allocation/02-architecture-and-state.md,Proposed detailed design; W04-LAYOUT and W04-MAP remain admission gates.\,v0.2,v0.2; 2026-09-27 contract reconciliation; no implementation claimed.,header,conditional-design-approval-not-certified,proposed-design,P2-W04 implementation handoff.,docs/stages/p2/implementation/p2-w04-physical-page-allocation/README.md#header,docs/development/documentation-baseline.md;docs/development/stage-workflow.md;docs/stages/p2/implementation/p2-w04-physical-page-allocation/README.md,,not-applicable,,,phase1-conservative-routing-classified,pending,Codex,2026-09-28,
f5b23932e7d2036811b2f9e89a9b71c174e4f5b4,docs/stages/p2/implementation/p2-w04-physical-page-allocation/03-code-contracts-pagealloc.md,17c2a8aa59513bceb8b151c549610cc793297132,17c2a8aa59513bceb8b151c549610cc793297132,unchanged,original-963,p2,L4-design-or-amendment,source-en,docs/stages/p2/implementation/p2-w04-physical-page-allocation/03-code-contracts-pagealloc.md,"Proposed contracts; implementation blocked by W04-LAYOUT, target integration additionally blocked by W04-MAP.\",v0.2,v0.2; supersedes contradictory September 18 pseudocode.,header,conditional-design-approval-not-certified,proposed-design,P2-W04 implementation handoff.,docs/stages/p2/implementation/p2-w04-physical-page-allocation/README.md#header,docs/development/documentation-baseline.md;docs/development/stage-workflow.md;docs/stages/p2/implementation/p2-w04-physical-page-allocation/README.md,,not-applicable,,,phase1-conservative-routing-classified,pending,Codex,2026-09-28,
f5b23932e7d2036811b2f9e89a9b71c174e4f5b4,docs/stages/p2/implementation/p2-w04-physical-page-allocation/04-implementation-workflow.md,38a2e0b4368c98ba30a742abb4e577d6b9d277cb,38a2e0b4368c98ba30a742abb4e577d6b9d277cb,unchanged,original-963,p2,L4-design-or-amendment,source-en,docs/stages/p2/implementation/p2-w04-physical-page-allocation/04-implementation-workflow.md,Proposed detailed design; implementation not claimed.,not-declared,,git-blob-only,conditional-design-approval-not-certified,proposed-design,P2-W04 implementation handoff.,docs/stages/p2/implementation/p2-w04-physical-page-allocation/README.md#header,docs/development/documentation-baseline.md;docs/development/stage-workflow.md;docs/stages/p2/implementation/p2-w04-physical-page-allocation/README.md,,not-applicable,,,phase1-conservative-routing-classified,pending,Codex,2026-09-28,
f5b23932e7d2036811b2f9e89a9b71c174e4f5b4,docs/stages/p2/implementation/p2-w04-physical-page-allocation/05-validation-and-handoff.md,e936e335c8d58ba20228553b01dd7043a1c3e63a,e936e335c8d58ba20228553b01dd7043a1c3e63a,unchanged,original-963,p2,L4-design-or-amendment,source-en,docs/stages/p2/implementation/p2-w04-physical-page-allocation/05-validation-and-handoff.md,Proposed detailed design; implementation not claimed.,not-declared,,git-blob-only,conditional-design-approval-not-certified,proposed-design,P2-W04 implementation handoff.,docs/stages/p2/implementation/p2-w04-physical-page-allocation/README.md#header,docs/development/documentation-baseline.md;docs/development/stage-workflow.md;docs/stages/p2/implementation/p2-w04-physical-page-allocation/README.md,,not-applicable,,,phase1-conservative-routing-classified,pending,Codex,2026-09-28,
f5b23932e7d2036811b2f9e89a9b71c174e4f5b4,docs/stages/p2/implementation/p2-w04-physical-page-allocation/README.md,efefd6a9a56b66c38a31bc41c9568a1faf2a5df8,efefd6a9a56b66c38a31bc41c9568a1faf2a5df8,unchanged,original-963,p2,L4-design-or-amendment,source-en,docs/stages/p2/implementation/p2-w04-physical-page-allocation/README.md,Proposed detailed design; implementation and validation are not claimed.,v0.2,v0.2\,header,conditional-design-approval-not-certified,proposed-design,P2-W04 implementation handoff.,docs/stages/p2/implementation/p2-w04-physical-page-allocation/README.md#header,docs/development/documentation-baseline.md;docs/development/stage-workflow.md;docs/stages/p2/implementation/p2-w04-physical-page-allocation/README.md,,not-applicable,,,phase1-conservative-routing-classified,pending,Codex,2026-09-28,
f5b23932e7d2036811b2f9e89a9b71c174e4f5b4,docs/stages/p2/implementation/p2-w05-dynamic-small-allocation/01-scope-and-foundations.md,7a0d52ba219961d09d4663e28206b655880e57da,7a0d52ba219961d09d4663e28206b655880e57da,unchanged,original-963,p2,L4-design-or-amendment,source-en,docs/stages/p2/implementation/p2-w05-dynamic-small-allocation/01-scope-and-foundations.md,Proposed detailed design; implementation not claimed.,not-declared,,git-blob-only,conditional-design-approval-not-certified,proposed-design,P2-W05 implementation handoff.,docs/stages/p2/implementation/p2-w05-dynamic-small-allocation/README.md#header,docs/development/documentation-baseline.md;docs/development/stage-workflow.md;docs/stages/p2/implementation/p2-w05-dynamic-small-allocation/README.md,,not-applicable,,,phase1-conservative-routing-classified,pending,Codex,2026-09-28,
f5b23932e7d2036811b2f9e89a9b71c174e4f5b4,docs/stages/p2/implementation/p2-w05-dynamic-small-allocation/02-architecture-and-state.md,8f1230aeb47574ac94dcb23a45dac58cc3adb277,8f1230aeb47574ac94dcb23a45dac58cc3adb277,unchanged,original-963,p2,L4-design-or-amendment,source-en,docs/stages/p2/implementation/p2-w05-dynamic-small-allocation/02-architecture-and-state.md,Proposed detailed design; implementation not claimed.,not-declared,,git-blob-only,conditional-design-approval-not-certified,proposed-design,P2-W05 implementation handoff.,docs/stages/p2/implementation/p2-w05-dynamic-small-allocation/README.md#header,docs/development/documentation-baseline.md;docs/development/stage-workflow.md;docs/stages/p2/implementation/p2-w05-dynamic-small-allocation/README.md,,not-applicable,,,phase1-conservative-routing-classified,pending,Codex,2026-09-28,
f5b23932e7d2036811b2f9e89a9b71c174e4f5b4,docs/stages/p2/implementation/p2-w05-dynamic-small-allocation/03-code-contracts-heap.md,4630ccf560f111f480c0955b97ba6da5716a6746,4630ccf560f111f480c0955b97ba6da5716a6746,unchanged,original-963,p2,L4-design-or-amendment,source-en,docs/stages/p2/implementation/p2-w05-dynamic-small-allocation/03-code-contracts-heap.md,Proposed detailed design; implementation not claimed.,not-declared,,git-blob-only,conditional-design-approval-not-certified,proposed-design,P2-W05 implementation handoff.,docs/stages/p2/implementation/p2-w05-dynamic-small-allocation/README.md#header,docs/development/documentation-baseline.md;docs/development/stage-workflow.md;docs/stages/p2/implementation/p2-w05-dynamic-small-allocation/README.md,,not-applicable,,,phase1-conservative-routing-classified,pending,Codex,2026-09-28,
f5b23932e7d2036811b2f9e89a9b71c174e4f5b4,docs/stages/p2/implementation/p2-w05-dynamic-small-allocation/04-implementation-workflow.md,80b106fcb2c0e856d449c931b28b553a3bac3f18,80b106fcb2c0e856d449c931b28b553a3bac3f18,unchanged,original-963,p2,L4-design-or-amendment,source-en,docs/stages/p2/implementation/p2-w05-dynamic-small-allocation/04-implementation-workflow.md,Proposed detailed design; implementation not claimed.,not-declared,,git-blob-only,conditional-design-approval-not-certified,proposed-design,P2-W05 implementation handoff.,docs/stages/p2/implementation/p2-w05-dynamic-small-allocation/README.md#header,docs/development/documentation-baseline.md;docs/development/stage-workflow.md;docs/stages/p2/implementation/p2-w05-dynamic-small-allocation/README.md,,not-applicable,,,phase1-conservative-routing-classified,pending,Codex,2026-09-28,
f5b23932e7d2036811b2f9e89a9b71c174e4f5b4,docs/stages/p2/implementation/p2-w05-dynamic-small-allocation/05-validation-and-handoff.md,a6f8537b47432e5ae878973cac9030dd979e98d8,a6f8537b47432e5ae878973cac9030dd979e98d8,unchanged,original-963,p2,L4-design-or-amendment,source-en,docs/stages/p2/implementation/p2-w05-dynamic-small-allocation/05-validation-and-handoff.md,Proposed detailed design; implementation not claimed.,not-declared,,git-blob-only,conditional-design-approval-not-certified,proposed-design,P2-W05 implementation handoff.,docs/stages/p2/implementation/p2-w05-dynamic-small-allocation/README.md#header,docs/development/documentation-baseline.md;docs/development/stage-workflow.md;docs/stages/p2/implementation/p2-w05-dynamic-small-allocation/README.md,,not-applicable,,,phase1-conservative-routing-classified,pending,Codex,2026-09-28,
f5b23932e7d2036811b2f9e89a9b71c174e4f5b4,docs/stages/p2/implementation/p2-w05-dynamic-small-allocation/README.md,477ca5d69b667cb3114767d0e9811f4e4a1d3ba6,477ca5d69b667cb3114767d0e9811f4e4a1d3ba6,unchanged,original-963,p2,L4-design-or-amendment,source-en,docs/stages/p2/implementation/p2-w05-dynamic-small-allocation/README.md,Proposed detailed design; implementation and validation are not claimed.,v0.2,v0.2\,header,conditional-design-approval-not-certified,proposed-design,P2-W05 implementation handoff.,docs/stages/p2/implementation/p2-w05-dynamic-small-allocation/README.md#header,docs/development/documentation-baseline.md;docs/development/stage-workflow.md;docs/stages/p2/implementation/p2-w05-dynamic-small-allocation/README.md,,not-applicable,,,phase1-conservative-routing-classified,pending,Codex,2026-09-28,
f5b23932e7d2036811b2f9e89a9b71c174e4f5b4,docs/stages/p2/implementation/p2-w06-platform-memory-inspection/01-scope-and-foundations.md,57122cba21db52df7efe4ca0359efc7d148c808f,57122cba21db52df7efe4ca0359efc7d148c808f,unchanged,original-963,p2,L4-design-or-amendment,source-en,docs/stages/p2/implementation/p2-w06-platform-memory-inspection/01-scope-and-foundations.md,Proposed detailed design; implementation not claimed.,not-declared,,git-blob-only,conditional-design-approval-not-certified,proposed-design,P2-W06 implementation handoff.,docs/stages/p2/implementation/p2-w06-platform-memory-inspection/README.md#header,docs/development/documentation-baseline.md;docs/development/stage-workflow.md;docs/stages/p2/implementation/p2-w06-platform-memory-inspection/README.md,,not-applicable,,,phase1-conservative-routing-classified,pending,Codex,2026-09-28,
f5b23932e7d2036811b2f9e89a9b71c174e4f5b4,docs/stages/p2/implementation/p2-w06-platform-memory-inspection/02-architecture-and-state.md,4e46acd3e6855e35304f3986e92fe903d7260a19,4e46acd3e6855e35304f3986e92fe903d7260a19,unchanged,original-963,p2,L4-design-or-amendment,source-en,docs/stages/p2/implementation/p2-w06-platform-memory-inspection/02-architecture-and-state.md,Proposed detailed design; implementation not claimed.,not-declared,,git-blob-only,conditional-design-approval-not-certified,proposed-design,P2-W06 implementation handoff.,docs/stages/p2/implementation/p2-w06-platform-memory-inspection/README.md#header,docs/development/documentation-baseline.md;docs/development/stage-workflow.md;docs/stages/p2/implementation/p2-w06-platform-memory-inspection/README.md,,not-applicable,,,phase1-conservative-routing-classified,pending,Codex,2026-09-28,
f5b23932e7d2036811b2f9e89a9b71c174e4f5b4,docs/stages/p2/implementation/p2-w06-platform-memory-inspection/03-code-contracts-inspection.md,15d52688fa98102dfeb4c90e1140377bb0c925d3,15d52688fa98102dfeb4c90e1140377bb0c925d3,unchanged,original-963,p2,L4-design-or-amendment,source-en,docs/stages/p2/implementation/p2-w06-platform-memory-inspection/03-code-contracts-inspection.md,Proposed detailed design; implementation not claimed.,not-declared,,git-blob-only,conditional-design-approval-not-certified,proposed-design,P2-W06 implementation handoff.,docs/stages/p2/implementation/p2-w06-platform-memory-inspection/README.md#header,docs/development/documentation-baseline.md;docs/development/stage-workflow.md;docs/stages/p2/implementation/p2-w06-platform-memory-inspection/README.md,,not-applicable,,,phase1-conservative-routing-classified,pending,Codex,2026-09-28,
f5b23932e7d2036811b2f9e89a9b71c174e4f5b4,docs/stages/p2/implementation/p2-w06-platform-memory-inspection/04-implementation-workflow.md,a26b8cd0799637153612b66b5d68f488e7f0ec5b,a26b8cd0799637153612b66b5d68f488e7f0ec5b,unchanged,original-963,p2,L4-design-or-amendment,source-en,docs/stages/p2/implementation/p2-w06-platform-memory-inspection/04-implementation-workflow.md,Proposed detailed design; implementation and validation are not claimed.,not-declared,,git-blob-only,conditional-design-approval-not-certified,proposed-design,P2-W06 implementation handoff.,docs/stages/p2/implementation/p2-w06-platform-memory-inspection/README.md#header,docs/development/documentation-baseline.md;docs/development/stage-workflow.md;docs/stages/p2/implementation/p2-w06-platform-memory-inspection/README.md,,not-applicable,,,phase1-conservative-routing-classified,pending,Codex,2026-09-28,
f5b23932e7d2036811b2f9e89a9b71c174e4f5b4,docs/stages/p2/implementation/p2-w06-platform-memory-inspection/05-validation-and-handoff.md,95c509989547bfc7bbd5d14ce769053e6b827683,95c509989547bfc7bbd5d14ce769053e6b827683,unchanged,original-963,p2,L4-design-or-amendment,source-en,docs/stages/p2/implementation/p2-w06-platform-memory-inspection/05-validation-and-handoff.md,Proposed detailed design; implementation and validation are not claimed.,not-declared,,git-blob-only,conditional-design-approval-not-certified,proposed-design,P2-W06 implementation handoff.,docs/stages/p2/implementation/p2-w06-platform-memory-inspection/README.md#header,docs/development/documentation-baseline.md;docs/development/stage-workflow.md;docs/stages/p2/implementation/p2-w06-platform-memory-inspection/README.md,,not-applicable,,,phase1-conservative-routing-classified,pending,Codex,2026-09-28,
f5b23932e7d2036811b2f9e89a9b71c174e4f5b4,docs/stages/p2/implementation/p2-w06-platform-memory-inspection/README.md,bec5ff8601404d74ce8b6d6e16bdefe3f37bb2d9,bec5ff8601404d74ce8b6d6e16bdefe3f37bb2d9,unchanged,original-963,p2,L4-design-or-amendment,source-en,docs/stages/p2/implementation/p2-w06-platform-memory-inspection/README.md,Proposed detailed design; implementation and validation are not claimed.,v0.2,v0.2\,header,conditional-design-approval-not-certified,proposed-design,P2-W06 implementation handoff.,docs/stages/p2/implementation/p2-w06-platform-memory-inspection/README.md#header,docs/development/documentation-baseline.md;docs/development/stage-workflow.md;docs/stages/p2/implementation/p2-w06-platform-memory-inspection/README.md,,not-applicable,,,phase1-conservative-routing-classified,pending,Codex,2026-09-28,
f5b23932e7d2036811b2f9e89a9b71c174e4f5b4,docs/stages/p2/implementation/p2-w07-offline-dtb-compatibility/01-scope-and-foundations.md,86b72dea7b5f0e22ba2ec505116eaa40f6552e49,86b72dea7b5f0e22ba2ec505116eaa40f6552e49,unchanged,original-963,p2,L4-design-or-amendment,source-en,docs/stages/p2/implementation/p2-w07-offline-dtb-compatibility/01-scope-and-foundations.md,Proposed detailed design; implementation not claimed.,not-declared,,git-blob-only,conditional-design-approval-not-certified,proposed-design,P2-W07 implementation handoff.,docs/stages/p2/implementation/p2-w07-offline-dtb-compatibility/README.md#header,docs/development/documentation-baseline.md;docs/development/stage-workflow.md;docs/stages/p2/implementation/p2-w07-offline-dtb-compatibility/README.md,,not-applicable,,,phase1-conservative-routing-classified,pending,Codex,2026-09-28,
f5b23932e7d2036811b2f9e89a9b71c174e4f5b4,docs/stages/p2/implementation/p2-w07-offline-dtb-compatibility/02-readiness-report-model.md,7b2acd7abc04e5c6146a93474ea9a2f65ef6ca0c,7b2acd7abc04e5c6146a93474ea9a2f65ef6ca0c,unchanged,original-963,p2,L4-design-or-amendment,source-en,docs/stages/p2/implementation/p2-w07-offline-dtb-compatibility/02-readiness-report-model.md,Proposed detailed design; implementation not claimed.,not-declared,,git-blob-only,conditional-design-approval-not-certified,proposed-design,P2-W07 implementation handoff.,docs/stages/p2/implementation/p2-w07-offline-dtb-compatibility/README.md#header,docs/development/documentation-baseline.md;docs/development/stage-workflow.md;docs/stages/p2/implementation/p2-w07-offline-dtb-compatibility/README.md,,not-applicable,,,phase1-conservative-routing-classified,pending,Codex,2026-09-28,
f5b23932e7d2036811b2f9e89a9b71c174e4f5b4,docs/stages/p2/implementation/p2-w07-offline-dtb-compatibility/03-fixture-and-expectation-matrix.md,2c27b92f3cd841ba9eeb00b0551bf8ccb1d73a97,2c27b92f3cd841ba9eeb00b0551bf8ccb1d73a97,unchanged,original-963,p2,L4-design-or-amendment,source-en,docs/stages/p2/implementation/p2-w07-offline-dtb-compatibility/03-fixture-and-expectation-matrix.md,Proposed detailed design; implementation not claimed.,not-declared,,git-blob-only,conditional-design-approval-not-certified,proposed-design,P2-W07 implementation handoff.,docs/stages/p2/implementation/p2-w07-offline-dtb-compatibility/README.md#header,docs/development/documentation-baseline.md;docs/development/stage-workflow.md;docs/stages/p2/implementation/p2-w07-offline-dtb-compatibility/README.md,,not-applicable,,,phase1-conservative-routing-classified,pending,Codex,2026-09-28,
f5b23932e7d2036811b2f9e89a9b71c174e4f5b4,docs/stages/p2/implementation/p2-w07-offline-dtb-compatibility/04-implementation-workflow.md,7c6ca030fda0ca4a92463a18535e78e3f5aed1b4,7c6ca030fda0ca4a92463a18535e78e3f5aed1b4,unchanged,original-963,p2,L4-design-or-amendment,source-en,docs/stages/p2/implementation/p2-w07-offline-dtb-compatibility/04-implementation-workflow.md,Proposed detailed design; implementation and validation are not claimed.,not-declared,,git-blob-only,conditional-design-approval-not-certified,proposed-design,P2-W07 implementation handoff.,docs/stages/p2/implementation/p2-w07-offline-dtb-compatibility/README.md#header,docs/development/documentation-baseline.md;docs/development/stage-workflow.md;docs/stages/p2/implementation/p2-w07-offline-dtb-compatibility/README.md,,not-applicable,,,phase1-conservative-routing-classified,pending,Codex,2026-09-28,
f5b23932e7d2036811b2f9e89a9b71c174e4f5b4,docs/stages/p2/implementation/p2-w07-offline-dtb-compatibility/05-validation-and-handoff.md,1bcd28acb36fea3d268694252e92c1c568cefff0,1bcd28acb36fea3d268694252e92c1c568cefff0,unchanged,original-963,p2,L4-design-or-amendment,source-en,docs/stages/p2/implementation/p2-w07-offline-dtb-compatibility/05-validation-and-handoff.md,Proposed detailed design; implementation and validation are not claimed.,not-declared,,git-blob-only,conditional-design-approval-not-certified,proposed-design,P2-W07 implementation handoff.,docs/stages/p2/implementation/p2-w07-offline-dtb-compatibility/README.md#header,docs/development/documentation-baseline.md;docs/development/stage-workflow.md;docs/stages/p2/implementation/p2-w07-offline-dtb-compatibility/README.md,,not-applicable,,,phase1-conservative-routing-classified,pending,Codex,2026-09-28,
f5b23932e7d2036811b2f9e89a9b71c174e4f5b4,docs/stages/p2/implementation/p2-w07-offline-dtb-compatibility/README.md,ff575d53468f7864c437fff9226d2901620e9e22,ff575d53468f7864c437fff9226d2901620e9e22,unchanged,original-963,p2,L4-design-or-amendment,source-en,docs/stages/p2/implementation/p2-w07-offline-dtb-compatibility/README.md,Proposed detailed design; implementation and validation are not claimed.,v0.2,v0.2\,header,conditional-design-approval-not-certified,proposed-design,P2-W07 implementation handoff.,docs/stages/p2/implementation/p2-w07-offline-dtb-compatibility/README.md#header,docs/development/documentation-baseline.md;docs/development/stage-workflow.md;docs/stages/p2/implementation/p2-w07-offline-dtb-compatibility/README.md,,not-applicable,,,phase1-conservative-routing-classified,pending,Codex,2026-09-28,
f5b23932e7d2036811b2f9e89a9b71c174e4f5b4,docs/stages/p2/implementation/p2-w08-host-robustness-regression/01-scope-and-foundations.md,ca961ce09d37366c2406dd8b7596c70e4ea9026d,ca961ce09d37366c2406dd8b7596c70e4ea9026d,unchanged,original-963,p2,L4-design-or-amendment,source-en,docs/stages/p2/implementation/p2-w08-host-robustness-regression/01-scope-and-foundations.md,Proposed detailed design; implementation not claimed.,not-declared,,git-blob-only,conditional-design-approval-not-certified,proposed-design,P2-W08 implementation handoff.,docs/stages/p2/implementation/p2-w08-host-robustness-regression/README.md#header,docs/development/documentation-baseline.md;docs/development/stage-workflow.md;docs/stages/p2/implementation/p2-w08-host-robustness-regression/README.md,,not-applicable,,,phase1-conservative-routing-classified,pending,Codex,2026-09-28,
f5b23932e7d2036811b2f9e89a9b71c174e4f5b4,docs/stages/p2/implementation/p2-w08-host-robustness-regression/02-matrices-input-and-map.md,dd4c209cf92780ac2c4d6cbc72f30b40e6786517,dd4c209cf92780ac2c4d6cbc72f30b40e6786517,unchanged,original-963,p2,L4-design-or-amendment,source-en,docs/stages/p2/implementation/p2-w08-host-robustness-regression/02-matrices-input-and-map.md,Proposed detailed design; implementation not claimed.,not-declared,,git-blob-only,conditional-design-approval-not-certified,proposed-design,P2-W08 implementation handoff.,docs/stages/p2/implementation/p2-w08-host-robustness-regression/README.md#header,docs/development/documentation-baseline.md;docs/development/stage-workflow.md;docs/stages/p2/implementation/p2-w08-host-robustness-regression/README.md,,not-applicable,,,phase1-conservative-routing-classified,pending,Codex,2026-09-28,
f5b23932e7d2036811b2f9e89a9b71c174e4f5b4,docs/stages/p2/implementation/p2-w08-host-robustness-regression/03-matrices-allocator-stress-determinism.md,4a6b2afe0a4a6f59340479a108ac2b8e46b2f408,4a6b2afe0a4a6f59340479a108ac2b8e46b2f408,unchanged,original-963,p2,L4-design-or-amendment,source-en,docs/stages/p2/implementation/p2-w08-host-robustness-regression/03-matrices-allocator-stress-determinism.md,Proposed detailed design; implementation not claimed.,not-declared,,git-blob-only,conditional-design-approval-not-certified,proposed-design,P2-W08 implementation handoff.,docs/stages/p2/implementation/p2-w08-host-robustness-regression/README.md#header,docs/development/documentation-baseline.md;docs/development/stage-workflow.md;docs/stages/p2/implementation/p2-w08-host-robustness-regression/README.md,,not-applicable,,,phase1-conservative-routing-classified,pending,Codex,2026-09-28,
f5b23932e7d2036811b2f9e89a9b71c174e4f5b4,docs/stages/p2/implementation/p2-w08-host-robustness-regression/04-automation-and-evidence.md,483ad1c6b8f229b0dddc0a4dfbd0b1fd25ecfd01,483ad1c6b8f229b0dddc0a4dfbd0b1fd25ecfd01,unchanged,original-963,p2,L4-design-or-amendment,source-en,docs/stages/p2/implementation/p2-w08-host-robustness-regression/04-automation-and-evidence.md,Proposed detailed design; implementation not claimed.,not-declared,,git-blob-only,conditional-design-approval-not-certified,proposed-design,P2-W08 implementation handoff.,docs/stages/p2/implementation/p2-w08-host-robustness-regression/README.md#header,docs/development/documentation-baseline.md;docs/development/stage-workflow.md;docs/stages/p2/implementation/p2-w08-host-robustness-regression/README.md,,not-applicable,,,phase1-conservative-routing-classified,pending,Codex,2026-09-28,
f5b23932e7d2036811b2f9e89a9b71c174e4f5b4,docs/stages/p2/implementation/p2-w08-host-robustness-regression/05-validation-and-handoff.md,ea8c2a4100578f9a0fdb250eda2acc7c3e3bfb24,ea8c2a4100578f9a0fdb250eda2acc7c3e3bfb24,unchanged,original-963,p2,L4-design-or-amendment,source-en,docs/stages/p2/implementation/p2-w08-host-robustness-regression/05-validation-and-handoff.md,Proposed detailed design; implementation and validation are not claimed.,not-declared,,git-blob-only,conditional-design-approval-not-certified,proposed-design,P2-W08 implementation handoff.,docs/stages/p2/implementation/p2-w08-host-robustness-regression/README.md#header,docs/development/documentation-baseline.md;docs/development/stage-workflow.md;docs/stages/p2/implementation/p2-w08-host-robustness-regression/README.md,,not-applicable,,,phase1-conservative-routing-classified,pending,Codex,2026-09-28,
f5b23932e7d2036811b2f9e89a9b71c174e4f5b4,docs/stages/p2/implementation/p2-w08-host-robustness-regression/README.md,45b8cdf1aa96626a9e83c2fe48a4133979b84cf2,45b8cdf1aa96626a9e83c2fe48a4133979b84cf2,unchanged,original-963,p2,L4-design-or-amendment,source-en,docs/stages/p2/implementation/p2-w08-host-robustness-regression/README.md,Proposed detailed design; implementation and validation are not claimed.,v0.2,v0.2\,header,conditional-design-approval-not-certified,proposed-design,P2-W08 implementation handoff.,docs/stages/p2/implementation/p2-w08-host-robustness-regression/README.md#header,docs/development/documentation-baseline.md;docs/development/stage-workflow.md;docs/stages/p2/implementation/p2-w08-host-robustness-regression/README.md,,not-applicable,,,phase1-conservative-routing-classified,pending,Codex,2026-09-28,
f5b23932e7d2036811b2f9e89a9b71c174e4f5b4,docs/stages/p2/implementation/p2-w09-qemu-integration-regression/01-scope-and-foundations.md,74e127d385948bb11afaecda6fa7b88d05bdbc43,74e127d385948bb11afaecda6fa7b88d05bdbc43,unchanged,original-963,p2,L4-design-or-amendment,source-en,docs/stages/p2/implementation/p2-w09-qemu-integration-regression/01-scope-and-foundations.md,Proposed detailed design; implementation not claimed.,not-declared,,git-blob-only,conditional-design-approval-not-certified,proposed-design,P2-W09 implementation handoff.,docs/stages/p2/implementation/p2-w09-qemu-integration-regression/README.md#header,docs/development/documentation-baseline.md;docs/development/stage-workflow.md;docs/stages/p2/implementation/p2-w09-qemu-integration-regression/README.md,,not-applicable,,,phase1-conservative-routing-classified,pending,Codex,2026-09-28,
f5b23932e7d2036811b2f9e89a9b71c174e4f5b4,docs/stages/p2/implementation/p2-w09-qemu-integration-regression/02-configuration-matrix.md,40996991c12660012a7f099eca082d042ebf30bb,40996991c12660012a7f099eca082d042ebf30bb,unchanged,original-963,p2,L4-design-or-amendment,source-en,docs/stages/p2/implementation/p2-w09-qemu-integration-regression/02-configuration-matrix.md,Proposed detailed design; implementation not claimed.,not-declared,,git-blob-only,conditional-design-approval-not-certified,proposed-design,P2-W09 implementation handoff.,docs/stages/p2/implementation/p2-w09-qemu-integration-regression/README.md#header,docs/development/documentation-baseline.md;docs/development/stage-workflow.md;docs/stages/p2/implementation/p2-w09-qemu-integration-regression/README.md,,not-applicable,,,phase1-conservative-routing-classified,pending,Codex,2026-09-28,
f5b23932e7d2036811b2f9e89a9b71c174e4f5b4,docs/stages/p2/implementation/p2-w09-qemu-integration-regression/03-scenarios-and-evidence.md,e0a59c17a0ac3733c22d0326a850a481be875618,e0a59c17a0ac3733c22d0326a850a481be875618,unchanged,original-963,p2,L4-design-or-amendment,source-en,docs/stages/p2/implementation/p2-w09-qemu-integration-regression/03-scenarios-and-evidence.md,Proposed detailed design; implementation not claimed.,not-declared,,git-blob-only,conditional-design-approval-not-certified,proposed-design,P2-W09 implementation handoff.,docs/stages/p2/implementation/p2-w09-qemu-integration-regression/README.md#header,docs/development/documentation-baseline.md;docs/development/stage-workflow.md;docs/stages/p2/implementation/p2-w09-qemu-integration-regression/README.md,,not-applicable,,,phase1-conservative-routing-classified,pending,Codex,2026-09-28,
f5b23932e7d2036811b2f9e89a9b71c174e4f5b4,docs/stages/p2/implementation/p2-w09-qemu-integration-regression/04-validation-and-handoff.md,ebb4a37ff4ab679f043737c4c9223b8f457e04ad,ebb4a37ff4ab679f043737c4c9223b8f457e04ad,unchanged,original-963,p2,L4-design-or-amendment,source-en,docs/stages/p2/implementation/p2-w09-qemu-integration-regression/04-validation-and-handoff.md,Proposed detailed design; implementation and validation are not claimed.,not-declared,,git-blob-only,conditional-design-approval-not-certified,proposed-design,P2-W09 implementation handoff.,docs/stages/p2/implementation/p2-w09-qemu-integration-regression/README.md#header,docs/development/documentation-baseline.md;docs/development/stage-workflow.md;docs/stages/p2/implementation/p2-w09-qemu-integration-regression/README.md,,not-applicable,,,phase1-conservative-routing-classified,pending,Codex,2026-09-28,
f5b23932e7d2036811b2f9e89a9b71c174e4f5b4,docs/stages/p2/implementation/p2-w09-qemu-integration-regression/README.md,9a5e4acbab8e50057bbecc27b8749148f04adeb8,9a5e4acbab8e50057bbecc27b8749148f04adeb8,unchanged,original-963,p2,L4-design-or-amendment,source-en,docs/stages/p2/implementation/p2-w09-qemu-integration-regression/README.md,Proposed detailed design; implementation and validation are not claimed.,v0.2,v0.2\,header,conditional-design-approval-not-certified,proposed-design,P2-W09 implementation handoff.,docs/stages/p2/implementation/p2-w09-qemu-integration-regression/README.md#header,docs/development/documentation-baseline.md;docs/development/stage-workflow.md;docs/stages/p2/implementation/p2-w09-qemu-integration-regression/README.md,,not-applicable,,,phase1-conservative-routing-classified,pending,Codex,2026-09-28,
f5b23932e7d2036811b2f9e89a9b71c174e4f5b4,docs/stages/p2/implementation/p2-w10-p3-p4-handoff-contract/01-consumer-contract.md,e23e039821e07bc363ce63d66c0fc15fb825a0a2,e23e039821e07bc363ce63d66c0fc15fb825a0a2,unchanged,original-963,p2,L4-design-or-amendment,source-en,docs/stages/p2/implementation/p2-w10-p3-p4-handoff-contract/01-consumer-contract.md,Proposed detailed design; implementation not claimed.,not-declared,,git-blob-only,conditional-design-approval-not-certified,proposed-design,P2-W10 implementation handoff.,docs/stages/p2/implementation/p2-w10-p3-p4-handoff-contract/README.md#header,docs/development/documentation-baseline.md;docs/development/stage-workflow.md;docs/stages/p2/implementation/p2-w10-p3-p4-handoff-contract/README.md,,not-applicable,,,phase1-conservative-routing-classified,pending,Codex,2026-09-28,
f5b23932e7d2036811b2f9e89a9b71c174e4f5b4,docs/stages/p2/implementation/p2-w10-p3-p4-handoff-contract/02-evidence-map-and-gates.md,4c313743f505454ecad0c77aada39f0b254d6285,4c313743f505454ecad0c77aada39f0b254d6285,unchanged,original-963,p2,L4-design-or-amendment,source-en,docs/stages/p2/implementation/p2-w10-p3-p4-handoff-contract/02-evidence-map-and-gates.md,Proposed detailed design; implementation not claimed.,not-declared,,git-blob-only,conditional-design-approval-not-certified,proposed-design,P2-W10 implementation handoff.,docs/stages/p2/implementation/p2-w10-p3-p4-handoff-contract/README.md#header,docs/development/documentation-baseline.md;docs/development/stage-workflow.md;docs/stages/p2/implementation/p2-w10-p3-p4-handoff-contract/README.md,,not-applicable,,,phase1-conservative-routing-classified,pending,Codex,2026-09-28,
f5b23932e7d2036811b2f9e89a9b71c174e4f5b4,docs/stages/p2/implementation/p2-w10-p3-p4-handoff-contract/README.md,7ebc939e74832a95668d27379ac6b1faadefac3a,7ebc939e74832a95668d27379ac6b1faadefac3a,unchanged,original-963,p2,L4-design-or-amendment,source-en,docs/stages/p2/implementation/p2-w10-p3-p4-handoff-contract/README.md,Proposed detailed design; implementation and validation are not claimed.,v0.2,v0.2\,header,conditional-design-approval-not-certified,proposed-design,P2-W10 implementation handoff.,docs/stages/p2/implementation/p2-w10-p3-p4-handoff-contract/README.md#header,docs/development/documentation-baseline.md;docs/development/stage-workflow.md;docs/stages/p2/implementation/p2-w10-p3-p4-handoff-contract/README.md,,not-applicable,,,phase1-conservative-routing-classified,pending,Codex,2026-09-28,
f5b23932e7d2036811b2f9e89a9b71c174e4f5b4,docs/stages/p2/plans/README.md,945d81a708001911212595b3421f48c089561b3e,945d81a708001911212595b3421f48c089561b3e,unchanged,original-963,p2,L3-plan-index,source-en,docs/stages/p2/plans/README.md,"Planning index. Individual plans are bounded work-package plans, not implementation-completion records.",not-declared,,git-blob-only,bounded-planning-not-code-admission,planning,P2 stage maintainers,routing responsibility; no named person asserted,docs/development/documentation-baseline.md;docs/development/stage-workflow.md,,not-applicable,,,phase1-conservative-routing-classified,pending,Codex,2026-09-28,
f5b23932e7d2036811b2f9e89a9b71c174e4f5b4,docs/stages/p2/plans/README.zh-CN.md,f61949e5c020d74b529374fc45505d8ffbf1cfbc,f61949e5c020d74b529374fc45505d8ffbf1cfbc,unchanged,original-963,p2,L3-plan-index,translation-zh-CN,docs/stages/p2/plans/README.md,"Planning index. Individual plans are bounded work-package plans, not implementation-completion records.",not-declared,,git-blob-only,translation-no-independent-authority / bounded-planning-not-code-admission,planning,P2 stage maintainers,routing responsibility; no named person asserted,docs/development/documentation-baseline.md;docs/development/stage-workflow.md;docs/stages/p2/plans/README.md,,blob-current,945d81a708001911212595b3421f48c089561b3e,945d81a708001911212595b3421f48c089561b3e,phase1-conservative-routing-classified,pending,Codex,2026-09-28,Blob currency does not prove faithful semantic translation.
f5b23932e7d2036811b2f9e89a9b71c174e4f5b4,docs/stages/p2/plans/p2-w01-boot-platform-description-intake.md,4e63ac60bec0d1bf95d885a776e5a26dcf465180,4e63ac60bec0d1bf95d885a776e5a26dcf465180,unchanged,original-963,p2,L3-package-plan,source-en,docs/stages/p2/plans/p2-w01-boot-platform-description-intake.md,Planned work package; implementation not claimed,not-declared,,git-blob-only,bounded-planning-not-code-admission,planning,P2-W01,routing responsibility; no named person asserted,docs/development/documentation-baseline.md;docs/development/stage-workflow.md;docs/stages/p2/task-book-v0.1.md,docs/stages/p2/implementation/p2-w01-boot-platform-description-intake/00-current-baseline-amendment.md,not-applicable,,,phase1-conservative-routing-classified,pending,Codex,2026-09-28,
f5b23932e7d2036811b2f9e89a9b71c174e4f5b4,docs/stages/p2/plans/p2-w01-boot-platform-description-intake.zh-CN.md,3dd1dff5089f2fdd660a99948665d9053f1189fe,3dd1dff5089f2fdd660a99948665d9053f1189fe,unchanged,original-963,p2,L3-package-plan,translation-zh-CN,docs/stages/p2/plans/p2-w01-boot-platform-description-intake.md,Planned work package; implementation not claimed,not-declared,,git-blob-only,translation-no-independent-authority / bounded-planning-not-code-admission,planning,P2-W01,routing responsibility; no named person asserted,docs/development/documentation-baseline.md;docs/development/stage-workflow.md;docs/stages/p2/task-book-v0.1.md;docs/stages/p2/plans/p2-w01-boot-platform-description-intake.md,docs/stages/p2/implementation/p2-w01-boot-platform-description-intake/00-current-baseline-amendment.md,blob-current,4e63ac60bec0d1bf95d885a776e5a26dcf465180,4e63ac60bec0d1bf95d885a776e5a26dcf465180,phase1-conservative-routing-classified,pending,Codex,2026-09-28,Blob currency does not prove faithful semantic translation.
f5b23932e7d2036811b2f9e89a9b71c174e4f5b4,docs/stages/p2/plans/p2-w02-platform-discovery-normalization.md,ce1fe9331708513c975064fb42b016ed2f92e6b9,ce1fe9331708513c975064fb42b016ed2f92e6b9,unchanged,original-963,p2,L3-package-plan,source-en,docs/stages/p2/plans/p2-w02-platform-discovery-normalization.md,Planned work package; implementation not claimed,not-declared,,git-blob-only,bounded-planning-not-code-admission,planning,P2-W02,routing responsibility; no named person asserted,docs/development/documentation-baseline.md;docs/development/stage-workflow.md;docs/stages/p2/task-book-v0.1.md,docs/stages/p2/implementation/p2-w01-boot-platform-description-intake/00-current-baseline-amendment.md,not-applicable,,,phase1-conservative-routing-classified,pending,Codex,2026-09-28,
f5b23932e7d2036811b2f9e89a9b71c174e4f5b4,docs/stages/p2/plans/p2-w02-platform-discovery-normalization.zh-CN.md,b6adcdb9392c656999c07796af9e32fe8c0b3ef3,b6adcdb9392c656999c07796af9e32fe8c0b3ef3,unchanged,original-963,p2,L3-package-plan,translation-zh-CN,docs/stages/p2/plans/p2-w02-platform-discovery-normalization.md,Planned work package; implementation not claimed,not-declared,,git-blob-only,translation-no-independent-authority / bounded-planning-not-code-admission,planning,P2-W02,routing responsibility; no named person asserted,docs/development/documentation-baseline.md;docs/development/stage-workflow.md;docs/stages/p2/task-book-v0.1.md;docs/stages/p2/plans/p2-w02-platform-discovery-normalization.md,docs/stages/p2/implementation/p2-w01-boot-platform-description-intake/00-current-baseline-amendment.md,blob-current,ce1fe9331708513c975064fb42b016ed2f92e6b9,ce1fe9331708513c975064fb42b016ed2f92e6b9,phase1-conservative-routing-classified,pending,Codex,2026-09-28,Blob currency does not prove faithful semantic translation.
f5b23932e7d2036811b2f9e89a9b71c174e4f5b4,docs/stages/p2/plans/p2-w03-boot-memory-map-ownership.md,5d6a579af062c8ad03d02fdb679c7af71f8e3bd8,5d6a579af062c8ad03d02fdb679c7af71f8e3bd8,unchanged,original-963,p2,L3-package-plan,source-en,docs/stages/p2/plans/p2-w03-boot-memory-map-ownership.md,Planned work package; implementation not claimed,not-declared,,git-blob-only,bounded-planning-not-code-admission,planning,P2-W03,routing responsibility; no named person asserted,docs/development/documentation-baseline.md;docs/development/stage-workflow.md;docs/stages/p2/task-book-v0.1.md,,not-applicable,,,phase1-conservative-routing-classified,pending,Codex,2026-09-28,
f5b23932e7d2036811b2f9e89a9b71c174e4f5b4,docs/stages/p2/plans/p2-w03-boot-memory-map-ownership.zh-CN.md,bc27ac0b57dc11c9b80160e6eee071ae29cadff9,bc27ac0b57dc11c9b80160e6eee071ae29cadff9,unchanged,original-963,p2,L3-package-plan,translation-zh-CN,docs/stages/p2/plans/p2-w03-boot-memory-map-ownership.md,Planned work package; implementation not claimed,not-declared,,git-blob-only,translation-no-independent-authority / bounded-planning-not-code-admission,planning,P2-W03,routing responsibility; no named person asserted,docs/development/documentation-baseline.md;docs/development/stage-workflow.md;docs/stages/p2/task-book-v0.1.md;docs/stages/p2/plans/p2-w03-boot-memory-map-ownership.md,,blob-current,5d6a579af062c8ad03d02fdb679c7af71f8e3bd8,5d6a579af062c8ad03d02fdb679c7af71f8e3bd8,phase1-conservative-routing-classified,pending,Codex,2026-09-28,Blob currency does not prove faithful semantic translation.
f5b23932e7d2036811b2f9e89a9b71c174e4f5b4,docs/stages/p2/plans/p2-w04-physical-page-allocation.md,f4252984929ba1e774ebd595c62c1f73d2e8a7a1,f4252984929ba1e774ebd595c62c1f73d2e8a7a1,unchanged,original-963,p2,L3-package-plan,source-en,docs/stages/p2/plans/p2-w04-physical-page-allocation.md,Planned work package; implementation not claimed,not-declared,,git-blob-only,bounded-planning-not-code-admission,planning,P2-W04,routing responsibility; no named person asserted,docs/development/documentation-baseline.md;docs/development/stage-workflow.md;docs/stages/p2/task-book-v0.1.md,,not-applicable,,,phase1-conservative-routing-classified,pending,Codex,2026-09-28,
f5b23932e7d2036811b2f9e89a9b71c174e4f5b4,docs/stages/p2/plans/p2-w04-physical-page-allocation.zh-CN.md,b15682305e035468e48c034e6f1690cf78177be9,b15682305e035468e48c034e6f1690cf78177be9,unchanged,original-963,p2,L3-package-plan,translation-zh-CN,docs/stages/p2/plans/p2-w04-physical-page-allocation.md,Planned work package; implementation not claimed,not-declared,,git-blob-only,translation-no-independent-authority / bounded-planning-not-code-admission,planning,P2-W04,routing responsibility; no named person asserted,docs/development/documentation-baseline.md;docs/development/stage-workflow.md;docs/stages/p2/task-book-v0.1.md;docs/stages/p2/plans/p2-w04-physical-page-allocation.md,,blob-current,f4252984929ba1e774ebd595c62c1f73d2e8a7a1,f4252984929ba1e774ebd595c62c1f73d2e8a7a1,phase1-conservative-routing-classified,pending,Codex,2026-09-28,Blob currency does not prove faithful semantic translation.
f5b23932e7d2036811b2f9e89a9b71c174e4f5b4,docs/stages/p2/plans/p2-w05-dynamic-small-allocation.md,9c83475df3002d6689e9976333992218413f2f28,9c83475df3002d6689e9976333992218413f2f28,unchanged,original-963,p2,L3-package-plan,source-en,docs/stages/p2/plans/p2-w05-dynamic-small-allocation.md,Planned work package; implementation not claimed,not-declared,,git-blob-only,bounded-planning-not-code-admission,planning,P2-W05,routing responsibility; no named person asserted,docs/development/documentation-baseline.md;docs/development/stage-workflow.md;docs/stages/p2/task-book-v0.1.md,,not-applicable,,,phase1-conservative-routing-classified,pending,Codex,2026-09-28,
f5b23932e7d2036811b2f9e89a9b71c174e4f5b4,docs/stages/p2/plans/p2-w05-dynamic-small-allocation.zh-CN.md,79b022a980cc79a0752289e0d519bab1e8def5ca,79b022a980cc79a0752289e0d519bab1e8def5ca,unchanged,original-963,p2,L3-package-plan,translation-zh-CN,docs/stages/p2/plans/p2-w05-dynamic-small-allocation.md,Planned work package; implementation not claimed,not-declared,,git-blob-only,translation-no-independent-authority / bounded-planning-not-code-admission,planning,P2-W05,routing responsibility; no named person asserted,docs/development/documentation-baseline.md;docs/development/stage-workflow.md;docs/stages/p2/task-book-v0.1.md;docs/stages/p2/plans/p2-w05-dynamic-small-allocation.md,,blob-current,9c83475df3002d6689e9976333992218413f2f28,9c83475df3002d6689e9976333992218413f2f28,phase1-conservative-routing-classified,pending,Codex,2026-09-28,Blob currency does not prove faithful semantic translation.
f5b23932e7d2036811b2f9e89a9b71c174e4f5b4,docs/stages/p2/plans/p2-w06-platform-memory-inspection.md,3e43bc28922e2290fd63b0353aa9d27c65237e0d,3e43bc28922e2290fd63b0353aa9d27c65237e0d,unchanged,original-963,p2,L3-package-plan,source-en,docs/stages/p2/plans/p2-w06-platform-memory-inspection.md,Planned work package; implementation not claimed,not-declared,,git-blob-only,bounded-planning-not-code-admission,planning,P2-W06,routing responsibility; no named person asserted,docs/development/documentation-baseline.md;docs/development/stage-workflow.md;docs/stages/p2/task-book-v0.1.md,,not-applicable,,,phase1-conservative-routing-classified,pending,Codex,2026-09-28,
f5b23932e7d2036811b2f9e89a9b71c174e4f5b4,docs/stages/p2/plans/p2-w06-platform-memory-inspection.zh-CN.md,a5e8f0d4dca797838d5910e4ad8acfd45b45b0df,a5e8f0d4dca797838d5910e4ad8acfd45b45b0df,unchanged,original-963,p2,L3-package-plan,translation-zh-CN,docs/stages/p2/plans/p2-w06-platform-memory-inspection.md,Planned work package; implementation not claimed,not-declared,,git-blob-only,translation-no-independent-authority / bounded-planning-not-code-admission,planning,P2-W06,routing responsibility; no named person asserted,docs/development/documentation-baseline.md;docs/development/stage-workflow.md;docs/stages/p2/task-book-v0.1.md;docs/stages/p2/plans/p2-w06-platform-memory-inspection.md,,blob-current,3e43bc28922e2290fd63b0353aa9d27c65237e0d,3e43bc28922e2290fd63b0353aa9d27c65237e0d,phase1-conservative-routing-classified,pending,Codex,2026-09-28,Blob currency does not prove faithful semantic translation.
f5b23932e7d2036811b2f9e89a9b71c174e4f5b4,docs/stages/p2/plans/p2-w07-offline-dtb-compatibility.md,bc1edd1b13625cac52cf28f1745e4669eb3824c5,bc1edd1b13625cac52cf28f1745e4669eb3824c5,unchanged,original-963,p2,L3-package-plan,source-en,docs/stages/p2/plans/p2-w07-offline-dtb-compatibility.md,Planned work package; implementation not claimed,not-declared,,git-blob-only,bounded-planning-not-code-admission,planning,P2-W07,routing responsibility; no named person asserted,docs/development/documentation-baseline.md;docs/development/stage-workflow.md;docs/stages/p2/task-book-v0.1.md,,not-applicable,,,phase1-conservative-routing-classified,pending,Codex,2026-09-28,
f5b23932e7d2036811b2f9e89a9b71c174e4f5b4,docs/stages/p2/plans/p2-w07-offline-dtb-compatibility.zh-CN.md,1c099eaa3d977ac8f588f3441b0bb985a243f278,1c099eaa3d977ac8f588f3441b0bb985a243f278,unchanged,original-963,p2,L3-package-plan,translation-zh-CN,docs/stages/p2/plans/p2-w07-offline-dtb-compatibility.md,Planned work package; implementation not claimed,not-declared,,git-blob-only,translation-no-independent-authority / bounded-planning-not-code-admission,planning,P2-W07,routing responsibility; no named person asserted,docs/development/documentation-baseline.md;docs/development/stage-workflow.md;docs/stages/p2/task-book-v0.1.md;docs/stages/p2/plans/p2-w07-offline-dtb-compatibility.md,,blob-current,bc1edd1b13625cac52cf28f1745e4669eb3824c5,bc1edd1b13625cac52cf28f1745e4669eb3824c5,phase1-conservative-routing-classified,pending,Codex,2026-09-28,Blob currency does not prove faithful semantic translation.
f5b23932e7d2036811b2f9e89a9b71c174e4f5b4,docs/stages/p2/plans/p2-w08-host-robustness-regression.md,5e72b765502e0237eb986b9d99e39c55e0fddf7b,5e72b765502e0237eb986b9d99e39c55e0fddf7b,unchanged,original-963,p2,L3-package-plan,source-en,docs/stages/p2/plans/p2-w08-host-robustness-regression.md,Planned work package; implementation not claimed,not-declared,,git-blob-only,bounded-planning-not-code-admission,planning,P2-W08,routing responsibility; no named person asserted,docs/development/documentation-baseline.md;docs/development/stage-workflow.md;docs/stages/p2/task-book-v0.1.md,,not-applicable,,,phase1-conservative-routing-classified,pending,Codex,2026-09-28,
f5b23932e7d2036811b2f9e89a9b71c174e4f5b4,docs/stages/p2/plans/p2-w08-host-robustness-regression.zh-CN.md,02bbee878970423ca6b2f742177a1b34d4a539d5,02bbee878970423ca6b2f742177a1b34d4a539d5,unchanged,original-963,p2,L3-package-plan,translation-zh-CN,docs/stages/p2/plans/p2-w08-host-robustness-regression.md,Planned work package; implementation not claimed,not-declared,,git-blob-only,translation-no-independent-authority / bounded-planning-not-code-admission,planning,P2-W08,routing responsibility; no named person asserted,docs/development/documentation-baseline.md;docs/development/stage-workflow.md;docs/stages/p2/task-book-v0.1.md;docs/stages/p2/plans/p2-w08-host-robustness-regression.md,,blob-current,5e72b765502e0237eb986b9d99e39c55e0fddf7b,5e72b765502e0237eb986b9d99e39c55e0fddf7b,phase1-conservative-routing-classified,pending,Codex,2026-09-28,Blob currency does not prove faithful semantic translation.
f5b23932e7d2036811b2f9e89a9b71c174e4f5b4,docs/stages/p2/plans/p2-w09-qemu-integration-regression.md,2282cc383a1a11004f9fb168d0b0b8eb5248fb58,2282cc383a1a11004f9fb168d0b0b8eb5248fb58,unchanged,original-963,p2,L3-package-plan,source-en,docs/stages/p2/plans/p2-w09-qemu-integration-regression.md,Planned work package; implementation not claimed,not-declared,,git-blob-only,bounded-planning-not-code-admission,planning,P2-W09,routing responsibility; no named person asserted,docs/development/documentation-baseline.md;docs/development/stage-workflow.md;docs/stages/p2/task-book-v0.1.md,,not-applicable,,,phase1-conservative-routing-classified,pending,Codex,2026-09-28,
f5b23932e7d2036811b2f9e89a9b71c174e4f5b4,docs/stages/p2/plans/p2-w09-qemu-integration-regression.zh-CN.md,268850e6b238e6d8ec5237f2d954bda9c518b1d2,268850e6b238e6d8ec5237f2d954bda9c518b1d2,unchanged,original-963,p2,L3-package-plan,translation-zh-CN,docs/stages/p2/plans/p2-w09-qemu-integration-regression.md,Planned work package; implementation not claimed,not-declared,,git-blob-only,translation-no-independent-authority / bounded-planning-not-code-admission,planning,P2-W09,routing responsibility; no named person asserted,docs/development/documentation-baseline.md;docs/development/stage-workflow.md;docs/stages/p2/task-book-v0.1.md;docs/stages/p2/plans/p2-w09-qemu-integration-regression.md,,blob-current,2282cc383a1a11004f9fb168d0b0b8eb5248fb58,2282cc383a1a11004f9fb168d0b0b8eb5248fb58,phase1-conservative-routing-classified,pending,Codex,2026-09-28,Blob currency does not prove faithful semantic translation.
f5b23932e7d2036811b2f9e89a9b71c174e4f5b4,docs/stages/p2/plans/p2-w10-p3-p4-handoff-contract.md,a7d38192de2b852eb3962e40bc97cc4bbede963c,a7d38192de2b852eb3962e40bc97cc4bbede963c,unchanged,original-963,p2,L3-package-plan,source-en,docs/stages/p2/plans/p2-w10-p3-p4-handoff-contract.md,Planned work package; implementation not claimed,not-declared,,git-blob-only,bounded-planning-not-code-admission,planning,P2-W10,routing responsibility; no named person asserted,docs/development/documentation-baseline.md;docs/development/stage-workflow.md;docs/stages/p2/task-book-v0.1.md,,not-applicable,,,phase1-conservative-routing-classified,pending,Codex,2026-09-28,
f5b23932e7d2036811b2f9e89a9b71c174e4f5b4,docs/stages/p2/plans/p2-w10-p3-p4-handoff-contract.zh-CN.md,afaae68f0b8bc8f6831a015ea01a48f21ff06513,afaae68f0b8bc8f6831a015ea01a48f21ff06513,unchanged,original-963,p2,L3-package-plan,translation-zh-CN,docs/stages/p2/plans/p2-w10-p3-p4-handoff-contract.md,Planned work package; implementation not claimed,not-declared,,git-blob-only,translation-no-independent-authority / bounded-planning-not-code-admission,planning,P2-W10,routing responsibility; no named person asserted,docs/development/documentation-baseline.md;docs/development/stage-workflow.md;docs/stages/p2/task-book-v0.1.md;docs/stages/p2/plans/p2-w10-p3-p4-handoff-contract.md,,blob-current,a7d38192de2b852eb3962e40bc97cc4bbede963c,a7d38192de2b852eb3962e40bc97cc4bbede963c,phase1-conservative-routing-classified,pending,Codex,2026-09-28,Blob currency does not prove faithful semantic translation.
f5b23932e7d2036811b2f9e89a9b71c174e4f5b4,docs/stages/p2/task-book-v0.1.md,fff16cafdca4d2410c9e278d2c4e3c66e27b9057,fff16cafdca4d2410c9e278d2c4e3c66e27b9057,unchanged,original-963,p2,L2-task-book,source-en,docs/stages/p2/task-book-v0.1.md,Defined planning baseline; implementation and validation are not claimed,v0.1,,title,stage-outcomes-not-code-admission,planning-baseline,P2 planning reorganization from the root-source task book,docs/stages/p2/task-book-v0.1.md#header,docs/development/documentation-baseline.md;docs/development/stage-workflow.md;docs/stages/p2/task-book-v0.1.md,,not-applicable,,,phase1-conservative-routing-classified,pending,Codex,2026-09-28,
f5b23932e7d2036811b2f9e89a9b71c174e4f5b4,docs/stages/p2/task-book-v0.1.zh-CN.md,c156c84d688ec349f93c2068fe31f5c352164ca0,c156c84d688ec349f93c2068fe31f5c352164ca0,unchanged,original-963,p2,L2-task-book,translation-zh-CN,docs/stages/p2/task-book-v0.1.md,Defined planning baseline; implementation and validation are not claimed,v0.1,,title,translation-no-independent-authority / stage-outcomes-not-code-admission,planning-baseline,P2 planning reorganization from the root-source task book,docs/stages/p2/task-book-v0.1.md#header,docs/development/documentation-baseline.md;docs/development/stage-workflow.md;docs/stages/p2/task-book-v0.1.md,,blob-current,fff16cafdca4d2410c9e278d2c4e3c66e27b9057,fff16cafdca4d2410c9e278d2c4e3c66e27b9057,phase1-conservative-routing-classified,pending,Codex,2026-09-28,Blob currency does not prove faithful semantic translation.
f5b23932e7d2036811b2f9e89a9b71c174e4f5b4,docs/stages/p2/verification/p2-contract-reconciliation-verification.md,cb3277beb8724eafb6416104e278c7c6041c9383,cb3277beb8724eafb6416104e278c7c6041c9383,unchanged,original-963,p2,L6-verification-or-custody,source-en,docs/stages/p2/verification/p2-contract-reconciliation-verification.md,Documentation verification only; not P2-V05/P2-V06 completion.\,v0.1,v0.1\,header,factual-evidence-with-declared-scope,recorded-snapshot,P2 documentation correction.\,docs/stages/p2/verification/p2-contract-reconciliation-verification.md#header,docs/development/documentation-baseline.md;docs/development/stage-workflow.md,,not-applicable,,,phase1-conservative-routing-classified,pending,Codex,2026-09-28,No fresh runtime or retained-artifact verification in phase 1.
f5b23932e7d2036811b2f9e89a9b71c174e4f5b4,docs/stages/p2/verification/p2-w01-boot-platform-description-intake-verification.md,9f9bc88100cdb64a0022ca7f4c29a1367c94d051,9f9bc88100cdb64a0022ca7f4c29a1367c94d051,unchanged,original-963,p2,L6-verification-or-custody,source-en,docs/stages/p2/verification/p2-w01-boot-platform-description-intake-verification.md,Passed for the declared reference boot scope; P2-V01/P2-V02 met.,v0.1,v0.1,header,factual-evidence-with-declared-scope,recorded-snapshot,"P2-W01, 2026-09-26.",docs/stages/p2/verification/p2-w01-boot-platform-description-intake-verification.md#header,docs/development/documentation-baseline.md;docs/development/stage-workflow.md,docs/stages/p2/implementation/p2-w01-boot-platform-description-intake/00-current-baseline-amendment.md,not-applicable,,,phase1-conservative-routing-classified,pending,Codex,2026-09-28,No fresh runtime or retained-artifact verification in phase 1.
f5b23932e7d2036811b2f9e89a9b71c174e4f5b4,docs/stages/p2/verification/p2-w02-platform-discovery-normalization-verification.md,322f47150bc4fa47bcc9afcc38986c22f8b6f238,322f47150bc4fa47bcc9afcc38986c22f8b6f238,unchanged,original-963,p2,L6-verification-or-custody,source-en,docs/stages/p2/verification/p2-w02-platform-discovery-normalization-verification.md,Passed for declared W02 facts; P2-V03/P2-V04 met in the bounded scope.,v0.1,v0.1,header,factual-evidence-with-declared-scope,recorded-snapshot,"P2-W02, 2026-09-26.",docs/stages/p2/verification/p2-w02-platform-discovery-normalization-verification.md#header,docs/development/documentation-baseline.md;docs/development/stage-workflow.md,docs/stages/p2/implementation/p2-w01-boot-platform-description-intake/00-current-baseline-amendment.md,not-applicable,,,phase1-conservative-routing-classified,pending,Codex,2026-09-28,No fresh runtime or retained-artifact verification in phase 1.
f5b23932e7d2036811b2f9e89a9b71c174e4f5b4,docs/stages/p2/verification/p2-w03-boot-memory-map-ownership-verification.md,60ac006a7e4d05cd14132739a64c3a484c77b5d6,60ac006a7e4d05cd14132739a64c3a484c77b5d6,unchanged,original-963,p2,L6-verification-or-custody,source-en,docs/stages/p2/verification/p2-w03-boot-memory-map-ownership-verification.md,Historical PR #70 host evidence. Its earlier package-completion claim is withdrawn: W03-owned runtime storage and boot integration were missing. See the [runtime closure verification](p2-w03-runtime-verification.md) for current status.,v0.1,v0.1,header,factual-evidence-with-declared-scope,historical-W03-snapshot-with-successor,"P2-W03 implementation verification, 2026-09-27.",docs/stages/p2/verification/p2-w03-boot-memory-map-ownership-verification.md#header,docs/development/documentation-baseline.md;docs/development/stage-workflow.md;docs/stages/p2/verification/p2-w03-runtime-verification.md,,not-applicable,,,phase1-conservative-routing-classified,pending,Codex,2026-09-28,No fresh runtime or retained-artifact verification in phase 1. W03 runtime successor governs its later bounded closure; W04 remains open.
f5b23932e7d2036811b2f9e89a9b71c174e4f5b4,docs/stages/p2/verification/p2-w03-runtime-evidence/README.md,78cb39a9d3b97704ba4746c3d591fba83585f4f5,78cb39a9d3b97704ba4746c3d591fba83585f4f5,unchanged,original-963,p2,L6-verification-or-custody,source-en,docs/stages/p2/verification/p2-w03-runtime-evidence/README.md,"Recorded reference-QEMU evidence, 2026-09-27.",not-declared,,git-blob-only,factual-evidence-with-declared-scope,recorded-snapshot,P2-W03,routing responsibility; no named person asserted,docs/development/documentation-baseline.md;docs/development/stage-workflow.md,,not-applicable,,,phase1-conservative-routing-classified,pending,Codex,2026-09-28,No fresh runtime or retained-artifact verification in phase 1.
f5b23932e7d2036811b2f9e89a9b71c174e4f5b4,docs/stages/p2/verification/p2-w03-runtime-verification.md,91da3734dc36fa8c4f2f0ae6b96a6337dc5cb2fc,91da3734dc36fa8c4f2f0ae6b96a6337dc5cb2fc,unchanged,original-963,p2,L6-verification-or-custody,source-en,docs/stages/p2/verification/p2-w03-runtime-verification.md,W03 complete in the bounded reference-QEMU boot scope described below; W04 allocator and whole-P2 completion are not claimed.,v0.1,v0.1,header,factual-evidence-with-declared-scope,recorded-snapshot,"User-requested W03 completion correction, 2026-09-27.",docs/stages/p2/verification/p2-w03-runtime-verification.md#header,docs/development/documentation-baseline.md;docs/development/stage-workflow.md,,not-applicable,,,phase1-conservative-routing-classified,pending,Codex,2026-09-28,No fresh runtime or retained-artifact verification in phase 1.
f5b23932e7d2036811b2f9e89a9b71c174e4f5b4,docs/stages/p3/README.md,2fe5a91bf6392ac4e10d20aebc1383371170c8c3,2fe5a91bf6392ac4e10d20aebc1383371170c8c3,unchanged,original-963,p3,stage-navigation,source-en,docs/stages/p3/README.md,not-declared,not-declared,,git-blob-only,routing-only,index,P3 stage maintainers,routing responsibility; no named person asserted,docs/development/documentation-baseline.md;docs/development/stage-workflow.md,,not-applicable,,,phase1-conservative-routing-classified,pending,Codex,2026-09-28,
f5b23932e7d2036811b2f9e89a9b71c174e4f5b4,docs/stages/p3/implementation/README.md,887bebf7ccfb9ea74e20e5da440fb8bd84eeb8b7,887bebf7ccfb9ea74e20e5da440fb8bd84eeb8b7,unchanged,original-963,p3,stage-implementation-index,source-en,docs/stages/p3/implementation/README.md,Index of proposed designs and future implementation records; not a completion claim.,not-declared,,git-blob-only,routing-and-factual-context,index,P3 stage maintainers,routing responsibility; no named person asserted,docs/development/documentation-baseline.md;docs/development/stage-workflow.md,,not-applicable,,,phase1-conservative-routing-classified,pending,Codex,2026-09-28,
f5b23932e7d2036811b2f9e89a9b71c174e4f5b4,docs/stages/p3/implementation/p3-w01-cpu-topology-inputs/01-scope-and-foundations.md,498b93ada50584feb1758dc994d054267281cde7,498b93ada50584feb1758dc994d054267281cde7,unchanged,original-963,p3,L4-design-or-amendment,source-en,docs/stages/p3/implementation/p3-w01-cpu-topology-inputs/01-scope-and-foundations.md,Proposed detailed design; implementation and validation are not claimed.,not-declared,,git-blob-only,conditional-design-approval-not-certified,proposed-design,P3-W01 implementation handoff.,docs/stages/p3/implementation/p3-w01-cpu-topology-inputs/README.md#header,docs/development/documentation-baseline.md;docs/development/stage-workflow.md;docs/stages/p3/implementation/p3-w01-cpu-topology-inputs/README.md,,not-applicable,,,phase1-conservative-routing-classified,pending,Codex,2026-09-28,
f5b23932e7d2036811b2f9e89a9b71c174e4f5b4,docs/stages/p3/implementation/p3-w01-cpu-topology-inputs/02-architecture-and-state.md,3585fa980d2af7c364dd43dc4e2287e403d3a129,3585fa980d2af7c364dd43dc4e2287e403d3a129,unchanged,original-963,p3,L4-design-or-amendment,source-en,docs/stages/p3/implementation/p3-w01-cpu-topology-inputs/02-architecture-and-state.md,Proposed detailed design; implementation and validation are not claimed.,not-declared,,git-blob-only,conditional-design-approval-not-certified,proposed-design,P3-W01 implementation handoff.,docs/stages/p3/implementation/p3-w01-cpu-topology-inputs/README.md#header,docs/development/documentation-baseline.md;docs/development/stage-workflow.md;docs/stages/p3/implementation/p3-w01-cpu-topology-inputs/README.md,,not-applicable,,,phase1-conservative-routing-classified,pending,Codex,2026-09-28,
f5b23932e7d2036811b2f9e89a9b71c174e4f5b4,docs/stages/p3/implementation/p3-w01-cpu-topology-inputs/03-code-contracts-cpu-identity.md,a5979f21ad1d9de46bfbe63ac18fc1ee69596078,a5979f21ad1d9de46bfbe63ac18fc1ee69596078,unchanged,original-963,p3,L4-design-or-amendment,source-en,docs/stages/p3/implementation/p3-w01-cpu-topology-inputs/03-code-contracts-cpu-identity.md,Proposed detailed design; implementation and validation are not claimed.,not-declared,,git-blob-only,conditional-design-approval-not-certified,proposed-design,P3-W01 implementation handoff.,docs/stages/p3/implementation/p3-w01-cpu-topology-inputs/README.md#header,docs/development/documentation-baseline.md;docs/development/stage-workflow.md;docs/stages/p3/implementation/p3-w01-cpu-topology-inputs/README.md,,not-applicable,,,phase1-conservative-routing-classified,pending,Codex,2026-09-28,
f5b23932e7d2036811b2f9e89a9b71c174e4f5b4,docs/stages/p3/implementation/p3-w01-cpu-topology-inputs/04-code-contracts-topology-intake.md,07247101b2cc01694a17a2e032ef57fc9e177c25,07247101b2cc01694a17a2e032ef57fc9e177c25,unchanged,original-963,p3,L4-design-or-amendment,source-en,docs/stages/p3/implementation/p3-w01-cpu-topology-inputs/04-code-contracts-topology-intake.md,Proposed detailed design; implementation and validation are not claimed.,not-declared,,git-blob-only,conditional-design-approval-not-certified,proposed-design,P3-W01 implementation handoff.,docs/stages/p3/implementation/p3-w01-cpu-topology-inputs/README.md#header,docs/development/documentation-baseline.md;docs/development/stage-workflow.md;docs/stages/p3/implementation/p3-w01-cpu-topology-inputs/README.md,,not-applicable,,,phase1-conservative-routing-classified,pending,Codex,2026-09-28,
f5b23932e7d2036811b2f9e89a9b71c174e4f5b4,docs/stages/p3/implementation/p3-w01-cpu-topology-inputs/05-implementation-workflow.md,3a2338016e86d604306f1146b296f5ed04d14222,3a2338016e86d604306f1146b296f5ed04d14222,unchanged,original-963,p3,L4-design-or-amendment,source-en,docs/stages/p3/implementation/p3-w01-cpu-topology-inputs/05-implementation-workflow.md,Proposed detailed design; implementation and validation are not claimed.,not-declared,,git-blob-only,conditional-design-approval-not-certified,proposed-design,P3-W01 implementation handoff.,docs/stages/p3/implementation/p3-w01-cpu-topology-inputs/README.md#header,docs/development/documentation-baseline.md;docs/development/stage-workflow.md;docs/stages/p3/implementation/p3-w01-cpu-topology-inputs/README.md,,not-applicable,,,phase1-conservative-routing-classified,pending,Codex,2026-09-28,
f5b23932e7d2036811b2f9e89a9b71c174e4f5b4,docs/stages/p3/implementation/p3-w01-cpu-topology-inputs/06-validation-and-handoff.md,b21a914a583374d5b578b47cf9599a38cd803923,b21a914a583374d5b578b47cf9599a38cd803923,unchanged,original-963,p3,L4-design-or-amendment,source-en,docs/stages/p3/implementation/p3-w01-cpu-topology-inputs/06-validation-and-handoff.md,Proposed detailed design; implementation and validation are not claimed.,not-declared,,git-blob-only,conditional-design-approval-not-certified,proposed-design,P3-W01 implementation handoff.,docs/stages/p3/implementation/p3-w01-cpu-topology-inputs/README.md#header,docs/development/documentation-baseline.md;docs/development/stage-workflow.md;docs/stages/p3/implementation/p3-w01-cpu-topology-inputs/README.md,,not-applicable,,,phase1-conservative-routing-classified,pending,Codex,2026-09-28,
f5b23932e7d2036811b2f9e89a9b71c174e4f5b4,docs/stages/p3/implementation/p3-w01-cpu-topology-inputs/README.md,2f49e365b3fee536054fa65d97519c0c00ebc54a,2f49e365b3fee536054fa65d97519c0c00ebc54a,unchanged,original-963,p3,L4-design-or-amendment,source-en,docs/stages/p3/implementation/p3-w01-cpu-topology-inputs/README.md,Proposed detailed design; implementation and validation are not claimed.,not-declared,,git-blob-only,conditional-design-approval-not-certified,proposed-design,P3-W01 implementation handoff.,docs/stages/p3/implementation/p3-w01-cpu-topology-inputs/README.md#header,docs/development/documentation-baseline.md;docs/development/stage-workflow.md;docs/stages/p3/implementation/p3-w01-cpu-topology-inputs/README.md,,not-applicable,,,phase1-conservative-routing-classified,pending,Codex,2026-09-28,
f5b23932e7d2036811b2f9e89a9b71c174e4f5b4,docs/stages/p3/implementation/p3-w02-secondary-cpu-bring-up/01-scope-and-foundations.md,ae608631ebf2a5de4c6dcb0b93fb207312cbc667,ae608631ebf2a5de4c6dcb0b93fb207312cbc667,unchanged,original-963,p3,L4-design-or-amendment,source-en,docs/stages/p3/implementation/p3-w02-secondary-cpu-bring-up/01-scope-and-foundations.md,Proposed detailed design; implementation and validation are not claimed.,not-declared,,git-blob-only,conditional-design-approval-not-certified,proposed-design,P3-W02 implementation handoff.,docs/stages/p3/implementation/p3-w02-secondary-cpu-bring-up/README.md#header,docs/development/documentation-baseline.md;docs/development/stage-workflow.md;docs/stages/p3/implementation/p3-w02-secondary-cpu-bring-up/README.md,,not-applicable,,,phase1-conservative-routing-classified,pending,Codex,2026-09-28,
f5b23932e7d2036811b2f9e89a9b71c174e4f5b4,docs/stages/p3/implementation/p3-w02-secondary-cpu-bring-up/02-architecture-and-state.md,6cea27a174a70faf1bfe4df40468cccf507b1d7e,6cea27a174a70faf1bfe4df40468cccf507b1d7e,unchanged,original-963,p3,L4-design-or-amendment,source-en,docs/stages/p3/implementation/p3-w02-secondary-cpu-bring-up/02-architecture-and-state.md,Proposed detailed design; implementation and validation are not claimed.,not-declared,,git-blob-only,conditional-design-approval-not-certified,proposed-design,P3-W02 implementation handoff.,docs/stages/p3/implementation/p3-w02-secondary-cpu-bring-up/README.md#header,docs/development/documentation-baseline.md;docs/development/stage-workflow.md;docs/stages/p3/implementation/p3-w02-secondary-cpu-bring-up/README.md,,not-applicable,,,phase1-conservative-routing-classified,pending,Codex,2026-09-28,
f5b23932e7d2036811b2f9e89a9b71c174e4f5b4,docs/stages/p3/implementation/p3-w02-secondary-cpu-bring-up/03-code-contracts-secondary-entry.md,2030acb07b53b884a6507dfd083c1ea1729374e0,2030acb07b53b884a6507dfd083c1ea1729374e0,unchanged,original-963,p3,L4-design-or-amendment,source-en,docs/stages/p3/implementation/p3-w02-secondary-cpu-bring-up/03-code-contracts-secondary-entry.md,Proposed detailed design; implementation and validation are not claimed.,not-declared,,git-blob-only,conditional-design-approval-not-certified,proposed-design,P3-W02 implementation handoff.,docs/stages/p3/implementation/p3-w02-secondary-cpu-bring-up/README.md#header,docs/development/documentation-baseline.md;docs/development/stage-workflow.md;docs/stages/p3/implementation/p3-w02-secondary-cpu-bring-up/README.md,,not-applicable,,,phase1-conservative-routing-classified,pending,Codex,2026-09-28,
f5b23932e7d2036811b2f9e89a9b71c174e4f5b4,docs/stages/p3/implementation/p3-w02-secondary-cpu-bring-up/04-code-contracts-start-requester.md,86832ebb52c14a2d9bbdcb9135f484aa43a910a7,86832ebb52c14a2d9bbdcb9135f484aa43a910a7,unchanged,original-963,p3,L4-design-or-amendment,source-en,docs/stages/p3/implementation/p3-w02-secondary-cpu-bring-up/04-code-contracts-start-requester.md,Proposed detailed design; implementation and validation are not claimed.,not-declared,,git-blob-only,conditional-design-approval-not-certified,proposed-design,P3-W02 implementation handoff.,docs/stages/p3/implementation/p3-w02-secondary-cpu-bring-up/README.md#header,docs/development/documentation-baseline.md;docs/development/stage-workflow.md;docs/stages/p3/implementation/p3-w02-secondary-cpu-bring-up/README.md,,not-applicable,,,phase1-conservative-routing-classified,pending,Codex,2026-09-28,
f5b23932e7d2036811b2f9e89a9b71c174e4f5b4,docs/stages/p3/implementation/p3-w02-secondary-cpu-bring-up/05-implementation-workflow.md,5f2d2dfc12024a4f89c1a65fcf3c2bdf9695f6b8,5f2d2dfc12024a4f89c1a65fcf3c2bdf9695f6b8,unchanged,original-963,p3,L4-design-or-amendment,source-en,docs/stages/p3/implementation/p3-w02-secondary-cpu-bring-up/05-implementation-workflow.md,Proposed detailed design; implementation and validation are not claimed.,not-declared,,git-blob-only,conditional-design-approval-not-certified,proposed-design,P3-W02 implementation handoff.,docs/stages/p3/implementation/p3-w02-secondary-cpu-bring-up/README.md#header,docs/development/documentation-baseline.md;docs/development/stage-workflow.md;docs/stages/p3/implementation/p3-w02-secondary-cpu-bring-up/README.md,,not-applicable,,,phase1-conservative-routing-classified,pending,Codex,2026-09-28,
f5b23932e7d2036811b2f9e89a9b71c174e4f5b4,docs/stages/p3/implementation/p3-w02-secondary-cpu-bring-up/06-validation-and-handoff.md,c54de0747a62d983e46f7c3bc83b5419e7adc264,c54de0747a62d983e46f7c3bc83b5419e7adc264,unchanged,original-963,p3,L4-design-or-amendment,source-en,docs/stages/p3/implementation/p3-w02-secondary-cpu-bring-up/06-validation-and-handoff.md,Proposed detailed design; implementation and validation are not claimed.,not-declared,,git-blob-only,conditional-design-approval-not-certified,proposed-design,P3-W02 implementation handoff.,docs/stages/p3/implementation/p3-w02-secondary-cpu-bring-up/README.md#header,docs/development/documentation-baseline.md;docs/development/stage-workflow.md;docs/stages/p3/implementation/p3-w02-secondary-cpu-bring-up/README.md,,not-applicable,,,phase1-conservative-routing-classified,pending,Codex,2026-09-28,
f5b23932e7d2036811b2f9e89a9b71c174e4f5b4,docs/stages/p3/implementation/p3-w02-secondary-cpu-bring-up/README.md,c70eef43dd31653e8b74fb340a821c71c09b6273,c70eef43dd31653e8b74fb340a821c71c09b6273,unchanged,original-963,p3,L4-design-or-amendment,source-en,docs/stages/p3/implementation/p3-w02-secondary-cpu-bring-up/README.md,Proposed detailed design; implementation and validation are not claimed.,not-declared,,git-blob-only,conditional-design-approval-not-certified,proposed-design,P3-W02 implementation handoff.,docs/stages/p3/implementation/p3-w02-secondary-cpu-bring-up/README.md#header,docs/development/documentation-baseline.md;docs/development/stage-workflow.md;docs/stages/p3/implementation/p3-w02-secondary-cpu-bring-up/README.md,,not-applicable,,,phase1-conservative-routing-classified,pending,Codex,2026-09-28,
f5b23932e7d2036811b2f9e89a9b71c174e4f5b4,docs/stages/p3/implementation/p3-w03-physical-cpu-lifecycle/01-scope-and-foundations.md,6fbcc6ce68187386d45325aec4a22c2d18a4d64e,6fbcc6ce68187386d45325aec4a22c2d18a4d64e,unchanged,original-963,p3,L4-design-or-amendment,source-en,docs/stages/p3/implementation/p3-w03-physical-cpu-lifecycle/01-scope-and-foundations.md,Proposed detailed design; implementation and validation are not claimed.,not-declared,,git-blob-only,conditional-design-approval-not-certified,proposed-design,P3-W03 implementation handoff.,docs/stages/p3/implementation/p3-w03-physical-cpu-lifecycle/README.md#header,docs/development/documentation-baseline.md;docs/development/stage-workflow.md;docs/stages/p3/implementation/p3-w03-physical-cpu-lifecycle/README.md,,not-applicable,,,phase1-conservative-routing-classified,pending,Codex,2026-09-28,
f5b23932e7d2036811b2f9e89a9b71c174e4f5b4,docs/stages/p3/implementation/p3-w03-physical-cpu-lifecycle/02-architecture-and-state.md,29048da757ac841dd0445ef56e4e705201941c7e,29048da757ac841dd0445ef56e4e705201941c7e,unchanged,original-963,p3,L4-design-or-amendment,source-en,docs/stages/p3/implementation/p3-w03-physical-cpu-lifecycle/02-architecture-and-state.md,Proposed detailed design; implementation and validation are not claimed.,not-declared,,git-blob-only,conditional-design-approval-not-certified,proposed-design,P3-W03 implementation handoff.,docs/stages/p3/implementation/p3-w03-physical-cpu-lifecycle/README.md#header,docs/development/documentation-baseline.md;docs/development/stage-workflow.md;docs/stages/p3/implementation/p3-w03-physical-cpu-lifecycle/README.md,,not-applicable,,,phase1-conservative-routing-classified,pending,Codex,2026-09-28,
f5b23932e7d2036811b2f9e89a9b71c174e4f5b4,docs/stages/p3/implementation/p3-w03-physical-cpu-lifecycle/03-code-contracts-cpu-state-machine.md,d07643b57767ea3743e284357ff438d2036ea16b,d07643b57767ea3743e284357ff438d2036ea16b,unchanged,original-963,p3,L4-design-or-amendment,source-en,docs/stages/p3/implementation/p3-w03-physical-cpu-lifecycle/03-code-contracts-cpu-state-machine.md,Proposed detailed design; implementation and validation are not claimed.,not-declared,,git-blob-only,conditional-design-approval-not-certified,proposed-design,P3-W03 implementation handoff.,docs/stages/p3/implementation/p3-w03-physical-cpu-lifecycle/README.md#header,docs/development/documentation-baseline.md;docs/development/stage-workflow.md;docs/stages/p3/implementation/p3-w03-physical-cpu-lifecycle/README.md,,not-applicable,,,phase1-conservative-routing-classified,pending,Codex,2026-09-28,
f5b23932e7d2036811b2f9e89a9b71c174e4f5b4,docs/stages/p3/implementation/p3-w03-physical-cpu-lifecycle/04-code-contracts-registry-and-admission.md,635278d1a494951d82885de4ed43239c076825c0,635278d1a494951d82885de4ed43239c076825c0,unchanged,original-963,p3,L4-design-or-amendment,source-en,docs/stages/p3/implementation/p3-w03-physical-cpu-lifecycle/04-code-contracts-registry-and-admission.md,Proposed detailed design; implementation and validation are not claimed.,not-declared,,git-blob-only,conditional-design-approval-not-certified,proposed-design,P3-W03 implementation handoff.,docs/stages/p3/implementation/p3-w03-physical-cpu-lifecycle/README.md#header,docs/development/documentation-baseline.md;docs/development/stage-workflow.md;docs/stages/p3/implementation/p3-w03-physical-cpu-lifecycle/README.md,,not-applicable,,,phase1-conservative-routing-classified,pending,Codex,2026-09-28,
f5b23932e7d2036811b2f9e89a9b71c174e4f5b4,docs/stages/p3/implementation/p3-w03-physical-cpu-lifecycle/05-implementation-workflow.md,70b916c5e241ce1a3170ba60eccce75101df6d70,70b916c5e241ce1a3170ba60eccce75101df6d70,unchanged,original-963,p3,L4-design-or-amendment,source-en,docs/stages/p3/implementation/p3-w03-physical-cpu-lifecycle/05-implementation-workflow.md,Proposed detailed design; implementation and validation are not claimed.,not-declared,,git-blob-only,conditional-design-approval-not-certified,proposed-design,P3-W03 implementation handoff.,docs/stages/p3/implementation/p3-w03-physical-cpu-lifecycle/README.md#header,docs/development/documentation-baseline.md;docs/development/stage-workflow.md;docs/stages/p3/implementation/p3-w03-physical-cpu-lifecycle/README.md,,not-applicable,,,phase1-conservative-routing-classified,pending,Codex,2026-09-28,
f5b23932e7d2036811b2f9e89a9b71c174e4f5b4,docs/stages/p3/implementation/p3-w03-physical-cpu-lifecycle/06-validation-and-handoff.md,6a99bc614f4eb11fd7c5199e2255dbc05084a27a,6a99bc614f4eb11fd7c5199e2255dbc05084a27a,unchanged,original-963,p3,L4-design-or-amendment,source-en,docs/stages/p3/implementation/p3-w03-physical-cpu-lifecycle/06-validation-and-handoff.md,Proposed detailed design; implementation and validation are not claimed.,not-declared,,git-blob-only,conditional-design-approval-not-certified,proposed-design,P3-W03 implementation handoff.,docs/stages/p3/implementation/p3-w03-physical-cpu-lifecycle/README.md#header,docs/development/documentation-baseline.md;docs/development/stage-workflow.md;docs/stages/p3/implementation/p3-w03-physical-cpu-lifecycle/README.md,,not-applicable,,,phase1-conservative-routing-classified,pending,Codex,2026-09-28,
f5b23932e7d2036811b2f9e89a9b71c174e4f5b4,docs/stages/p3/implementation/p3-w03-physical-cpu-lifecycle/README.md,4341b9e0705ce21d49bc26adf64f6b284aabd542,4341b9e0705ce21d49bc26adf64f6b284aabd542,unchanged,original-963,p3,L4-design-or-amendment,source-en,docs/stages/p3/implementation/p3-w03-physical-cpu-lifecycle/README.md,Proposed detailed design; implementation and validation are not claimed.,not-declared,,git-blob-only,conditional-design-approval-not-certified,proposed-design,P3-W03 implementation handoff.,docs/stages/p3/implementation/p3-w03-physical-cpu-lifecycle/README.md#header,docs/development/documentation-baseline.md;docs/development/stage-workflow.md;docs/stages/p3/implementation/p3-w03-physical-cpu-lifecycle/README.md,,not-applicable,,,phase1-conservative-routing-classified,pending,Codex,2026-09-28,
f5b23932e7d2036811b2f9e89a9b71c174e4f5b4,docs/stages/p3/implementation/p3-w04-per-cpu-runtime/01-scope-and-foundations.md,25c985fafa618a3bb4a540d762c628f8e01b27a1,25c985fafa618a3bb4a540d762c628f8e01b27a1,unchanged,original-963,p3,L4-design-or-amendment,source-en,docs/stages/p3/implementation/p3-w04-per-cpu-runtime/01-scope-and-foundations.md,Proposed detailed design; implementation and validation are not claimed.,not-declared,,git-blob-only,conditional-design-approval-not-certified,proposed-design,P3-W04 implementation handoff.,docs/stages/p3/implementation/p3-w04-per-cpu-runtime/README.md#header,docs/development/documentation-baseline.md;docs/development/stage-workflow.md;docs/stages/p3/implementation/p3-w04-per-cpu-runtime/README.md,,not-applicable,,,phase1-conservative-routing-classified,pending,Codex,2026-09-28,
f5b23932e7d2036811b2f9e89a9b71c174e4f5b4,docs/stages/p3/implementation/p3-w04-per-cpu-runtime/02-architecture-and-state.md,548908d4d51d02e20ac93fdf5a4c0db3f86ab63a,548908d4d51d02e20ac93fdf5a4c0db3f86ab63a,unchanged,original-963,p3,L4-design-or-amendment,source-en,docs/stages/p3/implementation/p3-w04-per-cpu-runtime/02-architecture-and-state.md,Proposed detailed design; implementation and validation are not claimed.,not-declared,,git-blob-only,conditional-design-approval-not-certified,proposed-design,P3-W04 implementation handoff.,docs/stages/p3/implementation/p3-w04-per-cpu-runtime/README.md#header,docs/development/documentation-baseline.md;docs/development/stage-workflow.md;docs/stages/p3/implementation/p3-w04-per-cpu-runtime/README.md,,not-applicable,,,phase1-conservative-routing-classified,pending,Codex,2026-09-28,
f5b23932e7d2036811b2f9e89a9b71c174e4f5b4,docs/stages/p3/implementation/p3-w04-per-cpu-runtime/03-code-contracts-percpu-area.md,6b8e111a1c8b30101683e4a9987ac53c193ba124,6b8e111a1c8b30101683e4a9987ac53c193ba124,unchanged,original-963,p3,L4-design-or-amendment,source-en,docs/stages/p3/implementation/p3-w04-per-cpu-runtime/03-code-contracts-percpu-area.md,Proposed detailed design; implementation and validation are not claimed.,not-declared,,git-blob-only,conditional-design-approval-not-certified,proposed-design,P3-W04 implementation handoff.,docs/stages/p3/implementation/p3-w04-per-cpu-runtime/README.md#header,docs/development/documentation-baseline.md;docs/development/stage-workflow.md;docs/stages/p3/implementation/p3-w04-per-cpu-runtime/README.md,,not-applicable,,,phase1-conservative-routing-classified,pending,Codex,2026-09-28,
f5b23932e7d2036811b2f9e89a9b71c174e4f5b4,docs/stages/p3/implementation/p3-w04-per-cpu-runtime/04-code-contracts-cpu-local-access.md,18b1c0675e680ceee3bf01d156642ddfaa0bdf20,18b1c0675e680ceee3bf01d156642ddfaa0bdf20,unchanged,original-963,p3,L4-design-or-amendment,source-en,docs/stages/p3/implementation/p3-w04-per-cpu-runtime/04-code-contracts-cpu-local-access.md,Proposed detailed design; implementation and validation are not claimed.,not-declared,,git-blob-only,conditional-design-approval-not-certified,proposed-design,P3-W04 implementation handoff.,docs/stages/p3/implementation/p3-w04-per-cpu-runtime/README.md#header,docs/development/documentation-baseline.md;docs/development/stage-workflow.md;docs/stages/p3/implementation/p3-w04-per-cpu-runtime/README.md,,not-applicable,,,phase1-conservative-routing-classified,pending,Codex,2026-09-28,
f5b23932e7d2036811b2f9e89a9b71c174e4f5b4,docs/stages/p3/implementation/p3-w04-per-cpu-runtime/05-implementation-workflow.md,251df6c81fb6a71dd4d5d00f6f0d0f5fa92c878f,251df6c81fb6a71dd4d5d00f6f0d0f5fa92c878f,unchanged,original-963,p3,L4-design-or-amendment,source-en,docs/stages/p3/implementation/p3-w04-per-cpu-runtime/05-implementation-workflow.md,Proposed detailed design; implementation and validation are not claimed.,not-declared,,git-blob-only,conditional-design-approval-not-certified,proposed-design,P3-W04 implementation handoff.,docs/stages/p3/implementation/p3-w04-per-cpu-runtime/README.md#header,docs/development/documentation-baseline.md;docs/development/stage-workflow.md;docs/stages/p3/implementation/p3-w04-per-cpu-runtime/README.md,,not-applicable,,,phase1-conservative-routing-classified,pending,Codex,2026-09-28,
f5b23932e7d2036811b2f9e89a9b71c174e4f5b4,docs/stages/p3/implementation/p3-w04-per-cpu-runtime/06-validation-and-handoff.md,6295b2395f388dce1ad0d758d89386b61736d557,6295b2395f388dce1ad0d758d89386b61736d557,unchanged,original-963,p3,L4-design-or-amendment,source-en,docs/stages/p3/implementation/p3-w04-per-cpu-runtime/06-validation-and-handoff.md,Proposed detailed design; implementation and validation are not claimed.,not-declared,,git-blob-only,conditional-design-approval-not-certified,proposed-design,P3-W04 implementation handoff.,docs/stages/p3/implementation/p3-w04-per-cpu-runtime/README.md#header,docs/development/documentation-baseline.md;docs/development/stage-workflow.md;docs/stages/p3/implementation/p3-w04-per-cpu-runtime/README.md,,not-applicable,,,phase1-conservative-routing-classified,pending,Codex,2026-09-28,
f5b23932e7d2036811b2f9e89a9b71c174e4f5b4,docs/stages/p3/implementation/p3-w04-per-cpu-runtime/README.md,6da910c0f75c666e181b4de58662efeae3e861c1,6da910c0f75c666e181b4de58662efeae3e861c1,unchanged,original-963,p3,L4-design-or-amendment,source-en,docs/stages/p3/implementation/p3-w04-per-cpu-runtime/README.md,Proposed detailed design; implementation and validation are not claimed.,not-declared,,git-blob-only,conditional-design-approval-not-certified,proposed-design,P3-W04 implementation handoff.,docs/stages/p3/implementation/p3-w04-per-cpu-runtime/README.md#header,docs/development/documentation-baseline.md;docs/development/stage-workflow.md;docs/stages/p3/implementation/p3-w04-per-cpu-runtime/README.md,,not-applicable,,,phase1-conservative-routing-classified,pending,Codex,2026-09-28,
f5b23932e7d2036811b2f9e89a9b71c174e4f5b4,docs/stages/p3/implementation/p3-w05-smp-boot-synchronization/01-scope-and-foundations.md,9fd34c1b88498452727cbea1f90b34ff9a1ba186,9fd34c1b88498452727cbea1f90b34ff9a1ba186,unchanged,original-963,p3,L4-design-or-amendment,source-en,docs/stages/p3/implementation/p3-w05-smp-boot-synchronization/01-scope-and-foundations.md,Proposed detailed design; implementation and validation are not claimed.,not-declared,,git-blob-only,conditional-design-approval-not-certified,proposed-design,P3-W05 implementation handoff.,docs/stages/p3/implementation/p3-w05-smp-boot-synchronization/README.md#header,docs/development/documentation-baseline.md;docs/development/stage-workflow.md;docs/stages/p3/implementation/p3-w05-smp-boot-synchronization/README.md,,not-applicable,,,phase1-conservative-routing-classified,pending,Codex,2026-09-28,
f5b23932e7d2036811b2f9e89a9b71c174e4f5b4,docs/stages/p3/implementation/p3-w05-smp-boot-synchronization/02-architecture-and-state.md,d9f56abf3feb025615e3a0c29bd68bd64b2af7ff,d9f56abf3feb025615e3a0c29bd68bd64b2af7ff,unchanged,original-963,p3,L4-design-or-amendment,source-en,docs/stages/p3/implementation/p3-w05-smp-boot-synchronization/02-architecture-and-state.md,Proposed detailed design; implementation and validation are not claimed.,not-declared,,git-blob-only,conditional-design-approval-not-certified,proposed-design,P3-W05 implementation handoff.,docs/stages/p3/implementation/p3-w05-smp-boot-synchronization/README.md#header,docs/development/documentation-baseline.md;docs/development/stage-workflow.md;docs/stages/p3/implementation/p3-w05-smp-boot-synchronization/README.md,,not-applicable,,,phase1-conservative-routing-classified,pending,Codex,2026-09-28,
f5b23932e7d2036811b2f9e89a9b71c174e4f5b4,docs/stages/p3/implementation/p3-w05-smp-boot-synchronization/03-code-contracts-boot-rendezvous.md,5d19681013478b77823a34be913443557cb857d1,5d19681013478b77823a34be913443557cb857d1,unchanged,original-963,p3,L4-design-or-amendment,source-en,docs/stages/p3/implementation/p3-w05-smp-boot-synchronization/03-code-contracts-boot-rendezvous.md,Proposed detailed design; implementation and validation are not claimed.,not-declared,,git-blob-only,conditional-design-approval-not-certified,proposed-design,P3-W05 implementation handoff.,docs/stages/p3/implementation/p3-w05-smp-boot-synchronization/README.md#header,docs/development/documentation-baseline.md;docs/development/stage-workflow.md;docs/stages/p3/implementation/p3-w05-smp-boot-synchronization/README.md,,not-applicable,,,phase1-conservative-routing-classified,pending,Codex,2026-09-28,
f5b23932e7d2036811b2f9e89a9b71c174e4f5b4,docs/stages/p3/implementation/p3-w05-smp-boot-synchronization/04-implementation-workflow.md,8acc778f473456fbc61f4985bf936f5020c9f828,8acc778f473456fbc61f4985bf936f5020c9f828,unchanged,original-963,p3,L4-design-or-amendment,source-en,docs/stages/p3/implementation/p3-w05-smp-boot-synchronization/04-implementation-workflow.md,Proposed detailed design; implementation and validation are not claimed.,not-declared,,git-blob-only,conditional-design-approval-not-certified,proposed-design,P3-W05 implementation handoff.,docs/stages/p3/implementation/p3-w05-smp-boot-synchronization/README.md#header,docs/development/documentation-baseline.md;docs/development/stage-workflow.md;docs/stages/p3/implementation/p3-w05-smp-boot-synchronization/README.md,,not-applicable,,,phase1-conservative-routing-classified,pending,Codex,2026-09-28,
f5b23932e7d2036811b2f9e89a9b71c174e4f5b4,docs/stages/p3/implementation/p3-w05-smp-boot-synchronization/05-validation-and-handoff.md,87d16d6ace3f8d45641880a75fa14b91e2333177,87d16d6ace3f8d45641880a75fa14b91e2333177,unchanged,original-963,p3,L4-design-or-amendment,source-en,docs/stages/p3/implementation/p3-w05-smp-boot-synchronization/05-validation-and-handoff.md,Proposed detailed design; implementation and validation are not claimed.,not-declared,,git-blob-only,conditional-design-approval-not-certified,proposed-design,P3-W05 implementation handoff.,docs/stages/p3/implementation/p3-w05-smp-boot-synchronization/README.md#header,docs/development/documentation-baseline.md;docs/development/stage-workflow.md;docs/stages/p3/implementation/p3-w05-smp-boot-synchronization/README.md,,not-applicable,,,phase1-conservative-routing-classified,pending,Codex,2026-09-28,
f5b23932e7d2036811b2f9e89a9b71c174e4f5b4,docs/stages/p3/implementation/p3-w05-smp-boot-synchronization/README.md,28cc8720d30a26c08485de6a255f3764eba02a09,28cc8720d30a26c08485de6a255f3764eba02a09,unchanged,original-963,p3,L4-design-or-amendment,source-en,docs/stages/p3/implementation/p3-w05-smp-boot-synchronization/README.md,Proposed detailed design; implementation and validation are not claimed.,not-declared,,git-blob-only,conditional-design-approval-not-certified,proposed-design,P3-W05 implementation handoff.,docs/stages/p3/implementation/p3-w05-smp-boot-synchronization/README.md#header,docs/development/documentation-baseline.md;docs/development/stage-workflow.md;docs/stages/p3/implementation/p3-w05-smp-boot-synchronization/README.md,,not-applicable,,,phase1-conservative-routing-classified,pending,Codex,2026-09-28,
f5b23932e7d2036811b2f9e89a9b71c174e4f5b4,docs/stages/p3/implementation/p3-w06-concurrency-synchronization/01-scope-and-foundations.md,9b888621821c9d8fc0f75b86f64960209746e4ee,9b888621821c9d8fc0f75b86f64960209746e4ee,unchanged,original-963,p3,L4-design-or-amendment,source-en,docs/stages/p3/implementation/p3-w06-concurrency-synchronization/01-scope-and-foundations.md,Proposed detailed design; implementation and validation are not claimed.,not-declared,,git-blob-only,conditional-design-approval-not-certified,proposed-design,P3-W06 implementation handoff.,docs/stages/p3/implementation/p3-w06-concurrency-synchronization/README.md#header,docs/development/documentation-baseline.md;docs/development/stage-workflow.md;docs/stages/p3/implementation/p3-w06-concurrency-synchronization/README.md,,not-applicable,,,phase1-conservative-routing-classified,pending,Codex,2026-09-28,
f5b23932e7d2036811b2f9e89a9b71c174e4f5b4,docs/stages/p3/implementation/p3-w06-concurrency-synchronization/02-architecture-and-state.md,3be75b2883e242948553c9910c395f4aa3ea93b0,3be75b2883e242948553c9910c395f4aa3ea93b0,unchanged,original-963,p3,L4-design-or-amendment,source-en,docs/stages/p3/implementation/p3-w06-concurrency-synchronization/02-architecture-and-state.md,Proposed detailed design; implementation and validation are not claimed.,not-declared,,git-blob-only,conditional-design-approval-not-certified,proposed-design,P3-W06 implementation handoff.,docs/stages/p3/implementation/p3-w06-concurrency-synchronization/README.md#header,docs/development/documentation-baseline.md;docs/development/stage-workflow.md;docs/stages/p3/implementation/p3-w06-concurrency-synchronization/README.md,,not-applicable,,,phase1-conservative-routing-classified,pending,Codex,2026-09-28,
f5b23932e7d2036811b2f9e89a9b71c174e4f5b4,docs/stages/p3/implementation/p3-w06-concurrency-synchronization/03-code-contracts-lock-primitives.md,b00abcd603c71a8400f471ad1ba2147aba83ede7,b00abcd603c71a8400f471ad1ba2147aba83ede7,unchanged,original-963,p3,L4-design-or-amendment,source-en,docs/stages/p3/implementation/p3-w06-concurrency-synchronization/03-code-contracts-lock-primitives.md,Proposed detailed design; implementation and validation are not claimed.,not-declared,,git-blob-only,conditional-design-approval-not-certified,proposed-design,P3-W06 implementation handoff.,docs/stages/p3/implementation/p3-w06-concurrency-synchronization/README.md#header,docs/development/documentation-baseline.md;docs/development/stage-workflow.md;docs/stages/p3/implementation/p3-w06-concurrency-synchronization/README.md,,not-applicable,,,phase1-conservative-routing-classified,pending,Codex,2026-09-28,
f5b23932e7d2036811b2f9e89a9b71c174e4f5b4,docs/stages/p3/implementation/p3-w06-concurrency-synchronization/04-code-contracts-atomic-and-ordering-policy.md,4128225afeccff6060c26a874a703a03a8d23ff9,4128225afeccff6060c26a874a703a03a8d23ff9,unchanged,original-963,p3,L4-design-or-amendment,source-en,docs/stages/p3/implementation/p3-w06-concurrency-synchronization/04-code-contracts-atomic-and-ordering-policy.md,Proposed detailed design; implementation and validation are not claimed.,not-declared,,git-blob-only,conditional-design-approval-not-certified,proposed-design,P3-W06 implementation handoff.,docs/stages/p3/implementation/p3-w06-concurrency-synchronization/README.md#header,docs/development/documentation-baseline.md;docs/development/stage-workflow.md;docs/stages/p3/implementation/p3-w06-concurrency-synchronization/README.md,,not-applicable,,,phase1-conservative-routing-classified,pending,Codex,2026-09-28,
f5b23932e7d2036811b2f9e89a9b71c174e4f5b4,docs/stages/p3/implementation/p3-w06-concurrency-synchronization/05-implementation-workflow.md,6bc7e57e4af0694af9cf87a3b1bbde71f8ae27bb,6bc7e57e4af0694af9cf87a3b1bbde71f8ae27bb,unchanged,original-963,p3,L4-design-or-amendment,source-en,docs/stages/p3/implementation/p3-w06-concurrency-synchronization/05-implementation-workflow.md,Proposed detailed design; implementation and validation are not claimed.,not-declared,,git-blob-only,conditional-design-approval-not-certified,proposed-design,P3-W06 implementation handoff.,docs/stages/p3/implementation/p3-w06-concurrency-synchronization/README.md#header,docs/development/documentation-baseline.md;docs/development/stage-workflow.md;docs/stages/p3/implementation/p3-w06-concurrency-synchronization/README.md,,not-applicable,,,phase1-conservative-routing-classified,pending,Codex,2026-09-28,
f5b23932e7d2036811b2f9e89a9b71c174e4f5b4,docs/stages/p3/implementation/p3-w06-concurrency-synchronization/06-validation-and-handoff.md,8a76664c2d519d210387c55bdc5d389dc2e64035,8a76664c2d519d210387c55bdc5d389dc2e64035,unchanged,original-963,p3,L4-design-or-amendment,source-en,docs/stages/p3/implementation/p3-w06-concurrency-synchronization/06-validation-and-handoff.md,Proposed detailed design; implementation and validation are not claimed.,not-declared,,git-blob-only,conditional-design-approval-not-certified,proposed-design,P3-W06 implementation handoff.,docs/stages/p3/implementation/p3-w06-concurrency-synchronization/README.md#header,docs/development/documentation-baseline.md;docs/development/stage-workflow.md;docs/stages/p3/implementation/p3-w06-concurrency-synchronization/README.md,,not-applicable,,,phase1-conservative-routing-classified,pending,Codex,2026-09-28,
f5b23932e7d2036811b2f9e89a9b71c174e4f5b4,docs/stages/p3/implementation/p3-w06-concurrency-synchronization/README.md,ef10fd7e7eed1a5d875a7e25f78d3e38396730bd,ef10fd7e7eed1a5d875a7e25f78d3e38396730bd,unchanged,original-963,p3,L4-design-or-amendment,source-en,docs/stages/p3/implementation/p3-w06-concurrency-synchronization/README.md,Proposed detailed design; implementation and validation are not claimed.,not-declared,,git-blob-only,conditional-design-approval-not-certified,proposed-design,P3-W06 implementation handoff.,docs/stages/p3/implementation/p3-w06-concurrency-synchronization/README.md#header,docs/development/documentation-baseline.md;docs/development/stage-workflow.md;docs/stages/p3/implementation/p3-w06-concurrency-synchronization/README.md,,not-applicable,,,phase1-conservative-routing-classified,pending,Codex,2026-09-28,
f5b23932e7d2036811b2f9e89a9b71c174e4f5b4,docs/stages/p3/implementation/p3-w07-cross-cpu-notification/01-scope-and-foundations.md,4e0b18f54bb2ca7e1525533e2fc8c6a2e1fe2e0f,4e0b18f54bb2ca7e1525533e2fc8c6a2e1fe2e0f,unchanged,original-963,p3,L4-design-or-amendment,source-en,docs/stages/p3/implementation/p3-w07-cross-cpu-notification/01-scope-and-foundations.md,Proposed detailed design; implementation and validation are not claimed.,not-declared,,git-blob-only,conditional-design-approval-not-certified,proposed-design,P3-W07 implementation handoff.,docs/stages/p3/implementation/p3-w07-cross-cpu-notification/README.md#header,docs/development/documentation-baseline.md;docs/development/stage-workflow.md;docs/stages/p3/implementation/p3-w07-cross-cpu-notification/README.md,,not-applicable,,,phase1-conservative-routing-classified,pending,Codex,2026-09-28,
f5b23932e7d2036811b2f9e89a9b71c174e4f5b4,docs/stages/p3/implementation/p3-w07-cross-cpu-notification/02-architecture-and-state.md,c4ed106d11b9ad86f8bd2e3aad0cfa52f344cca5,c4ed106d11b9ad86f8bd2e3aad0cfa52f344cca5,unchanged,original-963,p3,L4-design-or-amendment,source-en,docs/stages/p3/implementation/p3-w07-cross-cpu-notification/02-architecture-and-state.md,Proposed detailed design; implementation and validation are not claimed.,not-declared,,git-blob-only,conditional-design-approval-not-certified,proposed-design,P3-W07 implementation handoff.,docs/stages/p3/implementation/p3-w07-cross-cpu-notification/README.md#header,docs/development/documentation-baseline.md;docs/development/stage-workflow.md;docs/stages/p3/implementation/p3-w07-cross-cpu-notification/README.md,,not-applicable,,,phase1-conservative-routing-classified,pending,Codex,2026-09-28,
f5b23932e7d2036811b2f9e89a9b71c174e4f5b4,docs/stages/p3/implementation/p3-w07-cross-cpu-notification/03-code-contracts-notification-slot.md,dccb77c04ab3def479495d2d4e64494c8d9cab82,dccb77c04ab3def479495d2d4e64494c8d9cab82,unchanged,original-963,p3,L4-design-or-amendment,source-en,docs/stages/p3/implementation/p3-w07-cross-cpu-notification/03-code-contracts-notification-slot.md,Proposed detailed design; implementation and validation are not claimed.,not-declared,,git-blob-only,conditional-design-approval-not-certified,proposed-design,P3-W07 implementation handoff.,docs/stages/p3/implementation/p3-w07-cross-cpu-notification/README.md#header,docs/development/documentation-baseline.md;docs/development/stage-workflow.md;docs/stages/p3/implementation/p3-w07-cross-cpu-notification/README.md,,not-applicable,,,phase1-conservative-routing-classified,pending,Codex,2026-09-28,
f5b23932e7d2036811b2f9e89a9b71c174e4f5b4,docs/stages/p3/implementation/p3-w07-cross-cpu-notification/04-code-contracts-notification-api.md,16fddf24b6fffc738845fbf8865d854da24fee1f,16fddf24b6fffc738845fbf8865d854da24fee1f,unchanged,original-963,p3,L4-design-or-amendment,source-en,docs/stages/p3/implementation/p3-w07-cross-cpu-notification/04-code-contracts-notification-api.md,Proposed detailed design; implementation and validation are not claimed.,not-declared,,git-blob-only,conditional-design-approval-not-certified,proposed-design,P3-W07 implementation handoff.,docs/stages/p3/implementation/p3-w07-cross-cpu-notification/README.md#header,docs/development/documentation-baseline.md;docs/development/stage-workflow.md;docs/stages/p3/implementation/p3-w07-cross-cpu-notification/README.md,,not-applicable,,,phase1-conservative-routing-classified,pending,Codex,2026-09-28,
f5b23932e7d2036811b2f9e89a9b71c174e4f5b4,docs/stages/p3/implementation/p3-w07-cross-cpu-notification/05-implementation-workflow.md,fdc8d1f7c98764c9df7a841f4ce8b18b13b6e7dc,fdc8d1f7c98764c9df7a841f4ce8b18b13b6e7dc,unchanged,original-963,p3,L4-design-or-amendment,source-en,docs/stages/p3/implementation/p3-w07-cross-cpu-notification/05-implementation-workflow.md,Proposed detailed design; implementation and validation are not claimed.,not-declared,,git-blob-only,conditional-design-approval-not-certified,proposed-design,P3-W07 implementation handoff.,docs/stages/p3/implementation/p3-w07-cross-cpu-notification/README.md#header,docs/development/documentation-baseline.md;docs/development/stage-workflow.md;docs/stages/p3/implementation/p3-w07-cross-cpu-notification/README.md,,not-applicable,,,phase1-conservative-routing-classified,pending,Codex,2026-09-28,
f5b23932e7d2036811b2f9e89a9b71c174e4f5b4,docs/stages/p3/implementation/p3-w07-cross-cpu-notification/06-validation-and-handoff.md,630b83154c58f02aec7d5a11fd154847015a8191,630b83154c58f02aec7d5a11fd154847015a8191,unchanged,original-963,p3,L4-design-or-amendment,source-en,docs/stages/p3/implementation/p3-w07-cross-cpu-notification/06-validation-and-handoff.md,Proposed detailed design; implementation and validation are not claimed.,not-declared,,git-blob-only,conditional-design-approval-not-certified,proposed-design,P3-W07 implementation handoff.,docs/stages/p3/implementation/p3-w07-cross-cpu-notification/README.md#header,docs/development/documentation-baseline.md;docs/development/stage-workflow.md;docs/stages/p3/implementation/p3-w07-cross-cpu-notification/README.md,,not-applicable,,,phase1-conservative-routing-classified,pending,Codex,2026-09-28,
f5b23932e7d2036811b2f9e89a9b71c174e4f5b4,docs/stages/p3/implementation/p3-w07-cross-cpu-notification/README.md,70d7f983535025876cd557de1527383c5591bd24,70d7f983535025876cd557de1527383c5591bd24,unchanged,original-963,p3,L4-design-or-amendment,source-en,docs/stages/p3/implementation/p3-w07-cross-cpu-notification/README.md,Proposed detailed design; implementation and validation are not claimed.,not-declared,,git-blob-only,conditional-design-approval-not-certified,proposed-design,P3-W07 implementation handoff.,docs/stages/p3/implementation/p3-w07-cross-cpu-notification/README.md#header,docs/development/documentation-baseline.md;docs/development/stage-workflow.md;docs/stages/p3/implementation/p3-w07-cross-cpu-notification/README.md,,not-applicable,,,phase1-conservative-routing-classified,pending,Codex,2026-09-28,
f5b23932e7d2036811b2f9e89a9b71c174e4f5b4,docs/stages/p3/implementation/p3-w08-tlb-shootdown-transport/01-scope-and-foundations.md,95d0e8c512c8e8e36e8b3a482be50094d252d661,95d0e8c512c8e8e36e8b3a482be50094d252d661,unchanged,original-963,p3,L4-design-or-amendment,source-en,docs/stages/p3/implementation/p3-w08-tlb-shootdown-transport/01-scope-and-foundations.md,Proposed detailed design; implementation and validation are not claimed.,not-declared,,git-blob-only,conditional-design-approval-not-certified,proposed-design,P3-W08 implementation handoff.,docs/stages/p3/implementation/p3-w08-tlb-shootdown-transport/README.md#header,docs/development/documentation-baseline.md;docs/development/stage-workflow.md;docs/stages/p3/implementation/p3-w08-tlb-shootdown-transport/README.md,,not-applicable,,,phase1-conservative-routing-classified,pending,Codex,2026-09-28,
f5b23932e7d2036811b2f9e89a9b71c174e4f5b4,docs/stages/p3/implementation/p3-w08-tlb-shootdown-transport/02-architecture-and-state.md,a4921af1e2c41446ec9e03f6e3673410dd8d09a7,a4921af1e2c41446ec9e03f6e3673410dd8d09a7,unchanged,original-963,p3,L4-design-or-amendment,source-en,docs/stages/p3/implementation/p3-w08-tlb-shootdown-transport/02-architecture-and-state.md,Proposed detailed design; implementation and validation are not claimed.,not-declared,,git-blob-only,conditional-design-approval-not-certified,proposed-design,P3-W08 implementation handoff.,docs/stages/p3/implementation/p3-w08-tlb-shootdown-transport/README.md#header,docs/development/documentation-baseline.md;docs/development/stage-workflow.md;docs/stages/p3/implementation/p3-w08-tlb-shootdown-transport/README.md,,not-applicable,,,phase1-conservative-routing-classified,pending,Codex,2026-09-28,
f5b23932e7d2036811b2f9e89a9b71c174e4f5b4,docs/stages/p3/implementation/p3-w08-tlb-shootdown-transport/03-code-contracts-transport-request.md,978577a9ee65b9cf43a1eb66ca03ab4f26b80cf7,978577a9ee65b9cf43a1eb66ca03ab4f26b80cf7,unchanged,original-963,p3,L4-design-or-amendment,source-en,docs/stages/p3/implementation/p3-w08-tlb-shootdown-transport/03-code-contracts-transport-request.md,Proposed detailed design; implementation and validation are not claimed.,not-declared,,git-blob-only,conditional-design-approval-not-certified,proposed-design,P3-W08 implementation handoff.,docs/stages/p3/implementation/p3-w08-tlb-shootdown-transport/README.md#header,docs/development/documentation-baseline.md;docs/development/stage-workflow.md;docs/stages/p3/implementation/p3-w08-tlb-shootdown-transport/README.md,,not-applicable,,,phase1-conservative-routing-classified,pending,Codex,2026-09-28,
f5b23932e7d2036811b2f9e89a9b71c174e4f5b4,docs/stages/p3/implementation/p3-w08-tlb-shootdown-transport/04-code-contracts-transport-initiator.md,8a8eb65cda46ff6e44ead1f6c12085f246c481dc,8a8eb65cda46ff6e44ead1f6c12085f246c481dc,unchanged,original-963,p3,L4-design-or-amendment,source-en,docs/stages/p3/implementation/p3-w08-tlb-shootdown-transport/04-code-contracts-transport-initiator.md,Proposed detailed design; implementation and validation are not claimed.,not-declared,,git-blob-only,conditional-design-approval-not-certified,proposed-design,P3-W08 implementation handoff.,docs/stages/p3/implementation/p3-w08-tlb-shootdown-transport/README.md#header,docs/development/documentation-baseline.md;docs/development/stage-workflow.md;docs/stages/p3/implementation/p3-w08-tlb-shootdown-transport/README.md,,not-applicable,,,phase1-conservative-routing-classified,pending,Codex,2026-09-28,
f5b23932e7d2036811b2f9e89a9b71c174e4f5b4,docs/stages/p3/implementation/p3-w08-tlb-shootdown-transport/05-implementation-workflow.md,59518464c006981e5998701c710bcc0d9d9d7572,59518464c006981e5998701c710bcc0d9d9d7572,unchanged,original-963,p3,L4-design-or-amendment,source-en,docs/stages/p3/implementation/p3-w08-tlb-shootdown-transport/05-implementation-workflow.md,Proposed detailed design; implementation and validation are not claimed.,not-declared,,git-blob-only,conditional-design-approval-not-certified,proposed-design,P3-W08 implementation handoff.,docs/stages/p3/implementation/p3-w08-tlb-shootdown-transport/README.md#header,docs/development/documentation-baseline.md;docs/development/stage-workflow.md;docs/stages/p3/implementation/p3-w08-tlb-shootdown-transport/README.md,,not-applicable,,,phase1-conservative-routing-classified,pending,Codex,2026-09-28,
f5b23932e7d2036811b2f9e89a9b71c174e4f5b4,docs/stages/p3/implementation/p3-w08-tlb-shootdown-transport/06-validation-and-handoff.md,17da5b8e4311f881f262910d7d1d41fee23465fe,17da5b8e4311f881f262910d7d1d41fee23465fe,unchanged,original-963,p3,L4-design-or-amendment,source-en,docs/stages/p3/implementation/p3-w08-tlb-shootdown-transport/06-validation-and-handoff.md,Proposed detailed design; implementation and validation are not claimed.,not-declared,,git-blob-only,conditional-design-approval-not-certified,proposed-design,P3-W08 implementation handoff.,docs/stages/p3/implementation/p3-w08-tlb-shootdown-transport/README.md#header,docs/development/documentation-baseline.md;docs/development/stage-workflow.md;docs/stages/p3/implementation/p3-w08-tlb-shootdown-transport/README.md,,not-applicable,,,phase1-conservative-routing-classified,pending,Codex,2026-09-28,
f5b23932e7d2036811b2f9e89a9b71c174e4f5b4,docs/stages/p3/implementation/p3-w08-tlb-shootdown-transport/README.md,408942cefc2135d3609936564803a3dceb7e5fa1,408942cefc2135d3609936564803a3dceb7e5fa1,unchanged,original-963,p3,L4-design-or-amendment,source-en,docs/stages/p3/implementation/p3-w08-tlb-shootdown-transport/README.md,Proposed detailed design; implementation and validation are not claimed.,not-declared,,git-blob-only,conditional-design-approval-not-certified,proposed-design,P3-W08 implementation handoff.,docs/stages/p3/implementation/p3-w08-tlb-shootdown-transport/README.md#header,docs/development/documentation-baseline.md;docs/development/stage-workflow.md;docs/stages/p3/implementation/p3-w08-tlb-shootdown-transport/README.md,,not-applicable,,,phase1-conservative-routing-classified,pending,Codex,2026-09-28,
f5b23932e7d2036811b2f9e89a9b71c174e4f5b4,docs/stages/p3/implementation/p3-w09-cpu-local-exception-interrupt/01-scope-and-foundations.md,ad14ca25c54efc617ee12caf2d0a1a99920ae901,ad14ca25c54efc617ee12caf2d0a1a99920ae901,unchanged,original-963,p3,L4-design-or-amendment,source-en,docs/stages/p3/implementation/p3-w09-cpu-local-exception-interrupt/01-scope-and-foundations.md,Proposed detailed design; implementation and validation are not claimed.,not-declared,,git-blob-only,conditional-design-approval-not-certified,proposed-design,P3-W09 implementation handoff.,docs/stages/p3/implementation/p3-w09-cpu-local-exception-interrupt/README.md#header,docs/development/documentation-baseline.md;docs/development/stage-workflow.md;docs/stages/p3/implementation/p3-w09-cpu-local-exception-interrupt/README.md,,not-applicable,,,phase1-conservative-routing-classified,pending,Codex,2026-09-28,
f5b23932e7d2036811b2f9e89a9b71c174e4f5b4,docs/stages/p3/implementation/p3-w09-cpu-local-exception-interrupt/02-architecture-and-state.md,dc0fb6c510abf1c09a771e02c63fcabd4f707407,dc0fb6c510abf1c09a771e02c63fcabd4f707407,unchanged,original-963,p3,L4-design-or-amendment,source-en,docs/stages/p3/implementation/p3-w09-cpu-local-exception-interrupt/02-architecture-and-state.md,Proposed detailed design; implementation and validation are not claimed.,not-declared,,git-blob-only,conditional-design-approval-not-certified,proposed-design,P3-W09 implementation handoff.,docs/stages/p3/implementation/p3-w09-cpu-local-exception-interrupt/README.md#header,docs/development/documentation-baseline.md;docs/development/stage-workflow.md;docs/stages/p3/implementation/p3-w09-cpu-local-exception-interrupt/README.md,,not-applicable,,,phase1-conservative-routing-classified,pending,Codex,2026-09-28,
f5b23932e7d2036811b2f9e89a9b71c174e4f5b4,docs/stages/p3/implementation/p3-w09-cpu-local-exception-interrupt/03-code-contracts-exception-local-state.md,c5170806fba253ce19f767864d03274cd6b37383,c5170806fba253ce19f767864d03274cd6b37383,unchanged,original-963,p3,L4-design-or-amendment,source-en,docs/stages/p3/implementation/p3-w09-cpu-local-exception-interrupt/03-code-contracts-exception-local-state.md,Proposed detailed design; implementation and validation are not claimed.,not-declared,,git-blob-only,conditional-design-approval-not-certified,proposed-design,P3-W09 implementation handoff.,docs/stages/p3/implementation/p3-w09-cpu-local-exception-interrupt/README.md#header,docs/development/documentation-baseline.md;docs/development/stage-workflow.md;docs/stages/p3/implementation/p3-w09-cpu-local-exception-interrupt/README.md,,not-applicable,,,phase1-conservative-routing-classified,pending,Codex,2026-09-28,
f5b23932e7d2036811b2f9e89a9b71c174e4f5b4,docs/stages/p3/implementation/p3-w09-cpu-local-exception-interrupt/04-code-contracts-attribution-and-logging.md,615bbd099e73aedb90c37ae3538542b9f6aff192,615bbd099e73aedb90c37ae3538542b9f6aff192,unchanged,original-963,p3,L4-design-or-amendment,source-en,docs/stages/p3/implementation/p3-w09-cpu-local-exception-interrupt/04-code-contracts-attribution-and-logging.md,Proposed detailed design; implementation and validation are not claimed.,not-declared,,git-blob-only,conditional-design-approval-not-certified,proposed-design,P3-W09 implementation handoff.,docs/stages/p3/implementation/p3-w09-cpu-local-exception-interrupt/README.md#header,docs/development/documentation-baseline.md;docs/development/stage-workflow.md;docs/stages/p3/implementation/p3-w09-cpu-local-exception-interrupt/README.md,,not-applicable,,,phase1-conservative-routing-classified,pending,Codex,2026-09-28,
f5b23932e7d2036811b2f9e89a9b71c174e4f5b4,docs/stages/p3/implementation/p3-w09-cpu-local-exception-interrupt/05-implementation-workflow.md,a9395035402e4dbe5d5eb50163ca9b12a8ac2db7,a9395035402e4dbe5d5eb50163ca9b12a8ac2db7,unchanged,original-963,p3,L4-design-or-amendment,source-en,docs/stages/p3/implementation/p3-w09-cpu-local-exception-interrupt/05-implementation-workflow.md,Proposed detailed design; implementation and validation are not claimed.,not-declared,,git-blob-only,conditional-design-approval-not-certified,proposed-design,P3-W09 implementation handoff.,docs/stages/p3/implementation/p3-w09-cpu-local-exception-interrupt/README.md#header,docs/development/documentation-baseline.md;docs/development/stage-workflow.md;docs/stages/p3/implementation/p3-w09-cpu-local-exception-interrupt/README.md,,not-applicable,,,phase1-conservative-routing-classified,pending,Codex,2026-09-28,
f5b23932e7d2036811b2f9e89a9b71c174e4f5b4,docs/stages/p3/implementation/p3-w09-cpu-local-exception-interrupt/06-validation-and-handoff.md,893d731562f93256e258b541a34349ff0205f07d,893d731562f93256e258b541a34349ff0205f07d,unchanged,original-963,p3,L4-design-or-amendment,source-en,docs/stages/p3/implementation/p3-w09-cpu-local-exception-interrupt/06-validation-and-handoff.md,Proposed detailed design; implementation and validation are not claimed.,not-declared,,git-blob-only,conditional-design-approval-not-certified,proposed-design,P3-W09 implementation handoff.,docs/stages/p3/implementation/p3-w09-cpu-local-exception-interrupt/README.md#header,docs/development/documentation-baseline.md;docs/development/stage-workflow.md;docs/stages/p3/implementation/p3-w09-cpu-local-exception-interrupt/README.md,,not-applicable,,,phase1-conservative-routing-classified,pending,Codex,2026-09-28,
f5b23932e7d2036811b2f9e89a9b71c174e4f5b4,docs/stages/p3/implementation/p3-w09-cpu-local-exception-interrupt/README.md,2cf646541f11fa6c4b3c9613d439aafd29b2f6a1,2cf646541f11fa6c4b3c9613d439aafd29b2f6a1,unchanged,original-963,p3,L4-design-or-amendment,source-en,docs/stages/p3/implementation/p3-w09-cpu-local-exception-interrupt/README.md,Proposed detailed design; implementation and validation are not claimed.,not-declared,,git-blob-only,conditional-design-approval-not-certified,proposed-design,P3-W09 implementation handoff.,docs/stages/p3/implementation/p3-w09-cpu-local-exception-interrupt/README.md#header,docs/development/documentation-baseline.md;docs/development/stage-workflow.md;docs/stages/p3/implementation/p3-w09-cpu-local-exception-interrupt/README.md,,not-applicable,,,phase1-conservative-routing-classified,pending,Codex,2026-09-28,
f5b23932e7d2036811b2f9e89a9b71c174e4f5b4,docs/stages/p3/implementation/p3-w10-smp-safety-audit/01-audit-framework-and-checklist.md,e780e75033f34c8d53fc276c6a01d2201fef4937,e780e75033f34c8d53fc276c6a01d2201fef4937,unchanged,original-963,p3,L4-design-or-amendment,source-en,docs/stages/p3/implementation/p3-w10-smp-safety-audit/01-audit-framework-and-checklist.md,Proposed detailed design; implementation and validation are not claimed.,not-declared,,git-blob-only,conditional-design-approval-not-certified,proposed-design,P3-W10 implementation handoff.,docs/stages/p3/implementation/p3-w10-smp-safety-audit/README.md#header,docs/development/documentation-baseline.md;docs/development/stage-workflow.md;docs/stages/p3/implementation/p3-w10-smp-safety-audit/README.md,,not-applicable,,,phase1-conservative-routing-classified,pending,Codex,2026-09-28,
f5b23932e7d2036811b2f9e89a9b71c174e4f5b4,docs/stages/p3/implementation/p3-w10-smp-safety-audit/02-workflow-validation-and-handoff.md,ab0d5dde7794fe091aa7538e3390a7a3087ceac5,ab0d5dde7794fe091aa7538e3390a7a3087ceac5,unchanged,original-963,p3,L4-design-or-amendment,source-en,docs/stages/p3/implementation/p3-w10-smp-safety-audit/02-workflow-validation-and-handoff.md,Proposed detailed design; implementation and validation are not claimed.,not-declared,,git-blob-only,conditional-design-approval-not-certified,proposed-design,P3-W10 implementation handoff.,docs/stages/p3/implementation/p3-w10-smp-safety-audit/README.md#header,docs/development/documentation-baseline.md;docs/development/stage-workflow.md;docs/stages/p3/implementation/p3-w10-smp-safety-audit/README.md,,not-applicable,,,phase1-conservative-routing-classified,pending,Codex,2026-09-28,
f5b23932e7d2036811b2f9e89a9b71c174e4f5b4,docs/stages/p3/implementation/p3-w10-smp-safety-audit/README.md,e1e8e715b8adf6d85e2d9050a906bf75177a78a1,e1e8e715b8adf6d85e2d9050a906bf75177a78a1,unchanged,original-963,p3,L4-design-or-amendment,source-en,docs/stages/p3/implementation/p3-w10-smp-safety-audit/README.md,Proposed detailed design; implementation and validation are not claimed.,not-declared,,git-blob-only,conditional-design-approval-not-certified,proposed-design,P3-W10 implementation handoff.,docs/stages/p3/implementation/p3-w10-smp-safety-audit/README.md#header,docs/development/documentation-baseline.md;docs/development/stage-workflow.md;docs/stages/p3/implementation/p3-w10-smp-safety-audit/README.md,,not-applicable,,,phase1-conservative-routing-classified,pending,Codex,2026-09-28,
f5b23932e7d2036811b2f9e89a9b71c174e4f5b4,docs/stages/p3/implementation/p3-w11-smp-observability/01-scope-and-foundations.md,a84ca8acb1f3f2b4034d124f2ce0fe8be9e847ed,a84ca8acb1f3f2b4034d124f2ce0fe8be9e847ed,unchanged,original-963,p3,L4-design-or-amendment,source-en,docs/stages/p3/implementation/p3-w11-smp-observability/01-scope-and-foundations.md,Proposed detailed design; implementation and validation are not claimed.,not-declared,,git-blob-only,conditional-design-approval-not-certified,proposed-design,P3-W11 implementation handoff.,docs/stages/p3/implementation/p3-w11-smp-observability/README.md#header,docs/development/documentation-baseline.md;docs/development/stage-workflow.md;docs/stages/p3/implementation/p3-w11-smp-observability/README.md,,not-applicable,,,phase1-conservative-routing-classified,pending,Codex,2026-09-28,
f5b23932e7d2036811b2f9e89a9b71c174e4f5b4,docs/stages/p3/implementation/p3-w11-smp-observability/02-architecture-and-state.md,86bd78d10c6d99b923bf7f3b4970a1c9ffefd7a0,86bd78d10c6d99b923bf7f3b4970a1c9ffefd7a0,unchanged,original-963,p3,L4-design-or-amendment,source-en,docs/stages/p3/implementation/p3-w11-smp-observability/02-architecture-and-state.md,Proposed detailed design; implementation and validation are not claimed.,not-declared,,git-blob-only,conditional-design-approval-not-certified,proposed-design,P3-W11 implementation handoff.,docs/stages/p3/implementation/p3-w11-smp-observability/README.md#header,docs/development/documentation-baseline.md;docs/development/stage-workflow.md;docs/stages/p3/implementation/p3-w11-smp-observability/README.md,,not-applicable,,,phase1-conservative-routing-classified,pending,Codex,2026-09-28,
f5b23932e7d2036811b2f9e89a9b71c174e4f5b4,docs/stages/p3/implementation/p3-w11-smp-observability/03-code-contracts-counter-block.md,5395745ac4f5a2663298a3f17865defd40d322af,5395745ac4f5a2663298a3f17865defd40d322af,unchanged,original-963,p3,L4-design-or-amendment,source-en,docs/stages/p3/implementation/p3-w11-smp-observability/03-code-contracts-counter-block.md,Proposed detailed design; implementation and validation are not claimed.,not-declared,,git-blob-only,conditional-design-approval-not-certified,proposed-design,P3-W11 implementation handoff.,docs/stages/p3/implementation/p3-w11-smp-observability/README.md#header,docs/development/documentation-baseline.md;docs/development/stage-workflow.md;docs/stages/p3/implementation/p3-w11-smp-observability/README.md,,not-applicable,,,phase1-conservative-routing-classified,pending,Codex,2026-09-28,
f5b23932e7d2036811b2f9e89a9b71c174e4f5b4,docs/stages/p3/implementation/p3-w11-smp-observability/04-code-contracts-event-catalog.md,261f309baeee62c04447da9535b90610b77c510f,261f309baeee62c04447da9535b90610b77c510f,unchanged,original-963,p3,L4-design-or-amendment,source-en,docs/stages/p3/implementation/p3-w11-smp-observability/04-code-contracts-event-catalog.md,Proposed detailed design; implementation and validation are not claimed.,not-declared,,git-blob-only,conditional-design-approval-not-certified,proposed-design,P3-W11 implementation handoff.,docs/stages/p3/implementation/p3-w11-smp-observability/README.md#header,docs/development/documentation-baseline.md;docs/development/stage-workflow.md;docs/stages/p3/implementation/p3-w11-smp-observability/README.md,,not-applicable,,,phase1-conservative-routing-classified,pending,Codex,2026-09-28,
f5b23932e7d2036811b2f9e89a9b71c174e4f5b4,docs/stages/p3/implementation/p3-w11-smp-observability/05-implementation-workflow.md,4e0ae8be3225b66657d90e822927f345cc6012a3,4e0ae8be3225b66657d90e822927f345cc6012a3,unchanged,original-963,p3,L4-design-or-amendment,source-en,docs/stages/p3/implementation/p3-w11-smp-observability/05-implementation-workflow.md,Proposed detailed design; implementation and validation are not claimed.,not-declared,,git-blob-only,conditional-design-approval-not-certified,proposed-design,P3-W11 implementation handoff.,docs/stages/p3/implementation/p3-w11-smp-observability/README.md#header,docs/development/documentation-baseline.md;docs/development/stage-workflow.md;docs/stages/p3/implementation/p3-w11-smp-observability/README.md,,not-applicable,,,phase1-conservative-routing-classified,pending,Codex,2026-09-28,
f5b23932e7d2036811b2f9e89a9b71c174e4f5b4,docs/stages/p3/implementation/p3-w11-smp-observability/06-validation-and-handoff.md,cfc8a163f54cab74a2e43665ea033629492d591e,cfc8a163f54cab74a2e43665ea033629492d591e,unchanged,original-963,p3,L4-design-or-amendment,source-en,docs/stages/p3/implementation/p3-w11-smp-observability/06-validation-and-handoff.md,Proposed detailed design; implementation and validation are not claimed.,not-declared,,git-blob-only,conditional-design-approval-not-certified,proposed-design,P3-W11 implementation handoff.,docs/stages/p3/implementation/p3-w11-smp-observability/README.md#header,docs/development/documentation-baseline.md;docs/development/stage-workflow.md;docs/stages/p3/implementation/p3-w11-smp-observability/README.md,,not-applicable,,,phase1-conservative-routing-classified,pending,Codex,2026-09-28,
f5b23932e7d2036811b2f9e89a9b71c174e4f5b4,docs/stages/p3/implementation/p3-w11-smp-observability/README.md,296296222fd635a26c640828c50ca22805eb4825,296296222fd635a26c640828c50ca22805eb4825,unchanged,original-963,p3,L4-design-or-amendment,source-en,docs/stages/p3/implementation/p3-w11-smp-observability/README.md,Proposed detailed design; implementation and validation are not claimed.,not-declared,,git-blob-only,conditional-design-approval-not-certified,proposed-design,P3-W11 implementation handoff.,docs/stages/p3/implementation/p3-w11-smp-observability/README.md#header,docs/development/documentation-baseline.md;docs/development/stage-workflow.md;docs/stages/p3/implementation/p3-w11-smp-observability/README.md,,not-applicable,,,phase1-conservative-routing-classified,pending,Codex,2026-09-28,
f5b23932e7d2036811b2f9e89a9b71c174e4f5b4,docs/stages/p3/implementation/p3-w12-smp-stress-failure-tests/01-scope-and-foundations.md,d7e0971eb38f70d2ea3ae5bd1d1b3db42f023423,d7e0971eb38f70d2ea3ae5bd1d1b3db42f023423,unchanged,original-963,p3,L4-design-or-amendment,source-en,docs/stages/p3/implementation/p3-w12-smp-stress-failure-tests/01-scope-and-foundations.md,Proposed detailed design; implementation and validation are not claimed.,not-declared,,git-blob-only,conditional-design-approval-not-certified,proposed-design,P3-W12 implementation handoff.,docs/stages/p3/implementation/p3-w12-smp-stress-failure-tests/README.md#header,docs/development/documentation-baseline.md;docs/development/stage-workflow.md;docs/stages/p3/implementation/p3-w12-smp-stress-failure-tests/README.md,,not-applicable,,,phase1-conservative-routing-classified,pending,Codex,2026-09-28,
f5b23932e7d2036811b2f9e89a9b71c174e4f5b4,docs/stages/p3/implementation/p3-w12-smp-stress-failure-tests/02-stress-scenario-matrix.md,b2f0a4399fcd4334ce5f3c549c1ffcf5960976b3,b2f0a4399fcd4334ce5f3c549c1ffcf5960976b3,unchanged,original-963,p3,L4-design-or-amendment,source-en,docs/stages/p3/implementation/p3-w12-smp-stress-failure-tests/02-stress-scenario-matrix.md,Proposed detailed design; implementation and validation are not claimed.,not-declared,,git-blob-only,conditional-design-approval-not-certified,proposed-design,P3-W12 implementation handoff.,docs/stages/p3/implementation/p3-w12-smp-stress-failure-tests/README.md#header,docs/development/documentation-baseline.md;docs/development/stage-workflow.md;docs/stages/p3/implementation/p3-w12-smp-stress-failure-tests/README.md,,not-applicable,,,phase1-conservative-routing-classified,pending,Codex,2026-09-28,
f5b23932e7d2036811b2f9e89a9b71c174e4f5b4,docs/stages/p3/implementation/p3-w12-smp-stress-failure-tests/03-failure-injection-and-accounting.md,203016132a0f5121a6f6625e30af62e66f6c033a,203016132a0f5121a6f6625e30af62e66f6c033a,unchanged,original-963,p3,L4-design-or-amendment,source-en,docs/stages/p3/implementation/p3-w12-smp-stress-failure-tests/03-failure-injection-and-accounting.md,Proposed detailed design; implementation and validation are not claimed.,not-declared,,git-blob-only,conditional-design-approval-not-certified,proposed-design,P3-W12 implementation handoff.,docs/stages/p3/implementation/p3-w12-smp-stress-failure-tests/README.md#header,docs/development/documentation-baseline.md;docs/development/stage-workflow.md;docs/stages/p3/implementation/p3-w12-smp-stress-failure-tests/README.md,,not-applicable,,,phase1-conservative-routing-classified,pending,Codex,2026-09-28,
f5b23932e7d2036811b2f9e89a9b71c174e4f5b4,docs/stages/p3/implementation/p3-w12-smp-stress-failure-tests/04-workflow-validation-and-handoff.md,3d07fccbc33782bb2eb87fdcb325cc5045412845,3d07fccbc33782bb2eb87fdcb325cc5045412845,unchanged,original-963,p3,L4-design-or-amendment,source-en,docs/stages/p3/implementation/p3-w12-smp-stress-failure-tests/04-workflow-validation-and-handoff.md,Proposed detailed design; implementation and validation are not claimed.,not-declared,,git-blob-only,conditional-design-approval-not-certified,proposed-design,P3-W12 implementation handoff.,docs/stages/p3/implementation/p3-w12-smp-stress-failure-tests/README.md#header,docs/development/documentation-baseline.md;docs/development/stage-workflow.md;docs/stages/p3/implementation/p3-w12-smp-stress-failure-tests/README.md,,not-applicable,,,phase1-conservative-routing-classified,pending,Codex,2026-09-28,
f5b23932e7d2036811b2f9e89a9b71c174e4f5b4,docs/stages/p3/implementation/p3-w12-smp-stress-failure-tests/README.md,e5355513907f8c79a566a5abf4e453d7047d78bb,e5355513907f8c79a566a5abf4e453d7047d78bb,unchanged,original-963,p3,L4-design-or-amendment,source-en,docs/stages/p3/implementation/p3-w12-smp-stress-failure-tests/README.md,Proposed detailed design; implementation and validation are not claimed.,not-declared,,git-blob-only,conditional-design-approval-not-certified,proposed-design,P3-W12 implementation handoff.,docs/stages/p3/implementation/p3-w12-smp-stress-failure-tests/README.md#header,docs/development/documentation-baseline.md;docs/development/stage-workflow.md;docs/stages/p3/implementation/p3-w12-smp-stress-failure-tests/README.md,,not-applicable,,,phase1-conservative-routing-classified,pending,Codex,2026-09-28,
f5b23932e7d2036811b2f9e89a9b71c174e4f5b4,docs/stages/p3/implementation/p3-w13-qemu-smp-regression/01-scope-and-foundations.md,a7df159b3d22907f083b1d4d8993aefc18b45420,a7df159b3d22907f083b1d4d8993aefc18b45420,unchanged,original-963,p3,L4-design-or-amendment,source-en,docs/stages/p3/implementation/p3-w13-qemu-smp-regression/01-scope-and-foundations.md,Proposed detailed design; implementation and validation are not claimed.,not-declared,,git-blob-only,conditional-design-approval-not-certified,proposed-design,P3-W13 implementation handoff.,docs/stages/p3/implementation/p3-w13-qemu-smp-regression/README.md#header,docs/development/documentation-baseline.md;docs/development/stage-workflow.md;docs/stages/p3/implementation/p3-w13-qemu-smp-regression/README.md,,not-applicable,,,phase1-conservative-routing-classified,pending,Codex,2026-09-28,
f5b23932e7d2036811b2f9e89a9b71c174e4f5b4,docs/stages/p3/implementation/p3-w13-qemu-smp-regression/02-regression-matrix.md,06c7e176be362144cbf62659e382fa4c2b79af5a,06c7e176be362144cbf62659e382fa4c2b79af5a,unchanged,original-963,p3,L4-design-or-amendment,source-en,docs/stages/p3/implementation/p3-w13-qemu-smp-regression/02-regression-matrix.md,Proposed detailed design; implementation and validation are not claimed.,not-declared,,git-blob-only,conditional-design-approval-not-certified,proposed-design,P3-W13 implementation handoff.,docs/stages/p3/implementation/p3-w13-qemu-smp-regression/README.md#header,docs/development/documentation-baseline.md;docs/development/stage-workflow.md;docs/stages/p3/implementation/p3-w13-qemu-smp-regression/README.md,,not-applicable,,,phase1-conservative-routing-classified,pending,Codex,2026-09-28,
f5b23932e7d2036811b2f9e89a9b71c174e4f5b4,docs/stages/p3/implementation/p3-w13-qemu-smp-regression/03-result-classification-and-evidence.md,627ea3d9c02db4b1457d5de0c19c2f28c8ae181c,627ea3d9c02db4b1457d5de0c19c2f28c8ae181c,unchanged,original-963,p3,L4-design-or-amendment,source-en,docs/stages/p3/implementation/p3-w13-qemu-smp-regression/03-result-classification-and-evidence.md,Proposed detailed design; implementation and validation are not claimed.,not-declared,,git-blob-only,conditional-design-approval-not-certified,proposed-design,P3-W13 implementation handoff.,docs/stages/p3/implementation/p3-w13-qemu-smp-regression/README.md#header,docs/development/documentation-baseline.md;docs/development/stage-workflow.md;docs/stages/p3/implementation/p3-w13-qemu-smp-regression/README.md,,not-applicable,,,phase1-conservative-routing-classified,pending,Codex,2026-09-28,
f5b23932e7d2036811b2f9e89a9b71c174e4f5b4,docs/stages/p3/implementation/p3-w13-qemu-smp-regression/04-workflow-validation-and-handoff.md,12b6e30f41b1cfc8bfb2d3d4ee9db9acb7bfd8f2,12b6e30f41b1cfc8bfb2d3d4ee9db9acb7bfd8f2,unchanged,original-963,p3,L4-design-or-amendment,source-en,docs/stages/p3/implementation/p3-w13-qemu-smp-regression/04-workflow-validation-and-handoff.md,Proposed detailed design; implementation and validation are not claimed.,not-declared,,git-blob-only,conditional-design-approval-not-certified,proposed-design,P3-W13 implementation handoff.,docs/stages/p3/implementation/p3-w13-qemu-smp-regression/README.md#header,docs/development/documentation-baseline.md;docs/development/stage-workflow.md;docs/stages/p3/implementation/p3-w13-qemu-smp-regression/README.md,,not-applicable,,,phase1-conservative-routing-classified,pending,Codex,2026-09-28,
f5b23932e7d2036811b2f9e89a9b71c174e4f5b4,docs/stages/p3/implementation/p3-w13-qemu-smp-regression/README.md,7bd68146c2753990b0f99b8e589f4162cd26f5b8,7bd68146c2753990b0f99b8e589f4162cd26f5b8,unchanged,original-963,p3,L4-design-or-amendment,source-en,docs/stages/p3/implementation/p3-w13-qemu-smp-regression/README.md,Proposed detailed design; implementation and validation are not claimed.,not-declared,,git-blob-only,conditional-design-approval-not-certified,proposed-design,P3-W13 implementation handoff.,docs/stages/p3/implementation/p3-w13-qemu-smp-regression/README.md#header,docs/development/documentation-baseline.md;docs/development/stage-workflow.md;docs/stages/p3/implementation/p3-w13-qemu-smp-regression/README.md,,not-applicable,,,phase1-conservative-routing-classified,pending,Codex,2026-09-28,
f5b23932e7d2036811b2f9e89a9b71c174e4f5b4,docs/stages/p3/implementation/p3-w14-p4-smp-handoff/01-scope-and-foundations.md,9061df4124d3fb7f69b34925109b8df678414e15,9061df4124d3fb7f69b34925109b8df678414e15,unchanged,original-963,p3,L4-design-or-amendment,source-en,docs/stages/p3/implementation/p3-w14-p4-smp-handoff/01-scope-and-foundations.md,Proposed detailed design; implementation and validation are not claimed.,not-declared,,git-blob-only,conditional-design-approval-not-certified,proposed-design,P3-W14 implementation handoff.,docs/stages/p3/implementation/p3-w14-p4-smp-handoff/README.md#header,docs/development/documentation-baseline.md;docs/development/stage-workflow.md;docs/stages/p3/implementation/p3-w14-p4-smp-handoff/README.md,,not-applicable,,,phase1-conservative-routing-classified,pending,Codex,2026-09-28,
f5b23932e7d2036811b2f9e89a9b71c174e4f5b4,docs/stages/p3/implementation/p3-w14-p4-smp-handoff/02-p4-consumer-map.md,71ae9a5cb0faafc17e435322762e715f9dc8da42,71ae9a5cb0faafc17e435322762e715f9dc8da42,unchanged,original-963,p3,L4-design-or-amendment,source-en,docs/stages/p3/implementation/p3-w14-p4-smp-handoff/02-p4-consumer-map.md,Proposed detailed design; implementation and validation are not claimed.,not-declared,,git-blob-only,conditional-design-approval-not-certified,proposed-design,P3-W14 implementation handoff.,docs/stages/p3/implementation/p3-w14-p4-smp-handoff/README.md#header,docs/development/documentation-baseline.md;docs/development/stage-workflow.md;docs/stages/p3/implementation/p3-w14-p4-smp-handoff/README.md,,not-applicable,,,phase1-conservative-routing-classified,pending,Codex,2026-09-28,
f5b23932e7d2036811b2f9e89a9b71c174e4f5b4,docs/stages/p3/implementation/p3-w14-p4-smp-handoff/03-workflow-and-review.md,b34f2d8cd3ee9fe792d327821a23a7d4c456c6ac,b34f2d8cd3ee9fe792d327821a23a7d4c456c6ac,unchanged,original-963,p3,L4-design-or-amendment,source-en,docs/stages/p3/implementation/p3-w14-p4-smp-handoff/03-workflow-and-review.md,Proposed detailed design; implementation and validation are not claimed.,not-declared,,git-blob-only,conditional-design-approval-not-certified,proposed-design,P3-W14 implementation handoff.,docs/stages/p3/implementation/p3-w14-p4-smp-handoff/README.md#header,docs/development/documentation-baseline.md;docs/development/stage-workflow.md;docs/stages/p3/implementation/p3-w14-p4-smp-handoff/README.md,,not-applicable,,,phase1-conservative-routing-classified,pending,Codex,2026-09-28,
f5b23932e7d2036811b2f9e89a9b71c174e4f5b4,docs/stages/p3/implementation/p3-w14-p4-smp-handoff/README.md,45c59d7a0d016a4645bfed7dbed04f7c8882e9ba,45c59d7a0d016a4645bfed7dbed04f7c8882e9ba,unchanged,original-963,p3,L4-design-or-amendment,source-en,docs/stages/p3/implementation/p3-w14-p4-smp-handoff/README.md,Proposed detailed design; implementation and validation are not claimed.,not-declared,,git-blob-only,conditional-design-approval-not-certified,proposed-design,P3-W14 implementation handoff.,docs/stages/p3/implementation/p3-w14-p4-smp-handoff/README.md#header,docs/development/documentation-baseline.md;docs/development/stage-workflow.md;docs/stages/p3/implementation/p3-w14-p4-smp-handoff/README.md,,not-applicable,,,phase1-conservative-routing-classified,pending,Codex,2026-09-28,
f5b23932e7d2036811b2f9e89a9b71c174e4f5b4,docs/stages/p3/implementation/p3-w15-stage-documentation-acceptance/01-scope-and-foundations.md,3805d6ae488c85dbf08faeff471391bd71939711,3805d6ae488c85dbf08faeff471391bd71939711,unchanged,original-963,p3,L4-design-or-amendment,source-en,docs/stages/p3/implementation/p3-w15-stage-documentation-acceptance/01-scope-and-foundations.md,Proposed detailed design; implementation and validation are not claimed.,not-declared,,git-blob-only,conditional-design-approval-not-certified,proposed-design,P3-W15 implementation handoff.,docs/stages/p3/implementation/p3-w15-stage-documentation-acceptance/README.md#header,docs/development/documentation-baseline.md;docs/development/stage-workflow.md;docs/stages/p3/implementation/p3-w15-stage-documentation-acceptance/README.md,,not-applicable,,,phase1-conservative-routing-classified,pending,Codex,2026-09-28,
f5b23932e7d2036811b2f9e89a9b71c174e4f5b4,docs/stages/p3/implementation/p3-w15-stage-documentation-acceptance/02-acceptance-artifacts-and-checks.md,0955c3da4550f8751c31d36406ab497f7b7a4cf8,0955c3da4550f8751c31d36406ab497f7b7a4cf8,unchanged,original-963,p3,L4-design-or-amendment,source-en,docs/stages/p3/implementation/p3-w15-stage-documentation-acceptance/02-acceptance-artifacts-and-checks.md,Proposed detailed design; implementation and validation are not claimed.,not-declared,,git-blob-only,conditional-design-approval-not-certified,proposed-design,P3-W15 implementation handoff.,docs/stages/p3/implementation/p3-w15-stage-documentation-acceptance/README.md#header,docs/development/documentation-baseline.md;docs/development/stage-workflow.md;docs/stages/p3/implementation/p3-w15-stage-documentation-acceptance/README.md,,not-applicable,,,phase1-conservative-routing-classified,pending,Codex,2026-09-28,
f5b23932e7d2036811b2f9e89a9b71c174e4f5b4,docs/stages/p3/implementation/p3-w15-stage-documentation-acceptance/03-workflow-and-review.md,60eb625618480c3a450e9f558b1d2da79cb238e2,60eb625618480c3a450e9f558b1d2da79cb238e2,unchanged,original-963,p3,L4-design-or-amendment,source-en,docs/stages/p3/implementation/p3-w15-stage-documentation-acceptance/03-workflow-and-review.md,Proposed detailed design; implementation and validation are not claimed.,not-declared,,git-blob-only,conditional-design-approval-not-certified,proposed-design,P3-W15 implementation handoff.,docs/stages/p3/implementation/p3-w15-stage-documentation-acceptance/README.md#header,docs/development/documentation-baseline.md;docs/development/stage-workflow.md;docs/stages/p3/implementation/p3-w15-stage-documentation-acceptance/README.md,,not-applicable,,,phase1-conservative-routing-classified,pending,Codex,2026-09-28,
f5b23932e7d2036811b2f9e89a9b71c174e4f5b4,docs/stages/p3/implementation/p3-w15-stage-documentation-acceptance/README.md,f1c854c57565a0836157d669f8e32b0ea912d203,f1c854c57565a0836157d669f8e32b0ea912d203,unchanged,original-963,p3,L4-design-or-amendment,source-en,docs/stages/p3/implementation/p3-w15-stage-documentation-acceptance/README.md,Proposed detailed design; implementation and validation are not claimed.,not-declared,,git-blob-only,conditional-design-approval-not-certified,proposed-design,P3-W15 implementation handoff.,docs/stages/p3/implementation/p3-w15-stage-documentation-acceptance/README.md#header,docs/development/documentation-baseline.md;docs/development/stage-workflow.md;docs/stages/p3/implementation/p3-w15-stage-documentation-acceptance/README.md,,not-applicable,,,phase1-conservative-routing-classified,pending,Codex,2026-09-28,
f5b23932e7d2036811b2f9e89a9b71c174e4f5b4,docs/stages/p3/plans/README.md,39db22b884aa3e1a84b8bcf14f29a98d045e0029,39db22b884aa3e1a84b8bcf14f29a98d045e0029,unchanged,original-963,p3,L3-plan-index,source-en,docs/stages/p3/plans/README.md,"Planning index. Each linked document is a planned, bounded work package; none claims implementation or verification.",not-declared,,git-blob-only,bounded-planning-not-code-admission,planning,P3 stage maintainers,routing responsibility; no named person asserted,docs/development/documentation-baseline.md;docs/development/stage-workflow.md,,not-applicable,,,phase1-conservative-routing-classified,pending,Codex,2026-09-28,
f5b23932e7d2036811b2f9e89a9b71c174e4f5b4,docs/stages/p3/plans/p3-w01-cpu-topology-inputs.md,438efbad3b2719e1838f695ed37f540a1c46adc2,438efbad3b2719e1838f695ed37f540a1c46adc2,unchanged,original-963,p3,L3-package-plan,source-en,docs/stages/p3/plans/p3-w01-cpu-topology-inputs.md,Planned work package; implementation not claimed,not-declared,,git-blob-only,bounded-planning-not-code-admission,planning,P3-W01,routing responsibility; no named person asserted,docs/development/documentation-baseline.md;docs/development/stage-workflow.md;docs/stages/p3/task-book-v0.1.md,,not-applicable,,,phase1-conservative-routing-classified,pending,Codex,2026-09-28,
f5b23932e7d2036811b2f9e89a9b71c174e4f5b4,docs/stages/p3/plans/p3-w02-secondary-cpu-bring-up.md,b0f333d59cdc1812aa0f06a28fb4bc7a4db12ff7,b0f333d59cdc1812aa0f06a28fb4bc7a4db12ff7,unchanged,original-963,p3,L3-package-plan,source-en,docs/stages/p3/plans/p3-w02-secondary-cpu-bring-up.md,Planned work package; implementation not claimed,not-declared,,git-blob-only,bounded-planning-not-code-admission,planning,P3-W02,routing responsibility; no named person asserted,docs/development/documentation-baseline.md;docs/development/stage-workflow.md;docs/stages/p3/task-book-v0.1.md,,not-applicable,,,phase1-conservative-routing-classified,pending,Codex,2026-09-28,
f5b23932e7d2036811b2f9e89a9b71c174e4f5b4,docs/stages/p3/plans/p3-w03-physical-cpu-lifecycle.md,7792c1ad25abf6e72129492f4f042d93a255205d,7792c1ad25abf6e72129492f4f042d93a255205d,unchanged,original-963,p3,L3-package-plan,source-en,docs/stages/p3/plans/p3-w03-physical-cpu-lifecycle.md,Planned work package; implementation not claimed,not-declared,,git-blob-only,bounded-planning-not-code-admission,planning,P3-W03,routing responsibility; no named person asserted,docs/development/documentation-baseline.md;docs/development/stage-workflow.md;docs/stages/p3/task-book-v0.1.md,,not-applicable,,,phase1-conservative-routing-classified,pending,Codex,2026-09-28,
f5b23932e7d2036811b2f9e89a9b71c174e4f5b4,docs/stages/p3/plans/p3-w04-per-cpu-runtime.md,0d0439705b6ee6def35b9ce09963cb13cb68fdb1,0d0439705b6ee6def35b9ce09963cb13cb68fdb1,unchanged,original-963,p3,L3-package-plan,source-en,docs/stages/p3/plans/p3-w04-per-cpu-runtime.md,Planned work package; implementation not claimed,not-declared,,git-blob-only,bounded-planning-not-code-admission,planning,P3-W04,routing responsibility; no named person asserted,docs/development/documentation-baseline.md;docs/development/stage-workflow.md;docs/stages/p3/task-book-v0.1.md,,not-applicable,,,phase1-conservative-routing-classified,pending,Codex,2026-09-28,
f5b23932e7d2036811b2f9e89a9b71c174e4f5b4,docs/stages/p3/plans/p3-w05-smp-boot-synchronization.md,4d0578093604203f55d7ebf6a786bff4bfab65ca,4d0578093604203f55d7ebf6a786bff4bfab65ca,unchanged,original-963,p3,L3-package-plan,source-en,docs/stages/p3/plans/p3-w05-smp-boot-synchronization.md,Planned work package; implementation not claimed,not-declared,,git-blob-only,bounded-planning-not-code-admission,planning,P3-W05,routing responsibility; no named person asserted,docs/development/documentation-baseline.md;docs/development/stage-workflow.md;docs/stages/p3/task-book-v0.1.md,,not-applicable,,,phase1-conservative-routing-classified,pending,Codex,2026-09-28,
f5b23932e7d2036811b2f9e89a9b71c174e4f5b4,docs/stages/p3/plans/p3-w06-concurrency-synchronization.md,1bd9621e51f955f8b046f1f204800ee0e219bed6,1bd9621e51f955f8b046f1f204800ee0e219bed6,unchanged,original-963,p3,L3-package-plan,source-en,docs/stages/p3/plans/p3-w06-concurrency-synchronization.md,Planned work package; implementation not claimed,not-declared,,git-blob-only,bounded-planning-not-code-admission,planning,P3-W06,routing responsibility; no named person asserted,docs/development/documentation-baseline.md;docs/development/stage-workflow.md;docs/stages/p3/task-book-v0.1.md,,not-applicable,,,phase1-conservative-routing-classified,pending,Codex,2026-09-28,
f5b23932e7d2036811b2f9e89a9b71c174e4f5b4,docs/stages/p3/plans/p3-w07-cross-cpu-notification.md,9fe49a165628fd7e594798f43ec069b450dcef92,9fe49a165628fd7e594798f43ec069b450dcef92,unchanged,original-963,p3,L3-package-plan,source-en,docs/stages/p3/plans/p3-w07-cross-cpu-notification.md,Planned work package; implementation not claimed,not-declared,,git-blob-only,bounded-planning-not-code-admission,planning,P3-W07,routing responsibility; no named person asserted,docs/development/documentation-baseline.md;docs/development/stage-workflow.md;docs/stages/p3/task-book-v0.1.md,,not-applicable,,,phase1-conservative-routing-classified,pending,Codex,2026-09-28,
f5b23932e7d2036811b2f9e89a9b71c174e4f5b4,docs/stages/p3/plans/p3-w08-tlb-shootdown-transport.md,dea8fcc3d48914d2dc4129747bcf4c009f47edaa,dea8fcc3d48914d2dc4129747bcf4c009f47edaa,unchanged,original-963,p3,L3-package-plan,source-en,docs/stages/p3/plans/p3-w08-tlb-shootdown-transport.md,Planned work package; implementation not claimed,not-declared,,git-blob-only,bounded-planning-not-code-admission,planning,P3-W08,routing responsibility; no named person asserted,docs/development/documentation-baseline.md;docs/development/stage-workflow.md;docs/stages/p3/task-book-v0.1.md,,not-applicable,,,phase1-conservative-routing-classified,pending,Codex,2026-09-28,
f5b23932e7d2036811b2f9e89a9b71c174e4f5b4,docs/stages/p3/plans/p3-w09-cpu-local-exception-interrupt.md,a7a5bea259b4a10f4c0ad7e0ee24d121beba623e,a7a5bea259b4a10f4c0ad7e0ee24d121beba623e,unchanged,original-963,p3,L3-package-plan,source-en,docs/stages/p3/plans/p3-w09-cpu-local-exception-interrupt.md,Planned work package; implementation not claimed,not-declared,,git-blob-only,bounded-planning-not-code-admission,planning,P3-W09,routing responsibility; no named person asserted,docs/development/documentation-baseline.md;docs/development/stage-workflow.md;docs/stages/p3/task-book-v0.1.md,,not-applicable,,,phase1-conservative-routing-classified,pending,Codex,2026-09-28,
f5b23932e7d2036811b2f9e89a9b71c174e4f5b4,docs/stages/p3/plans/p3-w10-smp-safety-audit.md,e6bb4eae3583028c15328f24bfd84c92923f0496,e6bb4eae3583028c15328f24bfd84c92923f0496,unchanged,original-963,p3,L3-package-plan,source-en,docs/stages/p3/plans/p3-w10-smp-safety-audit.md,Planned work package; implementation not claimed,not-declared,,git-blob-only,bounded-planning-not-code-admission,planning,P3-W10,routing responsibility; no named person asserted,docs/development/documentation-baseline.md;docs/development/stage-workflow.md;docs/stages/p3/task-book-v0.1.md,,not-applicable,,,phase1-conservative-routing-classified,pending,Codex,2026-09-28,
f5b23932e7d2036811b2f9e89a9b71c174e4f5b4,docs/stages/p3/plans/p3-w11-smp-observability.md,0c2ff2d1ec211335ba7733afb0df004418cfc08b,0c2ff2d1ec211335ba7733afb0df004418cfc08b,unchanged,original-963,p3,L3-package-plan,source-en,docs/stages/p3/plans/p3-w11-smp-observability.md,Planned work package; implementation not claimed,not-declared,,git-blob-only,bounded-planning-not-code-admission,planning,P3-W11,routing responsibility; no named person asserted,docs/development/documentation-baseline.md;docs/development/stage-workflow.md;docs/stages/p3/task-book-v0.1.md,,not-applicable,,,phase1-conservative-routing-classified,pending,Codex,2026-09-28,
f5b23932e7d2036811b2f9e89a9b71c174e4f5b4,docs/stages/p3/plans/p3-w12-smp-stress-failure-tests.md,12b1ca4136f2f6da303d8c0c17afe5de17c8390b,12b1ca4136f2f6da303d8c0c17afe5de17c8390b,unchanged,original-963,p3,L3-package-plan,source-en,docs/stages/p3/plans/p3-w12-smp-stress-failure-tests.md,Planned work package; implementation not claimed,not-declared,,git-blob-only,bounded-planning-not-code-admission,planning,P3-W12,routing responsibility; no named person asserted,docs/development/documentation-baseline.md;docs/development/stage-workflow.md;docs/stages/p3/task-book-v0.1.md,,not-applicable,,,phase1-conservative-routing-classified,pending,Codex,2026-09-28,
f5b23932e7d2036811b2f9e89a9b71c174e4f5b4,docs/stages/p3/plans/p3-w13-qemu-smp-regression.md,acde52c69c73727d75dc37f9a0f7315ba08c414b,acde52c69c73727d75dc37f9a0f7315ba08c414b,unchanged,original-963,p3,L3-package-plan,source-en,docs/stages/p3/plans/p3-w13-qemu-smp-regression.md,Planned work package; implementation not claimed,not-declared,,git-blob-only,bounded-planning-not-code-admission,planning,P3-W13,routing responsibility; no named person asserted,docs/development/documentation-baseline.md;docs/development/stage-workflow.md;docs/stages/p3/task-book-v0.1.md,,not-applicable,,,phase1-conservative-routing-classified,pending,Codex,2026-09-28,
f5b23932e7d2036811b2f9e89a9b71c174e4f5b4,docs/stages/p3/plans/p3-w14-p4-smp-handoff.md,5441dd112b7e09716e3c1a345a635717c9f20abf,5441dd112b7e09716e3c1a345a635717c9f20abf,unchanged,original-963,p3,L3-package-plan,source-en,docs/stages/p3/plans/p3-w14-p4-smp-handoff.md,Planned work package; implementation not claimed,not-declared,,git-blob-only,bounded-planning-not-code-admission,planning,P3-W14,routing responsibility; no named person asserted,docs/development/documentation-baseline.md;docs/development/stage-workflow.md;docs/stages/p3/task-book-v0.1.md,,not-applicable,,,phase1-conservative-routing-classified,pending,Codex,2026-09-28,
f5b23932e7d2036811b2f9e89a9b71c174e4f5b4,docs/stages/p3/plans/p3-w15-stage-documentation-acceptance.md,e720037d367ad3fbaa153d3994dfe592b2af74d8,e720037d367ad3fbaa153d3994dfe592b2af74d8,unchanged,original-963,p3,L3-package-plan,source-en,docs/stages/p3/plans/p3-w15-stage-documentation-acceptance.md,Planned work package; implementation not claimed,not-declared,,git-blob-only,bounded-planning-not-code-admission,planning,P3-W15,routing responsibility; no named person asserted,docs/development/documentation-baseline.md;docs/development/stage-workflow.md;docs/stages/p3/task-book-v0.1.md,,not-applicable,,,phase1-conservative-routing-classified,pending,Codex,2026-09-28,
f5b23932e7d2036811b2f9e89a9b71c174e4f5b4,docs/stages/p3/task-book-v0.1.md,8b9cd78cc7ec02e0e559f54851d566914dc463db,8b9cd78cc7ec02e0e559f54851d566914dc463db,unchanged,original-963,p3,L2-task-book,source-en,docs/stages/p3/task-book-v0.1.md,Implementation-planning baseline; work and evidence are not claimed,v0.1,,title,stage-outcomes-not-code-admission,planning-baseline,P3 planning set derived from the P3 stage source task book,docs/stages/p3/task-book-v0.1.md#header,docs/development/documentation-baseline.md;docs/development/stage-workflow.md;docs/stages/p3/task-book-v0.1.md,,not-applicable,,,phase1-conservative-routing-classified,pending,Codex,2026-09-28,
f5b23932e7d2036811b2f9e89a9b71c174e4f5b4,docs/stages/p4/README.md,8639282228802147906aa7f927e467b8603955cc,8639282228802147906aa7f927e467b8603955cc,unchanged,original-963,p4,stage-navigation,source-en,docs/stages/p4/README.md,not-declared,not-declared,,git-blob-only,routing-only,index,P4 stage maintainers,routing responsibility; no named person asserted,docs/development/documentation-baseline.md;docs/development/stage-workflow.md,,not-applicable,,,phase1-conservative-routing-classified,pending,Codex,2026-09-28,
f5b23932e7d2036811b2f9e89a9b71c174e4f5b4,docs/stages/p4/implementation/README.md,3b28f63f9af1240ead584b1756923ed89bef5a03,3b28f63f9af1240ead584b1756923ed89bef5a03,unchanged,original-963,p4,stage-implementation-index,source-en,docs/stages/p4/implementation/README.md,Index of proposed designs and future implementation records; not a completion claim.,not-declared,,git-blob-only,routing-and-factual-context,index,P4 stage maintainers,routing responsibility; no named person asserted,docs/development/documentation-baseline.md;docs/development/stage-workflow.md,,not-applicable,,,phase1-conservative-routing-classified,pending,Codex,2026-09-28,
f5b23932e7d2036811b2f9e89a9b71c174e4f5b4,docs/stages/p4/implementation/p4-w01-entry-contract-reconciliation/01-reconciliation-contract.md,ab9efb01026e6b0ddf0dd7f125d0d24f11a52a05,ab9efb01026e6b0ddf0dd7f125d0d24f11a52a05,unchanged,original-963,p4,L4-design-or-amendment,source-en,docs/stages/p4/implementation/p4-w01-entry-contract-reconciliation/01-reconciliation-contract.md,Proposed detailed design; implementation and validation are not claimed.,not-declared,,git-blob-only,conditional-design-approval-not-certified,proposed-design,P4-W01 implementation handoff; this design is the reconciliation authority for the P4 stage entry review.,docs/stages/p4/implementation/p4-w01-entry-contract-reconciliation/README.md#header,docs/development/documentation-baseline.md;docs/development/stage-workflow.md;docs/stages/p4/implementation/p4-w01-entry-contract-reconciliation/README.md,docs/stages/p4/implementation/p4-w01-entry-contract-reconciliation/01-reconciliation-contract.md,not-applicable,,,phase1-conservative-routing-classified,pending,Codex,2026-09-28,
f5b23932e7d2036811b2f9e89a9b71c174e4f5b4,docs/stages/p4/implementation/p4-w01-entry-contract-reconciliation/02-review-workflow.md,63992ab7155de92f3d4fa1d77a6dfc51d8856c33,63992ab7155de92f3d4fa1d77a6dfc51d8856c33,unchanged,original-963,p4,L4-design-or-amendment,source-en,docs/stages/p4/implementation/p4-w01-entry-contract-reconciliation/02-review-workflow.md,Proposed detailed design; implementation and validation are not claimed.,not-declared,,git-blob-only,conditional-design-approval-not-certified,proposed-design,P4-W01 implementation handoff; this design is the reconciliation authority for the P4 stage entry review.,docs/stages/p4/implementation/p4-w01-entry-contract-reconciliation/README.md#header,docs/development/documentation-baseline.md;docs/development/stage-workflow.md;docs/stages/p4/implementation/p4-w01-entry-contract-reconciliation/README.md,docs/stages/p4/implementation/p4-w01-entry-contract-reconciliation/01-reconciliation-contract.md,not-applicable,,,phase1-conservative-routing-classified,pending,Codex,2026-09-28,
f5b23932e7d2036811b2f9e89a9b71c174e4f5b4,docs/stages/p4/implementation/p4-w01-entry-contract-reconciliation/README.md,a3f10c98ee3805c85011ea792f6c907f913aab23,a3f10c98ee3805c85011ea792f6c907f913aab23,unchanged,original-963,p4,L4-design-or-amendment,source-en,docs/stages/p4/implementation/p4-w01-entry-contract-reconciliation/README.md,Proposed detailed design; implementation and validation are not claimed.,not-declared,,git-blob-only,conditional-design-approval-not-certified,proposed-design,P4-W01 implementation handoff; this design is the reconciliation authority for the P4 stage entry review.,docs/stages/p4/implementation/p4-w01-entry-contract-reconciliation/README.md#header,docs/development/documentation-baseline.md;docs/development/stage-workflow.md;docs/stages/p4/implementation/p4-w01-entry-contract-reconciliation/README.md,docs/stages/p4/implementation/p4-w01-entry-contract-reconciliation/01-reconciliation-contract.md,not-applicable,,,phase1-conservative-routing-classified,pending,Codex,2026-09-28,
f5b23932e7d2036811b2f9e89a9b71c174e4f5b4,docs/stages/p4/implementation/p4-w02-stage2-address-space/01-scope-and-foundations.md,b0f3258f8aa8ea39a532449b95614e2bda0b6e21,b0f3258f8aa8ea39a532449b95614e2bda0b6e21,unchanged,original-963,p4,L4-design-or-amendment,source-en,docs/stages/p4/implementation/p4-w02-stage2-address-space/01-scope-and-foundations.md,Proposed detailed design; implementation and validation are not claimed.,not-declared,,git-blob-only,conditional-design-approval-not-certified,proposed-design,"P4-W02 implementation handoff; this design owns the Stage-2 object model, descriptor representation, VMID policy, and TLB semantics for P4.",docs/stages/p4/implementation/p4-w02-stage2-address-space/README.md#header,docs/development/documentation-baseline.md;docs/development/stage-workflow.md;docs/stages/p4/implementation/p4-w02-stage2-address-space/README.md,,not-applicable,,,phase1-conservative-routing-classified,pending,Codex,2026-09-28,
f5b23932e7d2036811b2f9e89a9b71c174e4f5b4,docs/stages/p4/implementation/p4-w02-stage2-address-space/02-architecture-and-state.md,3b7acc77c43f58e6c1d66d10d953bbd02a215cda,3b7acc77c43f58e6c1d66d10d953bbd02a215cda,unchanged,original-963,p4,L4-design-or-amendment,source-en,docs/stages/p4/implementation/p4-w02-stage2-address-space/02-architecture-and-state.md,Proposed detailed design; implementation and validation are not claimed.,not-declared,,git-blob-only,conditional-design-approval-not-certified,proposed-design,"P4-W02 implementation handoff; this design owns the Stage-2 object model, descriptor representation, VMID policy, and TLB semantics for P4.",docs/stages/p4/implementation/p4-w02-stage2-address-space/README.md#header,docs/development/documentation-baseline.md;docs/development/stage-workflow.md;docs/stages/p4/implementation/p4-w02-stage2-address-space/README.md,,not-applicable,,,phase1-conservative-routing-classified,pending,Codex,2026-09-28,
f5b23932e7d2036811b2f9e89a9b71c174e4f5b4,docs/stages/p4/implementation/p4-w02-stage2-address-space/03-code-contracts-stage2-core.md,9db368d13599c6435ba5d862e856f4d8d17effca,9db368d13599c6435ba5d862e856f4d8d17effca,unchanged,original-963,p4,L4-design-or-amendment,source-en,docs/stages/p4/implementation/p4-w02-stage2-address-space/03-code-contracts-stage2-core.md,Proposed detailed design; implementation and validation are not claimed.,not-declared,,git-blob-only,conditional-design-approval-not-certified,proposed-design,"P4-W02 implementation handoff; this design owns the Stage-2 object model, descriptor representation, VMID policy, and TLB semantics for P4.",docs/stages/p4/implementation/p4-w02-stage2-address-space/README.md#header,docs/development/documentation-baseline.md;docs/development/stage-workflow.md;docs/stages/p4/implementation/p4-w02-stage2-address-space/README.md,,not-applicable,,,phase1-conservative-routing-classified,pending,Codex,2026-09-28,
f5b23932e7d2036811b2f9e89a9b71c174e4f5b4,docs/stages/p4/implementation/p4-w02-stage2-address-space/04-implementation-workflow.md,e6c150410e042a8a007b64488f156f1a5081448b,e6c150410e042a8a007b64488f156f1a5081448b,unchanged,original-963,p4,L4-design-or-amendment,source-en,docs/stages/p4/implementation/p4-w02-stage2-address-space/04-implementation-workflow.md,Proposed detailed design; implementation and validation are not claimed.,not-declared,,git-blob-only,conditional-design-approval-not-certified,proposed-design,"P4-W02 implementation handoff; this design owns the Stage-2 object model, descriptor representation, VMID policy, and TLB semantics for P4.",docs/stages/p4/implementation/p4-w02-stage2-address-space/README.md#header,docs/development/documentation-baseline.md;docs/development/stage-workflow.md;docs/stages/p4/implementation/p4-w02-stage2-address-space/README.md,,not-applicable,,,phase1-conservative-routing-classified,pending,Codex,2026-09-28,
f5b23932e7d2036811b2f9e89a9b71c174e4f5b4,docs/stages/p4/implementation/p4-w02-stage2-address-space/05-validation-and-handoff.md,c5e0cbea6d1f73c97c6bc9230b7d1d307b90bf51,c5e0cbea6d1f73c97c6bc9230b7d1d307b90bf51,unchanged,original-963,p4,L4-design-or-amendment,source-en,docs/stages/p4/implementation/p4-w02-stage2-address-space/05-validation-and-handoff.md,Proposed detailed design; implementation and validation are not claimed.,not-declared,,git-blob-only,conditional-design-approval-not-certified,proposed-design,"P4-W02 implementation handoff; this design owns the Stage-2 object model, descriptor representation, VMID policy, and TLB semantics for P4.",docs/stages/p4/implementation/p4-w02-stage2-address-space/README.md#header,docs/development/documentation-baseline.md;docs/development/stage-workflow.md;docs/stages/p4/implementation/p4-w02-stage2-address-space/README.md,,not-applicable,,,phase1-conservative-routing-classified,pending,Codex,2026-09-28,
f5b23932e7d2036811b2f9e89a9b71c174e4f5b4,docs/stages/p4/implementation/p4-w02-stage2-address-space/README.md,beb84d79abedb5dc81f881193f09920c27916afb,beb84d79abedb5dc81f881193f09920c27916afb,unchanged,original-963,p4,L4-design-or-amendment,source-en,docs/stages/p4/implementation/p4-w02-stage2-address-space/README.md,Proposed detailed design; implementation and validation are not claimed.,not-declared,,git-blob-only,conditional-design-approval-not-certified,proposed-design,"P4-W02 implementation handoff; this design owns the Stage-2 object model, descriptor representation, VMID policy, and TLB semantics for P4.",docs/stages/p4/implementation/p4-w02-stage2-address-space/README.md#header,docs/development/documentation-baseline.md;docs/development/stage-workflow.md;docs/stages/p4/implementation/p4-w02-stage2-address-space/README.md,,not-applicable,,,phase1-conservative-routing-classified,pending,Codex,2026-09-28,
f5b23932e7d2036811b2f9e89a9b71c174e4f5b4,docs/stages/p4/implementation/p4-w03-guest-memory-image/01-scope-and-foundations.md,e6ad4aa02dd83649a45bc67deafe62ac28574f20,e6ad4aa02dd83649a45bc67deafe62ac28574f20,unchanged,original-963,p4,L4-design-or-amendment,source-en,docs/stages/p4/implementation/p4-w03-guest-memory-image/01-scope-and-foundations.md,Proposed detailed design; implementation and validation are not claimed.,not-declared,,git-blob-only,conditional-design-approval-not-certified,proposed-design,"P4-W03 implementation handoff; this design owns the Guest RAM object, the temporary layout record, and the image-route decision for P4.",docs/stages/p4/implementation/p4-w03-guest-memory-image/README.md#header,docs/development/documentation-baseline.md;docs/development/stage-workflow.md;docs/stages/p4/implementation/p4-w03-guest-memory-image/README.md,,not-applicable,,,phase1-conservative-routing-classified,pending,Codex,2026-09-28,
f5b23932e7d2036811b2f9e89a9b71c174e4f5b4,docs/stages/p4/implementation/p4-w03-guest-memory-image/02-architecture-and-state.md,9bd434ce5932e819f2e0edcff1066b43a3df0148,9bd434ce5932e819f2e0edcff1066b43a3df0148,unchanged,original-963,p4,L4-design-or-amendment,source-en,docs/stages/p4/implementation/p4-w03-guest-memory-image/02-architecture-and-state.md,Proposed detailed design; implementation and validation are not claimed.,not-declared,,git-blob-only,conditional-design-approval-not-certified,proposed-design,"P4-W03 implementation handoff; this design owns the Guest RAM object, the temporary layout record, and the image-route decision for P4.",docs/stages/p4/implementation/p4-w03-guest-memory-image/README.md#header,docs/development/documentation-baseline.md;docs/development/stage-workflow.md;docs/stages/p4/implementation/p4-w03-guest-memory-image/README.md,,not-applicable,,,phase1-conservative-routing-classified,pending,Codex,2026-09-28,
f5b23932e7d2036811b2f9e89a9b71c174e4f5b4,docs/stages/p4/implementation/p4-w03-guest-memory-image/03-code-contracts-guest-memory.md,07fcc3b3372a345fb7c8664034c99bf41316f400,07fcc3b3372a345fb7c8664034c99bf41316f400,unchanged,original-963,p4,L4-design-or-amendment,source-en,docs/stages/p4/implementation/p4-w03-guest-memory-image/03-code-contracts-guest-memory.md,Proposed detailed design; implementation and validation are not claimed.,not-declared,,git-blob-only,conditional-design-approval-not-certified,proposed-design,"P4-W03 implementation handoff; this design owns the Guest RAM object, the temporary layout record, and the image-route decision for P4.",docs/stages/p4/implementation/p4-w03-guest-memory-image/README.md#header,docs/development/documentation-baseline.md;docs/development/stage-workflow.md;docs/stages/p4/implementation/p4-w03-guest-memory-image/README.md,,not-applicable,,,phase1-conservative-routing-classified,pending,Codex,2026-09-28,
f5b23932e7d2036811b2f9e89a9b71c174e4f5b4,docs/stages/p4/implementation/p4-w03-guest-memory-image/04-implementation-workflow.md,f3ad21b457f4d8d0a27ea19e55a23f9339f918a0,f3ad21b457f4d8d0a27ea19e55a23f9339f918a0,unchanged,original-963,p4,L4-design-or-amendment,source-en,docs/stages/p4/implementation/p4-w03-guest-memory-image/04-implementation-workflow.md,Proposed detailed design; implementation and validation are not claimed.,not-declared,,git-blob-only,conditional-design-approval-not-certified,proposed-design,"P4-W03 implementation handoff; this design owns the Guest RAM object, the temporary layout record, and the image-route decision for P4.",docs/stages/p4/implementation/p4-w03-guest-memory-image/README.md#header,docs/development/documentation-baseline.md;docs/development/stage-workflow.md;docs/stages/p4/implementation/p4-w03-guest-memory-image/README.md,,not-applicable,,,phase1-conservative-routing-classified,pending,Codex,2026-09-28,
f5b23932e7d2036811b2f9e89a9b71c174e4f5b4,docs/stages/p4/implementation/p4-w03-guest-memory-image/05-validation-and-handoff.md,bf3d3e7c0839ddcc979ce5b3adf2dc3ad4587642,bf3d3e7c0839ddcc979ce5b3adf2dc3ad4587642,unchanged,original-963,p4,L4-design-or-amendment,source-en,docs/stages/p4/implementation/p4-w03-guest-memory-image/05-validation-and-handoff.md,Proposed detailed design; implementation and validation are not claimed.,not-declared,,git-blob-only,conditional-design-approval-not-certified,proposed-design,"P4-W03 implementation handoff; this design owns the Guest RAM object, the temporary layout record, and the image-route decision for P4.",docs/stages/p4/implementation/p4-w03-guest-memory-image/README.md#header,docs/development/documentation-baseline.md;docs/development/stage-workflow.md;docs/stages/p4/implementation/p4-w03-guest-memory-image/README.md,,not-applicable,,,phase1-conservative-routing-classified,pending,Codex,2026-09-28,
f5b23932e7d2036811b2f9e89a9b71c174e4f5b4,docs/stages/p4/implementation/p4-w03-guest-memory-image/README.md,8b349f139c3db1fdeb842c5f61022e4e5a6e6d2d,8b349f139c3db1fdeb842c5f61022e4e5a6e6d2d,unchanged,original-963,p4,L4-design-or-amendment,source-en,docs/stages/p4/implementation/p4-w03-guest-memory-image/README.md,Proposed detailed design; implementation and validation are not claimed.,not-declared,,git-blob-only,conditional-design-approval-not-certified,proposed-design,"P4-W03 implementation handoff; this design owns the Guest RAM object, the temporary layout record, and the image-route decision for P4.",docs/stages/p4/implementation/p4-w03-guest-memory-image/README.md#header,docs/development/documentation-baseline.md;docs/development/stage-workflow.md;docs/stages/p4/implementation/p4-w03-guest-memory-image/README.md,,not-applicable,,,phase1-conservative-routing-classified,pending,Codex,2026-09-28,
f5b23932e7d2036811b2f9e89a9b71c174e4f5b4,docs/stages/p4/implementation/p4-w04-vcpu-entry-exit/01-scope-and-foundations.md,0e25e15f53f372a5080a4bb0f559fbbbdc2e0d9c,0e25e15f53f372a5080a4bb0f559fbbbdc2e0d9c,unchanged,original-963,p4,L4-design-or-amendment,source-en,docs/stages/p4/implementation/p4-w04-vcpu-entry-exit/01-scope-and-foundations.md,Proposed detailed design; implementation and validation are not claimed.,not-declared,,git-blob-only,conditional-design-approval-not-certified,proposed-design,"P4-W04 implementation handoff; this design owns the world-switch boundary, the register-ownership contract, the P4 vCPU run states, and the P4-local exit-class vocabulary consumed by W06.",docs/stages/p4/implementation/p4-w04-vcpu-entry-exit/README.md#header,docs/development/documentation-baseline.md;docs/development/stage-workflow.md;docs/stages/p4/implementation/p4-w04-vcpu-entry-exit/README.md,,not-applicable,,,phase1-conservative-routing-classified,pending,Codex,2026-09-28,
f5b23932e7d2036811b2f9e89a9b71c174e4f5b4,docs/stages/p4/implementation/p4-w04-vcpu-entry-exit/02-architecture-and-state.md,e5b4d32197ebfe51ee96b28935c533ca37e97801,e5b4d32197ebfe51ee96b28935c533ca37e97801,unchanged,original-963,p4,L4-design-or-amendment,source-en,docs/stages/p4/implementation/p4-w04-vcpu-entry-exit/02-architecture-and-state.md,Proposed detailed design; implementation and validation are not claimed.,not-declared,,git-blob-only,conditional-design-approval-not-certified,proposed-design,"P4-W04 implementation handoff; this design owns the world-switch boundary, the register-ownership contract, the P4 vCPU run states, and the P4-local exit-class vocabulary consumed by W06.",docs/stages/p4/implementation/p4-w04-vcpu-entry-exit/README.md#header,docs/development/documentation-baseline.md;docs/development/stage-workflow.md;docs/stages/p4/implementation/p4-w04-vcpu-entry-exit/README.md,,not-applicable,,,phase1-conservative-routing-classified,pending,Codex,2026-09-28,
f5b23932e7d2036811b2f9e89a9b71c174e4f5b4,docs/stages/p4/implementation/p4-w04-vcpu-entry-exit/03-code-contracts-world-switch.md,48939b259686925c749001d7691987f9e8c7f248,48939b259686925c749001d7691987f9e8c7f248,unchanged,original-963,p4,L4-design-or-amendment,source-en,docs/stages/p4/implementation/p4-w04-vcpu-entry-exit/03-code-contracts-world-switch.md,Proposed detailed design; implementation and validation are not claimed.,not-declared,,git-blob-only,conditional-design-approval-not-certified,proposed-design,"P4-W04 implementation handoff; this design owns the world-switch boundary, the register-ownership contract, the P4 vCPU run states, and the P4-local exit-class vocabulary consumed by W06.",docs/stages/p4/implementation/p4-w04-vcpu-entry-exit/README.md#header,docs/development/documentation-baseline.md;docs/development/stage-workflow.md;docs/stages/p4/implementation/p4-w04-vcpu-entry-exit/README.md,,not-applicable,,,phase1-conservative-routing-classified,pending,Codex,2026-09-28,
f5b23932e7d2036811b2f9e89a9b71c174e4f5b4,docs/stages/p4/implementation/p4-w04-vcpu-entry-exit/04-code-contracts-vcpu-run.md,fabf8e0d5ef4b0f3f9b43d89e80614de3e3ea206,fabf8e0d5ef4b0f3f9b43d89e80614de3e3ea206,unchanged,original-963,p4,L4-design-or-amendment,source-en,docs/stages/p4/implementation/p4-w04-vcpu-entry-exit/04-code-contracts-vcpu-run.md,Proposed detailed design; implementation and validation are not claimed.,not-declared,,git-blob-only,conditional-design-approval-not-certified,proposed-design,"P4-W04 implementation handoff; this design owns the world-switch boundary, the register-ownership contract, the P4 vCPU run states, and the P4-local exit-class vocabulary consumed by W06.",docs/stages/p4/implementation/p4-w04-vcpu-entry-exit/README.md#header,docs/development/documentation-baseline.md;docs/development/stage-workflow.md;docs/stages/p4/implementation/p4-w04-vcpu-entry-exit/README.md,,not-applicable,,,phase1-conservative-routing-classified,pending,Codex,2026-09-28,
f5b23932e7d2036811b2f9e89a9b71c174e4f5b4,docs/stages/p4/implementation/p4-w04-vcpu-entry-exit/05-implementation-workflow.md,446aaaef1b277f686c722ffe8f3a378a8ce0d6d1,446aaaef1b277f686c722ffe8f3a378a8ce0d6d1,unchanged,original-963,p4,L4-design-or-amendment,source-en,docs/stages/p4/implementation/p4-w04-vcpu-entry-exit/05-implementation-workflow.md,Proposed detailed design; implementation and validation are not claimed.,not-declared,,git-blob-only,conditional-design-approval-not-certified,proposed-design,"P4-W04 implementation handoff; this design owns the world-switch boundary, the register-ownership contract, the P4 vCPU run states, and the P4-local exit-class vocabulary consumed by W06.",docs/stages/p4/implementation/p4-w04-vcpu-entry-exit/README.md#header,docs/development/documentation-baseline.md;docs/development/stage-workflow.md;docs/stages/p4/implementation/p4-w04-vcpu-entry-exit/README.md,,not-applicable,,,phase1-conservative-routing-classified,pending,Codex,2026-09-28,
f5b23932e7d2036811b2f9e89a9b71c174e4f5b4,docs/stages/p4/implementation/p4-w04-vcpu-entry-exit/06-validation-and-handoff.md,b85275fb9b340d2ab7d2a822aa5b2783e59b39d7,b85275fb9b340d2ab7d2a822aa5b2783e59b39d7,unchanged,original-963,p4,L4-design-or-amendment,source-en,docs/stages/p4/implementation/p4-w04-vcpu-entry-exit/06-validation-and-handoff.md,Proposed detailed design; implementation and validation are not claimed.,not-declared,,git-blob-only,conditional-design-approval-not-certified,proposed-design,"P4-W04 implementation handoff; this design owns the world-switch boundary, the register-ownership contract, the P4 vCPU run states, and the P4-local exit-class vocabulary consumed by W06.",docs/stages/p4/implementation/p4-w04-vcpu-entry-exit/README.md#header,docs/development/documentation-baseline.md;docs/development/stage-workflow.md;docs/stages/p4/implementation/p4-w04-vcpu-entry-exit/README.md,,not-applicable,,,phase1-conservative-routing-classified,pending,Codex,2026-09-28,
f5b23932e7d2036811b2f9e89a9b71c174e4f5b4,docs/stages/p4/implementation/p4-w04-vcpu-entry-exit/README.md,abf5f2e3ddca8fea33bba91a5f27f77eea6acc96,abf5f2e3ddca8fea33bba91a5f27f77eea6acc96,unchanged,original-963,p4,L4-design-or-amendment,source-en,docs/stages/p4/implementation/p4-w04-vcpu-entry-exit/README.md,Proposed detailed design; implementation and validation are not claimed.,not-declared,,git-blob-only,conditional-design-approval-not-certified,proposed-design,"P4-W04 implementation handoff; this design owns the world-switch boundary, the register-ownership contract, the P4 vCPU run states, and the P4-local exit-class vocabulary consumed by W06.",docs/stages/p4/implementation/p4-w04-vcpu-entry-exit/README.md#header,docs/development/documentation-baseline.md;docs/development/stage-workflow.md;docs/stages/p4/implementation/p4-w04-vcpu-entry-exit/README.md,,not-applicable,,,phase1-conservative-routing-classified,pending,Codex,2026-09-28,
f5b23932e7d2036811b2f9e89a9b71c174e4f5b4,docs/stages/p4/implementation/p4-w05-validation-guest/01-scope-and-foundations.md,22caaeb95cd2937d8ee517d8065148c5ca433099,22caaeb95cd2937d8ee517d8065148c5ca433099,unchanged,original-963,p4,L4-design-or-amendment,source-en,docs/stages/p4/implementation/p4-w05-validation-guest/01-scope-and-foundations.md,Proposed detailed design; implementation and validation are not claimed.,not-declared,,git-blob-only,conditional-design-approval-not-certified,proposed-design,"P4-W05 implementation handoff; this design owns the Guest runtime structure, the scenario table and marker protocol, and the Guest-side interpretation of the P4 boot inputs.",docs/stages/p4/implementation/p4-w05-validation-guest/README.md#header,docs/development/documentation-baseline.md;docs/development/stage-workflow.md;docs/stages/p4/implementation/p4-w05-validation-guest/README.md,,not-applicable,,,phase1-conservative-routing-classified,pending,Codex,2026-09-28,
f5b23932e7d2036811b2f9e89a9b71c174e4f5b4,docs/stages/p4/implementation/p4-w05-validation-guest/02-guest-architecture-and-scenarios.md,91493ce88e3f776811244fd82ff75722b55aa997,91493ce88e3f776811244fd82ff75722b55aa997,unchanged,original-963,p4,L4-design-or-amendment,source-en,docs/stages/p4/implementation/p4-w05-validation-guest/02-guest-architecture-and-scenarios.md,Proposed detailed design; implementation and validation are not claimed.,not-declared,,git-blob-only,conditional-design-approval-not-certified,proposed-design,"P4-W05 implementation handoff; this design owns the Guest runtime structure, the scenario table and marker protocol, and the Guest-side interpretation of the P4 boot inputs.",docs/stages/p4/implementation/p4-w05-validation-guest/README.md#header,docs/development/documentation-baseline.md;docs/development/stage-workflow.md;docs/stages/p4/implementation/p4-w05-validation-guest/README.md,,not-applicable,,,phase1-conservative-routing-classified,pending,Codex,2026-09-28,
f5b23932e7d2036811b2f9e89a9b71c174e4f5b4,docs/stages/p4/implementation/p4-w05-validation-guest/03-code-contracts-guest.md,358dc6c957324e1723221da987ccabcce163cb7d,358dc6c957324e1723221da987ccabcce163cb7d,unchanged,original-963,p4,L4-design-or-amendment,source-en,docs/stages/p4/implementation/p4-w05-validation-guest/03-code-contracts-guest.md,Proposed detailed design; implementation and validation are not claimed.,not-declared,,git-blob-only,conditional-design-approval-not-certified,proposed-design,"P4-W05 implementation handoff; this design owns the Guest runtime structure, the scenario table and marker protocol, and the Guest-side interpretation of the P4 boot inputs.",docs/stages/p4/implementation/p4-w05-validation-guest/README.md#header,docs/development/documentation-baseline.md;docs/development/stage-workflow.md;docs/stages/p4/implementation/p4-w05-validation-guest/README.md,,not-applicable,,,phase1-conservative-routing-classified,pending,Codex,2026-09-28,
f5b23932e7d2036811b2f9e89a9b71c174e4f5b4,docs/stages/p4/implementation/p4-w05-validation-guest/04-implementation-workflow.md,08c732b0a2d392c9f04230b8f431fd926bc88da7,08c732b0a2d392c9f04230b8f431fd926bc88da7,unchanged,original-963,p4,L4-design-or-amendment,source-en,docs/stages/p4/implementation/p4-w05-validation-guest/04-implementation-workflow.md,Proposed detailed design; implementation and validation are not claimed.,not-declared,,git-blob-only,conditional-design-approval-not-certified,proposed-design,"P4-W05 implementation handoff; this design owns the Guest runtime structure, the scenario table and marker protocol, and the Guest-side interpretation of the P4 boot inputs.",docs/stages/p4/implementation/p4-w05-validation-guest/README.md#header,docs/development/documentation-baseline.md;docs/development/stage-workflow.md;docs/stages/p4/implementation/p4-w05-validation-guest/README.md,,not-applicable,,,phase1-conservative-routing-classified,pending,Codex,2026-09-28,
f5b23932e7d2036811b2f9e89a9b71c174e4f5b4,docs/stages/p4/implementation/p4-w05-validation-guest/05-validation-and-handoff.md,8b4bcf1b34fd51b9376ea89f2bfb63f3156d7dd4,8b4bcf1b34fd51b9376ea89f2bfb63f3156d7dd4,unchanged,original-963,p4,L4-design-or-amendment,source-en,docs/stages/p4/implementation/p4-w05-validation-guest/05-validation-and-handoff.md,Proposed detailed design; implementation and validation are not claimed.,not-declared,,git-blob-only,conditional-design-approval-not-certified,proposed-design,"P4-W05 implementation handoff; this design owns the Guest runtime structure, the scenario table and marker protocol, and the Guest-side interpretation of the P4 boot inputs.",docs/stages/p4/implementation/p4-w05-validation-guest/README.md#header,docs/development/documentation-baseline.md;docs/development/stage-workflow.md;docs/stages/p4/implementation/p4-w05-validation-guest/README.md,,not-applicable,,,phase1-conservative-routing-classified,pending,Codex,2026-09-28,
f5b23932e7d2036811b2f9e89a9b71c174e4f5b4,docs/stages/p4/implementation/p4-w05-validation-guest/README.md,581c48a53689e0af6ca2d75d3241f77874612fa8,581c48a53689e0af6ca2d75d3241f77874612fa8,unchanged,original-963,p4,L4-design-or-amendment,source-en,docs/stages/p4/implementation/p4-w05-validation-guest/README.md,Proposed detailed design; implementation and validation are not claimed.,not-declared,,git-blob-only,conditional-design-approval-not-certified,proposed-design,"P4-W05 implementation handoff; this design owns the Guest runtime structure, the scenario table and marker protocol, and the Guest-side interpretation of the P4 boot inputs.",docs/stages/p4/implementation/p4-w05-validation-guest/README.md#header,docs/development/documentation-baseline.md;docs/development/stage-workflow.md;docs/stages/p4/implementation/p4-w05-validation-guest/README.md,,not-applicable,,,phase1-conservative-routing-classified,pending,Codex,2026-09-28,
f5b23932e7d2036811b2f9e89a9b71c174e4f5b4,docs/stages/p4/implementation/p4-w06-fault-isolation-diagnostics/01-scope-and-foundations.md,c149eefaf33c8e78a8f112289148c83552ad50bc,c149eefaf33c8e78a8f112289148c83552ad50bc,unchanged,original-963,p4,L4-design-or-amendment,source-en,docs/stages/p4/implementation/p4-w06-fault-isolation-diagnostics/01-scope-and-foundations.md,Proposed detailed design; implementation and validation are not claimed.,not-declared,,git-blob-only,conditional-design-approval-not-certified,proposed-design,"P4-W06 implementation handoff; this design owns the P4 exit-classification detail, the fault-diagnostic record, the isolation expectation matrix, and the Guest-fault containment boundary on top of the [P4-W04](../p4-w04-vcpu-entry-exit/README.md) exit frame.",docs/stages/p4/implementation/p4-w06-fault-isolation-diagnostics/README.md#header,docs/development/documentation-baseline.md;docs/development/stage-workflow.md;docs/stages/p4/implementation/p4-w06-fault-isolation-diagnostics/README.md,,not-applicable,,,phase1-conservative-routing-classified,pending,Codex,2026-09-28,
f5b23932e7d2036811b2f9e89a9b71c174e4f5b4,docs/stages/p4/implementation/p4-w06-fault-isolation-diagnostics/02-architecture-and-state.md,502d73071dd0c158e6e946b3c8434f1fda4175d2,502d73071dd0c158e6e946b3c8434f1fda4175d2,unchanged,original-963,p4,L4-design-or-amendment,source-en,docs/stages/p4/implementation/p4-w06-fault-isolation-diagnostics/02-architecture-and-state.md,Proposed detailed design; implementation and validation are not claimed.,not-declared,,git-blob-only,conditional-design-approval-not-certified,proposed-design,"P4-W06 implementation handoff; this design owns the P4 exit-classification detail, the fault-diagnostic record, the isolation expectation matrix, and the Guest-fault containment boundary on top of the [P4-W04](../p4-w04-vcpu-entry-exit/README.md) exit frame.",docs/stages/p4/implementation/p4-w06-fault-isolation-diagnostics/README.md#header,docs/development/documentation-baseline.md;docs/development/stage-workflow.md;docs/stages/p4/implementation/p4-w06-fault-isolation-diagnostics/README.md,,not-applicable,,,phase1-conservative-routing-classified,pending,Codex,2026-09-28,
f5b23932e7d2036811b2f9e89a9b71c174e4f5b4,docs/stages/p4/implementation/p4-w06-fault-isolation-diagnostics/03-code-contracts-exit-classification.md,e27e9da6fedb315eb5387d7ac5fe5474c2e4e0f0,e27e9da6fedb315eb5387d7ac5fe5474c2e4e0f0,unchanged,original-963,p4,L4-design-or-amendment,source-en,docs/stages/p4/implementation/p4-w06-fault-isolation-diagnostics/03-code-contracts-exit-classification.md,Proposed detailed design; implementation and validation are not claimed.,not-declared,,git-blob-only,conditional-design-approval-not-certified,proposed-design,"P4-W06 implementation handoff; this design owns the P4 exit-classification detail, the fault-diagnostic record, the isolation expectation matrix, and the Guest-fault containment boundary on top of the [P4-W04](../p4-w04-vcpu-entry-exit/README.md) exit frame.",docs/stages/p4/implementation/p4-w06-fault-isolation-diagnostics/README.md#header,docs/development/documentation-baseline.md;docs/development/stage-workflow.md;docs/stages/p4/implementation/p4-w06-fault-isolation-diagnostics/README.md,,not-applicable,,,phase1-conservative-routing-classified,pending,Codex,2026-09-28,
f5b23932e7d2036811b2f9e89a9b71c174e4f5b4,docs/stages/p4/implementation/p4-w06-fault-isolation-diagnostics/04-code-contracts-diagnostics-isolation.md,5b00a7ba0c357cfcf552bb85e0968aba8cbd0c11,5b00a7ba0c357cfcf552bb85e0968aba8cbd0c11,unchanged,original-963,p4,L4-design-or-amendment,source-en,docs/stages/p4/implementation/p4-w06-fault-isolation-diagnostics/04-code-contracts-diagnostics-isolation.md,Proposed detailed design; implementation and validation are not claimed.,not-declared,,git-blob-only,conditional-design-approval-not-certified,proposed-design,"P4-W06 implementation handoff; this design owns the P4 exit-classification detail, the fault-diagnostic record, the isolation expectation matrix, and the Guest-fault containment boundary on top of the [P4-W04](../p4-w04-vcpu-entry-exit/README.md) exit frame.",docs/stages/p4/implementation/p4-w06-fault-isolation-diagnostics/README.md#header,docs/development/documentation-baseline.md;docs/development/stage-workflow.md;docs/stages/p4/implementation/p4-w06-fault-isolation-diagnostics/README.md,,not-applicable,,,phase1-conservative-routing-classified,pending,Codex,2026-09-28,
f5b23932e7d2036811b2f9e89a9b71c174e4f5b4,docs/stages/p4/implementation/p4-w06-fault-isolation-diagnostics/05-implementation-workflow.md,92c0d353787ae6e7f082b576076d555e06cba348,92c0d353787ae6e7f082b576076d555e06cba348,unchanged,original-963,p4,L4-design-or-amendment,source-en,docs/stages/p4/implementation/p4-w06-fault-isolation-diagnostics/05-implementation-workflow.md,Proposed detailed design; implementation and validation are not claimed.,not-declared,,git-blob-only,conditional-design-approval-not-certified,proposed-design,"P4-W06 implementation handoff; this design owns the P4 exit-classification detail, the fault-diagnostic record, the isolation expectation matrix, and the Guest-fault containment boundary on top of the [P4-W04](../p4-w04-vcpu-entry-exit/README.md) exit frame.",docs/stages/p4/implementation/p4-w06-fault-isolation-diagnostics/README.md#header,docs/development/documentation-baseline.md;docs/development/stage-workflow.md;docs/stages/p4/implementation/p4-w06-fault-isolation-diagnostics/README.md,,not-applicable,,,phase1-conservative-routing-classified,pending,Codex,2026-09-28,
f5b23932e7d2036811b2f9e89a9b71c174e4f5b4,docs/stages/p4/implementation/p4-w06-fault-isolation-diagnostics/06-validation-and-handoff.md,5e34304982c709c23a63e4a5abe10a5be198fedc,5e34304982c709c23a63e4a5abe10a5be198fedc,unchanged,original-963,p4,L4-design-or-amendment,source-en,docs/stages/p4/implementation/p4-w06-fault-isolation-diagnostics/06-validation-and-handoff.md,Proposed detailed design; implementation and validation are not claimed.,not-declared,,git-blob-only,conditional-design-approval-not-certified,proposed-design,"P4-W06 implementation handoff; this design owns the P4 exit-classification detail, the fault-diagnostic record, the isolation expectation matrix, and the Guest-fault containment boundary on top of the [P4-W04](../p4-w04-vcpu-entry-exit/README.md) exit frame.",docs/stages/p4/implementation/p4-w06-fault-isolation-diagnostics/README.md#header,docs/development/documentation-baseline.md;docs/development/stage-workflow.md;docs/stages/p4/implementation/p4-w06-fault-isolation-diagnostics/README.md,,not-applicable,,,phase1-conservative-routing-classified,pending,Codex,2026-09-28,
f5b23932e7d2036811b2f9e89a9b71c174e4f5b4,docs/stages/p4/implementation/p4-w06-fault-isolation-diagnostics/README.md,b255f3b7b7994ee4f711c2caa5d5bc46545be874,b255f3b7b7994ee4f711c2caa5d5bc46545be874,unchanged,original-963,p4,L4-design-or-amendment,source-en,docs/stages/p4/implementation/p4-w06-fault-isolation-diagnostics/README.md,Proposed detailed design; implementation and validation are not claimed.,not-declared,,git-blob-only,conditional-design-approval-not-certified,proposed-design,"P4-W06 implementation handoff; this design owns the P4 exit-classification detail, the fault-diagnostic record, the isolation expectation matrix, and the Guest-fault containment boundary on top of the [P4-W04](../p4-w04-vcpu-entry-exit/README.md) exit frame.",docs/stages/p4/implementation/p4-w06-fault-isolation-diagnostics/README.md#header,docs/development/documentation-baseline.md;docs/development/stage-workflow.md;docs/stages/p4/implementation/p4-w06-fault-isolation-diagnostics/README.md,,not-applicable,,,phase1-conservative-routing-classified,pending,Codex,2026-09-28,
f5b23932e7d2036811b2f9e89a9b71c174e4f5b4,docs/stages/p4/implementation/p4-w07-repeatability-telemetry/01-scope-and-foundations.md,c76675a29eabfc9d2d56418ceafa98056ad892f6,c76675a29eabfc9d2d56418ceafa98056ad892f6,unchanged,original-963,p4,L4-design-or-amendment,source-en,docs/stages/p4/implementation/p4-w07-repeatability-telemetry/01-scope-and-foundations.md,Proposed detailed design; implementation and validation are not claimed.,not-declared,,git-blob-only,conditional-design-approval-not-certified,proposed-design,"P4-W07 implementation handoff; this design owns the episode model and its sequencing authority, the determinism-check surfaces, the run-record format handed to automation, and the P4 telemetry ledger.",docs/stages/p4/implementation/p4-w07-repeatability-telemetry/README.md#header,docs/development/documentation-baseline.md;docs/development/stage-workflow.md;docs/stages/p4/implementation/p4-w07-repeatability-telemetry/README.md,,not-applicable,,,phase1-conservative-routing-classified,pending,Codex,2026-09-28,
f5b23932e7d2036811b2f9e89a9b71c174e4f5b4,docs/stages/p4/implementation/p4-w07-repeatability-telemetry/02-architecture-and-state.md,757f2ac88e037aae0ae699c20757a319d2857a5a,757f2ac88e037aae0ae699c20757a319d2857a5a,unchanged,original-963,p4,L4-design-or-amendment,source-en,docs/stages/p4/implementation/p4-w07-repeatability-telemetry/02-architecture-and-state.md,Proposed detailed design; implementation and validation are not claimed.,not-declared,,git-blob-only,conditional-design-approval-not-certified,proposed-design,"P4-W07 implementation handoff; this design owns the episode model and its sequencing authority, the determinism-check surfaces, the run-record format handed to automation, and the P4 telemetry ledger.",docs/stages/p4/implementation/p4-w07-repeatability-telemetry/README.md#header,docs/development/documentation-baseline.md;docs/development/stage-workflow.md;docs/stages/p4/implementation/p4-w07-repeatability-telemetry/README.md,,not-applicable,,,phase1-conservative-routing-classified,pending,Codex,2026-09-28,
f5b23932e7d2036811b2f9e89a9b71c174e4f5b4,docs/stages/p4/implementation/p4-w07-repeatability-telemetry/03-code-contracts-repeat-driver.md,d97b4ed6f14a73c4945ebf90de69856ed6bb665e,d97b4ed6f14a73c4945ebf90de69856ed6bb665e,unchanged,original-963,p4,L4-design-or-amendment,source-en,docs/stages/p4/implementation/p4-w07-repeatability-telemetry/03-code-contracts-repeat-driver.md,Proposed detailed design; implementation and validation are not claimed.,not-declared,,git-blob-only,conditional-design-approval-not-certified,proposed-design,"P4-W07 implementation handoff; this design owns the episode model and its sequencing authority, the determinism-check surfaces, the run-record format handed to automation, and the P4 telemetry ledger.",docs/stages/p4/implementation/p4-w07-repeatability-telemetry/README.md#header,docs/development/documentation-baseline.md;docs/development/stage-workflow.md;docs/stages/p4/implementation/p4-w07-repeatability-telemetry/README.md,,not-applicable,,,phase1-conservative-routing-classified,pending,Codex,2026-09-28,
f5b23932e7d2036811b2f9e89a9b71c174e4f5b4,docs/stages/p4/implementation/p4-w07-repeatability-telemetry/04-code-contracts-telemetry.md,db884010e55d1a8837c6c256f9fe92c804bd42d9,db884010e55d1a8837c6c256f9fe92c804bd42d9,unchanged,original-963,p4,L4-design-or-amendment,source-en,docs/stages/p4/implementation/p4-w07-repeatability-telemetry/04-code-contracts-telemetry.md,Proposed detailed design; implementation and validation are not claimed.,not-declared,,git-blob-only,conditional-design-approval-not-certified,proposed-design,"P4-W07 implementation handoff; this design owns the episode model and its sequencing authority, the determinism-check surfaces, the run-record format handed to automation, and the P4 telemetry ledger.",docs/stages/p4/implementation/p4-w07-repeatability-telemetry/README.md#header,docs/development/documentation-baseline.md;docs/development/stage-workflow.md;docs/stages/p4/implementation/p4-w07-repeatability-telemetry/README.md,,not-applicable,,,phase1-conservative-routing-classified,pending,Codex,2026-09-28,
f5b23932e7d2036811b2f9e89a9b71c174e4f5b4,docs/stages/p4/implementation/p4-w07-repeatability-telemetry/05-implementation-workflow.md,97a0a26d368eb7a1eeba278ad1bd0b9926cf0650,97a0a26d368eb7a1eeba278ad1bd0b9926cf0650,unchanged,original-963,p4,L4-design-or-amendment,source-en,docs/stages/p4/implementation/p4-w07-repeatability-telemetry/05-implementation-workflow.md,Proposed detailed design; implementation and validation are not claimed.,not-declared,,git-blob-only,conditional-design-approval-not-certified,proposed-design,"P4-W07 implementation handoff; this design owns the episode model and its sequencing authority, the determinism-check surfaces, the run-record format handed to automation, and the P4 telemetry ledger.",docs/stages/p4/implementation/p4-w07-repeatability-telemetry/README.md#header,docs/development/documentation-baseline.md;docs/development/stage-workflow.md;docs/stages/p4/implementation/p4-w07-repeatability-telemetry/README.md,,not-applicable,,,phase1-conservative-routing-classified,pending,Codex,2026-09-28,
f5b23932e7d2036811b2f9e89a9b71c174e4f5b4,docs/stages/p4/implementation/p4-w07-repeatability-telemetry/06-validation-and-handoff.md,112a4e4b299ddbe88b6ca5fdbb6400d78841459e,112a4e4b299ddbe88b6ca5fdbb6400d78841459e,unchanged,original-963,p4,L4-design-or-amendment,source-en,docs/stages/p4/implementation/p4-w07-repeatability-telemetry/06-validation-and-handoff.md,Proposed detailed design; implementation and validation are not claimed.,not-declared,,git-blob-only,conditional-design-approval-not-certified,proposed-design,"P4-W07 implementation handoff; this design owns the episode model and its sequencing authority, the determinism-check surfaces, the run-record format handed to automation, and the P4 telemetry ledger.",docs/stages/p4/implementation/p4-w07-repeatability-telemetry/README.md#header,docs/development/documentation-baseline.md;docs/development/stage-workflow.md;docs/stages/p4/implementation/p4-w07-repeatability-telemetry/README.md,,not-applicable,,,phase1-conservative-routing-classified,pending,Codex,2026-09-28,
f5b23932e7d2036811b2f9e89a9b71c174e4f5b4,docs/stages/p4/implementation/p4-w07-repeatability-telemetry/README.md,8d43ce5f6e2cba969ddb89d327ef3bfba929df8a,8d43ce5f6e2cba969ddb89d327ef3bfba929df8a,unchanged,original-963,p4,L4-design-or-amendment,source-en,docs/stages/p4/implementation/p4-w07-repeatability-telemetry/README.md,Proposed detailed design; implementation and validation are not claimed.,not-declared,,git-blob-only,conditional-design-approval-not-certified,proposed-design,"P4-W07 implementation handoff; this design owns the episode model and its sequencing authority, the determinism-check surfaces, the run-record format handed to automation, and the P4 telemetry ledger.",docs/stages/p4/implementation/p4-w07-repeatability-telemetry/README.md#header,docs/development/documentation-baseline.md;docs/development/stage-workflow.md;docs/stages/p4/implementation/p4-w07-repeatability-telemetry/README.md,,not-applicable,,,phase1-conservative-routing-classified,pending,Codex,2026-09-28,
f5b23932e7d2036811b2f9e89a9b71c174e4f5b4,docs/stages/p4/implementation/p4-w08-qemu-integration-regression/01-scope-and-foundations.md,a6e4a0f19d0727bf54c726b5404d6e85b6b36233,a6e4a0f19d0727bf54c726b5404d6e85b6b36233,unchanged,original-963,p4,L4-design-or-amendment,source-en,docs/stages/p4/implementation/p4-w08-qemu-integration-regression/01-scope-and-foundations.md,Proposed detailed design; implementation and validation are not claimed.,not-declared,,git-blob-only,conditional-design-approval-not-certified,proposed-design,"P4-W08 implementation handoff; this design owns the P4 scenario matrix (SM-series), the verdict taxonomy and rules, and the evidence layout. It designs no hypervisor or Guest mechanism.",docs/stages/p4/implementation/p4-w08-qemu-integration-regression/README.md#header,docs/development/documentation-baseline.md;docs/development/stage-workflow.md;docs/stages/p4/implementation/p4-w08-qemu-integration-regression/README.md,,not-applicable,,,phase1-conservative-routing-classified,pending,Codex,2026-09-28,
f5b23932e7d2036811b2f9e89a9b71c174e4f5b4,docs/stages/p4/implementation/p4-w08-qemu-integration-regression/02-scenario-matrix.md,d2311ba0643f218c7e9cbd2079dd3f7ea401fc8a,d2311ba0643f218c7e9cbd2079dd3f7ea401fc8a,unchanged,original-963,p4,L4-design-or-amendment,source-en,docs/stages/p4/implementation/p4-w08-qemu-integration-regression/02-scenario-matrix.md,Proposed detailed design; implementation and validation are not claimed.,not-declared,,git-blob-only,conditional-design-approval-not-certified,proposed-design,"P4-W08 implementation handoff; this design owns the P4 scenario matrix (SM-series), the verdict taxonomy and rules, and the evidence layout. It designs no hypervisor or Guest mechanism.",docs/stages/p4/implementation/p4-w08-qemu-integration-regression/README.md#header,docs/development/documentation-baseline.md;docs/development/stage-workflow.md;docs/stages/p4/implementation/p4-w08-qemu-integration-regression/README.md,,not-applicable,,,phase1-conservative-routing-classified,pending,Codex,2026-09-28,
f5b23932e7d2036811b2f9e89a9b71c174e4f5b4,docs/stages/p4/implementation/p4-w08-qemu-integration-regression/03-automation-contract.md,da0136fad1ed2ec53061eb792fa86e8fb38fecde,da0136fad1ed2ec53061eb792fa86e8fb38fecde,unchanged,original-963,p4,L4-design-or-amendment,source-en,docs/stages/p4/implementation/p4-w08-qemu-integration-regression/03-automation-contract.md,Proposed detailed design; implementation and validation are not claimed.,not-declared,,git-blob-only,conditional-design-approval-not-certified,proposed-design,"P4-W08 implementation handoff; this design owns the P4 scenario matrix (SM-series), the verdict taxonomy and rules, and the evidence layout. It designs no hypervisor or Guest mechanism.",docs/stages/p4/implementation/p4-w08-qemu-integration-regression/README.md#header,docs/development/documentation-baseline.md;docs/development/stage-workflow.md;docs/stages/p4/implementation/p4-w08-qemu-integration-regression/README.md,,not-applicable,,,phase1-conservative-routing-classified,pending,Codex,2026-09-28,
f5b23932e7d2036811b2f9e89a9b71c174e4f5b4,docs/stages/p4/implementation/p4-w08-qemu-integration-regression/04-implementation-workflow.md,efe6a444351ed0938bf42769be24d60e72e38008,efe6a444351ed0938bf42769be24d60e72e38008,unchanged,original-963,p4,L4-design-or-amendment,source-en,docs/stages/p4/implementation/p4-w08-qemu-integration-regression/04-implementation-workflow.md,Proposed detailed design; implementation and validation are not claimed.,not-declared,,git-blob-only,conditional-design-approval-not-certified,proposed-design,"P4-W08 implementation handoff; this design owns the P4 scenario matrix (SM-series), the verdict taxonomy and rules, and the evidence layout. It designs no hypervisor or Guest mechanism.",docs/stages/p4/implementation/p4-w08-qemu-integration-regression/README.md#header,docs/development/documentation-baseline.md;docs/development/stage-workflow.md;docs/stages/p4/implementation/p4-w08-qemu-integration-regression/README.md,,not-applicable,,,phase1-conservative-routing-classified,pending,Codex,2026-09-28,
f5b23932e7d2036811b2f9e89a9b71c174e4f5b4,docs/stages/p4/implementation/p4-w08-qemu-integration-regression/05-validation-and-handoff.md,a0c2932a627329aa4ff16a8bda2f2d8fd20c0666,a0c2932a627329aa4ff16a8bda2f2d8fd20c0666,unchanged,original-963,p4,L4-design-or-amendment,source-en,docs/stages/p4/implementation/p4-w08-qemu-integration-regression/05-validation-and-handoff.md,Proposed design; implementation and validation are not claimed.,not-declared,,git-blob-only,conditional-design-approval-not-certified,proposed-design,"P4-W08 implementation handoff; this design owns the P4 scenario matrix (SM-series), the verdict taxonomy and rules, and the evidence layout. It designs no hypervisor or Guest mechanism.",docs/stages/p4/implementation/p4-w08-qemu-integration-regression/README.md#header,docs/development/documentation-baseline.md;docs/development/stage-workflow.md;docs/stages/p4/implementation/p4-w08-qemu-integration-regression/README.md,,not-applicable,,,phase1-conservative-routing-classified,pending,Codex,2026-09-28,
f5b23932e7d2036811b2f9e89a9b71c174e4f5b4,docs/stages/p4/implementation/p4-w08-qemu-integration-regression/README.md,e5bae43e74a4d9e5eea9a7b609586c94dad83745,e5bae43e74a4d9e5eea9a7b609586c94dad83745,unchanged,original-963,p4,L4-design-or-amendment,source-en,docs/stages/p4/implementation/p4-w08-qemu-integration-regression/README.md,Proposed detailed design; implementation and validation are not claimed.,not-declared,,git-blob-only,conditional-design-approval-not-certified,proposed-design,"P4-W08 implementation handoff; this design owns the P4 scenario matrix (SM-series), the verdict taxonomy and rules, and the evidence layout. It designs no hypervisor or Guest mechanism.",docs/stages/p4/implementation/p4-w08-qemu-integration-regression/README.md#header,docs/development/documentation-baseline.md;docs/development/stage-workflow.md;docs/stages/p4/implementation/p4-w08-qemu-integration-regression/README.md,,not-applicable,,,phase1-conservative-routing-classified,pending,Codex,2026-09-28,
f5b23932e7d2036811b2f9e89a9b71c174e4f5b4,docs/stages/p4/implementation/p4-w09-closeout-p5-handoff/01-closeout-contracts.md,4352ac45c24203d7e9446280284fc2e431c6fda4,4352ac45c24203d7e9446280284fc2e431c6fda4,unchanged,original-963,p4,L4-design-or-amendment,source-en,docs/stages/p4/implementation/p4-w09-closeout-p5-handoff/01-closeout-contracts.md,Proposed detailed design; implementation and validation are not claimed.,not-declared,,git-blob-only,conditional-design-approval-not-certified,proposed-design,P4-W09 implementation handoff; this design owns the closeout artifact set and the review procedure that decides what P5 may rely on. It owns no runtime mechanism and creates no evidence.,docs/stages/p4/implementation/p4-w09-closeout-p5-handoff/README.md#header,docs/development/documentation-baseline.md;docs/development/stage-workflow.md;docs/stages/p4/implementation/p4-w09-closeout-p5-handoff/README.md,,not-applicable,,,phase1-conservative-routing-classified,pending,Codex,2026-09-28,
f5b23932e7d2036811b2f9e89a9b71c174e4f5b4,docs/stages/p4/implementation/p4-w09-closeout-p5-handoff/02-review-workflow.md,b4795334e5424b92bb6a336422e4565e9b7213f4,b4795334e5424b92bb6a336422e4565e9b7213f4,unchanged,original-963,p4,L4-design-or-amendment,source-en,docs/stages/p4/implementation/p4-w09-closeout-p5-handoff/02-review-workflow.md,Proposed detailed design; implementation and validation are not claimed.,not-declared,,git-blob-only,conditional-design-approval-not-certified,proposed-design,P4-W09 implementation handoff; this design owns the closeout artifact set and the review procedure that decides what P5 may rely on. It owns no runtime mechanism and creates no evidence.,docs/stages/p4/implementation/p4-w09-closeout-p5-handoff/README.md#header,docs/development/documentation-baseline.md;docs/development/stage-workflow.md;docs/stages/p4/implementation/p4-w09-closeout-p5-handoff/README.md,,not-applicable,,,phase1-conservative-routing-classified,pending,Codex,2026-09-28,
f5b23932e7d2036811b2f9e89a9b71c174e4f5b4,docs/stages/p4/implementation/p4-w09-closeout-p5-handoff/README.md,a0e9affb5308af2c54c34f1caa044bbf4f2087f6,a0e9affb5308af2c54c34f1caa044bbf4f2087f6,unchanged,original-963,p4,L4-design-or-amendment,source-en,docs/stages/p4/implementation/p4-w09-closeout-p5-handoff/README.md,Proposed detailed design; implementation and validation are not claimed.,not-declared,,git-blob-only,conditional-design-approval-not-certified,proposed-design,P4-W09 implementation handoff; this design owns the closeout artifact set and the review procedure that decides what P5 may rely on. It owns no runtime mechanism and creates no evidence.,docs/stages/p4/implementation/p4-w09-closeout-p5-handoff/README.md#header,docs/development/documentation-baseline.md;docs/development/stage-workflow.md;docs/stages/p4/implementation/p4-w09-closeout-p5-handoff/README.md,,not-applicable,,,phase1-conservative-routing-classified,pending,Codex,2026-09-28,
f5b23932e7d2036811b2f9e89a9b71c174e4f5b4,docs/stages/p4/plans/README.md,abb7bc1fa761e3a57c7ddfd18af997ef8adf827e,abb7bc1fa761e3a57c7ddfd18af997ef8adf827e,unchanged,original-963,p4,L3-plan-index,source-en,docs/stages/p4/plans/README.md,"Planning index. Individual plans are bounded work-package plans, not implementation-completion records.",not-declared,,git-blob-only,bounded-planning-not-code-admission,planning,P4 stage maintainers,routing responsibility; no named person asserted,docs/development/documentation-baseline.md;docs/development/stage-workflow.md,,not-applicable,,,phase1-conservative-routing-classified,pending,Codex,2026-09-28,
f5b23932e7d2036811b2f9e89a9b71c174e4f5b4,docs/stages/p4/plans/p4-w01-entry-contract-reconciliation.md,7ef7f6401544c9ec4a4b578904fe0eb1e7b54275,7ef7f6401544c9ec4a4b578904fe0eb1e7b54275,unchanged,original-963,p4,L3-package-plan,source-en,docs/stages/p4/plans/p4-w01-entry-contract-reconciliation.md,Planned work package; implementation not claimed,not-declared,,git-blob-only,bounded-planning-not-code-admission,planning,P4-W01,routing responsibility; no named person asserted,docs/development/documentation-baseline.md;docs/development/stage-workflow.md;docs/stages/p4/task-book-v0.1.md,,not-applicable,,,phase1-conservative-routing-classified,pending,Codex,2026-09-28,
f5b23932e7d2036811b2f9e89a9b71c174e4f5b4,docs/stages/p4/plans/p4-w02-stage2-address-space.md,9df9c006806f36ba5a2118c4b0be8ccf7460fae7,9df9c006806f36ba5a2118c4b0be8ccf7460fae7,unchanged,original-963,p4,L3-package-plan,source-en,docs/stages/p4/plans/p4-w02-stage2-address-space.md,Planned work package; implementation not claimed,not-declared,,git-blob-only,bounded-planning-not-code-admission,planning,P4-W02,routing responsibility; no named person asserted,docs/development/documentation-baseline.md;docs/development/stage-workflow.md;docs/stages/p4/task-book-v0.1.md,,not-applicable,,,phase1-conservative-routing-classified,pending,Codex,2026-09-28,
f5b23932e7d2036811b2f9e89a9b71c174e4f5b4,docs/stages/p4/plans/p4-w03-guest-memory-image.md,a478ac81980a8c40657ad4557cf3004012588c28,a478ac81980a8c40657ad4557cf3004012588c28,unchanged,original-963,p4,L3-package-plan,source-en,docs/stages/p4/plans/p4-w03-guest-memory-image.md,Planned work package; implementation not claimed,not-declared,,git-blob-only,bounded-planning-not-code-admission,planning,P4-W03,routing responsibility; no named person asserted,docs/development/documentation-baseline.md;docs/development/stage-workflow.md;docs/stages/p4/task-book-v0.1.md,,not-applicable,,,phase1-conservative-routing-classified,pending,Codex,2026-09-28,
f5b23932e7d2036811b2f9e89a9b71c174e4f5b4,docs/stages/p4/plans/p4-w04-vcpu-entry-exit.md,7950452e34e537a8514e2d7d946389eb43b309ec,7950452e34e537a8514e2d7d946389eb43b309ec,unchanged,original-963,p4,L3-package-plan,source-en,docs/stages/p4/plans/p4-w04-vcpu-entry-exit.md,Planned work package; implementation not claimed,not-declared,,git-blob-only,bounded-planning-not-code-admission,planning,P4-W04,routing responsibility; no named person asserted,docs/development/documentation-baseline.md;docs/development/stage-workflow.md;docs/stages/p4/task-book-v0.1.md,,not-applicable,,,phase1-conservative-routing-classified,pending,Codex,2026-09-28,
f5b23932e7d2036811b2f9e89a9b71c174e4f5b4,docs/stages/p4/plans/p4-w05-validation-guest.md,9b0e08f2210b1e331db0fad9c6fab90b49405d8b,9b0e08f2210b1e331db0fad9c6fab90b49405d8b,unchanged,original-963,p4,L3-package-plan,source-en,docs/stages/p4/plans/p4-w05-validation-guest.md,Planned work package; implementation not claimed,not-declared,,git-blob-only,bounded-planning-not-code-admission,planning,P4-W05,routing responsibility; no named person asserted,docs/development/documentation-baseline.md;docs/development/stage-workflow.md;docs/stages/p4/task-book-v0.1.md,,not-applicable,,,phase1-conservative-routing-classified,pending,Codex,2026-09-28,
f5b23932e7d2036811b2f9e89a9b71c174e4f5b4,docs/stages/p4/plans/p4-w06-fault-isolation-diagnostics.md,c3b53ee5caf25f5c8b41f88dccfa1fe9af9117bf,c3b53ee5caf25f5c8b41f88dccfa1fe9af9117bf,unchanged,original-963,p4,L3-package-plan,source-en,docs/stages/p4/plans/p4-w06-fault-isolation-diagnostics.md,Planned work package; implementation not claimed,not-declared,,git-blob-only,bounded-planning-not-code-admission,planning,P4-W06,routing responsibility; no named person asserted,docs/development/documentation-baseline.md;docs/development/stage-workflow.md;docs/stages/p4/task-book-v0.1.md,,not-applicable,,,phase1-conservative-routing-classified,pending,Codex,2026-09-28,
f5b23932e7d2036811b2f9e89a9b71c174e4f5b4,docs/stages/p4/plans/p4-w07-repeatability-telemetry.md,ab3e263cfb021deb77996789a817d93078a4ca2a,ab3e263cfb021deb77996789a817d93078a4ca2a,unchanged,original-963,p4,L3-package-plan,source-en,docs/stages/p4/plans/p4-w07-repeatability-telemetry.md,Planned work package; implementation not claimed,not-declared,,git-blob-only,bounded-planning-not-code-admission,planning,P4-W07,routing responsibility; no named person asserted,docs/development/documentation-baseline.md;docs/development/stage-workflow.md;docs/stages/p4/task-book-v0.1.md,,not-applicable,,,phase1-conservative-routing-classified,pending,Codex,2026-09-28,
f5b23932e7d2036811b2f9e89a9b71c174e4f5b4,docs/stages/p4/plans/p4-w08-qemu-integration-regression.md,bb7fd9c4550d609c1ee396f6cd0d2ad9e9d46225,bb7fd9c4550d609c1ee396f6cd0d2ad9e9d46225,unchanged,original-963,p4,L3-package-plan,source-en,docs/stages/p4/plans/p4-w08-qemu-integration-regression.md,Planned work package; implementation not claimed,not-declared,,git-blob-only,bounded-planning-not-code-admission,planning,P4-W08,routing responsibility; no named person asserted,docs/development/documentation-baseline.md;docs/development/stage-workflow.md;docs/stages/p4/task-book-v0.1.md,,not-applicable,,,phase1-conservative-routing-classified,pending,Codex,2026-09-28,
f5b23932e7d2036811b2f9e89a9b71c174e4f5b4,docs/stages/p4/plans/p4-w09-closeout-p5-handoff.md,9ccbf9a5a0be516a4f1e75796cdf92be9019f298,9ccbf9a5a0be516a4f1e75796cdf92be9019f298,unchanged,original-963,p4,L3-package-plan,source-en,docs/stages/p4/plans/p4-w09-closeout-p5-handoff.md,Planned work package; implementation not claimed,not-declared,,git-blob-only,bounded-planning-not-code-admission,planning,P4-W09,routing responsibility; no named person asserted,docs/development/documentation-baseline.md;docs/development/stage-workflow.md;docs/stages/p4/task-book-v0.1.md,,not-applicable,,,phase1-conservative-routing-classified,pending,Codex,2026-09-28,
f5b23932e7d2036811b2f9e89a9b71c174e4f5b4,docs/stages/p4/task-book-v0.1.md,3b5d031b3249d977a98cbcc2e7752f758dc89ba4,3b5d031b3249d977a98cbcc2e7752f758dc89ba4,unchanged,original-963,p4,L2-task-book,source-en,docs/stages/p4/task-book-v0.1.md,Planning baseline; implementation and validation are not claimed,v0.1,,title,stage-outcomes-not-code-admission,planning-baseline,P4 first controlled Guest-EL1 execution loop,docs/stages/p4/task-book-v0.1.md#header,docs/development/documentation-baseline.md;docs/development/stage-workflow.md;docs/stages/p4/task-book-v0.1.md,,not-applicable,,,phase1-conservative-routing-classified,pending,Codex,2026-09-28,
f5b23932e7d2036811b2f9e89a9b71c174e4f5b4,docs/stages/p5/README.md,c8747c9b19e334f04a91aafcc1c3c119af613106,c8747c9b19e334f04a91aafcc1c3c119af613106,unchanged,original-963,p5,stage-navigation,source-en,docs/stages/p5/README.md,not-declared,not-declared,,git-blob-only,routing-only,index,P5 stage maintainers,routing responsibility; no named person asserted,docs/development/documentation-baseline.md;docs/development/stage-workflow.md,,not-applicable,,,phase1-conservative-routing-classified,pending,Codex,2026-09-28,
f5b23932e7d2036811b2f9e89a9b71c174e4f5b4,docs/stages/p5/implementation/README.md,097e5d69f4d947b87fa14b034d7f258a1cad6fb8,097e5d69f4d947b87fa14b034d7f258a1cad6fb8,unchanged,original-963,p5,stage-implementation-index,source-en,docs/stages/p5/implementation/README.md,Index of proposed designs and future implementation records; not a completion claim.,not-declared,,git-blob-only,routing-and-factual-context,index,P5 stage maintainers,routing responsibility; no named person asserted,docs/development/documentation-baseline.md;docs/development/stage-workflow.md,,not-applicable,,,phase1-conservative-routing-classified,pending,Codex,2026-09-28,
f5b23932e7d2036811b2f9e89a9b71c174e4f5b4,docs/stages/p5/implementation/p5-w01-entry-contract-reconciliation/01-reconciliation-ledger.md,f7d7331ae73e73ae5d2c1657c2eee8e4ddf066d8,f7d7331ae73e73ae5d2c1657c2eee8e4ddf066d8,unchanged,original-963,p5,L4-design-or-amendment,source-en,docs/stages/p5/implementation/p5-w01-entry-contract-reconciliation/01-reconciliation-ledger.md,Proposed detailed design; implementation and validation are not claimed.,not-declared,,git-blob-only,conditional-design-approval-not-certified,proposed-design,P5-W01 implementation handoff.,docs/stages/p5/implementation/p5-w01-entry-contract-reconciliation/README.md#header,docs/development/documentation-baseline.md;docs/development/stage-workflow.md;docs/stages/p5/implementation/p5-w01-entry-contract-reconciliation/README.md,docs/stages/p5/implementation/p5-w01-entry-contract-reconciliation/01-reconciliation-ledger.md,not-applicable,,,phase1-conservative-routing-classified,pending,Codex,2026-09-28,
f5b23932e7d2036811b2f9e89a9b71c174e4f5b4,docs/stages/p5/implementation/p5-w01-entry-contract-reconciliation/02-workflow-validation-handoff.md,069d115b4049d1ba8c625463ba9fa2bd2a858fcd,069d115b4049d1ba8c625463ba9fa2bd2a858fcd,unchanged,original-963,p5,L4-design-or-amendment,source-en,docs/stages/p5/implementation/p5-w01-entry-contract-reconciliation/02-workflow-validation-handoff.md,Proposed detailed design; implementation and validation are not claimed.,not-declared,,git-blob-only,conditional-design-approval-not-certified,proposed-design,P5-W01 implementation handoff.,docs/stages/p5/implementation/p5-w01-entry-contract-reconciliation/README.md#header,docs/development/documentation-baseline.md;docs/development/stage-workflow.md;docs/stages/p5/implementation/p5-w01-entry-contract-reconciliation/README.md,docs/stages/p5/implementation/p5-w01-entry-contract-reconciliation/01-reconciliation-ledger.md,not-applicable,,,phase1-conservative-routing-classified,pending,Codex,2026-09-28,
f5b23932e7d2036811b2f9e89a9b71c174e4f5b4,docs/stages/p5/implementation/p5-w01-entry-contract-reconciliation/README.md,0218839afdab24e37cf4adae57e883d5d62e587e,0218839afdab24e37cf4adae57e883d5d62e587e,unchanged,original-963,p5,L4-design-or-amendment,source-en,docs/stages/p5/implementation/p5-w01-entry-contract-reconciliation/README.md,Proposed detailed design; implementation and validation are not claimed.,not-declared,,git-blob-only,conditional-design-approval-not-certified,proposed-design,P5-W01 implementation handoff.,docs/stages/p5/implementation/p5-w01-entry-contract-reconciliation/README.md#header,docs/development/documentation-baseline.md;docs/development/stage-workflow.md;docs/stages/p5/implementation/p5-w01-entry-contract-reconciliation/README.md,docs/stages/p5/implementation/p5-w01-entry-contract-reconciliation/01-reconciliation-ledger.md,not-applicable,,,phase1-conservative-routing-classified,pending,Codex,2026-09-28,
f5b23932e7d2036811b2f9e89a9b71c174e4f5b4,docs/stages/p5/implementation/p5-w02-hypercall-abi-error-boundary/01-scope-and-foundations.md,334f861ba89ec56a489a3b3a9c65fd1e4a204a06,334f861ba89ec56a489a3b3a9c65fd1e4a204a06,unchanged,original-963,p5,L4-design-or-amendment,source-en,docs/stages/p5/implementation/p5-w02-hypercall-abi-error-boundary/01-scope-and-foundations.md,Proposed detailed design; implementation and validation are not claimed.,not-declared,,git-blob-only,conditional-design-approval-not-certified,proposed-design,P5-W02 implementation handoff.,docs/stages/p5/implementation/p5-w02-hypercall-abi-error-boundary/README.md#header,docs/development/documentation-baseline.md;docs/development/stage-workflow.md;docs/stages/p5/implementation/p5-w02-hypercall-abi-error-boundary/README.md,,not-applicable,,,phase1-conservative-routing-classified,pending,Codex,2026-09-28,
f5b23932e7d2036811b2f9e89a9b71c174e4f5b4,docs/stages/p5/implementation/p5-w02-hypercall-abi-error-boundary/02-architecture-and-state.md,38f2e2224a14edbc9b75ab9409ec39c1f2afa330,38f2e2224a14edbc9b75ab9409ec39c1f2afa330,unchanged,original-963,p5,L4-design-or-amendment,source-en,docs/stages/p5/implementation/p5-w02-hypercall-abi-error-boundary/02-architecture-and-state.md,Proposed detailed design; implementation and validation are not claimed.,not-declared,,git-blob-only,conditional-design-approval-not-certified,proposed-design,P5-W02 implementation handoff.,docs/stages/p5/implementation/p5-w02-hypercall-abi-error-boundary/README.md#header,docs/development/documentation-baseline.md;docs/development/stage-workflow.md;docs/stages/p5/implementation/p5-w02-hypercall-abi-error-boundary/README.md,,not-applicable,,,phase1-conservative-routing-classified,pending,Codex,2026-09-28,
f5b23932e7d2036811b2f9e89a9b71c174e4f5b4,docs/stages/p5/implementation/p5-w02-hypercall-abi-error-boundary/03-code-contracts-abi-surface.md,235cc6f2526d42012d7bfdc91f237eb113923b93,235cc6f2526d42012d7bfdc91f237eb113923b93,unchanged,original-963,p5,L4-design-or-amendment,source-en,docs/stages/p5/implementation/p5-w02-hypercall-abi-error-boundary/03-code-contracts-abi-surface.md,Proposed detailed design; implementation and validation are not claimed.,not-declared,,git-blob-only,conditional-design-approval-not-certified,proposed-design,P5-W02 implementation handoff.,docs/stages/p5/implementation/p5-w02-hypercall-abi-error-boundary/README.md#header,docs/development/documentation-baseline.md;docs/development/stage-workflow.md;docs/stages/p5/implementation/p5-w02-hypercall-abi-error-boundary/README.md,,not-applicable,,,phase1-conservative-routing-classified,pending,Codex,2026-09-28,
f5b23932e7d2036811b2f9e89a9b71c174e4f5b4,docs/stages/p5/implementation/p5-w02-hypercall-abi-error-boundary/04-code-contracts-error-boundary.md,b287208a9c79dae3d61e4ba2e1bc2e9407f79a4f,b287208a9c79dae3d61e4ba2e1bc2e9407f79a4f,unchanged,original-963,p5,L4-design-or-amendment,source-en,docs/stages/p5/implementation/p5-w02-hypercall-abi-error-boundary/04-code-contracts-error-boundary.md,Proposed detailed design; implementation and validation are not claimed.,not-declared,,git-blob-only,conditional-design-approval-not-certified,proposed-design,P5-W02 implementation handoff.,docs/stages/p5/implementation/p5-w02-hypercall-abi-error-boundary/README.md#header,docs/development/documentation-baseline.md;docs/development/stage-workflow.md;docs/stages/p5/implementation/p5-w02-hypercall-abi-error-boundary/README.md,,not-applicable,,,phase1-conservative-routing-classified,pending,Codex,2026-09-28,
f5b23932e7d2036811b2f9e89a9b71c174e4f5b4,docs/stages/p5/implementation/p5-w02-hypercall-abi-error-boundary/05-implementation-workflow.md,b27f85e97ede06a08ce86a743f78a8f4547e904f,b27f85e97ede06a08ce86a743f78a8f4547e904f,unchanged,original-963,p5,L4-design-or-amendment,source-en,docs/stages/p5/implementation/p5-w02-hypercall-abi-error-boundary/05-implementation-workflow.md,Proposed detailed design; implementation and validation are not claimed.,not-declared,,git-blob-only,conditional-design-approval-not-certified,proposed-design,P5-W02 implementation handoff.,docs/stages/p5/implementation/p5-w02-hypercall-abi-error-boundary/README.md#header,docs/development/documentation-baseline.md;docs/development/stage-workflow.md;docs/stages/p5/implementation/p5-w02-hypercall-abi-error-boundary/README.md,,not-applicable,,,phase1-conservative-routing-classified,pending,Codex,2026-09-28,
f5b23932e7d2036811b2f9e89a9b71c174e4f5b4,docs/stages/p5/implementation/p5-w02-hypercall-abi-error-boundary/06-validation-and-handoff.md,2d3c97e6bcce5aa7c4213183e63ba597bd711330,2d3c97e6bcce5aa7c4213183e63ba597bd711330,unchanged,original-963,p5,L4-design-or-amendment,source-en,docs/stages/p5/implementation/p5-w02-hypercall-abi-error-boundary/06-validation-and-handoff.md,Proposed detailed design; implementation and validation are not claimed.,not-declared,,git-blob-only,conditional-design-approval-not-certified,proposed-design,P5-W02 implementation handoff.,docs/stages/p5/implementation/p5-w02-hypercall-abi-error-boundary/README.md#header,docs/development/documentation-baseline.md;docs/development/stage-workflow.md;docs/stages/p5/implementation/p5-w02-hypercall-abi-error-boundary/README.md,,not-applicable,,,phase1-conservative-routing-classified,pending,Codex,2026-09-28,
f5b23932e7d2036811b2f9e89a9b71c174e4f5b4,docs/stages/p5/implementation/p5-w02-hypercall-abi-error-boundary/README.md,fc824dd33687a90c61c01acfc9ced7977c7f305a,fc824dd33687a90c61c01acfc9ced7977c7f305a,unchanged,original-963,p5,L4-design-or-amendment,source-en,docs/stages/p5/implementation/p5-w02-hypercall-abi-error-boundary/README.md,Proposed detailed design; implementation and validation are not claimed.,not-declared,,git-blob-only,conditional-design-approval-not-certified,proposed-design,P5-W02 implementation handoff.,docs/stages/p5/implementation/p5-w02-hypercall-abi-error-boundary/README.md#header,docs/development/documentation-baseline.md;docs/development/stage-workflow.md;docs/stages/p5/implementation/p5-w02-hypercall-abi-error-boundary/README.md,,not-applicable,,,phase1-conservative-routing-classified,pending,Codex,2026-09-28,
f5b23932e7d2036811b2f9e89a9b71c174e4f5b4,docs/stages/p5/implementation/p5-w03-guest-data-safety/01-scope-and-foundations.md,7b71cdd8863f62c7c123041b7351596a5238a499,7b71cdd8863f62c7c123041b7351596a5238a499,unchanged,original-963,p5,L4-design-or-amendment,source-en,docs/stages/p5/implementation/p5-w03-guest-data-safety/01-scope-and-foundations.md,Proposed detailed design; implementation and validation are not claimed.,not-declared,,git-blob-only,conditional-design-approval-not-certified,proposed-design,P5-W03 implementation handoff.,docs/stages/p5/implementation/p5-w03-guest-data-safety/README.md#header,docs/development/documentation-baseline.md;docs/development/stage-workflow.md;docs/stages/p5/implementation/p5-w03-guest-data-safety/README.md,,not-applicable,,,phase1-conservative-routing-classified,pending,Codex,2026-09-28,
f5b23932e7d2036811b2f9e89a9b71c174e4f5b4,docs/stages/p5/implementation/p5-w03-guest-data-safety/02-architecture-and-state.md,6523bc540efea7b8dde3841e0483ef7b0d533ef4,6523bc540efea7b8dde3841e0483ef7b0d533ef4,unchanged,original-963,p5,L4-design-or-amendment,source-en,docs/stages/p5/implementation/p5-w03-guest-data-safety/02-architecture-and-state.md,Proposed detailed design; implementation and validation are not claimed.,not-declared,,git-blob-only,conditional-design-approval-not-certified,proposed-design,P5-W03 implementation handoff.,docs/stages/p5/implementation/p5-w03-guest-data-safety/README.md#header,docs/development/documentation-baseline.md;docs/development/stage-workflow.md;docs/stages/p5/implementation/p5-w03-guest-data-safety/README.md,,not-applicable,,,phase1-conservative-routing-classified,pending,Codex,2026-09-28,
f5b23932e7d2036811b2f9e89a9b71c174e4f5b4,docs/stages/p5/implementation/p5-w03-guest-data-safety/03-code-contracts-guest-range.md,935ab8dd75797b99a0417685927c34cc956626c8,935ab8dd75797b99a0417685927c34cc956626c8,unchanged,original-963,p5,L4-design-or-amendment,source-en,docs/stages/p5/implementation/p5-w03-guest-data-safety/03-code-contracts-guest-range.md,Proposed detailed design; implementation and validation are not claimed.,not-declared,,git-blob-only,conditional-design-approval-not-certified,proposed-design,P5-W03 implementation handoff.,docs/stages/p5/implementation/p5-w03-guest-data-safety/README.md#header,docs/development/documentation-baseline.md;docs/development/stage-workflow.md;docs/stages/p5/implementation/p5-w03-guest-data-safety/README.md,,not-applicable,,,phase1-conservative-routing-classified,pending,Codex,2026-09-28,
f5b23932e7d2036811b2f9e89a9b71c174e4f5b4,docs/stages/p5/implementation/p5-w03-guest-data-safety/04-code-contracts-guest-accessor.md,805e6685b3f7d10b3269e4af25326f20d38ee429,805e6685b3f7d10b3269e4af25326f20d38ee429,unchanged,original-963,p5,L4-design-or-amendment,source-en,docs/stages/p5/implementation/p5-w03-guest-data-safety/04-code-contracts-guest-accessor.md,Proposed detailed design; implementation and validation are not claimed.,not-declared,,git-blob-only,conditional-design-approval-not-certified,proposed-design,P5-W03 implementation handoff.,docs/stages/p5/implementation/p5-w03-guest-data-safety/README.md#header,docs/development/documentation-baseline.md;docs/development/stage-workflow.md;docs/stages/p5/implementation/p5-w03-guest-data-safety/README.md,,not-applicable,,,phase1-conservative-routing-classified,pending,Codex,2026-09-28,
f5b23932e7d2036811b2f9e89a9b71c174e4f5b4,docs/stages/p5/implementation/p5-w03-guest-data-safety/05-implementation-workflow.md,018665c5c12a463ef4f4b9fa05667e1c3e254efa,018665c5c12a463ef4f4b9fa05667e1c3e254efa,unchanged,original-963,p5,L4-design-or-amendment,source-en,docs/stages/p5/implementation/p5-w03-guest-data-safety/05-implementation-workflow.md,Proposed detailed design; implementation and validation are not claimed.,not-declared,,git-blob-only,conditional-design-approval-not-certified,proposed-design,P5-W03 implementation handoff.,docs/stages/p5/implementation/p5-w03-guest-data-safety/README.md#header,docs/development/documentation-baseline.md;docs/development/stage-workflow.md;docs/stages/p5/implementation/p5-w03-guest-data-safety/README.md,,not-applicable,,,phase1-conservative-routing-classified,pending,Codex,2026-09-28,
f5b23932e7d2036811b2f9e89a9b71c174e4f5b4,docs/stages/p5/implementation/p5-w03-guest-data-safety/06-validation-and-handoff.md,eeb5b52a93fbe3465fa58cf2446c58216e16d9b2,eeb5b52a93fbe3465fa58cf2446c58216e16d9b2,unchanged,original-963,p5,L4-design-or-amendment,source-en,docs/stages/p5/implementation/p5-w03-guest-data-safety/06-validation-and-handoff.md,Proposed detailed design; implementation and validation are not claimed.,not-declared,,git-blob-only,conditional-design-approval-not-certified,proposed-design,P5-W03 implementation handoff.,docs/stages/p5/implementation/p5-w03-guest-data-safety/README.md#header,docs/development/documentation-baseline.md;docs/development/stage-workflow.md;docs/stages/p5/implementation/p5-w03-guest-data-safety/README.md,,not-applicable,,,phase1-conservative-routing-classified,pending,Codex,2026-09-28,
f5b23932e7d2036811b2f9e89a9b71c174e4f5b4,docs/stages/p5/implementation/p5-w03-guest-data-safety/README.md,bf4328038690a265be5629e0ea913ebe38defc60,bf4328038690a265be5629e0ea913ebe38defc60,unchanged,original-963,p5,L4-design-or-amendment,source-en,docs/stages/p5/implementation/p5-w03-guest-data-safety/README.md,Proposed detailed design; implementation and validation are not claimed.,not-declared,,git-blob-only,conditional-design-approval-not-certified,proposed-design,P5-W03 implementation handoff.,docs/stages/p5/implementation/p5-w03-guest-data-safety/README.md#header,docs/development/documentation-baseline.md;docs/development/stage-workflow.md;docs/stages/p5/implementation/p5-w03-guest-data-safety/README.md,,not-applicable,,,phase1-conservative-routing-classified,pending,Codex,2026-09-28,
f5b23932e7d2036811b2f9e89a9b71c174e4f5b4,docs/stages/p5/implementation/p5-w04-handle-lifecycle-type-safety/01-scope-and-foundations.md,2f37cbef63364625b4e7b4b6b7c620c3864fa63e,2f37cbef63364625b4e7b4b6b7c620c3864fa63e,unchanged,original-963,p5,L4-design-or-amendment,source-en,docs/stages/p5/implementation/p5-w04-handle-lifecycle-type-safety/01-scope-and-foundations.md,Proposed detailed design; implementation and validation are not claimed.,not-declared,,git-blob-only,conditional-design-approval-not-certified,proposed-design,P5-W04 implementation handoff.,docs/stages/p5/implementation/p5-w04-handle-lifecycle-type-safety/README.md#header,docs/development/documentation-baseline.md;docs/development/stage-workflow.md;docs/stages/p5/implementation/p5-w04-handle-lifecycle-type-safety/README.md,,not-applicable,,,phase1-conservative-routing-classified,pending,Codex,2026-09-28,
f5b23932e7d2036811b2f9e89a9b71c174e4f5b4,docs/stages/p5/implementation/p5-w04-handle-lifecycle-type-safety/02-architecture-and-state.md,c3030a9ccdf50cfd76904218c5912cbcfb125ece,c3030a9ccdf50cfd76904218c5912cbcfb125ece,unchanged,original-963,p5,L4-design-or-amendment,source-en,docs/stages/p5/implementation/p5-w04-handle-lifecycle-type-safety/02-architecture-and-state.md,Proposed detailed design; implementation and validation are not claimed.,not-declared,,git-blob-only,conditional-design-approval-not-certified,proposed-design,P5-W04 implementation handoff.,docs/stages/p5/implementation/p5-w04-handle-lifecycle-type-safety/README.md#header,docs/development/documentation-baseline.md;docs/development/stage-workflow.md;docs/stages/p5/implementation/p5-w04-handle-lifecycle-type-safety/README.md,,not-applicable,,,phase1-conservative-routing-classified,pending,Codex,2026-09-28,
f5b23932e7d2036811b2f9e89a9b71c174e4f5b4,docs/stages/p5/implementation/p5-w04-handle-lifecycle-type-safety/03-code-contracts-handle-table.md,14cd9efce30961552705f6ff1bdb941c34da465a,14cd9efce30961552705f6ff1bdb941c34da465a,unchanged,original-963,p5,L4-design-or-amendment,source-en,docs/stages/p5/implementation/p5-w04-handle-lifecycle-type-safety/03-code-contracts-handle-table.md,Proposed detailed design; implementation and validation are not claimed.,not-declared,,git-blob-only,conditional-design-approval-not-certified,proposed-design,P5-W04 implementation handoff.,docs/stages/p5/implementation/p5-w04-handle-lifecycle-type-safety/README.md#header,docs/development/documentation-baseline.md;docs/development/stage-workflow.md;docs/stages/p5/implementation/p5-w04-handle-lifecycle-type-safety/README.md,,not-applicable,,,phase1-conservative-routing-classified,pending,Codex,2026-09-28,
f5b23932e7d2036811b2f9e89a9b71c174e4f5b4,docs/stages/p5/implementation/p5-w04-handle-lifecycle-type-safety/04-code-contracts-lifecycle-ops.md,9b25ea13066af9c5bab2b399a4302dee3370080b,9b25ea13066af9c5bab2b399a4302dee3370080b,unchanged,original-963,p5,L4-design-or-amendment,source-en,docs/stages/p5/implementation/p5-w04-handle-lifecycle-type-safety/04-code-contracts-lifecycle-ops.md,Proposed detailed design; implementation and validation are not claimed.,not-declared,,git-blob-only,conditional-design-approval-not-certified,proposed-design,P5-W04 implementation handoff.,docs/stages/p5/implementation/p5-w04-handle-lifecycle-type-safety/README.md#header,docs/development/documentation-baseline.md;docs/development/stage-workflow.md;docs/stages/p5/implementation/p5-w04-handle-lifecycle-type-safety/README.md,,not-applicable,,,phase1-conservative-routing-classified,pending,Codex,2026-09-28,
f5b23932e7d2036811b2f9e89a9b71c174e4f5b4,docs/stages/p5/implementation/p5-w04-handle-lifecycle-type-safety/05-implementation-workflow.md,28ec60f62e09535a6a65b1ea4aebbeb2ba9bb371,28ec60f62e09535a6a65b1ea4aebbeb2ba9bb371,unchanged,original-963,p5,L4-design-or-amendment,source-en,docs/stages/p5/implementation/p5-w04-handle-lifecycle-type-safety/05-implementation-workflow.md,Proposed detailed design; implementation and validation are not claimed.,not-declared,,git-blob-only,conditional-design-approval-not-certified,proposed-design,P5-W04 implementation handoff.,docs/stages/p5/implementation/p5-w04-handle-lifecycle-type-safety/README.md#header,docs/development/documentation-baseline.md;docs/development/stage-workflow.md;docs/stages/p5/implementation/p5-w04-handle-lifecycle-type-safety/README.md,,not-applicable,,,phase1-conservative-routing-classified,pending,Codex,2026-09-28,
f5b23932e7d2036811b2f9e89a9b71c174e4f5b4,docs/stages/p5/implementation/p5-w04-handle-lifecycle-type-safety/06-validation-and-handoff.md,776c2f5fe9fd4bb359b842ab6cb818fbb55c1bae,776c2f5fe9fd4bb359b842ab6cb818fbb55c1bae,unchanged,original-963,p5,L4-design-or-amendment,source-en,docs/stages/p5/implementation/p5-w04-handle-lifecycle-type-safety/06-validation-and-handoff.md,Proposed detailed design; implementation and validation are not claimed.,not-declared,,git-blob-only,conditional-design-approval-not-certified,proposed-design,P5-W04 implementation handoff.,docs/stages/p5/implementation/p5-w04-handle-lifecycle-type-safety/README.md#header,docs/development/documentation-baseline.md;docs/development/stage-workflow.md;docs/stages/p5/implementation/p5-w04-handle-lifecycle-type-safety/README.md,,not-applicable,,,phase1-conservative-routing-classified,pending,Codex,2026-09-28,
f5b23932e7d2036811b2f9e89a9b71c174e4f5b4,docs/stages/p5/implementation/p5-w04-handle-lifecycle-type-safety/README.md,c1b0aecbdd14e974a95c5e41197c718940eda413,c1b0aecbdd14e974a95c5e41197c718940eda413,unchanged,original-963,p5,L4-design-or-amendment,source-en,docs/stages/p5/implementation/p5-w04-handle-lifecycle-type-safety/README.md,Proposed detailed design; implementation and validation are not claimed.,not-declared,,git-blob-only,conditional-design-approval-not-certified,proposed-design,P5-W04 implementation handoff.,docs/stages/p5/implementation/p5-w04-handle-lifecycle-type-safety/README.md#header,docs/development/documentation-baseline.md;docs/development/stage-workflow.md;docs/stages/p5/implementation/p5-w04-handle-lifecycle-type-safety/README.md,,not-applicable,,,phase1-conservative-routing-classified,pending,Codex,2026-09-28,
f5b23932e7d2036811b2f9e89a9b71c174e4f5b4,docs/stages/p5/implementation/p5-w05-capability-rights-bootstrap-revocation/01-scope-and-foundations.md,17d745875e7936fbab090b6587338002c91e80b4,17d745875e7936fbab090b6587338002c91e80b4,unchanged,original-963,p5,L4-design-or-amendment,source-en,docs/stages/p5/implementation/p5-w05-capability-rights-bootstrap-revocation/01-scope-and-foundations.md,Proposed detailed design; implementation and validation are not claimed.,not-declared,,git-blob-only,conditional-design-approval-not-certified,proposed-design,P5-W05 implementation handoff.,docs/stages/p5/implementation/p5-w05-capability-rights-bootstrap-revocation/README.md#header,docs/development/documentation-baseline.md;docs/development/stage-workflow.md;docs/stages/p5/implementation/p5-w05-capability-rights-bootstrap-revocation/README.md,,not-applicable,,,phase1-conservative-routing-classified,pending,Codex,2026-09-28,
f5b23932e7d2036811b2f9e89a9b71c174e4f5b4,docs/stages/p5/implementation/p5-w05-capability-rights-bootstrap-revocation/02-architecture-and-state.md,0e2308ab31ed121f17273c15fa9935c4aab0796c,0e2308ab31ed121f17273c15fa9935c4aab0796c,unchanged,original-963,p5,L4-design-or-amendment,source-en,docs/stages/p5/implementation/p5-w05-capability-rights-bootstrap-revocation/02-architecture-and-state.md,Proposed detailed design; implementation and validation are not claimed.,not-declared,,git-blob-only,conditional-design-approval-not-certified,proposed-design,P5-W05 implementation handoff.,docs/stages/p5/implementation/p5-w05-capability-rights-bootstrap-revocation/README.md#header,docs/development/documentation-baseline.md;docs/development/stage-workflow.md;docs/stages/p5/implementation/p5-w05-capability-rights-bootstrap-revocation/README.md,,not-applicable,,,phase1-conservative-routing-classified,pending,Codex,2026-09-28,
f5b23932e7d2036811b2f9e89a9b71c174e4f5b4,docs/stages/p5/implementation/p5-w05-capability-rights-bootstrap-revocation/03-code-contracts-rights-and-grant.md,0e10a618536cc237c5f50e7c475396491cae4be4,0e10a618536cc237c5f50e7c475396491cae4be4,unchanged,original-963,p5,L4-design-or-amendment,source-en,docs/stages/p5/implementation/p5-w05-capability-rights-bootstrap-revocation/03-code-contracts-rights-and-grant.md,Proposed detailed design; implementation and validation are not claimed.,not-declared,,git-blob-only,conditional-design-approval-not-certified,proposed-design,P5-W05 implementation handoff.,docs/stages/p5/implementation/p5-w05-capability-rights-bootstrap-revocation/README.md#header,docs/development/documentation-baseline.md;docs/development/stage-workflow.md;docs/stages/p5/implementation/p5-w05-capability-rights-bootstrap-revocation/README.md,,not-applicable,,,phase1-conservative-routing-classified,pending,Codex,2026-09-28,
f5b23932e7d2036811b2f9e89a9b71c174e4f5b4,docs/stages/p5/implementation/p5-w05-capability-rights-bootstrap-revocation/04-code-contracts-check-revoke.md,36443f068b5af3d8a287333ea892b5df6afa6c78,36443f068b5af3d8a287333ea892b5df6afa6c78,unchanged,original-963,p5,L4-design-or-amendment,source-en,docs/stages/p5/implementation/p5-w05-capability-rights-bootstrap-revocation/04-code-contracts-check-revoke.md,Proposed detailed design; implementation and validation are not claimed.,not-declared,,git-blob-only,conditional-design-approval-not-certified,proposed-design,P5-W05 implementation handoff.,docs/stages/p5/implementation/p5-w05-capability-rights-bootstrap-revocation/README.md#header,docs/development/documentation-baseline.md;docs/development/stage-workflow.md;docs/stages/p5/implementation/p5-w05-capability-rights-bootstrap-revocation/README.md,,not-applicable,,,phase1-conservative-routing-classified,pending,Codex,2026-09-28,
f5b23932e7d2036811b2f9e89a9b71c174e4f5b4,docs/stages/p5/implementation/p5-w05-capability-rights-bootstrap-revocation/05-implementation-workflow.md,75bba80cde4ec425869d013f050b2cf3a2898f52,75bba80cde4ec425869d013f050b2cf3a2898f52,unchanged,original-963,p5,L4-design-or-amendment,source-en,docs/stages/p5/implementation/p5-w05-capability-rights-bootstrap-revocation/05-implementation-workflow.md,Proposed detailed design; implementation and validation are not claimed.,not-declared,,git-blob-only,conditional-design-approval-not-certified,proposed-design,P5-W05 implementation handoff.,docs/stages/p5/implementation/p5-w05-capability-rights-bootstrap-revocation/README.md#header,docs/development/documentation-baseline.md;docs/development/stage-workflow.md;docs/stages/p5/implementation/p5-w05-capability-rights-bootstrap-revocation/README.md,,not-applicable,,,phase1-conservative-routing-classified,pending,Codex,2026-09-28,
f5b23932e7d2036811b2f9e89a9b71c174e4f5b4,docs/stages/p5/implementation/p5-w05-capability-rights-bootstrap-revocation/06-validation-and-handoff.md,47db82f584982cda3f0a6ea284a13b842886cebf,47db82f584982cda3f0a6ea284a13b842886cebf,unchanged,original-963,p5,L4-design-or-amendment,source-en,docs/stages/p5/implementation/p5-w05-capability-rights-bootstrap-revocation/06-validation-and-handoff.md,Proposed detailed design; implementation and validation are not claimed.,not-declared,,git-blob-only,conditional-design-approval-not-certified,proposed-design,P5-W05 implementation handoff.,docs/stages/p5/implementation/p5-w05-capability-rights-bootstrap-revocation/README.md#header,docs/development/documentation-baseline.md;docs/development/stage-workflow.md;docs/stages/p5/implementation/p5-w05-capability-rights-bootstrap-revocation/README.md,,not-applicable,,,phase1-conservative-routing-classified,pending,Codex,2026-09-28,
f5b23932e7d2036811b2f9e89a9b71c174e4f5b4,docs/stages/p5/implementation/p5-w05-capability-rights-bootstrap-revocation/README.md,1c58312d20bb796a938b0e3520f1495320ca3264,1c58312d20bb796a938b0e3520f1495320ca3264,unchanged,original-963,p5,L4-design-or-amendment,source-en,docs/stages/p5/implementation/p5-w05-capability-rights-bootstrap-revocation/README.md,Proposed detailed design; implementation and validation are not claimed.,not-declared,,git-blob-only,conditional-design-approval-not-certified,proposed-design,P5-W05 implementation handoff.,docs/stages/p5/implementation/p5-w05-capability-rights-bootstrap-revocation/README.md#header,docs/development/documentation-baseline.md;docs/development/stage-workflow.md;docs/stages/p5/implementation/p5-w05-capability-rights-bootstrap-revocation/README.md,,not-applicable,,,phase1-conservative-routing-classified,pending,Codex,2026-09-28,
f5b23932e7d2036811b2f9e89a9b71c174e4f5b4,docs/stages/p5/implementation/p5-w06-dispatch-permission-containment/01-dispatch-pipeline-contract.md,fdd0bf630be7b38d569272417902c34180c3a778,fdd0bf630be7b38d569272417902c34180c3a778,unchanged,original-963,p5,L4-design-or-amendment,source-en,docs/stages/p5/implementation/p5-w06-dispatch-permission-containment/01-dispatch-pipeline-contract.md,Proposed detailed design; implementation not claimed.,not-declared,,git-blob-only,conditional-design-approval-not-certified,proposed-design,P5-W06 implementation handoff.,docs/stages/p5/implementation/p5-w06-dispatch-permission-containment/README.md#header,docs/development/documentation-baseline.md;docs/development/stage-workflow.md;docs/stages/p5/implementation/p5-w06-dispatch-permission-containment/README.md,,not-applicable,,,phase1-conservative-routing-classified,pending,Codex,2026-09-28,
f5b23932e7d2036811b2f9e89a9b71c174e4f5b4,docs/stages/p5/implementation/p5-w06-dispatch-permission-containment/02-containment-and-error-classification.md,75ac823c9f6df90b175b8894fca5ba5ff12de68c,75ac823c9f6df90b175b8894fca5ba5ff12de68c,unchanged,original-963,p5,L4-design-or-amendment,source-en,docs/stages/p5/implementation/p5-w06-dispatch-permission-containment/02-containment-and-error-classification.md,Proposed detailed design; implementation not claimed.,not-declared,,git-blob-only,conditional-design-approval-not-certified,proposed-design,P5-W06 implementation handoff.,docs/stages/p5/implementation/p5-w06-dispatch-permission-containment/README.md#header,docs/development/documentation-baseline.md;docs/development/stage-workflow.md;docs/stages/p5/implementation/p5-w06-dispatch-permission-containment/README.md,,not-applicable,,,phase1-conservative-routing-classified,pending,Codex,2026-09-28,
f5b23932e7d2036811b2f9e89a9b71c174e4f5b4,docs/stages/p5/implementation/p5-w06-dispatch-permission-containment/03-implementation-workflow-and-validation.md,72b9cf2777674c8c876013e524138b57fa3ce076,72b9cf2777674c8c876013e524138b57fa3ce076,unchanged,original-963,p5,L4-design-or-amendment,source-en,docs/stages/p5/implementation/p5-w06-dispatch-permission-containment/03-implementation-workflow-and-validation.md,Proposed detailed design; implementation and validation are not claimed.,not-declared,,git-blob-only,conditional-design-approval-not-certified,proposed-design,P5-W06 implementation handoff.,docs/stages/p5/implementation/p5-w06-dispatch-permission-containment/README.md#header,docs/development/documentation-baseline.md;docs/development/stage-workflow.md;docs/stages/p5/implementation/p5-w06-dispatch-permission-containment/README.md,,not-applicable,,,phase1-conservative-routing-classified,pending,Codex,2026-09-28,
f5b23932e7d2036811b2f9e89a9b71c174e4f5b4,docs/stages/p5/implementation/p5-w06-dispatch-permission-containment/README.md,d4952b7c4f78f71e45f12613bbcab53b4257333c,d4952b7c4f78f71e45f12613bbcab53b4257333c,unchanged,original-963,p5,L4-design-or-amendment,source-en,docs/stages/p5/implementation/p5-w06-dispatch-permission-containment/README.md,Proposed detailed design; implementation and validation are not claimed.,not-declared,,git-blob-only,conditional-design-approval-not-certified,proposed-design,P5-W06 implementation handoff.,docs/stages/p5/implementation/p5-w06-dispatch-permission-containment/README.md#header,docs/development/documentation-baseline.md;docs/development/stage-workflow.md;docs/stages/p5/implementation/p5-w06-dispatch-permission-containment/README.md,,not-applicable,,,phase1-conservative-routing-classified,pending,Codex,2026-09-28,
f5b23932e7d2036811b2f9e89a9b71c174e4f5b4,docs/stages/p5/implementation/p5-w07-validation-guest-isolation-suite/01-scenario-matrix.md,031a32883b6b44e900336855e39bb91f8df1693c,031a32883b6b44e900336855e39bb91f8df1693c,unchanged,original-963,p5,L4-design-or-amendment,source-en,docs/stages/p5/implementation/p5-w07-validation-guest-isolation-suite/01-scenario-matrix.md,Proposed detailed design; implementation not claimed.,not-declared,,git-blob-only,conditional-design-approval-not-certified,proposed-design,P5-W07 implementation handoff.,docs/stages/p5/implementation/p5-w07-validation-guest-isolation-suite/README.md#header,docs/development/documentation-baseline.md;docs/development/stage-workflow.md;docs/stages/p5/implementation/p5-w07-validation-guest-isolation-suite/README.md,,not-applicable,,,phase1-conservative-routing-classified,pending,Codex,2026-09-28,
f5b23932e7d2036811b2f9e89a9b71c174e4f5b4,docs/stages/p5/implementation/p5-w07-validation-guest-isolation-suite/02-two-context-isolation-and-harness.md,b763a584e0dbd1c889e304598d3f41511787ff70,b763a584e0dbd1c889e304598d3f41511787ff70,unchanged,original-963,p5,L4-design-or-amendment,source-en,docs/stages/p5/implementation/p5-w07-validation-guest-isolation-suite/02-two-context-isolation-and-harness.md,Proposed detailed design; implementation not claimed.,not-declared,,git-blob-only,conditional-design-approval-not-certified,proposed-design,P5-W07 implementation handoff.,docs/stages/p5/implementation/p5-w07-validation-guest-isolation-suite/README.md#header,docs/development/documentation-baseline.md;docs/development/stage-workflow.md;docs/stages/p5/implementation/p5-w07-validation-guest-isolation-suite/README.md,,not-applicable,,,phase1-conservative-routing-classified,pending,Codex,2026-09-28,
f5b23932e7d2036811b2f9e89a9b71c174e4f5b4,docs/stages/p5/implementation/p5-w07-validation-guest-isolation-suite/03-implementation-workflow-and-validation.md,cdba11e22b6d6f40c94f69529c3d9c2f80d4e3f1,cdba11e22b6d6f40c94f69529c3d9c2f80d4e3f1,unchanged,original-963,p5,L4-design-or-amendment,source-en,docs/stages/p5/implementation/p5-w07-validation-guest-isolation-suite/03-implementation-workflow-and-validation.md,Proposed detailed design; implementation and validation are not claimed.,not-declared,,git-blob-only,conditional-design-approval-not-certified,proposed-design,P5-W07 implementation handoff.,docs/stages/p5/implementation/p5-w07-validation-guest-isolation-suite/README.md#header,docs/development/documentation-baseline.md;docs/development/stage-workflow.md;docs/stages/p5/implementation/p5-w07-validation-guest-isolation-suite/README.md,,not-applicable,,,phase1-conservative-routing-classified,pending,Codex,2026-09-28,
f5b23932e7d2036811b2f9e89a9b71c174e4f5b4,docs/stages/p5/implementation/p5-w07-validation-guest-isolation-suite/README.md,6798da69fb7ac6ed82b23c214e4ce08fcd0692ab,6798da69fb7ac6ed82b23c214e4ce08fcd0692ab,unchanged,original-963,p5,L4-design-or-amendment,source-en,docs/stages/p5/implementation/p5-w07-validation-guest-isolation-suite/README.md,Proposed detailed design; implementation and validation are not claimed.,not-declared,,git-blob-only,conditional-design-approval-not-certified,proposed-design,P5-W07 implementation handoff.,docs/stages/p5/implementation/p5-w07-validation-guest-isolation-suite/README.md#header,docs/development/documentation-baseline.md;docs/development/stage-workflow.md;docs/stages/p5/implementation/p5-w07-validation-guest-isolation-suite/README.md,,not-applicable,,,phase1-conservative-routing-classified,pending,Codex,2026-09-28,
f5b23932e7d2036811b2f9e89a9b71c174e4f5b4,docs/stages/p5/implementation/p5-w08-host-fuzz-stress-smp-baseline/01-fuzz-and-property-matrix.md,5ded905cafeb5bde5432bf8a5f8d307115bd72c8,5ded905cafeb5bde5432bf8a5f8d307115bd72c8,unchanged,original-963,p5,L4-design-or-amendment,source-en,docs/stages/p5/implementation/p5-w08-host-fuzz-stress-smp-baseline/01-fuzz-and-property-matrix.md,Proposed detailed design; implementation not claimed.,not-declared,,git-blob-only,conditional-design-approval-not-certified,proposed-design,P5-W08 implementation handoff.,docs/stages/p5/implementation/p5-w08-host-fuzz-stress-smp-baseline/README.md#header,docs/development/documentation-baseline.md;docs/development/stage-workflow.md;docs/stages/p5/implementation/p5-w08-host-fuzz-stress-smp-baseline/README.md,,not-applicable,,,phase1-conservative-routing-classified,pending,Codex,2026-09-28,
f5b23932e7d2036811b2f9e89a9b71c174e4f5b4,docs/stages/p5/implementation/p5-w08-host-fuzz-stress-smp-baseline/02-stress-smp-scenarios.md,6b1f3b79a166de46356da102e2b402fdf8abb3c5,6b1f3b79a166de46356da102e2b402fdf8abb3c5,unchanged,original-963,p5,L4-design-or-amendment,source-en,docs/stages/p5/implementation/p5-w08-host-fuzz-stress-smp-baseline/02-stress-smp-scenarios.md,Proposed detailed design; implementation not claimed.,not-declared,,git-blob-only,conditional-design-approval-not-certified,proposed-design,P5-W08 implementation handoff.,docs/stages/p5/implementation/p5-w08-host-fuzz-stress-smp-baseline/README.md#header,docs/development/documentation-baseline.md;docs/development/stage-workflow.md;docs/stages/p5/implementation/p5-w08-host-fuzz-stress-smp-baseline/README.md,,not-applicable,,,phase1-conservative-routing-classified,pending,Codex,2026-09-28,
f5b23932e7d2036811b2f9e89a9b71c174e4f5b4,docs/stages/p5/implementation/p5-w08-host-fuzz-stress-smp-baseline/03-performance-baseline-and-workflow.md,ba9decacd00f52ae9b4133ad2a706c918e9f8267,ba9decacd00f52ae9b4133ad2a706c918e9f8267,unchanged,original-963,p5,L4-design-or-amendment,source-en,docs/stages/p5/implementation/p5-w08-host-fuzz-stress-smp-baseline/03-performance-baseline-and-workflow.md,Proposed detailed design; implementation and validation are not claimed.,not-declared,,git-blob-only,conditional-design-approval-not-certified,proposed-design,P5-W08 implementation handoff.,docs/stages/p5/implementation/p5-w08-host-fuzz-stress-smp-baseline/README.md#header,docs/development/documentation-baseline.md;docs/development/stage-workflow.md;docs/stages/p5/implementation/p5-w08-host-fuzz-stress-smp-baseline/README.md,,not-applicable,,,phase1-conservative-routing-classified,pending,Codex,2026-09-28,
f5b23932e7d2036811b2f9e89a9b71c174e4f5b4,docs/stages/p5/implementation/p5-w08-host-fuzz-stress-smp-baseline/README.md,8b5baa969ed508bf600b40570b8833a5320bb247,8b5baa969ed508bf600b40570b8833a5320bb247,unchanged,original-963,p5,L4-design-or-amendment,source-en,docs/stages/p5/implementation/p5-w08-host-fuzz-stress-smp-baseline/README.md,Proposed detailed design; implementation and validation are not claimed.,not-declared,,git-blob-only,conditional-design-approval-not-certified,proposed-design,P5-W08 implementation handoff.,docs/stages/p5/implementation/p5-w08-host-fuzz-stress-smp-baseline/README.md#header,docs/development/documentation-baseline.md;docs/development/stage-workflow.md;docs/stages/p5/implementation/p5-w08-host-fuzz-stress-smp-baseline/README.md,,not-applicable,,,phase1-conservative-routing-classified,pending,Codex,2026-09-28,
f5b23932e7d2036811b2f9e89a9b71c174e4f5b4,docs/stages/p5/implementation/p5-w09-telemetry-safe-logging-regression/01-telemetry-and-safe-logging-contract.md,15d2a5fa48180410deda4dc8530cc97beba4e7a8,15d2a5fa48180410deda4dc8530cc97beba4e7a8,unchanged,original-963,p5,L4-design-or-amendment,source-en,docs/stages/p5/implementation/p5-w09-telemetry-safe-logging-regression/01-telemetry-and-safe-logging-contract.md,Proposed detailed design; implementation not claimed.,not-declared,,git-blob-only,conditional-design-approval-not-certified,proposed-design,P5-W09 implementation handoff.,docs/stages/p5/implementation/p5-w09-telemetry-safe-logging-regression/README.md#header,docs/development/documentation-baseline.md;docs/development/stage-workflow.md;docs/stages/p5/implementation/p5-w09-telemetry-safe-logging-regression/README.md,,not-applicable,,,phase1-conservative-routing-classified,pending,Codex,2026-09-28,
f5b23932e7d2036811b2f9e89a9b71c174e4f5b4,docs/stages/p5/implementation/p5-w09-telemetry-safe-logging-regression/02-regression-matrix-and-workflow.md,05ec56bee0afe71bd02ab9c4130dd62b706949c0,05ec56bee0afe71bd02ab9c4130dd62b706949c0,unchanged,original-963,p5,L4-design-or-amendment,source-en,docs/stages/p5/implementation/p5-w09-telemetry-safe-logging-regression/02-regression-matrix-and-workflow.md,Proposed detailed design; implementation and validation are not claimed.,not-declared,,git-blob-only,conditional-design-approval-not-certified,proposed-design,P5-W09 implementation handoff.,docs/stages/p5/implementation/p5-w09-telemetry-safe-logging-regression/README.md#header,docs/development/documentation-baseline.md;docs/development/stage-workflow.md;docs/stages/p5/implementation/p5-w09-telemetry-safe-logging-regression/README.md,,not-applicable,,,phase1-conservative-routing-classified,pending,Codex,2026-09-28,
f5b23932e7d2036811b2f9e89a9b71c174e4f5b4,docs/stages/p5/implementation/p5-w09-telemetry-safe-logging-regression/README.md,7d8ae3e321fc5f185b2bfe1ba7d53638d746c21b,7d8ae3e321fc5f185b2bfe1ba7d53638d746c21b,unchanged,original-963,p5,L4-design-or-amendment,source-en,docs/stages/p5/implementation/p5-w09-telemetry-safe-logging-regression/README.md,Proposed detailed design; implementation and validation are not claimed.,not-declared,,git-blob-only,conditional-design-approval-not-certified,proposed-design,P5-W09 implementation handoff.,docs/stages/p5/implementation/p5-w09-telemetry-safe-logging-regression/README.md#header,docs/development/documentation-baseline.md;docs/development/stage-workflow.md;docs/stages/p5/implementation/p5-w09-telemetry-safe-logging-regression/README.md,,not-applicable,,,phase1-conservative-routing-classified,pending,Codex,2026-09-28,
f5b23932e7d2036811b2f9e89a9b71c174e4f5b4,docs/stages/p5/implementation/p5-w10-closeout-p6-handoff/01-closeout-contract.md,6d6267b393819df3fb674a70471eb0061df4ad8f,6d6267b393819df3fb674a70471eb0061df4ad8f,unchanged,original-963,p5,L4-design-or-amendment,source-en,docs/stages/p5/implementation/p5-w10-closeout-p6-handoff/01-closeout-contract.md,Proposed detailed design; implementation not claimed.,not-declared,,git-blob-only,conditional-design-approval-not-certified,proposed-design,P5-W10 implementation handoff.,docs/stages/p5/implementation/p5-w10-closeout-p6-handoff/README.md#header,docs/development/documentation-baseline.md;docs/development/stage-workflow.md;docs/stages/p5/implementation/p5-w10-closeout-p6-handoff/README.md,,not-applicable,,,phase1-conservative-routing-classified,pending,Codex,2026-09-28,
f5b23932e7d2036811b2f9e89a9b71c174e4f5b4,docs/stages/p5/implementation/p5-w10-closeout-p6-handoff/02-closeout-workflow-and-validation.md,11aab89fbd3c2148039c583ae4ed70cad4430bda,11aab89fbd3c2148039c583ae4ed70cad4430bda,unchanged,original-963,p5,L4-design-or-amendment,source-en,docs/stages/p5/implementation/p5-w10-closeout-p6-handoff/02-closeout-workflow-and-validation.md,Proposed detailed design; implementation and validation are not claimed.,not-declared,,git-blob-only,conditional-design-approval-not-certified,proposed-design,P5-W10 implementation handoff.,docs/stages/p5/implementation/p5-w10-closeout-p6-handoff/README.md#header,docs/development/documentation-baseline.md;docs/development/stage-workflow.md;docs/stages/p5/implementation/p5-w10-closeout-p6-handoff/README.md,,not-applicable,,,phase1-conservative-routing-classified,pending,Codex,2026-09-28,
f5b23932e7d2036811b2f9e89a9b71c174e4f5b4,docs/stages/p5/implementation/p5-w10-closeout-p6-handoff/README.md,a7121da52de479a05d734681064042f4d2683a9d,a7121da52de479a05d734681064042f4d2683a9d,unchanged,original-963,p5,L4-design-or-amendment,source-en,docs/stages/p5/implementation/p5-w10-closeout-p6-handoff/README.md,Proposed detailed design; implementation and validation are not claimed.,not-declared,,git-blob-only,conditional-design-approval-not-certified,proposed-design,P5-W10 implementation handoff.,docs/stages/p5/implementation/p5-w10-closeout-p6-handoff/README.md#header,docs/development/documentation-baseline.md;docs/development/stage-workflow.md;docs/stages/p5/implementation/p5-w10-closeout-p6-handoff/README.md,,not-applicable,,,phase1-conservative-routing-classified,pending,Codex,2026-09-28,
f5b23932e7d2036811b2f9e89a9b71c174e4f5b4,docs/stages/p5/plans/README.md,edb0a73ffd86413779eb1d0910cc2d0c5c9c1dd2,edb0a73ffd86413779eb1d0910cc2d0c5c9c1dd2,unchanged,original-963,p5,L3-plan-index,source-en,docs/stages/p5/plans/README.md,"Planning index. Individual plans are bounded work-package plans, not implementation-completion records.",not-declared,,git-blob-only,bounded-planning-not-code-admission,planning,P5 stage maintainers,routing responsibility; no named person asserted,docs/development/documentation-baseline.md;docs/development/stage-workflow.md,,not-applicable,,,phase1-conservative-routing-classified,pending,Codex,2026-09-28,
f5b23932e7d2036811b2f9e89a9b71c174e4f5b4,docs/stages/p5/plans/p5-w01-entry-contract-reconciliation.md,a1db83d816357f651388d24f3032191930fdb209,a1db83d816357f651388d24f3032191930fdb209,unchanged,original-963,p5,L3-package-plan,source-en,docs/stages/p5/plans/p5-w01-entry-contract-reconciliation.md,Planned work package; implementation not claimed,not-declared,,git-blob-only,bounded-planning-not-code-admission,planning,P5-W01,routing responsibility; no named person asserted,docs/development/documentation-baseline.md;docs/development/stage-workflow.md;docs/stages/p5/task-book-v0.1.md,,not-applicable,,,phase1-conservative-routing-classified,pending,Codex,2026-09-28,
f5b23932e7d2036811b2f9e89a9b71c174e4f5b4,docs/stages/p5/plans/p5-w02-hypercall-abi-error-boundary.md,e4be56f546f0bff93b1754c3d37a2b4705dd592a,e4be56f546f0bff93b1754c3d37a2b4705dd592a,unchanged,original-963,p5,L3-package-plan,source-en,docs/stages/p5/plans/p5-w02-hypercall-abi-error-boundary.md,Planned work package; implementation not claimed,not-declared,,git-blob-only,bounded-planning-not-code-admission,planning,P5-W02,routing responsibility; no named person asserted,docs/development/documentation-baseline.md;docs/development/stage-workflow.md;docs/stages/p5/task-book-v0.1.md,,not-applicable,,,phase1-conservative-routing-classified,pending,Codex,2026-09-28,
f5b23932e7d2036811b2f9e89a9b71c174e4f5b4,docs/stages/p5/plans/p5-w03-guest-data-safety.md,36781fe8d2d77e4a718ea387975026fbd25d156f,36781fe8d2d77e4a718ea387975026fbd25d156f,unchanged,original-963,p5,L3-package-plan,source-en,docs/stages/p5/plans/p5-w03-guest-data-safety.md,Planned work package; implementation not claimed,not-declared,,git-blob-only,bounded-planning-not-code-admission,planning,P5-W03,routing responsibility; no named person asserted,docs/development/documentation-baseline.md;docs/development/stage-workflow.md;docs/stages/p5/task-book-v0.1.md,,not-applicable,,,phase1-conservative-routing-classified,pending,Codex,2026-09-28,
f5b23932e7d2036811b2f9e89a9b71c174e4f5b4,docs/stages/p5/plans/p5-w04-handle-lifecycle-type-safety.md,c9ff3478a2988a05cae2ae95b96ec948fa68ef57,c9ff3478a2988a05cae2ae95b96ec948fa68ef57,unchanged,original-963,p5,L3-package-plan,source-en,docs/stages/p5/plans/p5-w04-handle-lifecycle-type-safety.md,Planned work package; implementation not claimed,not-declared,,git-blob-only,bounded-planning-not-code-admission,planning,P5-W04,routing responsibility; no named person asserted,docs/development/documentation-baseline.md;docs/development/stage-workflow.md;docs/stages/p5/task-book-v0.1.md,,not-applicable,,,phase1-conservative-routing-classified,pending,Codex,2026-09-28,
f5b23932e7d2036811b2f9e89a9b71c174e4f5b4,docs/stages/p5/plans/p5-w05-capability-rights-bootstrap-revocation.md,7c0377176a567695968b499d515ee28402efff8e,7c0377176a567695968b499d515ee28402efff8e,unchanged,original-963,p5,L3-package-plan,source-en,docs/stages/p5/plans/p5-w05-capability-rights-bootstrap-revocation.md,Planned work package; implementation not claimed,not-declared,,git-blob-only,bounded-planning-not-code-admission,planning,P5-W05,routing responsibility; no named person asserted,docs/development/documentation-baseline.md;docs/development/stage-workflow.md;docs/stages/p5/task-book-v0.1.md,,not-applicable,,,phase1-conservative-routing-classified,pending,Codex,2026-09-28,
f5b23932e7d2036811b2f9e89a9b71c174e4f5b4,docs/stages/p5/plans/p5-w06-dispatch-permission-containment.md,82d04de960d301bbf1add449026acd81956c1f92,82d04de960d301bbf1add449026acd81956c1f92,unchanged,original-963,p5,L3-package-plan,source-en,docs/stages/p5/plans/p5-w06-dispatch-permission-containment.md,Planned work package; implementation not claimed,not-declared,,git-blob-only,bounded-planning-not-code-admission,planning,P5-W06,routing responsibility; no named person asserted,docs/development/documentation-baseline.md;docs/development/stage-workflow.md;docs/stages/p5/task-book-v0.1.md,,not-applicable,,,phase1-conservative-routing-classified,pending,Codex,2026-09-28,
f5b23932e7d2036811b2f9e89a9b71c174e4f5b4,docs/stages/p5/plans/p5-w07-validation-guest-isolation-suite.md,2c84317e404dbd45dc2d459de940c3524f2f7f7f,2c84317e404dbd45dc2d459de940c3524f2f7f7f,unchanged,original-963,p5,L3-package-plan,source-en,docs/stages/p5/plans/p5-w07-validation-guest-isolation-suite.md,Planned work package; implementation not claimed,not-declared,,git-blob-only,bounded-planning-not-code-admission,planning,P5-W07,routing responsibility; no named person asserted,docs/development/documentation-baseline.md;docs/development/stage-workflow.md;docs/stages/p5/task-book-v0.1.md,,not-applicable,,,phase1-conservative-routing-classified,pending,Codex,2026-09-28,
f5b23932e7d2036811b2f9e89a9b71c174e4f5b4,docs/stages/p5/plans/p5-w08-host-fuzz-stress-smp-baseline.md,22a7659ea64263a1969c0704f1e424bb6823f54e,22a7659ea64263a1969c0704f1e424bb6823f54e,unchanged,original-963,p5,L3-package-plan,source-en,docs/stages/p5/plans/p5-w08-host-fuzz-stress-smp-baseline.md,Planned work package; implementation not claimed,not-declared,,git-blob-only,bounded-planning-not-code-admission,planning,P5-W08,routing responsibility; no named person asserted,docs/development/documentation-baseline.md;docs/development/stage-workflow.md;docs/stages/p5/task-book-v0.1.md,,not-applicable,,,phase1-conservative-routing-classified,pending,Codex,2026-09-28,
f5b23932e7d2036811b2f9e89a9b71c174e4f5b4,docs/stages/p5/plans/p5-w09-telemetry-safe-logging-regression.md,b69a75b5f13cae17973e451bd1a9f82f8b816162,b69a75b5f13cae17973e451bd1a9f82f8b816162,unchanged,original-963,p5,L3-package-plan,source-en,docs/stages/p5/plans/p5-w09-telemetry-safe-logging-regression.md,Planned work package; implementation not claimed,not-declared,,git-blob-only,bounded-planning-not-code-admission,planning,P5-W09,routing responsibility; no named person asserted,docs/development/documentation-baseline.md;docs/development/stage-workflow.md;docs/stages/p5/task-book-v0.1.md,,not-applicable,,,phase1-conservative-routing-classified,pending,Codex,2026-09-28,
f5b23932e7d2036811b2f9e89a9b71c174e4f5b4,docs/stages/p5/plans/p5-w10-closeout-p6-handoff.md,7a48a98d614e29a41087898fb3d770df62e014ea,7a48a98d614e29a41087898fb3d770df62e014ea,unchanged,original-963,p5,L3-package-plan,source-en,docs/stages/p5/plans/p5-w10-closeout-p6-handoff.md,Planned work package; implementation not claimed,not-declared,,git-blob-only,bounded-planning-not-code-admission,planning,P5-W10,routing responsibility; no named person asserted,docs/development/documentation-baseline.md;docs/development/stage-workflow.md;docs/stages/p5/task-book-v0.1.md,,not-applicable,,,phase1-conservative-routing-classified,pending,Codex,2026-09-28,
f5b23932e7d2036811b2f9e89a9b71c174e4f5b4,docs/stages/p5/task-book-v0.1.md,011e696d8698f8e5348513e0008c7694a6e48182,011e696d8698f8e5348513e0008c7694a6e48182,unchanged,original-963,p5,L2-task-book,source-en,docs/stages/p5/task-book-v0.1.md,Planning baseline; implementation and validation are not claimed,v0.1,,title,stage-outcomes-not-code-admission,planning-baseline,P5 planning reorganization from the root-source task book,docs/stages/p5/task-book-v0.1.md#header,docs/development/documentation-baseline.md;docs/development/stage-workflow.md;docs/stages/p5/task-book-v0.1.md,,not-applicable,,,phase1-conservative-routing-classified,pending,Codex,2026-09-28,
f5b23932e7d2036811b2f9e89a9b71c174e4f5b4,docs/stages/p6/README.md,6213985feff16d80a21680c5e014f442617ac104,6213985feff16d80a21680c5e014f442617ac104,unchanged,original-963,p6,stage-navigation,source-en,docs/stages/p6/README.md,not-declared,not-declared,,git-blob-only,routing-only,index,P6 stage maintainers,routing responsibility; no named person asserted,docs/development/documentation-baseline.md;docs/development/stage-workflow.md,,not-applicable,,,phase1-conservative-routing-classified,pending,Codex,2026-09-28,
f5b23932e7d2036811b2f9e89a9b71c174e4f5b4,docs/stages/p6/implementation/README.md,f0254c842b0c19c6ab17f048cfdb9dac43111017,f0254c842b0c19c6ab17f048cfdb9dac43111017,unchanged,original-963,p6,stage-implementation-index,source-en,docs/stages/p6/implementation/README.md,Index of proposed designs and future implementation records; not a completion claim.,not-declared,,git-blob-only,routing-and-factual-context,index,P6 stage maintainers,routing responsibility; no named person asserted,docs/development/documentation-baseline.md;docs/development/stage-workflow.md,,not-applicable,,,phase1-conservative-routing-classified,pending,Codex,2026-09-28,
f5b23932e7d2036811b2f9e89a9b71c174e4f5b4,docs/stages/p6/implementation/p6-w01-gic-capability-discovery/01-scope-and-foundations.md,cbb6218b4e467e1d14e9f6f7281630fff62b9b73,cbb6218b4e467e1d14e9f6f7281630fff62b9b73,unchanged,original-963,p6,L4-design-or-amendment,source-en,docs/stages/p6/implementation/p6-w01-gic-capability-discovery/01-scope-and-foundations.md,Proposed detailed design; implementation not claimed.,not-declared,,git-blob-only,conditional-design-approval-not-certified,proposed-design,P6-W01 implementation handoff.,docs/stages/p6/implementation/p6-w01-gic-capability-discovery/README.md#header,docs/development/documentation-baseline.md;docs/development/stage-workflow.md;docs/stages/p6/implementation/p6-w01-gic-capability-discovery/README.md,,not-applicable,,,phase1-conservative-routing-classified,pending,Codex,2026-09-28,
f5b23932e7d2036811b2f9e89a9b71c174e4f5b4,docs/stages/p6/implementation/p6-w01-gic-capability-discovery/02-architecture-and-state.md,e947ecdab49430fe6d01bf72273f9f12fbd7ad70,e947ecdab49430fe6d01bf72273f9f12fbd7ad70,unchanged,original-963,p6,L4-design-or-amendment,source-en,docs/stages/p6/implementation/p6-w01-gic-capability-discovery/02-architecture-and-state.md,Proposed detailed design; implementation not claimed.,not-declared,,git-blob-only,conditional-design-approval-not-certified,proposed-design,P6-W01 implementation handoff.,docs/stages/p6/implementation/p6-w01-gic-capability-discovery/README.md#header,docs/development/documentation-baseline.md;docs/development/stage-workflow.md;docs/stages/p6/implementation/p6-w01-gic-capability-discovery/README.md,,not-applicable,,,phase1-conservative-routing-classified,pending,Codex,2026-09-28,
f5b23932e7d2036811b2f9e89a9b71c174e4f5b4,docs/stages/p6/implementation/p6-w01-gic-capability-discovery/03-code-contracts-capability-model.md,631d083b29df9dd3ff0bd52351ce7ac736c2d726,631d083b29df9dd3ff0bd52351ce7ac736c2d726,unchanged,original-963,p6,L4-design-or-amendment,source-en,docs/stages/p6/implementation/p6-w01-gic-capability-discovery/03-code-contracts-capability-model.md,Proposed detailed design; implementation not claimed.,not-declared,,git-blob-only,conditional-design-approval-not-certified,proposed-design,P6-W01 implementation handoff.,docs/stages/p6/implementation/p6-w01-gic-capability-discovery/README.md#header,docs/development/documentation-baseline.md;docs/development/stage-workflow.md;docs/stages/p6/implementation/p6-w01-gic-capability-discovery/README.md,,not-applicable,,,phase1-conservative-routing-classified,pending,Codex,2026-09-28,
f5b23932e7d2036811b2f9e89a9b71c174e4f5b4,docs/stages/p6/implementation/p6-w01-gic-capability-discovery/04-implementation-workflow.md,4c36e4864e177a4280b9a5d336765c9fb7051ab1,4c36e4864e177a4280b9a5d336765c9fb7051ab1,unchanged,original-963,p6,L4-design-or-amendment,source-en,docs/stages/p6/implementation/p6-w01-gic-capability-discovery/04-implementation-workflow.md,Proposed detailed design; implementation and validation are not claimed.,not-declared,,git-blob-only,conditional-design-approval-not-certified,proposed-design,P6-W01 implementation handoff.,docs/stages/p6/implementation/p6-w01-gic-capability-discovery/README.md#header,docs/development/documentation-baseline.md;docs/development/stage-workflow.md;docs/stages/p6/implementation/p6-w01-gic-capability-discovery/README.md,,not-applicable,,,phase1-conservative-routing-classified,pending,Codex,2026-09-28,
f5b23932e7d2036811b2f9e89a9b71c174e4f5b4,docs/stages/p6/implementation/p6-w01-gic-capability-discovery/05-validation-and-handoff.md,07a71dcf49b14ddf836a14d25fb3f05cce1097c3,07a71dcf49b14ddf836a14d25fb3f05cce1097c3,unchanged,original-963,p6,L4-design-or-amendment,source-en,docs/stages/p6/implementation/p6-w01-gic-capability-discovery/05-validation-and-handoff.md,Proposed detailed design; implementation and validation are not claimed.,not-declared,,git-blob-only,conditional-design-approval-not-certified,proposed-design,P6-W01 implementation handoff.,docs/stages/p6/implementation/p6-w01-gic-capability-discovery/README.md#header,docs/development/documentation-baseline.md;docs/development/stage-workflow.md;docs/stages/p6/implementation/p6-w01-gic-capability-discovery/README.md,,not-applicable,,,phase1-conservative-routing-classified,pending,Codex,2026-09-28,
f5b23932e7d2036811b2f9e89a9b71c174e4f5b4,docs/stages/p6/implementation/p6-w01-gic-capability-discovery/README.md,28e5901318d54e594001d4fa596d46fe518042a4,28e5901318d54e594001d4fa596d46fe518042a4,unchanged,original-963,p6,L4-design-or-amendment,source-en,docs/stages/p6/implementation/p6-w01-gic-capability-discovery/README.md,Proposed detailed design; implementation and validation are not claimed.,not-declared,,git-blob-only,conditional-design-approval-not-certified,proposed-design,P6-W01 implementation handoff.,docs/stages/p6/implementation/p6-w01-gic-capability-discovery/README.md#header,docs/development/documentation-baseline.md;docs/development/stage-workflow.md;docs/stages/p6/implementation/p6-w01-gic-capability-discovery/README.md,,not-applicable,,,phase1-conservative-routing-classified,pending,Codex,2026-09-28,
f5b23932e7d2036811b2f9e89a9b71c174e4f5b4,docs/stages/p6/implementation/p6-w02-physical-gic-bring-up/01-scope-and-foundations.md,252f468f0b94b2c58972c8a46fe08ceeb9633016,252f468f0b94b2c58972c8a46fe08ceeb9633016,unchanged,original-963,p6,L4-design-or-amendment,source-en,docs/stages/p6/implementation/p6-w02-physical-gic-bring-up/01-scope-and-foundations.md,Proposed detailed design; implementation not claimed.,not-declared,,git-blob-only,conditional-design-approval-not-certified,proposed-design,P6-W02 implementation handoff.,docs/stages/p6/implementation/p6-w02-physical-gic-bring-up/README.md#header,docs/development/documentation-baseline.md;docs/development/stage-workflow.md;docs/stages/p6/implementation/p6-w02-physical-gic-bring-up/README.md,,not-applicable,,,phase1-conservative-routing-classified,pending,Codex,2026-09-28,
f5b23932e7d2036811b2f9e89a9b71c174e4f5b4,docs/stages/p6/implementation/p6-w02-physical-gic-bring-up/02-architecture-and-state.md,f842998611c53b051f7980fe7a11639143fdc598,f842998611c53b051f7980fe7a11639143fdc598,unchanged,original-963,p6,L4-design-or-amendment,source-en,docs/stages/p6/implementation/p6-w02-physical-gic-bring-up/02-architecture-and-state.md,Proposed detailed design; implementation not claimed.,not-declared,,git-blob-only,conditional-design-approval-not-certified,proposed-design,P6-W02 implementation handoff.,docs/stages/p6/implementation/p6-w02-physical-gic-bring-up/README.md#header,docs/development/documentation-baseline.md;docs/development/stage-workflow.md;docs/stages/p6/implementation/p6-w02-physical-gic-bring-up/README.md,,not-applicable,,,phase1-conservative-routing-classified,pending,Codex,2026-09-28,
f5b23932e7d2036811b2f9e89a9b71c174e4f5b4,docs/stages/p6/implementation/p6-w02-physical-gic-bring-up/03-code-contracts-register-access.md,64f6bab999d49165609c54a57aa6df56ea3c935e,64f6bab999d49165609c54a57aa6df56ea3c935e,unchanged,original-963,p6,L4-design-or-amendment,source-en,docs/stages/p6/implementation/p6-w02-physical-gic-bring-up/03-code-contracts-register-access.md,Proposed detailed design; implementation not claimed.,not-declared,,git-blob-only,conditional-design-approval-not-certified,proposed-design,P6-W02 implementation handoff.,docs/stages/p6/implementation/p6-w02-physical-gic-bring-up/README.md#header,docs/development/documentation-baseline.md;docs/development/stage-workflow.md;docs/stages/p6/implementation/p6-w02-physical-gic-bring-up/README.md,,not-applicable,,,phase1-conservative-routing-classified,pending,Codex,2026-09-28,
f5b23932e7d2036811b2f9e89a9b71c174e4f5b4,docs/stages/p6/implementation/p6-w02-physical-gic-bring-up/04-code-contracts-distributor.md,c29e0203eec112be7d24cb3d9e9000270ad56f10,c29e0203eec112be7d24cb3d9e9000270ad56f10,unchanged,original-963,p6,L4-design-or-amendment,source-en,docs/stages/p6/implementation/p6-w02-physical-gic-bring-up/04-code-contracts-distributor.md,Proposed detailed design; implementation not claimed.,not-declared,,git-blob-only,conditional-design-approval-not-certified,proposed-design,P6-W02 implementation handoff.,docs/stages/p6/implementation/p6-w02-physical-gic-bring-up/README.md#header,docs/development/documentation-baseline.md;docs/development/stage-workflow.md;docs/stages/p6/implementation/p6-w02-physical-gic-bring-up/README.md,,not-applicable,,,phase1-conservative-routing-classified,pending,Codex,2026-09-28,
f5b23932e7d2036811b2f9e89a9b71c174e4f5b4,docs/stages/p6/implementation/p6-w02-physical-gic-bring-up/05-code-contracts-local-gic.md,2d18c0ef70da4d3790d8fe992ee1fc5a99d5de60,2d18c0ef70da4d3790d8fe992ee1fc5a99d5de60,unchanged,original-963,p6,L4-design-or-amendment,source-en,docs/stages/p6/implementation/p6-w02-physical-gic-bring-up/05-code-contracts-local-gic.md,Proposed detailed design; implementation not claimed.,not-declared,,git-blob-only,conditional-design-approval-not-certified,proposed-design,P6-W02 implementation handoff.,docs/stages/p6/implementation/p6-w02-physical-gic-bring-up/README.md#header,docs/development/documentation-baseline.md;docs/development/stage-workflow.md;docs/stages/p6/implementation/p6-w02-physical-gic-bring-up/README.md,,not-applicable,,,phase1-conservative-routing-classified,pending,Codex,2026-09-28,
f5b23932e7d2036811b2f9e89a9b71c174e4f5b4,docs/stages/p6/implementation/p6-w02-physical-gic-bring-up/06-implementation-workflow.md,c6f4a07d8da6e4f9be35ffed9b6845e591f4fce6,c6f4a07d8da6e4f9be35ffed9b6845e591f4fce6,unchanged,original-963,p6,L4-design-or-amendment,source-en,docs/stages/p6/implementation/p6-w02-physical-gic-bring-up/06-implementation-workflow.md,Proposed detailed design; implementation and validation are not claimed.,not-declared,,git-blob-only,conditional-design-approval-not-certified,proposed-design,P6-W02 implementation handoff.,docs/stages/p6/implementation/p6-w02-physical-gic-bring-up/README.md#header,docs/development/documentation-baseline.md;docs/development/stage-workflow.md;docs/stages/p6/implementation/p6-w02-physical-gic-bring-up/README.md,,not-applicable,,,phase1-conservative-routing-classified,pending,Codex,2026-09-28,
f5b23932e7d2036811b2f9e89a9b71c174e4f5b4,docs/stages/p6/implementation/p6-w02-physical-gic-bring-up/07-validation-and-handoff.md,38c1e2a8e34eaa82c110a8a1436443c0608e9259,38c1e2a8e34eaa82c110a8a1436443c0608e9259,unchanged,original-963,p6,L4-design-or-amendment,source-en,docs/stages/p6/implementation/p6-w02-physical-gic-bring-up/07-validation-and-handoff.md,Proposed detailed design; implementation and validation are not claimed.,not-declared,,git-blob-only,conditional-design-approval-not-certified,proposed-design,P6-W02 implementation handoff.,docs/stages/p6/implementation/p6-w02-physical-gic-bring-up/README.md#header,docs/development/documentation-baseline.md;docs/development/stage-workflow.md;docs/stages/p6/implementation/p6-w02-physical-gic-bring-up/README.md,,not-applicable,,,phase1-conservative-routing-classified,pending,Codex,2026-09-28,
f5b23932e7d2036811b2f9e89a9b71c174e4f5b4,docs/stages/p6/implementation/p6-w02-physical-gic-bring-up/README.md,15215aceb80369c9006e553fa40e9f1bf03ccf3e,15215aceb80369c9006e553fa40e9f1bf03ccf3e,unchanged,original-963,p6,L4-design-or-amendment,source-en,docs/stages/p6/implementation/p6-w02-physical-gic-bring-up/README.md,Proposed detailed design; implementation and validation are not claimed.,not-declared,,git-blob-only,conditional-design-approval-not-certified,proposed-design,P6-W02 implementation handoff.,docs/stages/p6/implementation/p6-w02-physical-gic-bring-up/README.md#header,docs/development/documentation-baseline.md;docs/development/stage-workflow.md;docs/stages/p6/implementation/p6-w02-physical-gic-bring-up/README.md,,not-applicable,,,phase1-conservative-routing-classified,pending,Codex,2026-09-28,
f5b23932e7d2036811b2f9e89a9b71c174e4f5b4,docs/stages/p6/implementation/p6-w03-physical-interrupt-lifecycle/01-scope-and-foundations.md,feefe85a77cd9cb08600434de26925bd0e4a04fc,feefe85a77cd9cb08600434de26925bd0e4a04fc,unchanged,original-963,p6,L4-design-or-amendment,source-en,docs/stages/p6/implementation/p6-w03-physical-interrupt-lifecycle/01-scope-and-foundations.md,Proposed detailed design; implementation not claimed.,not-declared,,git-blob-only,conditional-design-approval-not-certified,proposed-design,P6-W03 implementation handoff.,docs/stages/p6/implementation/p6-w03-physical-interrupt-lifecycle/README.md#header,docs/development/documentation-baseline.md;docs/development/stage-workflow.md;docs/stages/p6/implementation/p6-w03-physical-interrupt-lifecycle/README.md,,not-applicable,,,phase1-conservative-routing-classified,pending,Codex,2026-09-28,
f5b23932e7d2036811b2f9e89a9b71c174e4f5b4,docs/stages/p6/implementation/p6-w03-physical-interrupt-lifecycle/02-architecture-and-state.md,6ef9aab9bcdb892ba82daf0b73f533f958fece89,6ef9aab9bcdb892ba82daf0b73f533f958fece89,unchanged,original-963,p6,L4-design-or-amendment,source-en,docs/stages/p6/implementation/p6-w03-physical-interrupt-lifecycle/02-architecture-and-state.md,Proposed detailed design; implementation not claimed.,not-declared,,git-blob-only,conditional-design-approval-not-certified,proposed-design,P6-W03 implementation handoff.,docs/stages/p6/implementation/p6-w03-physical-interrupt-lifecycle/README.md#header,docs/development/documentation-baseline.md;docs/development/stage-workflow.md;docs/stages/p6/implementation/p6-w03-physical-interrupt-lifecycle/README.md,,not-applicable,,,phase1-conservative-routing-classified,pending,Codex,2026-09-28,
f5b23932e7d2036811b2f9e89a9b71c174e4f5b4,docs/stages/p6/implementation/p6-w03-physical-interrupt-lifecycle/03-code-contracts-identification.md,67eed21771cb8f031a83d52c487506bffb274132,67eed21771cb8f031a83d52c487506bffb274132,unchanged,original-963,p6,L4-design-or-amendment,source-en,docs/stages/p6/implementation/p6-w03-physical-interrupt-lifecycle/03-code-contracts-identification.md,Proposed detailed design; implementation not claimed.,not-declared,,git-blob-only,conditional-design-approval-not-certified,proposed-design,P6-W03 implementation handoff.,docs/stages/p6/implementation/p6-w03-physical-interrupt-lifecycle/README.md#header,docs/development/documentation-baseline.md;docs/development/stage-workflow.md;docs/stages/p6/implementation/p6-w03-physical-interrupt-lifecycle/README.md,,not-applicable,,,phase1-conservative-routing-classified,pending,Codex,2026-09-28,
f5b23932e7d2036811b2f9e89a9b71c174e4f5b4,docs/stages/p6/implementation/p6-w03-physical-interrupt-lifecycle/04-code-contracts-dispatch-completion.md,956337cd2f89c2dff6ab69c91e6ac0790193c7ad,956337cd2f89c2dff6ab69c91e6ac0790193c7ad,unchanged,original-963,p6,L4-design-or-amendment,source-en,docs/stages/p6/implementation/p6-w03-physical-interrupt-lifecycle/04-code-contracts-dispatch-completion.md,Proposed detailed design; implementation not claimed.,not-declared,,git-blob-only,conditional-design-approval-not-certified,proposed-design,P6-W03 implementation handoff.,docs/stages/p6/implementation/p6-w03-physical-interrupt-lifecycle/README.md#header,docs/development/documentation-baseline.md;docs/development/stage-workflow.md;docs/stages/p6/implementation/p6-w03-physical-interrupt-lifecycle/README.md,,not-applicable,,,phase1-conservative-routing-classified,pending,Codex,2026-09-28,
f5b23932e7d2036811b2f9e89a9b71c174e4f5b4,docs/stages/p6/implementation/p6-w03-physical-interrupt-lifecycle/05-implementation-workflow.md,5b965276a08629534b27df8dd841cc0fba87b69b,5b965276a08629534b27df8dd841cc0fba87b69b,unchanged,original-963,p6,L4-design-or-amendment,source-en,docs/stages/p6/implementation/p6-w03-physical-interrupt-lifecycle/05-implementation-workflow.md,Proposed detailed design; implementation and validation are not claimed.,not-declared,,git-blob-only,conditional-design-approval-not-certified,proposed-design,P6-W03 implementation handoff.,docs/stages/p6/implementation/p6-w03-physical-interrupt-lifecycle/README.md#header,docs/development/documentation-baseline.md;docs/development/stage-workflow.md;docs/stages/p6/implementation/p6-w03-physical-interrupt-lifecycle/README.md,,not-applicable,,,phase1-conservative-routing-classified,pending,Codex,2026-09-28,
f5b23932e7d2036811b2f9e89a9b71c174e4f5b4,docs/stages/p6/implementation/p6-w03-physical-interrupt-lifecycle/06-validation-and-handoff.md,04918688d3e61580b6532b5ede169944a63823cd,04918688d3e61580b6532b5ede169944a63823cd,unchanged,original-963,p6,L4-design-or-amendment,source-en,docs/stages/p6/implementation/p6-w03-physical-interrupt-lifecycle/06-validation-and-handoff.md,Proposed detailed design; implementation and validation are not claimed.,not-declared,,git-blob-only,conditional-design-approval-not-certified,proposed-design,P6-W03 implementation handoff.,docs/stages/p6/implementation/p6-w03-physical-interrupt-lifecycle/README.md#header,docs/development/documentation-baseline.md;docs/development/stage-workflow.md;docs/stages/p6/implementation/p6-w03-physical-interrupt-lifecycle/README.md,,not-applicable,,,phase1-conservative-routing-classified,pending,Codex,2026-09-28,
f5b23932e7d2036811b2f9e89a9b71c174e4f5b4,docs/stages/p6/implementation/p6-w03-physical-interrupt-lifecycle/README.md,b2c28e53b0a909bae72a869bb6e14685055cd798,b2c28e53b0a909bae72a869bb6e14685055cd798,unchanged,original-963,p6,L4-design-or-amendment,source-en,docs/stages/p6/implementation/p6-w03-physical-interrupt-lifecycle/README.md,Proposed detailed design; implementation and validation are not claimed.,not-declared,,git-blob-only,conditional-design-approval-not-certified,proposed-design,P6-W03 implementation handoff.,docs/stages/p6/implementation/p6-w03-physical-interrupt-lifecycle/README.md#header,docs/development/documentation-baseline.md;docs/development/stage-workflow.md;docs/stages/p6/implementation/p6-w03-physical-interrupt-lifecycle/README.md,,not-applicable,,,phase1-conservative-routing-classified,pending,Codex,2026-09-28,
f5b23932e7d2036811b2f9e89a9b71c174e4f5b4,docs/stages/p6/implementation/p6-w04-smp-interrupt-routing-sgi/01-scope-and-foundations.md,c10680c33ee0c50441330287e27b29b7ccaf122b,c10680c33ee0c50441330287e27b29b7ccaf122b,unchanged,original-963,p6,L4-design-or-amendment,source-en,docs/stages/p6/implementation/p6-w04-smp-interrupt-routing-sgi/01-scope-and-foundations.md,Proposed detailed design; implementation not claimed.,not-declared,,git-blob-only,conditional-design-approval-not-certified,proposed-design,P6-W04 implementation handoff.,docs/stages/p6/implementation/p6-w04-smp-interrupt-routing-sgi/README.md#header,docs/development/documentation-baseline.md;docs/development/stage-workflow.md;docs/stages/p6/implementation/p6-w04-smp-interrupt-routing-sgi/README.md,,not-applicable,,,phase1-conservative-routing-classified,pending,Codex,2026-09-28,
f5b23932e7d2036811b2f9e89a9b71c174e4f5b4,docs/stages/p6/implementation/p6-w04-smp-interrupt-routing-sgi/02-architecture-and-state.md,b404cbe36b290c8a1a4a5bead04239b22108c0e4,b404cbe36b290c8a1a4a5bead04239b22108c0e4,unchanged,original-963,p6,L4-design-or-amendment,source-en,docs/stages/p6/implementation/p6-w04-smp-interrupt-routing-sgi/02-architecture-and-state.md,Proposed detailed design; implementation not claimed.,not-declared,,git-blob-only,conditional-design-approval-not-certified,proposed-design,P6-W04 implementation handoff.,docs/stages/p6/implementation/p6-w04-smp-interrupt-routing-sgi/README.md#header,docs/development/documentation-baseline.md;docs/development/stage-workflow.md;docs/stages/p6/implementation/p6-w04-smp-interrupt-routing-sgi/README.md,,not-applicable,,,phase1-conservative-routing-classified,pending,Codex,2026-09-28,
f5b23932e7d2036811b2f9e89a9b71c174e4f5b4,docs/stages/p6/implementation/p6-w04-smp-interrupt-routing-sgi/03-code-contracts-sgi-send.md,7792553d8ddeeaab8a16d5d70468be7fb8f2108f,7792553d8ddeeaab8a16d5d70468be7fb8f2108f,unchanged,original-963,p6,L4-design-or-amendment,source-en,docs/stages/p6/implementation/p6-w04-smp-interrupt-routing-sgi/03-code-contracts-sgi-send.md,Proposed detailed design; implementation not claimed.,not-declared,,git-blob-only,conditional-design-approval-not-certified,proposed-design,P6-W04 implementation handoff.,docs/stages/p6/implementation/p6-w04-smp-interrupt-routing-sgi/README.md#header,docs/development/documentation-baseline.md;docs/development/stage-workflow.md;docs/stages/p6/implementation/p6-w04-smp-interrupt-routing-sgi/README.md,,not-applicable,,,phase1-conservative-routing-classified,pending,Codex,2026-09-28,
f5b23932e7d2036811b2f9e89a9b71c174e4f5b4,docs/stages/p6/implementation/p6-w04-smp-interrupt-routing-sgi/04-code-contracts-spi-routing.md,cfe665711bc28d7f06cb512a29334fcf78b5d0ea,cfe665711bc28d7f06cb512a29334fcf78b5d0ea,unchanged,original-963,p6,L4-design-or-amendment,source-en,docs/stages/p6/implementation/p6-w04-smp-interrupt-routing-sgi/04-code-contracts-spi-routing.md,Proposed detailed design; implementation not claimed.,not-declared,,git-blob-only,conditional-design-approval-not-certified,proposed-design,P6-W04 implementation handoff.,docs/stages/p6/implementation/p6-w04-smp-interrupt-routing-sgi/README.md#header,docs/development/documentation-baseline.md;docs/development/stage-workflow.md;docs/stages/p6/implementation/p6-w04-smp-interrupt-routing-sgi/README.md,,not-applicable,,,phase1-conservative-routing-classified,pending,Codex,2026-09-28,
f5b23932e7d2036811b2f9e89a9b71c174e4f5b4,docs/stages/p6/implementation/p6-w04-smp-interrupt-routing-sgi/05-implementation-workflow.md,94bea73746ba146d39f7c28063fbe599ae93b377,94bea73746ba146d39f7c28063fbe599ae93b377,unchanged,original-963,p6,L4-design-or-amendment,source-en,docs/stages/p6/implementation/p6-w04-smp-interrupt-routing-sgi/05-implementation-workflow.md,Proposed detailed design; implementation and validation are not claimed.,not-declared,,git-blob-only,conditional-design-approval-not-certified,proposed-design,P6-W04 implementation handoff.,docs/stages/p6/implementation/p6-w04-smp-interrupt-routing-sgi/README.md#header,docs/development/documentation-baseline.md;docs/development/stage-workflow.md;docs/stages/p6/implementation/p6-w04-smp-interrupt-routing-sgi/README.md,,not-applicable,,,phase1-conservative-routing-classified,pending,Codex,2026-09-28,
f5b23932e7d2036811b2f9e89a9b71c174e4f5b4,docs/stages/p6/implementation/p6-w04-smp-interrupt-routing-sgi/06-validation-and-handoff.md,24ae4c687eb626115df484734ab10669f9ffb0b4,24ae4c687eb626115df484734ab10669f9ffb0b4,unchanged,original-963,p6,L4-design-or-amendment,source-en,docs/stages/p6/implementation/p6-w04-smp-interrupt-routing-sgi/06-validation-and-handoff.md,Proposed detailed design; implementation and validation are not claimed.,not-declared,,git-blob-only,conditional-design-approval-not-certified,proposed-design,P6-W04 implementation handoff.,docs/stages/p6/implementation/p6-w04-smp-interrupt-routing-sgi/README.md#header,docs/development/documentation-baseline.md;docs/development/stage-workflow.md;docs/stages/p6/implementation/p6-w04-smp-interrupt-routing-sgi/README.md,,not-applicable,,,phase1-conservative-routing-classified,pending,Codex,2026-09-28,
f5b23932e7d2036811b2f9e89a9b71c174e4f5b4,docs/stages/p6/implementation/p6-w04-smp-interrupt-routing-sgi/README.md,064ff69a4d71728c335a477f717a2d9e57b1051e,064ff69a4d71728c335a477f717a2d9e57b1051e,unchanged,original-963,p6,L4-design-or-amendment,source-en,docs/stages/p6/implementation/p6-w04-smp-interrupt-routing-sgi/README.md,Proposed detailed design; implementation and validation are not claimed.,not-declared,,git-blob-only,conditional-design-approval-not-certified,proposed-design,P6-W04 implementation handoff.,docs/stages/p6/implementation/p6-w04-smp-interrupt-routing-sgi/README.md#header,docs/development/documentation-baseline.md;docs/development/stage-workflow.md;docs/stages/p6/implementation/p6-w04-smp-interrupt-routing-sgi/README.md,,not-applicable,,,phase1-conservative-routing-classified,pending,Codex,2026-09-28,
f5b23932e7d2036811b2f9e89a9b71c174e4f5b4,docs/stages/p6/implementation/p6-w05-el2-generic-timer/01-scope-and-foundations.md,11c0e2784ba4510c332c0ba488bda6ca2cd001e4,11c0e2784ba4510c332c0ba488bda6ca2cd001e4,unchanged,original-963,p6,L4-design-or-amendment,source-en,docs/stages/p6/implementation/p6-w05-el2-generic-timer/01-scope-and-foundations.md,Proposed detailed design; implementation and validation are not claimed.,not-declared,,git-blob-only,conditional-design-approval-not-certified,proposed-design,P6-W05 implementation handoff.,docs/stages/p6/implementation/p6-w05-el2-generic-timer/README.md#header,docs/development/documentation-baseline.md;docs/development/stage-workflow.md;docs/stages/p6/implementation/p6-w05-el2-generic-timer/README.md,,not-applicable,,,phase1-conservative-routing-classified,pending,Codex,2026-09-28,
f5b23932e7d2036811b2f9e89a9b71c174e4f5b4,docs/stages/p6/implementation/p6-w05-el2-generic-timer/02-architecture-and-state.md,3f2ba3f0c2302dffd10ca0a75c4b700cee61af7f,3f2ba3f0c2302dffd10ca0a75c4b700cee61af7f,unchanged,original-963,p6,L4-design-or-amendment,source-en,docs/stages/p6/implementation/p6-w05-el2-generic-timer/02-architecture-and-state.md,Proposed detailed design; implementation and validation are not claimed.,not-declared,,git-blob-only,conditional-design-approval-not-certified,proposed-design,P6-W05 implementation handoff.,docs/stages/p6/implementation/p6-w05-el2-generic-timer/README.md#header,docs/development/documentation-baseline.md;docs/development/stage-workflow.md;docs/stages/p6/implementation/p6-w05-el2-generic-timer/README.md,,not-applicable,,,phase1-conservative-routing-classified,pending,Codex,2026-09-28,
f5b23932e7d2036811b2f9e89a9b71c174e4f5b4,docs/stages/p6/implementation/p6-w05-el2-generic-timer/03-code-contracts-time-core.md,f0426790d3819a062238458933e08ed1fa26d87d,f0426790d3819a062238458933e08ed1fa26d87d,unchanged,original-963,p6,L4-design-or-amendment,source-en,docs/stages/p6/implementation/p6-w05-el2-generic-timer/03-code-contracts-time-core.md,Proposed detailed design; implementation and validation are not claimed.,not-declared,,git-blob-only,conditional-design-approval-not-certified,proposed-design,P6-W05 implementation handoff.,docs/stages/p6/implementation/p6-w05-el2-generic-timer/README.md#header,docs/development/documentation-baseline.md;docs/development/stage-workflow.md;docs/stages/p6/implementation/p6-w05-el2-generic-timer/README.md,,not-applicable,,,phase1-conservative-routing-classified,pending,Codex,2026-09-28,
f5b23932e7d2036811b2f9e89a9b71c174e4f5b4,docs/stages/p6/implementation/p6-w05-el2-generic-timer/04-code-contracts-deadline-timer.md,1145fc3274ae034bb19affd003d4a5fded962241,1145fc3274ae034bb19affd003d4a5fded962241,unchanged,original-963,p6,L4-design-or-amendment,source-en,docs/stages/p6/implementation/p6-w05-el2-generic-timer/04-code-contracts-deadline-timer.md,Proposed detailed design; implementation and validation are not claimed.,not-declared,,git-blob-only,conditional-design-approval-not-certified,proposed-design,P6-W05 implementation handoff.,docs/stages/p6/implementation/p6-w05-el2-generic-timer/README.md#header,docs/development/documentation-baseline.md;docs/development/stage-workflow.md;docs/stages/p6/implementation/p6-w05-el2-generic-timer/README.md,,not-applicable,,,phase1-conservative-routing-classified,pending,Codex,2026-09-28,
f5b23932e7d2036811b2f9e89a9b71c174e4f5b4,docs/stages/p6/implementation/p6-w05-el2-generic-timer/05-implementation-workflow.md,42ff0f3d27f9f4e4ec2ca3c1c41421c2cd6e2517,42ff0f3d27f9f4e4ec2ca3c1c41421c2cd6e2517,unchanged,original-963,p6,L4-design-or-amendment,source-en,docs/stages/p6/implementation/p6-w05-el2-generic-timer/05-implementation-workflow.md,Proposed detailed design; implementation and validation are not claimed.,not-declared,,git-blob-only,conditional-design-approval-not-certified,proposed-design,P6-W05 implementation handoff.,docs/stages/p6/implementation/p6-w05-el2-generic-timer/README.md#header,docs/development/documentation-baseline.md;docs/development/stage-workflow.md;docs/stages/p6/implementation/p6-w05-el2-generic-timer/README.md,,not-applicable,,,phase1-conservative-routing-classified,pending,Codex,2026-09-28,
f5b23932e7d2036811b2f9e89a9b71c174e4f5b4,docs/stages/p6/implementation/p6-w05-el2-generic-timer/06-validation-and-handoff.md,cad888108084f8482768f3c0c63a905423af32f1,cad888108084f8482768f3c0c63a905423af32f1,unchanged,original-963,p6,L4-design-or-amendment,source-en,docs/stages/p6/implementation/p6-w05-el2-generic-timer/06-validation-and-handoff.md,Proposed detailed design; implementation and validation are not claimed.,not-declared,,git-blob-only,conditional-design-approval-not-certified,proposed-design,P6-W05 implementation handoff.,docs/stages/p6/implementation/p6-w05-el2-generic-timer/README.md#header,docs/development/documentation-baseline.md;docs/development/stage-workflow.md;docs/stages/p6/implementation/p6-w05-el2-generic-timer/README.md,,not-applicable,,,phase1-conservative-routing-classified,pending,Codex,2026-09-28,
f5b23932e7d2036811b2f9e89a9b71c174e4f5b4,docs/stages/p6/implementation/p6-w05-el2-generic-timer/README.md,6439f3544a7555fe1a66a41c520a398bb139ce8a,6439f3544a7555fe1a66a41c520a398bb139ce8a,unchanged,original-963,p6,L4-design-or-amendment,source-en,docs/stages/p6/implementation/p6-w05-el2-generic-timer/README.md,Proposed detailed design; implementation and validation are not claimed.,not-declared,,git-blob-only,conditional-design-approval-not-certified,proposed-design,P6-W05 implementation handoff.,docs/stages/p6/implementation/p6-w05-el2-generic-timer/README.md#header,docs/development/documentation-baseline.md;docs/development/stage-workflow.md;docs/stages/p6/implementation/p6-w05-el2-generic-timer/README.md,,not-applicable,,,phase1-conservative-routing-classified,pending,Codex,2026-09-28,
f5b23932e7d2036811b2f9e89a9b71c174e4f5b4,docs/stages/p6/implementation/p6-w06-guest-generic-timer/01-scope-and-foundations.md,db707459805511effa9f38eb5bd870c2a9b71a6f,db707459805511effa9f38eb5bd870c2a9b71a6f,unchanged,original-963,p6,L4-design-or-amendment,source-en,docs/stages/p6/implementation/p6-w06-guest-generic-timer/01-scope-and-foundations.md,Proposed detailed design; implementation and validation are not claimed.,not-declared,,git-blob-only,conditional-design-approval-not-certified,proposed-design,P6-W06 implementation handoff.,docs/stages/p6/implementation/p6-w06-guest-generic-timer/README.md#header,docs/development/documentation-baseline.md;docs/development/stage-workflow.md;docs/stages/p6/implementation/p6-w06-guest-generic-timer/README.md,,not-applicable,,,phase1-conservative-routing-classified,pending,Codex,2026-09-28,
f5b23932e7d2036811b2f9e89a9b71c174e4f5b4,docs/stages/p6/implementation/p6-w06-guest-generic-timer/02-architecture-and-state.md,1cad7e816d2d17933bf4015636724db2dec64122,1cad7e816d2d17933bf4015636724db2dec64122,unchanged,original-963,p6,L4-design-or-amendment,source-en,docs/stages/p6/implementation/p6-w06-guest-generic-timer/02-architecture-and-state.md,Proposed detailed design; implementation and validation are not claimed.,not-declared,,git-blob-only,conditional-design-approval-not-certified,proposed-design,P6-W06 implementation handoff.,docs/stages/p6/implementation/p6-w06-guest-generic-timer/README.md#header,docs/development/documentation-baseline.md;docs/development/stage-workflow.md;docs/stages/p6/implementation/p6-w06-guest-generic-timer/README.md,,not-applicable,,,phase1-conservative-routing-classified,pending,Codex,2026-09-28,
f5b23932e7d2036811b2f9e89a9b71c174e4f5b4,docs/stages/p6/implementation/p6-w06-guest-generic-timer/03-code-contracts-vcpu-timer-state.md,99f9faf81cf93f1163e77033466a16afee299486,99f9faf81cf93f1163e77033466a16afee299486,unchanged,original-963,p6,L4-design-or-amendment,source-en,docs/stages/p6/implementation/p6-w06-guest-generic-timer/03-code-contracts-vcpu-timer-state.md,Proposed detailed design; implementation and validation are not claimed.,not-declared,,git-blob-only,conditional-design-approval-not-certified,proposed-design,P6-W06 implementation handoff.,docs/stages/p6/implementation/p6-w06-guest-generic-timer/README.md#header,docs/development/documentation-baseline.md;docs/development/stage-workflow.md;docs/stages/p6/implementation/p6-w06-guest-generic-timer/README.md,,not-applicable,,,phase1-conservative-routing-classified,pending,Codex,2026-09-28,
f5b23932e7d2036811b2f9e89a9b71c174e4f5b4,docs/stages/p6/implementation/p6-w06-guest-generic-timer/04-code-contracts-expiry-and-delivery.md,7ca806ab2e14791393715d20d2454f2a3089d4b3,7ca806ab2e14791393715d20d2454f2a3089d4b3,unchanged,original-963,p6,L4-design-or-amendment,source-en,docs/stages/p6/implementation/p6-w06-guest-generic-timer/04-code-contracts-expiry-and-delivery.md,Proposed detailed design; implementation and validation are not claimed.,not-declared,,git-blob-only,conditional-design-approval-not-certified,proposed-design,P6-W06 implementation handoff.,docs/stages/p6/implementation/p6-w06-guest-generic-timer/README.md#header,docs/development/documentation-baseline.md;docs/development/stage-workflow.md;docs/stages/p6/implementation/p6-w06-guest-generic-timer/README.md,,not-applicable,,,phase1-conservative-routing-classified,pending,Codex,2026-09-28,
f5b23932e7d2036811b2f9e89a9b71c174e4f5b4,docs/stages/p6/implementation/p6-w06-guest-generic-timer/05-implementation-workflow.md,d869bf82566946f76922a75db6f29a3723ad7992,d869bf82566946f76922a75db6f29a3723ad7992,unchanged,original-963,p6,L4-design-or-amendment,source-en,docs/stages/p6/implementation/p6-w06-guest-generic-timer/05-implementation-workflow.md,Proposed detailed design; implementation and validation are not claimed.,not-declared,,git-blob-only,conditional-design-approval-not-certified,proposed-design,P6-W06 implementation handoff.,docs/stages/p6/implementation/p6-w06-guest-generic-timer/README.md#header,docs/development/documentation-baseline.md;docs/development/stage-workflow.md;docs/stages/p6/implementation/p6-w06-guest-generic-timer/README.md,,not-applicable,,,phase1-conservative-routing-classified,pending,Codex,2026-09-28,
f5b23932e7d2036811b2f9e89a9b71c174e4f5b4,docs/stages/p6/implementation/p6-w06-guest-generic-timer/06-validation-and-handoff.md,c5f8fb9a847427885181b8f97aeb24811a0bc2e0,c5f8fb9a847427885181b8f97aeb24811a0bc2e0,unchanged,original-963,p6,L4-design-or-amendment,source-en,docs/stages/p6/implementation/p6-w06-guest-generic-timer/06-validation-and-handoff.md,Proposed detailed design; implementation and validation are not claimed.,not-declared,,git-blob-only,conditional-design-approval-not-certified,proposed-design,P6-W06 implementation handoff.,docs/stages/p6/implementation/p6-w06-guest-generic-timer/README.md#header,docs/development/documentation-baseline.md;docs/development/stage-workflow.md;docs/stages/p6/implementation/p6-w06-guest-generic-timer/README.md,,not-applicable,,,phase1-conservative-routing-classified,pending,Codex,2026-09-28,
f5b23932e7d2036811b2f9e89a9b71c174e4f5b4,docs/stages/p6/implementation/p6-w06-guest-generic-timer/README.md,d96fea14f2386d05cdde192f8d8bbad58c0b7bac,d96fea14f2386d05cdde192f8d8bbad58c0b7bac,unchanged,original-963,p6,L4-design-or-amendment,source-en,docs/stages/p6/implementation/p6-w06-guest-generic-timer/README.md,Proposed detailed design; implementation and validation are not claimed.,not-declared,,git-blob-only,conditional-design-approval-not-certified,proposed-design,P6-W06 implementation handoff.,docs/stages/p6/implementation/p6-w06-guest-generic-timer/README.md#header,docs/development/documentation-baseline.md;docs/development/stage-workflow.md;docs/stages/p6/implementation/p6-w06-guest-generic-timer/README.md,,not-applicable,,,phase1-conservative-routing-classified,pending,Codex,2026-09-28,
f5b23932e7d2036811b2f9e89a9b71c174e4f5b4,docs/stages/p6/implementation/p6-w07-virtual-interrupt-core/01-scope-and-foundations.md,bd32004e6f2f3c1649001976accf183905924cea,bd32004e6f2f3c1649001976accf183905924cea,unchanged,original-963,p6,L4-design-or-amendment,source-en,docs/stages/p6/implementation/p6-w07-virtual-interrupt-core/01-scope-and-foundations.md,Proposed detailed design; implementation and validation are not claimed.,not-declared,,git-blob-only,conditional-design-approval-not-certified,proposed-design,P6-W07 implementation handoff.,docs/stages/p6/implementation/p6-w07-virtual-interrupt-core/README.md#header,docs/development/documentation-baseline.md;docs/development/stage-workflow.md;docs/stages/p6/implementation/p6-w07-virtual-interrupt-core/README.md,,not-applicable,,,phase1-conservative-routing-classified,pending,Codex,2026-09-28,
f5b23932e7d2036811b2f9e89a9b71c174e4f5b4,docs/stages/p6/implementation/p6-w07-virtual-interrupt-core/02-architecture-and-state.md,7d09065f5f383baa7f0a6b4e0835a7f76d2df64e,7d09065f5f383baa7f0a6b4e0835a7f76d2df64e,unchanged,original-963,p6,L4-design-or-amendment,source-en,docs/stages/p6/implementation/p6-w07-virtual-interrupt-core/02-architecture-and-state.md,Proposed detailed design; implementation and validation are not claimed.,not-declared,,git-blob-only,conditional-design-approval-not-certified,proposed-design,P6-W07 implementation handoff.,docs/stages/p6/implementation/p6-w07-virtual-interrupt-core/README.md#header,docs/development/documentation-baseline.md;docs/development/stage-workflow.md;docs/stages/p6/implementation/p6-w07-virtual-interrupt-core/README.md,,not-applicable,,,phase1-conservative-routing-classified,pending,Codex,2026-09-28,
f5b23932e7d2036811b2f9e89a9b71c174e4f5b4,docs/stages/p6/implementation/p6-w07-virtual-interrupt-core/03-code-contracts-virq-lifecycle.md,5c35bbba221df92905a379aa614eced536763055,5c35bbba221df92905a379aa614eced536763055,unchanged,original-963,p6,L4-design-or-amendment,source-en,docs/stages/p6/implementation/p6-w07-virtual-interrupt-core/03-code-contracts-virq-lifecycle.md,Proposed detailed design; implementation and validation are not claimed.,not-declared,,git-blob-only,conditional-design-approval-not-certified,proposed-design,P6-W07 implementation handoff.,docs/stages/p6/implementation/p6-w07-virtual-interrupt-core/README.md#header,docs/development/documentation-baseline.md;docs/development/stage-workflow.md;docs/stages/p6/implementation/p6-w07-virtual-interrupt-core/README.md,,not-applicable,,,phase1-conservative-routing-classified,pending,Codex,2026-09-28,
f5b23932e7d2036811b2f9e89a9b71c174e4f5b4,docs/stages/p6/implementation/p6-w07-virtual-interrupt-core/04-code-contracts-authorization-and-errors.md,3b96467474600d3154baba0f8ae7ae6e3054ccd9,3b96467474600d3154baba0f8ae7ae6e3054ccd9,unchanged,original-963,p6,L4-design-or-amendment,source-en,docs/stages/p6/implementation/p6-w07-virtual-interrupt-core/04-code-contracts-authorization-and-errors.md,Proposed detailed design; implementation and validation are not claimed.,not-declared,,git-blob-only,conditional-design-approval-not-certified,proposed-design,P6-W07 implementation handoff.,docs/stages/p6/implementation/p6-w07-virtual-interrupt-core/README.md#header,docs/development/documentation-baseline.md;docs/development/stage-workflow.md;docs/stages/p6/implementation/p6-w07-virtual-interrupt-core/README.md,,not-applicable,,,phase1-conservative-routing-classified,pending,Codex,2026-09-28,
f5b23932e7d2036811b2f9e89a9b71c174e4f5b4,docs/stages/p6/implementation/p6-w07-virtual-interrupt-core/05-implementation-workflow.md,af8ae7540c768319d9ec2ac405bd07a1b33d2b0f,af8ae7540c768319d9ec2ac405bd07a1b33d2b0f,unchanged,original-963,p6,L4-design-or-amendment,source-en,docs/stages/p6/implementation/p6-w07-virtual-interrupt-core/05-implementation-workflow.md,Proposed detailed design; implementation and validation are not claimed.,not-declared,,git-blob-only,conditional-design-approval-not-certified,proposed-design,P6-W07 implementation handoff.,docs/stages/p6/implementation/p6-w07-virtual-interrupt-core/README.md#header,docs/development/documentation-baseline.md;docs/development/stage-workflow.md;docs/stages/p6/implementation/p6-w07-virtual-interrupt-core/README.md,,not-applicable,,,phase1-conservative-routing-classified,pending,Codex,2026-09-28,
f5b23932e7d2036811b2f9e89a9b71c174e4f5b4,docs/stages/p6/implementation/p6-w07-virtual-interrupt-core/06-validation-and-handoff.md,f2a89bda5409808689a6d21b80d0c11b560a2533,f2a89bda5409808689a6d21b80d0c11b560a2533,unchanged,original-963,p6,L4-design-or-amendment,source-en,docs/stages/p6/implementation/p6-w07-virtual-interrupt-core/06-validation-and-handoff.md,Proposed detailed design; implementation and validation are not claimed.,not-declared,,git-blob-only,conditional-design-approval-not-certified,proposed-design,P6-W07 implementation handoff.,docs/stages/p6/implementation/p6-w07-virtual-interrupt-core/README.md#header,docs/development/documentation-baseline.md;docs/development/stage-workflow.md;docs/stages/p6/implementation/p6-w07-virtual-interrupt-core/README.md,,not-applicable,,,phase1-conservative-routing-classified,pending,Codex,2026-09-28,
f5b23932e7d2036811b2f9e89a9b71c174e4f5b4,docs/stages/p6/implementation/p6-w07-virtual-interrupt-core/README.md,14b4e066f4de0becc42c6f6d7346c27c9cd25276,14b4e066f4de0becc42c6f6d7346c27c9cd25276,unchanged,original-963,p6,L4-design-or-amendment,source-en,docs/stages/p6/implementation/p6-w07-virtual-interrupt-core/README.md,Proposed detailed design; implementation and validation are not claimed.,not-declared,,git-blob-only,conditional-design-approval-not-certified,proposed-design,P6-W07 implementation handoff.,docs/stages/p6/implementation/p6-w07-virtual-interrupt-core/README.md#header,docs/development/documentation-baseline.md;docs/development/stage-workflow.md;docs/stages/p6/implementation/p6-w07-virtual-interrupt-core/README.md,,not-applicable,,,phase1-conservative-routing-classified,pending,Codex,2026-09-28,
f5b23932e7d2036811b2f9e89a9b71c174e4f5b4,docs/stages/p6/implementation/p6-w08-gic-virtualization-interface/01-scope-and-foundations.md,dbd39130faac04bee718c280764edc936044c878,dbd39130faac04bee718c280764edc936044c878,unchanged,original-963,p6,L4-design-or-amendment,source-en,docs/stages/p6/implementation/p6-w08-gic-virtualization-interface/01-scope-and-foundations.md,Proposed detailed design; implementation and validation are not claimed.,not-declared,,git-blob-only,conditional-design-approval-not-certified,proposed-design,P6-W08 implementation handoff.,docs/stages/p6/implementation/p6-w08-gic-virtualization-interface/README.md#header,docs/development/documentation-baseline.md;docs/development/stage-workflow.md;docs/stages/p6/implementation/p6-w08-gic-virtualization-interface/README.md,,not-applicable,,,phase1-conservative-routing-classified,pending,Codex,2026-09-28,
f5b23932e7d2036811b2f9e89a9b71c174e4f5b4,docs/stages/p6/implementation/p6-w08-gic-virtualization-interface/02-architecture-and-state.md,4c164b1c4dccc7f61932cee4d008c841c0f79955,4c164b1c4dccc7f61932cee4d008c841c0f79955,unchanged,original-963,p6,L4-design-or-amendment,source-en,docs/stages/p6/implementation/p6-w08-gic-virtualization-interface/02-architecture-and-state.md,Proposed detailed design; implementation and validation are not claimed.,not-declared,,git-blob-only,conditional-design-approval-not-certified,proposed-design,P6-W08 implementation handoff.,docs/stages/p6/implementation/p6-w08-gic-virtualization-interface/README.md#header,docs/development/documentation-baseline.md;docs/development/stage-workflow.md;docs/stages/p6/implementation/p6-w08-gic-virtualization-interface/README.md,,not-applicable,,,phase1-conservative-routing-classified,pending,Codex,2026-09-28,
f5b23932e7d2036811b2f9e89a9b71c174e4f5b4,docs/stages/p6/implementation/p6-w08-gic-virtualization-interface/03-code-contracts-interface-context.md,76582638dd4598d231c56cbdaa4a800003f9972e,76582638dd4598d231c56cbdaa4a800003f9972e,unchanged,original-963,p6,L4-design-or-amendment,source-en,docs/stages/p6/implementation/p6-w08-gic-virtualization-interface/03-code-contracts-interface-context.md,Proposed detailed design; implementation and validation are not claimed.,not-declared,,git-blob-only,conditional-design-approval-not-certified,proposed-design,P6-W08 implementation handoff.,docs/stages/p6/implementation/p6-w08-gic-virtualization-interface/README.md#header,docs/development/documentation-baseline.md;docs/development/stage-workflow.md;docs/stages/p6/implementation/p6-w08-gic-virtualization-interface/README.md,,not-applicable,,,phase1-conservative-routing-classified,pending,Codex,2026-09-28,
f5b23932e7d2036811b2f9e89a9b71c174e4f5b4,docs/stages/p6/implementation/p6-w08-gic-virtualization-interface/04-code-contracts-lr-presentation.md,d1b1093a4e4912f2f88fcda84ec5114786a4896d,d1b1093a4e4912f2f88fcda84ec5114786a4896d,unchanged,original-963,p6,L4-design-or-amendment,source-en,docs/stages/p6/implementation/p6-w08-gic-virtualization-interface/04-code-contracts-lr-presentation.md,Proposed detailed design; implementation and validation are not claimed.,not-declared,,git-blob-only,conditional-design-approval-not-certified,proposed-design,P6-W08 implementation handoff.,docs/stages/p6/implementation/p6-w08-gic-virtualization-interface/README.md#header,docs/development/documentation-baseline.md;docs/development/stage-workflow.md;docs/stages/p6/implementation/p6-w08-gic-virtualization-interface/README.md,,not-applicable,,,phase1-conservative-routing-classified,pending,Codex,2026-09-28,
f5b23932e7d2036811b2f9e89a9b71c174e4f5b4,docs/stages/p6/implementation/p6-w08-gic-virtualization-interface/05-implementation-workflow.md,13b0041235ccee2f5c5f21934bc773cbb5eb5099,13b0041235ccee2f5c5f21934bc773cbb5eb5099,unchanged,original-963,p6,L4-design-or-amendment,source-en,docs/stages/p6/implementation/p6-w08-gic-virtualization-interface/05-implementation-workflow.md,Proposed detailed design; implementation and validation are not claimed.,not-declared,,git-blob-only,conditional-design-approval-not-certified,proposed-design,P6-W08 implementation handoff.,docs/stages/p6/implementation/p6-w08-gic-virtualization-interface/README.md#header,docs/development/documentation-baseline.md;docs/development/stage-workflow.md;docs/stages/p6/implementation/p6-w08-gic-virtualization-interface/README.md,,not-applicable,,,phase1-conservative-routing-classified,pending,Codex,2026-09-28,
f5b23932e7d2036811b2f9e89a9b71c174e4f5b4,docs/stages/p6/implementation/p6-w08-gic-virtualization-interface/06-validation-and-handoff.md,dc6dce9e76a9d9c4bdfd29d5d598f09cdb6a457b,dc6dce9e76a9d9c4bdfd29d5d598f09cdb6a457b,unchanged,original-963,p6,L4-design-or-amendment,source-en,docs/stages/p6/implementation/p6-w08-gic-virtualization-interface/06-validation-and-handoff.md,Proposed detailed design; implementation and validation are not claimed.,not-declared,,git-blob-only,conditional-design-approval-not-certified,proposed-design,P6-W08 implementation handoff.,docs/stages/p6/implementation/p6-w08-gic-virtualization-interface/README.md#header,docs/development/documentation-baseline.md;docs/development/stage-workflow.md;docs/stages/p6/implementation/p6-w08-gic-virtualization-interface/README.md,,not-applicable,,,phase1-conservative-routing-classified,pending,Codex,2026-09-28,
f5b23932e7d2036811b2f9e89a9b71c174e4f5b4,docs/stages/p6/implementation/p6-w08-gic-virtualization-interface/README.md,af5cbbeeb39bf51876485d8ebe01430948c43c0f,af5cbbeeb39bf51876485d8ebe01430948c43c0f,unchanged,original-963,p6,L4-design-or-amendment,source-en,docs/stages/p6/implementation/p6-w08-gic-virtualization-interface/README.md,Proposed detailed design; implementation and validation are not claimed.,not-declared,,git-blob-only,conditional-design-approval-not-certified,proposed-design,P6-W08 implementation handoff.,docs/stages/p6/implementation/p6-w08-gic-virtualization-interface/README.md#header,docs/development/documentation-baseline.md;docs/development/stage-workflow.md;docs/stages/p6/implementation/p6-w08-gic-virtualization-interface/README.md,,not-applicable,,,phase1-conservative-routing-classified,pending,Codex,2026-09-28,
f5b23932e7d2036811b2f9e89a9b71c174e4f5b4,docs/stages/p6/implementation/p6-w09-maintenance-interrupt/01-maintenance-contract.md,08e4adf41e42a3e04902d039fcf5584261d7c6dd,08e4adf41e42a3e04902d039fcf5584261d7c6dd,unchanged,original-963,p6,L4-design-or-amendment,source-en,docs/stages/p6/implementation/p6-w09-maintenance-interrupt/01-maintenance-contract.md,Proposed detailed design; implementation not claimed.,not-declared,,git-blob-only,conditional-design-approval-not-certified,proposed-design,P6-W09 implementation handoff; this design owns only the maintenance transition and its diagnostics inside the logical boundary established by the P6-W08 virtualization-interface design.,docs/stages/p6/implementation/p6-w09-maintenance-interrupt/README.md#header,docs/development/documentation-baseline.md;docs/development/stage-workflow.md;docs/stages/p6/implementation/p6-w09-maintenance-interrupt/README.md,,not-applicable,,,phase1-conservative-routing-classified,pending,Codex,2026-09-28,
f5b23932e7d2036811b2f9e89a9b71c174e4f5b4,docs/stages/p6/implementation/p6-w09-maintenance-interrupt/02-workflow-and-validation.md,5e33d26d668e2b5216c1c02fc8351cc78a6c3f91,5e33d26d668e2b5216c1c02fc8351cc78a6c3f91,unchanged,original-963,p6,L4-design-or-amendment,source-en,docs/stages/p6/implementation/p6-w09-maintenance-interrupt/02-workflow-and-validation.md,Proposed detailed design; implementation and validation are not claimed.,not-declared,,git-blob-only,conditional-design-approval-not-certified,proposed-design,P6-W09 implementation handoff; this design owns only the maintenance transition and its diagnostics inside the logical boundary established by the P6-W08 virtualization-interface design.,docs/stages/p6/implementation/p6-w09-maintenance-interrupt/README.md#header,docs/development/documentation-baseline.md;docs/development/stage-workflow.md;docs/stages/p6/implementation/p6-w09-maintenance-interrupt/README.md,,not-applicable,,,phase1-conservative-routing-classified,pending,Codex,2026-09-28,
f5b23932e7d2036811b2f9e89a9b71c174e4f5b4,docs/stages/p6/implementation/p6-w09-maintenance-interrupt/README.md,887b1981c0b71b8d03e809198402707ecf1e8bd5,887b1981c0b71b8d03e809198402707ecf1e8bd5,unchanged,original-963,p6,L4-design-or-amendment,source-en,docs/stages/p6/implementation/p6-w09-maintenance-interrupt/README.md,Proposed detailed design; implementation and validation are not claimed.,not-declared,,git-blob-only,conditional-design-approval-not-certified,proposed-design,P6-W09 implementation handoff; this design owns only the maintenance transition and its diagnostics inside the logical boundary established by the P6-W08 virtualization-interface design.,docs/stages/p6/implementation/p6-w09-maintenance-interrupt/README.md#header,docs/development/documentation-baseline.md;docs/development/stage-workflow.md;docs/stages/p6/implementation/p6-w09-maintenance-interrupt/README.md,,not-applicable,,,phase1-conservative-routing-classified,pending,Codex,2026-09-28,
f5b23932e7d2036811b2f9e89a9b71c174e4f5b4,docs/stages/p6/implementation/p6-w10-interrupt-semantics/01-interrupt-semantics-contract.md,b67ef5243f37de9dff217592387becae12ab6555,b67ef5243f37de9dff217592387becae12ab6555,unchanged,original-963,p6,L4-design-or-amendment,source-en,docs/stages/p6/implementation/p6-w10-interrupt-semantics/01-interrupt-semantics-contract.md,Proposed detailed design; implementation not claimed.,not-declared,,git-blob-only,conditional-design-approval-not-certified,proposed-design,P6-W10 semantics consolidation and exercise handoff; this design owns the P6-level semantic decisions the task book reserves to detailed design and owns the Interrupt Semantics v0 record.,docs/stages/p6/implementation/p6-w10-interrupt-semantics/README.md#header,docs/development/documentation-baseline.md;docs/development/stage-workflow.md;docs/stages/p6/implementation/p6-w10-interrupt-semantics/README.md,,not-applicable,,,phase1-conservative-routing-classified,pending,Codex,2026-09-28,
f5b23932e7d2036811b2f9e89a9b71c174e4f5b4,docs/stages/p6/implementation/p6-w10-interrupt-semantics/02-workflow-and-validation.md,e1db2bf827eeb281bc5040984d5d440ef61122aa,e1db2bf827eeb281bc5040984d5d440ef61122aa,unchanged,original-963,p6,L4-design-or-amendment,source-en,docs/stages/p6/implementation/p6-w10-interrupt-semantics/02-workflow-and-validation.md,Proposed detailed design; implementation and validation are not claimed.,not-declared,,git-blob-only,conditional-design-approval-not-certified,proposed-design,P6-W10 semantics consolidation and exercise handoff; this design owns the P6-level semantic decisions the task book reserves to detailed design and owns the Interrupt Semantics v0 record.,docs/stages/p6/implementation/p6-w10-interrupt-semantics/README.md#header,docs/development/documentation-baseline.md;docs/development/stage-workflow.md;docs/stages/p6/implementation/p6-w10-interrupt-semantics/README.md,,not-applicable,,,phase1-conservative-routing-classified,pending,Codex,2026-09-28,
f5b23932e7d2036811b2f9e89a9b71c174e4f5b4,docs/stages/p6/implementation/p6-w10-interrupt-semantics/README.md,64a5c9d1bc1c2d01bcb6cff5e7d8c1c84954e47c,64a5c9d1bc1c2d01bcb6cff5e7d8c1c84954e47c,unchanged,original-963,p6,L4-design-or-amendment,source-en,docs/stages/p6/implementation/p6-w10-interrupt-semantics/README.md,Proposed detailed design; implementation and validation are not claimed.,not-declared,,git-blob-only,conditional-design-approval-not-certified,proposed-design,P6-W10 semantics consolidation and exercise handoff; this design owns the P6-level semantic decisions the task book reserves to detailed design and owns the Interrupt Semantics v0 record.,docs/stages/p6/implementation/p6-w10-interrupt-semantics/README.md#header,docs/development/documentation-baseline.md;docs/development/stage-workflow.md;docs/stages/p6/implementation/p6-w10-interrupt-semantics/README.md,,not-applicable,,,phase1-conservative-routing-classified,pending,Codex,2026-09-28,
f5b23932e7d2036811b2f9e89a9b71c174e4f5b4,docs/stages/p6/implementation/p6-w11-validation-guest-interrupt-suite/01-scenario-matrix.md,1922ab7642167583f6df448c3cd97a30b6e33cd1,1922ab7642167583f6df448c3cd97a30b6e33cd1,unchanged,original-963,p6,L4-design-or-amendment,source-en,docs/stages/p6/implementation/p6-w11-validation-guest-interrupt-suite/01-scenario-matrix.md,Proposed detailed design; implementation and validation not claimed.,not-declared,,git-blob-only,conditional-design-approval-not-certified,proposed-design,"P6-W11 suite handoff; this design owns the scenario matrix, result-collection protocol, and harness contract as increments on the P4 Validation Guest asset and P6 Host contracts — it owns no Host interrupt mechanism.",docs/stages/p6/implementation/p6-w11-validation-guest-interrupt-suite/README.md#header,docs/development/documentation-baseline.md;docs/development/stage-workflow.md;docs/stages/p6/implementation/p6-w11-validation-guest-interrupt-suite/README.md,,not-applicable,,,phase1-conservative-routing-classified,pending,Codex,2026-09-28,
f5b23932e7d2036811b2f9e89a9b71c174e4f5b4,docs/stages/p6/implementation/p6-w11-validation-guest-interrupt-suite/02-harness-and-workflow.md,a0f2f9a056b560a67e7bc5d7b22984bb2128199d,a0f2f9a056b560a67e7bc5d7b22984bb2128199d,unchanged,original-963,p6,L4-design-or-amendment,source-en,docs/stages/p6/implementation/p6-w11-validation-guest-interrupt-suite/02-harness-and-workflow.md,Proposed detailed design; implementation and validation are not claimed.,not-declared,,git-blob-only,conditional-design-approval-not-certified,proposed-design,"P6-W11 suite handoff; this design owns the scenario matrix, result-collection protocol, and harness contract as increments on the P4 Validation Guest asset and P6 Host contracts — it owns no Host interrupt mechanism.",docs/stages/p6/implementation/p6-w11-validation-guest-interrupt-suite/README.md#header,docs/development/documentation-baseline.md;docs/development/stage-workflow.md;docs/stages/p6/implementation/p6-w11-validation-guest-interrupt-suite/README.md,,not-applicable,,,phase1-conservative-routing-classified,pending,Codex,2026-09-28,
f5b23932e7d2036811b2f9e89a9b71c174e4f5b4,docs/stages/p6/implementation/p6-w11-validation-guest-interrupt-suite/README.md,3088e071549e808f7f446569628e55026186bcd0,3088e071549e808f7f446569628e55026186bcd0,unchanged,original-963,p6,L4-design-or-amendment,source-en,docs/stages/p6/implementation/p6-w11-validation-guest-interrupt-suite/README.md,Proposed detailed design; implementation and validation are not claimed.,not-declared,,git-blob-only,conditional-design-approval-not-certified,proposed-design,"P6-W11 suite handoff; this design owns the scenario matrix, result-collection protocol, and harness contract as increments on the P4 Validation Guest asset and P6 Host contracts — it owns no Host interrupt mechanism.",docs/stages/p6/implementation/p6-w11-validation-guest-interrupt-suite/README.md#header,docs/development/documentation-baseline.md;docs/development/stage-workflow.md;docs/stages/p6/implementation/p6-w11-validation-guest-interrupt-suite/README.md,,not-applicable,,,phase1-conservative-routing-classified,pending,Codex,2026-09-28,
f5b23932e7d2036811b2f9e89a9b71c174e4f5b4,docs/stages/p6/implementation/p6-w12-fault-isolation-robustness/01-robustness-case-matrix.md,edf38a630caddb3a6701ba70c47068a8012f2f43,edf38a630caddb3a6701ba70c47068a8012f2f43,unchanged,original-963,p6,L4-design-or-amendment,source-en,docs/stages/p6/implementation/p6-w12-fault-isolation-robustness/01-robustness-case-matrix.md,Proposed detailed design; implementation and validation not claimed.,not-declared,,git-blob-only,conditional-design-approval-not-certified,proposed-design,"P6-W12 robustness handoff; this design owns the case matrix, containment classes, and fault-exercise semantics as integrations over the W03/W07/W09 mechanisms and the P5 Guest-error boundary — it owns no new recovery framework.",docs/stages/p6/implementation/p6-w12-fault-isolation-robustness/README.md#header,docs/development/documentation-baseline.md;docs/development/stage-workflow.md;docs/stages/p6/implementation/p6-w12-fault-isolation-robustness/README.md,,not-applicable,,,phase1-conservative-routing-classified,pending,Codex,2026-09-28,
f5b23932e7d2036811b2f9e89a9b71c174e4f5b4,docs/stages/p6/implementation/p6-w12-fault-isolation-robustness/02-workflow-and-validation.md,1caa1793a12502bf1ebce575c335d81d213dadf5,1caa1793a12502bf1ebce575c335d81d213dadf5,unchanged,original-963,p6,L4-design-or-amendment,source-en,docs/stages/p6/implementation/p6-w12-fault-isolation-robustness/02-workflow-and-validation.md,Proposed detailed design; implementation and validation are not claimed.,not-declared,,git-blob-only,conditional-design-approval-not-certified,proposed-design,"P6-W12 robustness handoff; this design owns the case matrix, containment classes, and fault-exercise semantics as integrations over the W03/W07/W09 mechanisms and the P5 Guest-error boundary — it owns no new recovery framework.",docs/stages/p6/implementation/p6-w12-fault-isolation-robustness/README.md#header,docs/development/documentation-baseline.md;docs/development/stage-workflow.md;docs/stages/p6/implementation/p6-w12-fault-isolation-robustness/README.md,,not-applicable,,,phase1-conservative-routing-classified,pending,Codex,2026-09-28,
f5b23932e7d2036811b2f9e89a9b71c174e4f5b4,docs/stages/p6/implementation/p6-w12-fault-isolation-robustness/README.md,1d6d7cff2a6af4d606491e3071a05d563f169f1c,1d6d7cff2a6af4d606491e3071a05d563f169f1c,unchanged,original-963,p6,L4-design-or-amendment,source-en,docs/stages/p6/implementation/p6-w12-fault-isolation-robustness/README.md,Proposed detailed design; implementation and validation are not claimed.,not-declared,,git-blob-only,conditional-design-approval-not-certified,proposed-design,"P6-W12 robustness handoff; this design owns the case matrix, containment classes, and fault-exercise semantics as integrations over the W03/W07/W09 mechanisms and the P5 Guest-error boundary — it owns no new recovery framework.",docs/stages/p6/implementation/p6-w12-fault-isolation-robustness/README.md#header,docs/development/documentation-baseline.md;docs/development/stage-workflow.md;docs/stages/p6/implementation/p6-w12-fault-isolation-robustness/README.md,,not-applicable,,,phase1-conservative-routing-classified,pending,Codex,2026-09-28,
f5b23932e7d2036811b2f9e89a9b71c174e4f5b4,docs/stages/p6/implementation/p6-w13-telemetry-regression-handoff/01-telemetry-and-evidence-map.md,8be424a058d975435d08840da7ebd40d9240a5d1,8be424a058d975435d08840da7ebd40d9240a5d1,unchanged,original-963,p6,L4-design-or-amendment,source-en,docs/stages/p6/implementation/p6-w13-telemetry-regression-handoff/01-telemetry-and-evidence-map.md,Proposed detailed design; implementation and validation not claimed.,not-declared,,git-blob-only,conditional-design-approval-not-certified,proposed-design,"P6-W13 composition and handoff; this design owns the coverage map, evidence boundaries, the P6-DOC-04/P6-DOC-05 records, and the consumer-review structure — it owns no new mechanism, telemetry event implementation, or machine ABI.",docs/stages/p6/implementation/p6-w13-telemetry-regression-handoff/README.md#header,docs/development/documentation-baseline.md;docs/development/stage-workflow.md;docs/stages/p6/implementation/p6-w13-telemetry-regression-handoff/README.md,,not-applicable,,,phase1-conservative-routing-classified,pending,Codex,2026-09-28,
f5b23932e7d2036811b2f9e89a9b71c174e4f5b4,docs/stages/p6/implementation/p6-w13-telemetry-regression-handoff/02-workflow-and-handoff.md,66965a0efb292e09b63f3bf9aac079bb9d503946,66965a0efb292e09b63f3bf9aac079bb9d503946,unchanged,original-963,p6,L4-design-or-amendment,source-en,docs/stages/p6/implementation/p6-w13-telemetry-regression-handoff/02-workflow-and-handoff.md,Proposed detailed design; implementation and validation are not claimed.,not-declared,,git-blob-only,conditional-design-approval-not-certified,proposed-design,"P6-W13 composition and handoff; this design owns the coverage map, evidence boundaries, the P6-DOC-04/P6-DOC-05 records, and the consumer-review structure — it owns no new mechanism, telemetry event implementation, or machine ABI.",docs/stages/p6/implementation/p6-w13-telemetry-regression-handoff/README.md#header,docs/development/documentation-baseline.md;docs/development/stage-workflow.md;docs/stages/p6/implementation/p6-w13-telemetry-regression-handoff/README.md,,not-applicable,,,phase1-conservative-routing-classified,pending,Codex,2026-09-28,
f5b23932e7d2036811b2f9e89a9b71c174e4f5b4,docs/stages/p6/implementation/p6-w13-telemetry-regression-handoff/README.md,90dc7a60234693afcadd10332d05d325f09e598c,90dc7a60234693afcadd10332d05d325f09e598c,unchanged,original-963,p6,L4-design-or-amendment,source-en,docs/stages/p6/implementation/p6-w13-telemetry-regression-handoff/README.md,Proposed detailed design; implementation and validation are not claimed.,not-declared,,git-blob-only,conditional-design-approval-not-certified,proposed-design,"P6-W13 composition and handoff; this design owns the coverage map, evidence boundaries, the P6-DOC-04/P6-DOC-05 records, and the consumer-review structure — it owns no new mechanism, telemetry event implementation, or machine ABI.",docs/stages/p6/implementation/p6-w13-telemetry-regression-handoff/README.md#header,docs/development/documentation-baseline.md;docs/development/stage-workflow.md;docs/stages/p6/implementation/p6-w13-telemetry-regression-handoff/README.md,,not-applicable,,,phase1-conservative-routing-classified,pending,Codex,2026-09-28,
f5b23932e7d2036811b2f9e89a9b71c174e4f5b4,docs/stages/p6/plans/README.md,4f9eee2ed029da1445b605f0905dc17a620281e4,4f9eee2ed029da1445b605f0905dc17a620281e4,unchanged,original-963,p6,L3-plan-index,source-en,docs/stages/p6/plans/README.md,"Planning index. Individual plans are bounded work-package plans, not implementation-completion records.",not-declared,,git-blob-only,bounded-planning-not-code-admission,planning,P6 stage maintainers,routing responsibility; no named person asserted,docs/development/documentation-baseline.md;docs/development/stage-workflow.md,,not-applicable,,,phase1-conservative-routing-classified,pending,Codex,2026-09-28,
f5b23932e7d2036811b2f9e89a9b71c174e4f5b4,docs/stages/p6/plans/p6-w01-gic-capability-discovery.md,e2141f0e1062899da7d87a7c68b6c3f5f25cae12,e2141f0e1062899da7d87a7c68b6c3f5f25cae12,unchanged,original-963,p6,L3-package-plan,source-en,docs/stages/p6/plans/p6-w01-gic-capability-discovery.md,Planned work package; implementation not claimed,not-declared,,git-blob-only,bounded-planning-not-code-admission,planning,P6-W01,routing responsibility; no named person asserted,docs/development/documentation-baseline.md;docs/development/stage-workflow.md;docs/stages/p6/task-book-v0.2.md,,not-applicable,,,phase1-conservative-routing-classified,pending,Codex,2026-09-28,
f5b23932e7d2036811b2f9e89a9b71c174e4f5b4,docs/stages/p6/plans/p6-w02-physical-gic-bring-up.md,5f5c5a686afee99a15b041e5020b2ddf276fd2bc,5f5c5a686afee99a15b041e5020b2ddf276fd2bc,unchanged,original-963,p6,L3-package-plan,source-en,docs/stages/p6/plans/p6-w02-physical-gic-bring-up.md,Planned work package; implementation not claimed,not-declared,,git-blob-only,bounded-planning-not-code-admission,planning,P6-W02,routing responsibility; no named person asserted,docs/development/documentation-baseline.md;docs/development/stage-workflow.md;docs/stages/p6/task-book-v0.2.md,,not-applicable,,,phase1-conservative-routing-classified,pending,Codex,2026-09-28,
f5b23932e7d2036811b2f9e89a9b71c174e4f5b4,docs/stages/p6/plans/p6-w03-physical-interrupt-lifecycle.md,f4afd07f0d5d316d6ecb4f8f06a8a5c0bde1a6b2,f4afd07f0d5d316d6ecb4f8f06a8a5c0bde1a6b2,unchanged,original-963,p6,L3-package-plan,source-en,docs/stages/p6/plans/p6-w03-physical-interrupt-lifecycle.md,Planned work package; implementation not claimed,not-declared,,git-blob-only,bounded-planning-not-code-admission,planning,P6-W03,routing responsibility; no named person asserted,docs/development/documentation-baseline.md;docs/development/stage-workflow.md;docs/stages/p6/task-book-v0.2.md,,not-applicable,,,phase1-conservative-routing-classified,pending,Codex,2026-09-28,
f5b23932e7d2036811b2f9e89a9b71c174e4f5b4,docs/stages/p6/plans/p6-w04-smp-interrupt-routing-sgi.md,44aece53438440d65c2c45af1063fc035580bd7b,44aece53438440d65c2c45af1063fc035580bd7b,unchanged,original-963,p6,L3-package-plan,source-en,docs/stages/p6/plans/p6-w04-smp-interrupt-routing-sgi.md,Planned work package; implementation not claimed,not-declared,,git-blob-only,bounded-planning-not-code-admission,planning,P6-W04,routing responsibility; no named person asserted,docs/development/documentation-baseline.md;docs/development/stage-workflow.md;docs/stages/p6/task-book-v0.2.md,,not-applicable,,,phase1-conservative-routing-classified,pending,Codex,2026-09-28,
f5b23932e7d2036811b2f9e89a9b71c174e4f5b4,docs/stages/p6/plans/p6-w05-el2-generic-timer.md,9e447a3ca4c2e1375ce92a2efa7d192cd828ef13,9e447a3ca4c2e1375ce92a2efa7d192cd828ef13,unchanged,original-963,p6,L3-package-plan,source-en,docs/stages/p6/plans/p6-w05-el2-generic-timer.md,Planned work package; implementation not claimed,not-declared,,git-blob-only,bounded-planning-not-code-admission,planning,P6-W05,routing responsibility; no named person asserted,docs/development/documentation-baseline.md;docs/development/stage-workflow.md;docs/stages/p6/task-book-v0.2.md,,not-applicable,,,phase1-conservative-routing-classified,pending,Codex,2026-09-28,
f5b23932e7d2036811b2f9e89a9b71c174e4f5b4,docs/stages/p6/plans/p6-w06-guest-generic-timer.md,22e70c30b2becaf12b74c932be15851e7ef9e231,22e70c30b2becaf12b74c932be15851e7ef9e231,unchanged,original-963,p6,L3-package-plan,source-en,docs/stages/p6/plans/p6-w06-guest-generic-timer.md,Planned work package; implementation not claimed,not-declared,,git-blob-only,bounded-planning-not-code-admission,planning,P6-W06,routing responsibility; no named person asserted,docs/development/documentation-baseline.md;docs/development/stage-workflow.md;docs/stages/p6/task-book-v0.2.md,,not-applicable,,,phase1-conservative-routing-classified,pending,Codex,2026-09-28,
f5b23932e7d2036811b2f9e89a9b71c174e4f5b4,docs/stages/p6/plans/p6-w07-virtual-interrupt-core.md,10f2e18fd49c9bd8ce429f1973dd2c09e85d2a99,10f2e18fd49c9bd8ce429f1973dd2c09e85d2a99,unchanged,original-963,p6,L3-package-plan,source-en,docs/stages/p6/plans/p6-w07-virtual-interrupt-core.md,Planned work package; implementation not claimed,not-declared,,git-blob-only,bounded-planning-not-code-admission,planning,P6-W07,routing responsibility; no named person asserted,docs/development/documentation-baseline.md;docs/development/stage-workflow.md;docs/stages/p6/task-book-v0.2.md,,not-applicable,,,phase1-conservative-routing-classified,pending,Codex,2026-09-28,
f5b23932e7d2036811b2f9e89a9b71c174e4f5b4,docs/stages/p6/plans/p6-w08-gic-virtualization-interface.md,b8aa3f68cf423ab10ad9900ed408b981f64cfca0,b8aa3f68cf423ab10ad9900ed408b981f64cfca0,unchanged,original-963,p6,L3-package-plan,source-en,docs/stages/p6/plans/p6-w08-gic-virtualization-interface.md,Planned work package; implementation not claimed,not-declared,,git-blob-only,bounded-planning-not-code-admission,planning,P6-W08,routing responsibility; no named person asserted,docs/development/documentation-baseline.md;docs/development/stage-workflow.md;docs/stages/p6/task-book-v0.2.md,,not-applicable,,,phase1-conservative-routing-classified,pending,Codex,2026-09-28,
f5b23932e7d2036811b2f9e89a9b71c174e4f5b4,docs/stages/p6/plans/p6-w09-maintenance-interrupt.md,c8568249d1fac66680118c28f7f35373b56b61ab,c8568249d1fac66680118c28f7f35373b56b61ab,unchanged,original-963,p6,L3-package-plan,source-en,docs/stages/p6/plans/p6-w09-maintenance-interrupt.md,Planned work package; implementation not claimed,not-declared,,git-blob-only,bounded-planning-not-code-admission,planning,P6-W09,routing responsibility; no named person asserted,docs/development/documentation-baseline.md;docs/development/stage-workflow.md;docs/stages/p6/task-book-v0.2.md,,not-applicable,,,phase1-conservative-routing-classified,pending,Codex,2026-09-28,
f5b23932e7d2036811b2f9e89a9b71c174e4f5b4,docs/stages/p6/plans/p6-w10-interrupt-semantics.md,c7ca5d38e93f7c44a649d44fb85797c317789a96,c7ca5d38e93f7c44a649d44fb85797c317789a96,unchanged,original-963,p6,L3-package-plan,source-en,docs/stages/p6/plans/p6-w10-interrupt-semantics.md,Planned work package; implementation not claimed,not-declared,,git-blob-only,bounded-planning-not-code-admission,planning,P6-W10,routing responsibility; no named person asserted,docs/development/documentation-baseline.md;docs/development/stage-workflow.md;docs/stages/p6/task-book-v0.2.md,,not-applicable,,,phase1-conservative-routing-classified,pending,Codex,2026-09-28,
f5b23932e7d2036811b2f9e89a9b71c174e4f5b4,docs/stages/p6/plans/p6-w11-validation-guest-interrupt-suite.md,e9e3f295f6175e1068692e3785d0663bbda24335,e9e3f295f6175e1068692e3785d0663bbda24335,unchanged,original-963,p6,L3-package-plan,source-en,docs/stages/p6/plans/p6-w11-validation-guest-interrupt-suite.md,Planned work package; implementation not claimed,not-declared,,git-blob-only,bounded-planning-not-code-admission,planning,P6-W11,routing responsibility; no named person asserted,docs/development/documentation-baseline.md;docs/development/stage-workflow.md;docs/stages/p6/task-book-v0.2.md,,not-applicable,,,phase1-conservative-routing-classified,pending,Codex,2026-09-28,
f5b23932e7d2036811b2f9e89a9b71c174e4f5b4,docs/stages/p6/plans/p6-w12-fault-isolation-robustness.md,5cd15962d64f9c4a06e9c4e1eab96495938c19ba,5cd15962d64f9c4a06e9c4e1eab96495938c19ba,unchanged,original-963,p6,L3-package-plan,source-en,docs/stages/p6/plans/p6-w12-fault-isolation-robustness.md,Planned work package; implementation not claimed,not-declared,,git-blob-only,bounded-planning-not-code-admission,planning,P6-W12,routing responsibility; no named person asserted,docs/development/documentation-baseline.md;docs/development/stage-workflow.md;docs/stages/p6/task-book-v0.2.md,,not-applicable,,,phase1-conservative-routing-classified,pending,Codex,2026-09-28,
f5b23932e7d2036811b2f9e89a9b71c174e4f5b4,docs/stages/p6/plans/p6-w13-telemetry-regression-handoff.md,a71e43724aba47472915c62edaf85254c88b81f4,a71e43724aba47472915c62edaf85254c88b81f4,unchanged,original-963,p6,L3-package-plan,source-en,docs/stages/p6/plans/p6-w13-telemetry-regression-handoff.md,Planned work package; implementation not claimed,not-declared,,git-blob-only,bounded-planning-not-code-admission,planning,P6-W13,routing responsibility; no named person asserted,docs/development/documentation-baseline.md;docs/development/stage-workflow.md;docs/stages/p6/task-book-v0.2.md,,not-applicable,,,phase1-conservative-routing-classified,pending,Codex,2026-09-28,
f5b23932e7d2036811b2f9e89a9b71c174e4f5b4,docs/stages/p6/task-book-v0.1.md,ed7889e1ff120535688b18233586b68b245dfcfd,ed7889e1ff120535688b18233586b68b245dfcfd,unchanged,original-963,p6,L2-task-book,source-en,docs/stages/p6/task-book-v0.1.md,Superseded by [P6 task book v0.2](task-book-v0.2.md); retained as the historical planning baseline,v0.1,,title,historical-not-current-gate,superseded,"P6 asynchronous-event foundation, reorganized from the root-level source task book",docs/stages/p6/task-book-v0.1.md#header,docs/development/documentation-baseline.md;docs/development/stage-workflow.md;docs/stages/p6/task-book-v0.2.md,,not-applicable,,,phase1-conservative-routing-classified,pending,Codex,2026-09-28,
f5b23932e7d2036811b2f9e89a9b71c174e4f5b4,docs/stages/p6/task-book-v0.2.md,38df51ec36bdb83a1bbe68e9efe076ce79c2ead8,38df51ec36bdb83a1bbe68e9efe076ce79c2ead8,unchanged,original-963,p6,L2-task-book,source-en,docs/stages/p6/task-book-v0.2.md,Current amended planning baseline; implementation and validation are not claimed,v0.2,,title,stage-outcomes-not-code-admission,planning-baseline,"P6 acceptance of deferred P1 NC6 execution under ADR-061, 2026-09-26",docs/stages/p6/task-book-v0.2.md#header,docs/development/documentation-baseline.md;docs/development/stage-workflow.md;docs/stages/p6/task-book-v0.2.md,,not-applicable,,,phase1-conservative-routing-classified,pending,Codex,2026-09-28,
f5b23932e7d2036811b2f9e89a9b71c174e4f5b4,docs/stages/p7/README.md,0e86025f253fc7b8af9387d8234a9d371a1bad1f,0e86025f253fc7b8af9387d8234a9d371a1bad1f,unchanged,original-963,p7,stage-navigation,source-en,docs/stages/p7/README.md,not-declared,not-declared,,git-blob-only,routing-only,index,P7 stage maintainers,routing responsibility; no named person asserted,docs/development/documentation-baseline.md;docs/development/stage-workflow.md,,not-applicable,,,phase1-conservative-routing-classified,pending,Codex,2026-09-28,
f5b23932e7d2036811b2f9e89a9b71c174e4f5b4,docs/stages/p7/implementation/README.md,8a1bea7b90a61e3e20f5e5d535359f1853cd796f,8a1bea7b90a61e3e20f5e5d535359f1853cd796f,unchanged,original-963,p7,stage-implementation-index,source-en,docs/stages/p7/implementation/README.md,Index of proposed designs and future implementation records; not a completion claim.,not-declared,,git-blob-only,routing-and-factual-context,index,P7 stage maintainers,routing responsibility; no named person asserted,docs/development/documentation-baseline.md;docs/development/stage-workflow.md,,not-applicable,,,phase1-conservative-routing-classified,pending,Codex,2026-09-28,
f5b23932e7d2036811b2f9e89a9b71c174e4f5b4,docs/stages/p7/implementation/p7-w01-entry-contract-reconciliation/01-input-boundary-register.md,164bd61271047ac5c3eef3f325b3b2b944cf37e4,164bd61271047ac5c3eef3f325b3b2b944cf37e4,unchanged,original-963,p7,L4-design-or-amendment,source-en,docs/stages/p7/implementation/p7-w01-entry-contract-reconciliation/01-input-boundary-register.md,Proposed detailed design; implementation not claimed.,not-declared,,git-blob-only,conditional-design-approval-not-certified,proposed-design,P7-W01 implementation handoff; stage-local design freedom is recorded in the numbered decisions below.,docs/stages/p7/implementation/p7-w01-entry-contract-reconciliation/README.md#header,docs/development/documentation-baseline.md;docs/development/stage-workflow.md;docs/stages/p7/implementation/p7-w01-entry-contract-reconciliation/README.md,,not-applicable,,,phase1-conservative-routing-classified,pending,Codex,2026-09-28,
f5b23932e7d2036811b2f9e89a9b71c174e4f5b4,docs/stages/p7/implementation/p7-w01-entry-contract-reconciliation/02-implementation-workflow.md,652d289c7079cbbe3cbec511a1c99b271fad0b5d,652d289c7079cbbe3cbec511a1c99b271fad0b5d,unchanged,original-963,p7,L4-design-or-amendment,source-en,docs/stages/p7/implementation/p7-w01-entry-contract-reconciliation/02-implementation-workflow.md,Proposed detailed design; implementation and validation are not claimed.,not-declared,,git-blob-only,conditional-design-approval-not-certified,proposed-design,P7-W01 implementation handoff; stage-local design freedom is recorded in the numbered decisions below.,docs/stages/p7/implementation/p7-w01-entry-contract-reconciliation/README.md#header,docs/development/documentation-baseline.md;docs/development/stage-workflow.md;docs/stages/p7/implementation/p7-w01-entry-contract-reconciliation/README.md,,not-applicable,,,phase1-conservative-routing-classified,pending,Codex,2026-09-28,
f5b23932e7d2036811b2f9e89a9b71c174e4f5b4,docs/stages/p7/implementation/p7-w01-entry-contract-reconciliation/README.md,fc952d37b68a0d03041e8cb8a271d5c04c1e7016,fc952d37b68a0d03041e8cb8a271d5c04c1e7016,unchanged,original-963,p7,L4-design-or-amendment,source-en,docs/stages/p7/implementation/p7-w01-entry-contract-reconciliation/README.md,Proposed detailed design; implementation and validation are not claimed.,not-declared,,git-blob-only,conditional-design-approval-not-certified,proposed-design,P7-W01 implementation handoff; stage-local design freedom is recorded in the numbered decisions below.,docs/stages/p7/implementation/p7-w01-entry-contract-reconciliation/README.md#header,docs/development/documentation-baseline.md;docs/development/stage-workflow.md;docs/stages/p7/implementation/p7-w01-entry-contract-reconciliation/README.md,,not-applicable,,,phase1-conservative-routing-classified,pending,Codex,2026-09-28,
f5b23932e7d2036811b2f9e89a9b71c174e4f5b4,docs/stages/p7/implementation/p7-w02-scheduler-admission-lifecycle/01-scope-and-foundations.md,aaecebfcccc56f73d377bb1d0a54b8a28bdac3eb,aaecebfcccc56f73d377bb1d0a54b8a28bdac3eb,unchanged,original-963,p7,L4-design-or-amendment,source-en,docs/stages/p7/implementation/p7-w02-scheduler-admission-lifecycle/01-scope-and-foundations.md,Proposed detailed design; implementation not claimed.,not-declared,,git-blob-only,conditional-design-approval-not-certified,proposed-design,"P7-W02 implementation handoff; this design is the P7 lifecycle authority per the plan handoff (""W03–W11 can rely on lifecycle authority and invariants"").",docs/stages/p7/implementation/p7-w02-scheduler-admission-lifecycle/README.md#header,docs/development/documentation-baseline.md;docs/development/stage-workflow.md;docs/stages/p7/implementation/p7-w02-scheduler-admission-lifecycle/README.md,,not-applicable,,,phase1-conservative-routing-classified,pending,Codex,2026-09-28,
f5b23932e7d2036811b2f9e89a9b71c174e4f5b4,docs/stages/p7/implementation/p7-w02-scheduler-admission-lifecycle/02-architecture-and-state.md,e45ef98000d9cf2926d5a5eb45fd3d8908205bfe,e45ef98000d9cf2926d5a5eb45fd3d8908205bfe,unchanged,original-963,p7,L4-design-or-amendment,source-en,docs/stages/p7/implementation/p7-w02-scheduler-admission-lifecycle/02-architecture-and-state.md,Proposed detailed design; implementation not claimed.,not-declared,,git-blob-only,conditional-design-approval-not-certified,proposed-design,"P7-W02 implementation handoff; this design is the P7 lifecycle authority per the plan handoff (""W03–W11 can rely on lifecycle authority and invariants"").",docs/stages/p7/implementation/p7-w02-scheduler-admission-lifecycle/README.md#header,docs/development/documentation-baseline.md;docs/development/stage-workflow.md;docs/stages/p7/implementation/p7-w02-scheduler-admission-lifecycle/README.md,,not-applicable,,,phase1-conservative-routing-classified,pending,Codex,2026-09-28,
f5b23932e7d2036811b2f9e89a9b71c174e4f5b4,docs/stages/p7/implementation/p7-w02-scheduler-admission-lifecycle/03-code-contracts-lifecycle.md,46d5ddd9e607bb64f44b30d5779cc6361feff927,46d5ddd9e607bb64f44b30d5779cc6361feff927,unchanged,original-963,p7,L4-design-or-amendment,source-en,docs/stages/p7/implementation/p7-w02-scheduler-admission-lifecycle/03-code-contracts-lifecycle.md,Proposed detailed design; implementation not claimed.,not-declared,,git-blob-only,conditional-design-approval-not-certified,proposed-design,"P7-W02 implementation handoff; this design is the P7 lifecycle authority per the plan handoff (""W03–W11 can rely on lifecycle authority and invariants"").",docs/stages/p7/implementation/p7-w02-scheduler-admission-lifecycle/README.md#header,docs/development/documentation-baseline.md;docs/development/stage-workflow.md;docs/stages/p7/implementation/p7-w02-scheduler-admission-lifecycle/README.md,,not-applicable,,,phase1-conservative-routing-classified,pending,Codex,2026-09-28,
f5b23932e7d2036811b2f9e89a9b71c174e4f5b4,docs/stages/p7/implementation/p7-w02-scheduler-admission-lifecycle/04-implementation-workflow.md,00aa58855f6336d6544e8ebfe19aaa8132e6bc8d,00aa58855f6336d6544e8ebfe19aaa8132e6bc8d,unchanged,original-963,p7,L4-design-or-amendment,source-en,docs/stages/p7/implementation/p7-w02-scheduler-admission-lifecycle/04-implementation-workflow.md,Proposed detailed design; implementation and validation are not claimed.,not-declared,,git-blob-only,conditional-design-approval-not-certified,proposed-design,"P7-W02 implementation handoff; this design is the P7 lifecycle authority per the plan handoff (""W03–W11 can rely on lifecycle authority and invariants"").",docs/stages/p7/implementation/p7-w02-scheduler-admission-lifecycle/README.md#header,docs/development/documentation-baseline.md;docs/development/stage-workflow.md;docs/stages/p7/implementation/p7-w02-scheduler-admission-lifecycle/README.md,,not-applicable,,,phase1-conservative-routing-classified,pending,Codex,2026-09-28,
f5b23932e7d2036811b2f9e89a9b71c174e4f5b4,docs/stages/p7/implementation/p7-w02-scheduler-admission-lifecycle/05-validation-and-handoff.md,a45088a6e5548a341db05fded2263f8d9bf8d80c,a45088a6e5548a341db05fded2263f8d9bf8d80c,unchanged,original-963,p7,L4-design-or-amendment,source-en,docs/stages/p7/implementation/p7-w02-scheduler-admission-lifecycle/05-validation-and-handoff.md,Proposed detailed design; implementation and validation are not claimed.,not-declared,,git-blob-only,conditional-design-approval-not-certified,proposed-design,"P7-W02 implementation handoff; this design is the P7 lifecycle authority per the plan handoff (""W03–W11 can rely on lifecycle authority and invariants"").",docs/stages/p7/implementation/p7-w02-scheduler-admission-lifecycle/README.md#header,docs/development/documentation-baseline.md;docs/development/stage-workflow.md;docs/stages/p7/implementation/p7-w02-scheduler-admission-lifecycle/README.md,,not-applicable,,,phase1-conservative-routing-classified,pending,Codex,2026-09-28,
f5b23932e7d2036811b2f9e89a9b71c174e4f5b4,docs/stages/p7/implementation/p7-w02-scheduler-admission-lifecycle/README.md,9430c0cc932e94bdcdec31024fe3047c5da393f4,9430c0cc932e94bdcdec31024fe3047c5da393f4,unchanged,original-963,p7,L4-design-or-amendment,source-en,docs/stages/p7/implementation/p7-w02-scheduler-admission-lifecycle/README.md,Proposed detailed design; implementation and validation are not claimed.,not-declared,,git-blob-only,conditional-design-approval-not-certified,proposed-design,"P7-W02 implementation handoff; this design is the P7 lifecycle authority per the plan handoff (""W03–W11 can rely on lifecycle authority and invariants"").",docs/stages/p7/implementation/p7-w02-scheduler-admission-lifecycle/README.md#header,docs/development/documentation-baseline.md;docs/development/stage-workflow.md;docs/stages/p7/implementation/p7-w02-scheduler-admission-lifecycle/README.md,,not-applicable,,,phase1-conservative-routing-classified,pending,Codex,2026-09-28,
f5b23932e7d2036811b2f9e89a9b71c174e4f5b4,docs/stages/p7/implementation/p7-w03-placement-configuration/01-scope-and-foundations.md,898207e5f20703894ea9c0d5e9bbfcb77c46e290,898207e5f20703894ea9c0d5e9bbfcb77c46e290,unchanged,original-963,p7,L4-design-or-amendment,source-en,docs/stages/p7/implementation/p7-w03-placement-configuration/01-scope-and-foundations.md,Proposed detailed design; implementation not claimed.,not-declared,,git-blob-only,conditional-design-approval-not-certified,proposed-design,P7-W03 implementation handoff; placement constraint authority for W05/W07/W08/W11 per the plan handoff.,docs/stages/p7/implementation/p7-w03-placement-configuration/README.md#header,docs/development/documentation-baseline.md;docs/development/stage-workflow.md;docs/stages/p7/implementation/p7-w03-placement-configuration/README.md,,not-applicable,,,phase1-conservative-routing-classified,pending,Codex,2026-09-28,
f5b23932e7d2036811b2f9e89a9b71c174e4f5b4,docs/stages/p7/implementation/p7-w03-placement-configuration/02-architecture-and-state.md,80798ec058a2dbe2c970c5d243a1b4bc694eb917,80798ec058a2dbe2c970c5d243a1b4bc694eb917,unchanged,original-963,p7,L4-design-or-amendment,source-en,docs/stages/p7/implementation/p7-w03-placement-configuration/02-architecture-and-state.md,Proposed detailed design; implementation not claimed.,not-declared,,git-blob-only,conditional-design-approval-not-certified,proposed-design,P7-W03 implementation handoff; placement constraint authority for W05/W07/W08/W11 per the plan handoff.,docs/stages/p7/implementation/p7-w03-placement-configuration/README.md#header,docs/development/documentation-baseline.md;docs/development/stage-workflow.md;docs/stages/p7/implementation/p7-w03-placement-configuration/README.md,,not-applicable,,,phase1-conservative-routing-classified,pending,Codex,2026-09-28,
f5b23932e7d2036811b2f9e89a9b71c174e4f5b4,docs/stages/p7/implementation/p7-w03-placement-configuration/03-code-contracts-placement.md,0b9da22a5aaa6ab4134ddc69a22d8ef0465a76b1,0b9da22a5aaa6ab4134ddc69a22d8ef0465a76b1,unchanged,original-963,p7,L4-design-or-amendment,source-en,docs/stages/p7/implementation/p7-w03-placement-configuration/03-code-contracts-placement.md,Proposed detailed design; implementation not claimed.,not-declared,,git-blob-only,conditional-design-approval-not-certified,proposed-design,P7-W03 implementation handoff; placement constraint authority for W05/W07/W08/W11 per the plan handoff.,docs/stages/p7/implementation/p7-w03-placement-configuration/README.md#header,docs/development/documentation-baseline.md;docs/development/stage-workflow.md;docs/stages/p7/implementation/p7-w03-placement-configuration/README.md,,not-applicable,,,phase1-conservative-routing-classified,pending,Codex,2026-09-28,
f5b23932e7d2036811b2f9e89a9b71c174e4f5b4,docs/stages/p7/implementation/p7-w03-placement-configuration/04-implementation-workflow.md,93cd6901168322652ca82de8a4621663e6b90baa,93cd6901168322652ca82de8a4621663e6b90baa,unchanged,original-963,p7,L4-design-or-amendment,source-en,docs/stages/p7/implementation/p7-w03-placement-configuration/04-implementation-workflow.md,Proposed detailed design; implementation and validation are not claimed.,not-declared,,git-blob-only,conditional-design-approval-not-certified,proposed-design,P7-W03 implementation handoff; placement constraint authority for W05/W07/W08/W11 per the plan handoff.,docs/stages/p7/implementation/p7-w03-placement-configuration/README.md#header,docs/development/documentation-baseline.md;docs/development/stage-workflow.md;docs/stages/p7/implementation/p7-w03-placement-configuration/README.md,,not-applicable,,,phase1-conservative-routing-classified,pending,Codex,2026-09-28,
f5b23932e7d2036811b2f9e89a9b71c174e4f5b4,docs/stages/p7/implementation/p7-w03-placement-configuration/05-validation-and-handoff.md,3ac2f885dfbe7344691f8f99e7d9a3e73efab633,3ac2f885dfbe7344691f8f99e7d9a3e73efab633,unchanged,original-963,p7,L4-design-or-amendment,source-en,docs/stages/p7/implementation/p7-w03-placement-configuration/05-validation-and-handoff.md,Proposed detailed design; implementation and validation are not claimed.,not-declared,,git-blob-only,conditional-design-approval-not-certified,proposed-design,P7-W03 implementation handoff; placement constraint authority for W05/W07/W08/W11 per the plan handoff.,docs/stages/p7/implementation/p7-w03-placement-configuration/README.md#header,docs/development/documentation-baseline.md;docs/development/stage-workflow.md;docs/stages/p7/implementation/p7-w03-placement-configuration/README.md,,not-applicable,,,phase1-conservative-routing-classified,pending,Codex,2026-09-28,
f5b23932e7d2036811b2f9e89a9b71c174e4f5b4,docs/stages/p7/implementation/p7-w03-placement-configuration/README.md,b7344f3a83c1b5efff4f1a4b03bbd9e1739367e7,b7344f3a83c1b5efff4f1a4b03bbd9e1739367e7,unchanged,original-963,p7,L4-design-or-amendment,source-en,docs/stages/p7/implementation/p7-w03-placement-configuration/README.md,Proposed detailed design; implementation and validation are not claimed.,not-declared,,git-blob-only,conditional-design-approval-not-certified,proposed-design,P7-W03 implementation handoff; placement constraint authority for W05/W07/W08/W11 per the plan handoff.,docs/stages/p7/implementation/p7-w03-placement-configuration/README.md#header,docs/development/documentation-baseline.md;docs/development/stage-workflow.md;docs/stages/p7/implementation/p7-w03-placement-configuration/README.md,,not-applicable,,,phase1-conservative-routing-classified,pending,Codex,2026-09-28,
f5b23932e7d2036811b2f9e89a9b71c174e4f5b4,docs/stages/p7/implementation/p7-w04-preemption-context-switch/01-scope-and-foundations.md,18110e7a9b30f8813bfc280017ae1a0ef6704acf,18110e7a9b30f8813bfc280017ae1a0ef6704acf,unchanged,original-963,p7,L4-design-or-amendment,source-en,docs/stages/p7/implementation/p7-w04-preemption-context-switch/01-scope-and-foundations.md,Proposed detailed design; implementation not claimed.,not-declared,,git-blob-only,conditional-design-approval-not-certified,proposed-design,P7-W04 implementation handoff; preemption and switch-behavior authority for W05/W07/W09/W10 per the plan handoff.,docs/stages/p7/implementation/p7-w04-preemption-context-switch/README.md#header,docs/development/documentation-baseline.md;docs/development/stage-workflow.md;docs/stages/p7/implementation/p7-w04-preemption-context-switch/README.md,,not-applicable,,,phase1-conservative-routing-classified,pending,Codex,2026-09-28,
f5b23932e7d2036811b2f9e89a9b71c174e4f5b4,docs/stages/p7/implementation/p7-w04-preemption-context-switch/02-architecture-and-state.md,7c8b74d2213657866ad18985e8c971b30fe20148,7c8b74d2213657866ad18985e8c971b30fe20148,unchanged,original-963,p7,L4-design-or-amendment,source-en,docs/stages/p7/implementation/p7-w04-preemption-context-switch/02-architecture-and-state.md,Proposed detailed design; implementation not claimed.,not-declared,,git-blob-only,conditional-design-approval-not-certified,proposed-design,P7-W04 implementation handoff; preemption and switch-behavior authority for W05/W07/W09/W10 per the plan handoff.,docs/stages/p7/implementation/p7-w04-preemption-context-switch/README.md#header,docs/development/documentation-baseline.md;docs/development/stage-workflow.md;docs/stages/p7/implementation/p7-w04-preemption-context-switch/README.md,,not-applicable,,,phase1-conservative-routing-classified,pending,Codex,2026-09-28,
f5b23932e7d2036811b2f9e89a9b71c174e4f5b4,docs/stages/p7/implementation/p7-w04-preemption-context-switch/03-code-contracts-preemption.md,01e82dd7d16d2202fb252719448641f73d788f36,01e82dd7d16d2202fb252719448641f73d788f36,unchanged,original-963,p7,L4-design-or-amendment,source-en,docs/stages/p7/implementation/p7-w04-preemption-context-switch/03-code-contracts-preemption.md,Proposed detailed design; implementation not claimed.,not-declared,,git-blob-only,conditional-design-approval-not-certified,proposed-design,P7-W04 implementation handoff; preemption and switch-behavior authority for W05/W07/W09/W10 per the plan handoff.,docs/stages/p7/implementation/p7-w04-preemption-context-switch/README.md#header,docs/development/documentation-baseline.md;docs/development/stage-workflow.md;docs/stages/p7/implementation/p7-w04-preemption-context-switch/README.md,,not-applicable,,,phase1-conservative-routing-classified,pending,Codex,2026-09-28,
f5b23932e7d2036811b2f9e89a9b71c174e4f5b4,docs/stages/p7/implementation/p7-w04-preemption-context-switch/04-code-contracts-context-switch.md,5f392cfdd0b07f062290f9ffeaf634ab2e878b0b,5f392cfdd0b07f062290f9ffeaf634ab2e878b0b,unchanged,original-963,p7,L4-design-or-amendment,source-en,docs/stages/p7/implementation/p7-w04-preemption-context-switch/04-code-contracts-context-switch.md,Proposed detailed design; implementation not claimed.,not-declared,,git-blob-only,conditional-design-approval-not-certified,proposed-design,P7-W04 implementation handoff; preemption and switch-behavior authority for W05/W07/W09/W10 per the plan handoff.,docs/stages/p7/implementation/p7-w04-preemption-context-switch/README.md#header,docs/development/documentation-baseline.md;docs/development/stage-workflow.md;docs/stages/p7/implementation/p7-w04-preemption-context-switch/README.md,,not-applicable,,,phase1-conservative-routing-classified,pending,Codex,2026-09-28,
f5b23932e7d2036811b2f9e89a9b71c174e4f5b4,docs/stages/p7/implementation/p7-w04-preemption-context-switch/05-implementation-workflow.md,e0f8f6b59f6a1ba73c9412684ea7a5f8a3f23adc,e0f8f6b59f6a1ba73c9412684ea7a5f8a3f23adc,unchanged,original-963,p7,L4-design-or-amendment,source-en,docs/stages/p7/implementation/p7-w04-preemption-context-switch/05-implementation-workflow.md,Proposed detailed design; implementation and validation are not claimed.,not-declared,,git-blob-only,conditional-design-approval-not-certified,proposed-design,P7-W04 implementation handoff; preemption and switch-behavior authority for W05/W07/W09/W10 per the plan handoff.,docs/stages/p7/implementation/p7-w04-preemption-context-switch/README.md#header,docs/development/documentation-baseline.md;docs/development/stage-workflow.md;docs/stages/p7/implementation/p7-w04-preemption-context-switch/README.md,,not-applicable,,,phase1-conservative-routing-classified,pending,Codex,2026-09-28,
f5b23932e7d2036811b2f9e89a9b71c174e4f5b4,docs/stages/p7/implementation/p7-w04-preemption-context-switch/06-validation-and-handoff.md,df3816478d0fd18f54e83fb954b24d03d79bb82e,df3816478d0fd18f54e83fb954b24d03d79bb82e,unchanged,original-963,p7,L4-design-or-amendment,source-en,docs/stages/p7/implementation/p7-w04-preemption-context-switch/06-validation-and-handoff.md,Proposed detailed design; implementation and validation are not claimed.,not-declared,,git-blob-only,conditional-design-approval-not-certified,proposed-design,P7-W04 implementation handoff; preemption and switch-behavior authority for W05/W07/W09/W10 per the plan handoff.,docs/stages/p7/implementation/p7-w04-preemption-context-switch/README.md#header,docs/development/documentation-baseline.md;docs/development/stage-workflow.md;docs/stages/p7/implementation/p7-w04-preemption-context-switch/README.md,,not-applicable,,,phase1-conservative-routing-classified,pending,Codex,2026-09-28,
f5b23932e7d2036811b2f9e89a9b71c174e4f5b4,docs/stages/p7/implementation/p7-w04-preemption-context-switch/README.md,a7380552eaa84fd93bca480e177d94bcd212aeba,a7380552eaa84fd93bca480e177d94bcd212aeba,unchanged,original-963,p7,L4-design-or-amendment,source-en,docs/stages/p7/implementation/p7-w04-preemption-context-switch/README.md,Proposed detailed design; implementation and validation are not claimed.,not-declared,,git-blob-only,conditional-design-approval-not-certified,proposed-design,P7-W04 implementation handoff; preemption and switch-behavior authority for W05/W07/W09/W10 per the plan handoff.,docs/stages/p7/implementation/p7-w04-preemption-context-switch/README.md#header,docs/development/documentation-baseline.md;docs/development/stage-workflow.md;docs/stages/p7/implementation/p7-w04-preemption-context-switch/README.md,,not-applicable,,,phase1-conservative-routing-classified,pending,Codex,2026-09-28,
f5b23932e7d2036811b2f9e89a9b71c174e4f5b4,docs/stages/p7/implementation/p7-w05-shared-mn-multivm/01-scope-and-foundations.md,dc45b83745371641bb2906afedb921509acf4bbf,dc45b83745371641bb2906afedb921509acf4bbf,unchanged,original-963,p7,L4-design-or-amendment,source-en,docs/stages/p7/implementation/p7-w05-shared-mn-multivm/01-scope-and-foundations.md,Proposed detailed design; implementation not claimed.,not-declared,,git-blob-only,conditional-design-approval-not-certified,proposed-design,P7-W05 implementation handoff; shared-scheduler semantics authority for W08/W10/W11 per the plan handoff.,docs/stages/p7/implementation/p7-w05-shared-mn-multivm/README.md#header,docs/development/documentation-baseline.md;docs/development/stage-workflow.md;docs/stages/p7/implementation/p7-w05-shared-mn-multivm/README.md,,not-applicable,,,phase1-conservative-routing-classified,pending,Codex,2026-09-28,
f5b23932e7d2036811b2f9e89a9b71c174e4f5b4,docs/stages/p7/implementation/p7-w05-shared-mn-multivm/02-architecture-and-state.md,0077db15a12e3fe0ce13ede72a72111516abbb18,0077db15a12e3fe0ce13ede72a72111516abbb18,unchanged,original-963,p7,L4-design-or-amendment,source-en,docs/stages/p7/implementation/p7-w05-shared-mn-multivm/02-architecture-and-state.md,Proposed detailed design; implementation not claimed.,not-declared,,git-blob-only,conditional-design-approval-not-certified,proposed-design,P7-W05 implementation handoff; shared-scheduler semantics authority for W08/W10/W11 per the plan handoff.,docs/stages/p7/implementation/p7-w05-shared-mn-multivm/README.md#header,docs/development/documentation-baseline.md;docs/development/stage-workflow.md;docs/stages/p7/implementation/p7-w05-shared-mn-multivm/README.md,,not-applicable,,,phase1-conservative-routing-classified,pending,Codex,2026-09-28,
f5b23932e7d2036811b2f9e89a9b71c174e4f5b4,docs/stages/p7/implementation/p7-w05-shared-mn-multivm/03-code-contracts-shared-scheduler.md,803919eb4c8d6d9746544694e831df2fca54693c,803919eb4c8d6d9746544694e831df2fca54693c,unchanged,original-963,p7,L4-design-or-amendment,source-en,docs/stages/p7/implementation/p7-w05-shared-mn-multivm/03-code-contracts-shared-scheduler.md,Proposed detailed design; implementation not claimed.,not-declared,,git-blob-only,conditional-design-approval-not-certified,proposed-design,P7-W05 implementation handoff; shared-scheduler semantics authority for W08/W10/W11 per the plan handoff.,docs/stages/p7/implementation/p7-w05-shared-mn-multivm/README.md#header,docs/development/documentation-baseline.md;docs/development/stage-workflow.md;docs/stages/p7/implementation/p7-w05-shared-mn-multivm/README.md,,not-applicable,,,phase1-conservative-routing-classified,pending,Codex,2026-09-28,
f5b23932e7d2036811b2f9e89a9b71c174e4f5b4,docs/stages/p7/implementation/p7-w05-shared-mn-multivm/04-implementation-workflow.md,e4a0fb4a0ebc49224aa90b7284f5db861c730476,e4a0fb4a0ebc49224aa90b7284f5db861c730476,unchanged,original-963,p7,L4-design-or-amendment,source-en,docs/stages/p7/implementation/p7-w05-shared-mn-multivm/04-implementation-workflow.md,Proposed detailed design; implementation and validation are not claimed.,not-declared,,git-blob-only,conditional-design-approval-not-certified,proposed-design,P7-W05 implementation handoff; shared-scheduler semantics authority for W08/W10/W11 per the plan handoff.,docs/stages/p7/implementation/p7-w05-shared-mn-multivm/README.md#header,docs/development/documentation-baseline.md;docs/development/stage-workflow.md;docs/stages/p7/implementation/p7-w05-shared-mn-multivm/README.md,,not-applicable,,,phase1-conservative-routing-classified,pending,Codex,2026-09-28,
f5b23932e7d2036811b2f9e89a9b71c174e4f5b4,docs/stages/p7/implementation/p7-w05-shared-mn-multivm/05-validation-and-handoff.md,c9890e5986f3d08ed7e42751bbe604344a444bff,c9890e5986f3d08ed7e42751bbe604344a444bff,unchanged,original-963,p7,L4-design-or-amendment,source-en,docs/stages/p7/implementation/p7-w05-shared-mn-multivm/05-validation-and-handoff.md,Proposed detailed design; implementation and validation are not claimed.,not-declared,,git-blob-only,conditional-design-approval-not-certified,proposed-design,P7-W05 implementation handoff; shared-scheduler semantics authority for W08/W10/W11 per the plan handoff.,docs/stages/p7/implementation/p7-w05-shared-mn-multivm/README.md#header,docs/development/documentation-baseline.md;docs/development/stage-workflow.md;docs/stages/p7/implementation/p7-w05-shared-mn-multivm/README.md,,not-applicable,,,phase1-conservative-routing-classified,pending,Codex,2026-09-28,
f5b23932e7d2036811b2f9e89a9b71c174e4f5b4,docs/stages/p7/implementation/p7-w05-shared-mn-multivm/README.md,c17fac7604b9eaa60c17479b1542664c9f5a54cb,c17fac7604b9eaa60c17479b1542664c9f5a54cb,unchanged,original-963,p7,L4-design-or-amendment,source-en,docs/stages/p7/implementation/p7-w05-shared-mn-multivm/README.md,Proposed detailed design; implementation and validation are not claimed.,not-declared,,git-blob-only,conditional-design-approval-not-certified,proposed-design,P7-W05 implementation handoff; shared-scheduler semantics authority for W08/W10/W11 per the plan handoff.,docs/stages/p7/implementation/p7-w05-shared-mn-multivm/README.md#header,docs/development/documentation-baseline.md;docs/development/stage-workflow.md;docs/stages/p7/implementation/p7-w05-shared-mn-multivm/README.md,,not-applicable,,,phase1-conservative-routing-classified,pending,Codex,2026-09-28,
f5b23932e7d2036811b2f9e89a9b71c174e4f5b4,docs/stages/p7/implementation/p7-w06-block-wakeup/01-block-wakeup-architecture.md,129a850bca7fb0ff0cc942fbe3ed8c29a1622892,129a850bca7fb0ff0cc942fbe3ed8c29a1622892,unchanged,original-963,p7,L4-design-or-amendment,source-en,docs/stages/p7/implementation/p7-w06-block-wakeup/01-block-wakeup-architecture.md,Proposed detailed design; implementation and validation are not claimed.,not-declared,,git-blob-only,conditional-design-approval-not-certified,proposed-design,P7-W06 implementation handoff.,docs/stages/p7/implementation/p7-w06-block-wakeup/README.md#header,docs/development/documentation-baseline.md;docs/development/stage-workflow.md;docs/stages/p7/implementation/p7-w06-block-wakeup/README.md,,not-applicable,,,phase1-conservative-routing-classified,pending,Codex,2026-09-28,
f5b23932e7d2036811b2f9e89a9b71c174e4f5b4,docs/stages/p7/implementation/p7-w06-block-wakeup/02-code-contracts-block-path.md,1c908ec138d8f9aafffe1f26d963c21cf1857f50,1c908ec138d8f9aafffe1f26d963c21cf1857f50,unchanged,original-963,p7,L4-design-or-amendment,source-en,docs/stages/p7/implementation/p7-w06-block-wakeup/02-code-contracts-block-path.md,Proposed detailed design; implementation and validation are not claimed.,not-declared,,git-blob-only,conditional-design-approval-not-certified,proposed-design,P7-W06 implementation handoff.,docs/stages/p7/implementation/p7-w06-block-wakeup/README.md#header,docs/development/documentation-baseline.md;docs/development/stage-workflow.md;docs/stages/p7/implementation/p7-w06-block-wakeup/README.md,,not-applicable,,,phase1-conservative-routing-classified,pending,Codex,2026-09-28,
f5b23932e7d2036811b2f9e89a9b71c174e4f5b4,docs/stages/p7/implementation/p7-w06-block-wakeup/03-code-contracts-wakeup-path.md,dda993303886bd62efb4decbdfe7c44dd367cc59,dda993303886bd62efb4decbdfe7c44dd367cc59,unchanged,original-963,p7,L4-design-or-amendment,source-en,docs/stages/p7/implementation/p7-w06-block-wakeup/03-code-contracts-wakeup-path.md,Proposed detailed design; implementation and validation are not claimed.,not-declared,,git-blob-only,conditional-design-approval-not-certified,proposed-design,P7-W06 implementation handoff.,docs/stages/p7/implementation/p7-w06-block-wakeup/README.md#header,docs/development/documentation-baseline.md;docs/development/stage-workflow.md;docs/stages/p7/implementation/p7-w06-block-wakeup/README.md,,not-applicable,,,phase1-conservative-routing-classified,pending,Codex,2026-09-28,
f5b23932e7d2036811b2f9e89a9b71c174e4f5b4,docs/stages/p7/implementation/p7-w06-block-wakeup/04-implementation-workflow.md,3299ca98b73aa881846ed05012c7ad90d61b16fb,3299ca98b73aa881846ed05012c7ad90d61b16fb,unchanged,original-963,p7,L4-design-or-amendment,source-en,docs/stages/p7/implementation/p7-w06-block-wakeup/04-implementation-workflow.md,Proposed detailed design; implementation and validation are not claimed.,not-declared,,git-blob-only,conditional-design-approval-not-certified,proposed-design,P7-W06 implementation handoff.,docs/stages/p7/implementation/p7-w06-block-wakeup/README.md#header,docs/development/documentation-baseline.md;docs/development/stage-workflow.md;docs/stages/p7/implementation/p7-w06-block-wakeup/README.md,,not-applicable,,,phase1-conservative-routing-classified,pending,Codex,2026-09-28,
f5b23932e7d2036811b2f9e89a9b71c174e4f5b4,docs/stages/p7/implementation/p7-w06-block-wakeup/05-validation-and-handoff.md,3a23879a1321583d1002d1dbaaee2d3062acbe2d,3a23879a1321583d1002d1dbaaee2d3062acbe2d,unchanged,original-963,p7,L4-design-or-amendment,source-en,docs/stages/p7/implementation/p7-w06-block-wakeup/05-validation-and-handoff.md,Proposed detailed design; implementation and validation are not claimed.,not-declared,,git-blob-only,conditional-design-approval-not-certified,proposed-design,P7-W06 implementation handoff.,docs/stages/p7/implementation/p7-w06-block-wakeup/README.md#header,docs/development/documentation-baseline.md;docs/development/stage-workflow.md;docs/stages/p7/implementation/p7-w06-block-wakeup/README.md,,not-applicable,,,phase1-conservative-routing-classified,pending,Codex,2026-09-28,
f5b23932e7d2036811b2f9e89a9b71c174e4f5b4,docs/stages/p7/implementation/p7-w06-block-wakeup/README.md,fdd3ffb334b53e9ab7e42fc3d7056f82396dc0c6,fdd3ffb334b53e9ab7e42fc3d7056f82396dc0c6,unchanged,original-963,p7,L4-design-or-amendment,source-en,docs/stages/p7/implementation/p7-w06-block-wakeup/README.md,Proposed detailed design; implementation and validation are not claimed.,not-declared,,git-blob-only,conditional-design-approval-not-certified,proposed-design,P7-W06 implementation handoff.,docs/stages/p7/implementation/p7-w06-block-wakeup/README.md#header,docs/development/documentation-baseline.md;docs/development/stage-workflow.md;docs/stages/p7/implementation/p7-w06-block-wakeup/README.md,,not-applicable,,,phase1-conservative-routing-classified,pending,Codex,2026-09-28,
f5b23932e7d2036811b2f9e89a9b71c174e4f5b4,docs/stages/p7/implementation/p7-w07-pause-stop-fault/01-pause-stop-fault-architecture.md,871d61f1bd882f98146a51a782359cdd03ac7ab3,871d61f1bd882f98146a51a782359cdd03ac7ab3,unchanged,original-963,p7,L4-design-or-amendment,source-en,docs/stages/p7/implementation/p7-w07-pause-stop-fault/01-pause-stop-fault-architecture.md,Proposed detailed design; implementation and validation are not claimed.,not-declared,,git-blob-only,conditional-design-approval-not-certified,proposed-design,P7-W07 implementation handoff.,docs/stages/p7/implementation/p7-w07-pause-stop-fault/README.md#header,docs/development/documentation-baseline.md;docs/development/stage-workflow.md;docs/stages/p7/implementation/p7-w07-pause-stop-fault/README.md,,not-applicable,,,phase1-conservative-routing-classified,pending,Codex,2026-09-28,
f5b23932e7d2036811b2f9e89a9b71c174e4f5b4,docs/stages/p7/implementation/p7-w07-pause-stop-fault/02-code-contracts-pause-resume.md,42955ec591110d85c69527babcf602b090419922,42955ec591110d85c69527babcf602b090419922,unchanged,original-963,p7,L4-design-or-amendment,source-en,docs/stages/p7/implementation/p7-w07-pause-stop-fault/02-code-contracts-pause-resume.md,Proposed detailed design; implementation and validation are not claimed.,not-declared,,git-blob-only,conditional-design-approval-not-certified,proposed-design,P7-W07 implementation handoff.,docs/stages/p7/implementation/p7-w07-pause-stop-fault/README.md#header,docs/development/documentation-baseline.md;docs/development/stage-workflow.md;docs/stages/p7/implementation/p7-w07-pause-stop-fault/README.md,,not-applicable,,,phase1-conservative-routing-classified,pending,Codex,2026-09-28,
f5b23932e7d2036811b2f9e89a9b71c174e4f5b4,docs/stages/p7/implementation/p7-w07-pause-stop-fault/03-code-contracts-stop-fault.md,05b7a4af2bade5b65f571c05365b41f4a67e670a,05b7a4af2bade5b65f571c05365b41f4a67e670a,unchanged,original-963,p7,L4-design-or-amendment,source-en,docs/stages/p7/implementation/p7-w07-pause-stop-fault/03-code-contracts-stop-fault.md,Proposed detailed design; implementation and validation are not claimed.,not-declared,,git-blob-only,conditional-design-approval-not-certified,proposed-design,P7-W07 implementation handoff.,docs/stages/p7/implementation/p7-w07-pause-stop-fault/README.md#header,docs/development/documentation-baseline.md;docs/development/stage-workflow.md;docs/stages/p7/implementation/p7-w07-pause-stop-fault/README.md,,not-applicable,,,phase1-conservative-routing-classified,pending,Codex,2026-09-28,
f5b23932e7d2036811b2f9e89a9b71c174e4f5b4,docs/stages/p7/implementation/p7-w07-pause-stop-fault/04-implementation-workflow.md,02aec3d7eb832e4123204dda7d135b7daa87ea49,02aec3d7eb832e4123204dda7d135b7daa87ea49,unchanged,original-963,p7,L4-design-or-amendment,source-en,docs/stages/p7/implementation/p7-w07-pause-stop-fault/04-implementation-workflow.md,Proposed detailed design; implementation and validation are not claimed.,not-declared,,git-blob-only,conditional-design-approval-not-certified,proposed-design,P7-W07 implementation handoff.,docs/stages/p7/implementation/p7-w07-pause-stop-fault/README.md#header,docs/development/documentation-baseline.md;docs/development/stage-workflow.md;docs/stages/p7/implementation/p7-w07-pause-stop-fault/README.md,,not-applicable,,,phase1-conservative-routing-classified,pending,Codex,2026-09-28,
f5b23932e7d2036811b2f9e89a9b71c174e4f5b4,docs/stages/p7/implementation/p7-w07-pause-stop-fault/05-validation-and-handoff.md,1b24dcbdab2cb324b6a55cd64f5a1bc6935aa388,1b24dcbdab2cb324b6a55cd64f5a1bc6935aa388,unchanged,original-963,p7,L4-design-or-amendment,source-en,docs/stages/p7/implementation/p7-w07-pause-stop-fault/05-validation-and-handoff.md,Proposed detailed design; implementation and validation are not claimed.,not-declared,,git-blob-only,conditional-design-approval-not-certified,proposed-design,P7-W07 implementation handoff.,docs/stages/p7/implementation/p7-w07-pause-stop-fault/README.md#header,docs/development/documentation-baseline.md;docs/development/stage-workflow.md;docs/stages/p7/implementation/p7-w07-pause-stop-fault/README.md,,not-applicable,,,phase1-conservative-routing-classified,pending,Codex,2026-09-28,
f5b23932e7d2036811b2f9e89a9b71c174e4f5b4,docs/stages/p7/implementation/p7-w07-pause-stop-fault/README.md,44114a6c8c8986b459ca071e841bbc837da4a651,44114a6c8c8986b459ca071e841bbc837da4a651,unchanged,original-963,p7,L4-design-or-amendment,source-en,docs/stages/p7/implementation/p7-w07-pause-stop-fault/README.md,Proposed detailed design; implementation and validation are not claimed.,not-declared,,git-blob-only,conditional-design-approval-not-certified,proposed-design,P7-W07 implementation handoff.,docs/stages/p7/implementation/p7-w07-pause-stop-fault/README.md#header,docs/development/documentation-baseline.md;docs/development/stage-workflow.md;docs/stages/p7/implementation/p7-w07-pause-stop-fault/README.md,,not-applicable,,,phase1-conservative-routing-classified,pending,Codex,2026-09-28,
f5b23932e7d2036811b2f9e89a9b71c174e4f5b4,docs/stages/p7/implementation/p7-w08-smp-reschedule-idle/01-smp-scheduler-architecture.md,f83f4948ac93b6db17fbf7fe5b9bed424e3b0bb2,f83f4948ac93b6db17fbf7fe5b9bed424e3b0bb2,unchanged,original-963,p7,L4-design-or-amendment,source-en,docs/stages/p7/implementation/p7-w08-smp-reschedule-idle/01-smp-scheduler-architecture.md,Proposed detailed design; implementation and validation are not claimed.,not-declared,,git-blob-only,conditional-design-approval-not-certified,proposed-design,P7-W08 implementation handoff.,docs/stages/p7/implementation/p7-w08-smp-reschedule-idle/README.md#header,docs/development/documentation-baseline.md;docs/development/stage-workflow.md;docs/stages/p7/implementation/p7-w08-smp-reschedule-idle/README.md,,not-applicable,,,phase1-conservative-routing-classified,pending,Codex,2026-09-28,
f5b23932e7d2036811b2f9e89a9b71c174e4f5b4,docs/stages/p7/implementation/p7-w08-smp-reschedule-idle/02-code-contracts-reschedule.md,e0e0e31d01bc68c690d9e5338430438ca3c09463,e0e0e31d01bc68c690d9e5338430438ca3c09463,unchanged,original-963,p7,L4-design-or-amendment,source-en,docs/stages/p7/implementation/p7-w08-smp-reschedule-idle/02-code-contracts-reschedule.md,Proposed detailed design; implementation and validation are not claimed.,not-declared,,git-blob-only,conditional-design-approval-not-certified,proposed-design,P7-W08 implementation handoff.,docs/stages/p7/implementation/p7-w08-smp-reschedule-idle/README.md#header,docs/development/documentation-baseline.md;docs/development/stage-workflow.md;docs/stages/p7/implementation/p7-w08-smp-reschedule-idle/README.md,,not-applicable,,,phase1-conservative-routing-classified,pending,Codex,2026-09-28,
f5b23932e7d2036811b2f9e89a9b71c174e4f5b4,docs/stages/p7/implementation/p7-w08-smp-reschedule-idle/03-code-contracts-idle.md,312a5487c4dc0bd8799c85f7dfa8692f9eaee0b4,312a5487c4dc0bd8799c85f7dfa8692f9eaee0b4,unchanged,original-963,p7,L4-design-or-amendment,source-en,docs/stages/p7/implementation/p7-w08-smp-reschedule-idle/03-code-contracts-idle.md,Proposed detailed design; implementation and validation are not claimed.,not-declared,,git-blob-only,conditional-design-approval-not-certified,proposed-design,P7-W08 implementation handoff.,docs/stages/p7/implementation/p7-w08-smp-reschedule-idle/README.md#header,docs/development/documentation-baseline.md;docs/development/stage-workflow.md;docs/stages/p7/implementation/p7-w08-smp-reschedule-idle/README.md,,not-applicable,,,phase1-conservative-routing-classified,pending,Codex,2026-09-28,
f5b23932e7d2036811b2f9e89a9b71c174e4f5b4,docs/stages/p7/implementation/p7-w08-smp-reschedule-idle/04-implementation-workflow.md,2454f52e92e3ae6727f2494271023543bfe96255,2454f52e92e3ae6727f2494271023543bfe96255,unchanged,original-963,p7,L4-design-or-amendment,source-en,docs/stages/p7/implementation/p7-w08-smp-reschedule-idle/04-implementation-workflow.md,Proposed detailed design; implementation and validation are not claimed.,not-declared,,git-blob-only,conditional-design-approval-not-certified,proposed-design,P7-W08 implementation handoff.,docs/stages/p7/implementation/p7-w08-smp-reschedule-idle/README.md#header,docs/development/documentation-baseline.md;docs/development/stage-workflow.md;docs/stages/p7/implementation/p7-w08-smp-reschedule-idle/README.md,,not-applicable,,,phase1-conservative-routing-classified,pending,Codex,2026-09-28,
f5b23932e7d2036811b2f9e89a9b71c174e4f5b4,docs/stages/p7/implementation/p7-w08-smp-reschedule-idle/05-validation-and-handoff.md,747fae7a904912531000e3d45ee085552a70bfdd,747fae7a904912531000e3d45ee085552a70bfdd,unchanged,original-963,p7,L4-design-or-amendment,source-en,docs/stages/p7/implementation/p7-w08-smp-reschedule-idle/05-validation-and-handoff.md,Proposed detailed design; implementation and validation are not claimed.,not-declared,,git-blob-only,conditional-design-approval-not-certified,proposed-design,P7-W08 implementation handoff.,docs/stages/p7/implementation/p7-w08-smp-reschedule-idle/README.md#header,docs/development/documentation-baseline.md;docs/development/stage-workflow.md;docs/stages/p7/implementation/p7-w08-smp-reschedule-idle/README.md,,not-applicable,,,phase1-conservative-routing-classified,pending,Codex,2026-09-28,
f5b23932e7d2036811b2f9e89a9b71c174e4f5b4,docs/stages/p7/implementation/p7-w08-smp-reschedule-idle/README.md,286932be6e6782ec60d5e34a3f9b6e13460fd7dd,286932be6e6782ec60d5e34a3f9b6e13460fd7dd,unchanged,original-963,p7,L4-design-or-amendment,source-en,docs/stages/p7/implementation/p7-w08-smp-reschedule-idle/README.md,Proposed detailed design; implementation and validation are not claimed.,not-declared,,git-blob-only,conditional-design-approval-not-certified,proposed-design,P7-W08 implementation handoff.,docs/stages/p7/implementation/p7-w08-smp-reschedule-idle/README.md#header,docs/development/documentation-baseline.md;docs/development/stage-workflow.md;docs/stages/p7/implementation/p7-w08-smp-reschedule-idle/README.md,,not-applicable,,,phase1-conservative-routing-classified,pending,Codex,2026-09-28,
f5b23932e7d2036811b2f9e89a9b71c174e4f5b4,docs/stages/p7/implementation/p7-w09-accounting-diagnostics/01-accounting-model.md,24f7411f64746d1af07f07e165a68fa47b917f8e,24f7411f64746d1af07f07e165a68fa47b917f8e,unchanged,original-963,p7,L4-design-or-amendment,source-en,docs/stages/p7/implementation/p7-w09-accounting-diagnostics/01-accounting-model.md,Proposed detailed design; implementation and validation are not claimed.,not-declared,,git-blob-only,conditional-design-approval-not-certified,proposed-design,P7-W09 implementation handoff.,docs/stages/p7/implementation/p7-w09-accounting-diagnostics/README.md#header,docs/development/documentation-baseline.md;docs/development/stage-workflow.md;docs/stages/p7/implementation/p7-w09-accounting-diagnostics/README.md,,not-applicable,,,phase1-conservative-routing-classified,pending,Codex,2026-09-28,
f5b23932e7d2036811b2f9e89a9b71c174e4f5b4,docs/stages/p7/implementation/p7-w09-accounting-diagnostics/02-code-contracts-accounting.md,1d2fc331a436339e8126ba8f732926a59b7a800b,1d2fc331a436339e8126ba8f732926a59b7a800b,unchanged,original-963,p7,L4-design-or-amendment,source-en,docs/stages/p7/implementation/p7-w09-accounting-diagnostics/02-code-contracts-accounting.md,Proposed detailed design; implementation and validation are not claimed.,not-declared,,git-blob-only,conditional-design-approval-not-certified,proposed-design,P7-W09 implementation handoff.,docs/stages/p7/implementation/p7-w09-accounting-diagnostics/README.md#header,docs/development/documentation-baseline.md;docs/development/stage-workflow.md;docs/stages/p7/implementation/p7-w09-accounting-diagnostics/README.md,,not-applicable,,,phase1-conservative-routing-classified,pending,Codex,2026-09-28,
f5b23932e7d2036811b2f9e89a9b71c174e4f5b4,docs/stages/p7/implementation/p7-w09-accounting-diagnostics/03-code-contracts-trace-diagnostics.md,4912386cf25cd30980991918dd5a06c6484827e2,4912386cf25cd30980991918dd5a06c6484827e2,unchanged,original-963,p7,L4-design-or-amendment,source-en,docs/stages/p7/implementation/p7-w09-accounting-diagnostics/03-code-contracts-trace-diagnostics.md,Proposed detailed design; implementation and validation are not claimed.,not-declared,,git-blob-only,conditional-design-approval-not-certified,proposed-design,P7-W09 implementation handoff.,docs/stages/p7/implementation/p7-w09-accounting-diagnostics/README.md#header,docs/development/documentation-baseline.md;docs/development/stage-workflow.md;docs/stages/p7/implementation/p7-w09-accounting-diagnostics/README.md,,not-applicable,,,phase1-conservative-routing-classified,pending,Codex,2026-09-28,
f5b23932e7d2036811b2f9e89a9b71c174e4f5b4,docs/stages/p7/implementation/p7-w09-accounting-diagnostics/04-implementation-workflow.md,a2e6028526aa10357d9d9b5cfaa59546c1993405,a2e6028526aa10357d9d9b5cfaa59546c1993405,unchanged,original-963,p7,L4-design-or-amendment,source-en,docs/stages/p7/implementation/p7-w09-accounting-diagnostics/04-implementation-workflow.md,Proposed detailed design; implementation and validation are not claimed.,not-declared,,git-blob-only,conditional-design-approval-not-certified,proposed-design,P7-W09 implementation handoff.,docs/stages/p7/implementation/p7-w09-accounting-diagnostics/README.md#header,docs/development/documentation-baseline.md;docs/development/stage-workflow.md;docs/stages/p7/implementation/p7-w09-accounting-diagnostics/README.md,,not-applicable,,,phase1-conservative-routing-classified,pending,Codex,2026-09-28,
f5b23932e7d2036811b2f9e89a9b71c174e4f5b4,docs/stages/p7/implementation/p7-w09-accounting-diagnostics/05-validation-and-handoff.md,e9a1ec8e8ad1a96dccf7b4e062eca0766973da4f,e9a1ec8e8ad1a96dccf7b4e062eca0766973da4f,unchanged,original-963,p7,L4-design-or-amendment,source-en,docs/stages/p7/implementation/p7-w09-accounting-diagnostics/05-validation-and-handoff.md,Proposed detailed design; implementation and validation are not claimed.,not-declared,,git-blob-only,conditional-design-approval-not-certified,proposed-design,P7-W09 implementation handoff.,docs/stages/p7/implementation/p7-w09-accounting-diagnostics/README.md#header,docs/development/documentation-baseline.md;docs/development/stage-workflow.md;docs/stages/p7/implementation/p7-w09-accounting-diagnostics/README.md,,not-applicable,,,phase1-conservative-routing-classified,pending,Codex,2026-09-28,
f5b23932e7d2036811b2f9e89a9b71c174e4f5b4,docs/stages/p7/implementation/p7-w09-accounting-diagnostics/README.md,3f47b51fc276544a2fd143e002ac4a64e2dbce28,3f47b51fc276544a2fd143e002ac4a64e2dbce28,unchanged,original-963,p7,L4-design-or-amendment,source-en,docs/stages/p7/implementation/p7-w09-accounting-diagnostics/README.md,Proposed detailed design; implementation and validation are not claimed.,not-declared,,git-blob-only,conditional-design-approval-not-certified,proposed-design,P7-W09 implementation handoff.,docs/stages/p7/implementation/p7-w09-accounting-diagnostics/README.md#header,docs/development/documentation-baseline.md;docs/development/stage-workflow.md;docs/stages/p7/implementation/p7-w09-accounting-diagnostics/README.md,,not-applicable,,,phase1-conservative-routing-classified,pending,Codex,2026-09-28,
f5b23932e7d2036811b2f9e89a9b71c174e4f5b4,docs/stages/p7/implementation/p7-w10-validation-guest-suite/01-scenario-suite.md,b605b581230a3465cb1f1884d11171a8792b6635,b605b581230a3465cb1f1884d11171a8792b6635,unchanged,original-963,p7,L4-design-or-amendment,source-en,docs/stages/p7/implementation/p7-w10-validation-guest-suite/01-scenario-suite.md,Proposed detailed design; implementation and validation are not claimed.,not-declared,,git-blob-only,conditional-design-approval-not-certified,proposed-design,P7-W10 implementation handoff.,docs/stages/p7/implementation/p7-w10-validation-guest-suite/README.md#header,docs/development/documentation-baseline.md;docs/development/stage-workflow.md;docs/stages/p7/implementation/p7-w10-validation-guest-suite/README.md,,not-applicable,,,phase1-conservative-routing-classified,pending,Codex,2026-09-28,
f5b23932e7d2036811b2f9e89a9b71c174e4f5b4,docs/stages/p7/implementation/p7-w10-validation-guest-suite/02-guest-test-asset-contract.md,c651f95d617cdf21aeaa34294dcf13092e2e3448,c651f95d617cdf21aeaa34294dcf13092e2e3448,unchanged,original-963,p7,L4-design-or-amendment,source-en,docs/stages/p7/implementation/p7-w10-validation-guest-suite/02-guest-test-asset-contract.md,Proposed detailed design; implementation and validation are not claimed.,not-declared,,git-blob-only,conditional-design-approval-not-certified,proposed-design,P7-W10 implementation handoff.,docs/stages/p7/implementation/p7-w10-validation-guest-suite/README.md#header,docs/development/documentation-baseline.md;docs/development/stage-workflow.md;docs/stages/p7/implementation/p7-w10-validation-guest-suite/README.md,,not-applicable,,,phase1-conservative-routing-classified,pending,Codex,2026-09-28,
f5b23932e7d2036811b2f9e89a9b71c174e4f5b4,docs/stages/p7/implementation/p7-w10-validation-guest-suite/03-implementation-workflow.md,529ef7fce1306d158588ec528641a1d47c59cca8,529ef7fce1306d158588ec528641a1d47c59cca8,unchanged,original-963,p7,L4-design-or-amendment,source-en,docs/stages/p7/implementation/p7-w10-validation-guest-suite/03-implementation-workflow.md,Proposed detailed design; implementation and validation are not claimed.,not-declared,,git-blob-only,conditional-design-approval-not-certified,proposed-design,P7-W10 implementation handoff.,docs/stages/p7/implementation/p7-w10-validation-guest-suite/README.md#header,docs/development/documentation-baseline.md;docs/development/stage-workflow.md;docs/stages/p7/implementation/p7-w10-validation-guest-suite/README.md,,not-applicable,,,phase1-conservative-routing-classified,pending,Codex,2026-09-28,
f5b23932e7d2036811b2f9e89a9b71c174e4f5b4,docs/stages/p7/implementation/p7-w10-validation-guest-suite/04-validation-and-handoff.md,c783b36274d1885adfb2cb8324c145e2a5938758,c783b36274d1885adfb2cb8324c145e2a5938758,unchanged,original-963,p7,L4-design-or-amendment,source-en,docs/stages/p7/implementation/p7-w10-validation-guest-suite/04-validation-and-handoff.md,Proposed detailed design; implementation and validation are not claimed.,not-declared,,git-blob-only,conditional-design-approval-not-certified,proposed-design,P7-W10 implementation handoff.,docs/stages/p7/implementation/p7-w10-validation-guest-suite/README.md#header,docs/development/documentation-baseline.md;docs/development/stage-workflow.md;docs/stages/p7/implementation/p7-w10-validation-guest-suite/README.md,,not-applicable,,,phase1-conservative-routing-classified,pending,Codex,2026-09-28,
f5b23932e7d2036811b2f9e89a9b71c174e4f5b4,docs/stages/p7/implementation/p7-w10-validation-guest-suite/README.md,32c124cdc14f456aedccdfd81a52e68d0a9f3cc5,32c124cdc14f456aedccdfd81a52e68d0a9f3cc5,unchanged,original-963,p7,L4-design-or-amendment,source-en,docs/stages/p7/implementation/p7-w10-validation-guest-suite/README.md,Proposed detailed design; implementation and validation are not claimed.,not-declared,,git-blob-only,conditional-design-approval-not-certified,proposed-design,P7-W10 implementation handoff.,docs/stages/p7/implementation/p7-w10-validation-guest-suite/README.md#header,docs/development/documentation-baseline.md;docs/development/stage-workflow.md;docs/stages/p7/implementation/p7-w10-validation-guest-suite/README.md,,not-applicable,,,phase1-conservative-routing-classified,pending,Codex,2026-09-28,
f5b23932e7d2036811b2f9e89a9b71c174e4f5b4,docs/stages/p7/implementation/p7-w11-stress-invariants/01-stress-scenario-matrices.md,9ce0261bed436fd378701917f7db838e7be9d3e0,9ce0261bed436fd378701917f7db838e7be9d3e0,unchanged,original-963,p7,L4-design-or-amendment,source-en,docs/stages/p7/implementation/p7-w11-stress-invariants/01-stress-scenario-matrices.md,Proposed detailed design; implementation and validation are not claimed.,not-declared,,git-blob-only,conditional-design-approval-not-certified,proposed-design,P7-W11 implementation handoff.,docs/stages/p7/implementation/p7-w11-stress-invariants/README.md#header,docs/development/documentation-baseline.md;docs/development/stage-workflow.md;docs/stages/p7/implementation/p7-w11-stress-invariants/README.md,,not-applicable,,,phase1-conservative-routing-classified,pending,Codex,2026-09-28,
f5b23932e7d2036811b2f9e89a9b71c174e4f5b4,docs/stages/p7/implementation/p7-w11-stress-invariants/02-invariant-checks-and-failure-signals.md,85a349c45f9029dfb1862e5d62236b8f75d29db1,85a349c45f9029dfb1862e5d62236b8f75d29db1,unchanged,original-963,p7,L4-design-or-amendment,source-en,docs/stages/p7/implementation/p7-w11-stress-invariants/02-invariant-checks-and-failure-signals.md,Proposed detailed design; implementation and validation are not claimed.,not-declared,,git-blob-only,conditional-design-approval-not-certified,proposed-design,P7-W11 implementation handoff.,docs/stages/p7/implementation/p7-w11-stress-invariants/README.md#header,docs/development/documentation-baseline.md;docs/development/stage-workflow.md;docs/stages/p7/implementation/p7-w11-stress-invariants/README.md,,not-applicable,,,phase1-conservative-routing-classified,pending,Codex,2026-09-28,
f5b23932e7d2036811b2f9e89a9b71c174e4f5b4,docs/stages/p7/implementation/p7-w11-stress-invariants/03-workflow-and-acceptance.md,383e53db0f13bcc164cb256fc76dbf39c7bf8a7a,383e53db0f13bcc164cb256fc76dbf39c7bf8a7a,unchanged,original-963,p7,L4-design-or-amendment,source-en,docs/stages/p7/implementation/p7-w11-stress-invariants/03-workflow-and-acceptance.md,Proposed detailed design; implementation and validation are not claimed.,not-declared,,git-blob-only,conditional-design-approval-not-certified,proposed-design,P7-W11 implementation handoff.,docs/stages/p7/implementation/p7-w11-stress-invariants/README.md#header,docs/development/documentation-baseline.md;docs/development/stage-workflow.md;docs/stages/p7/implementation/p7-w11-stress-invariants/README.md,,not-applicable,,,phase1-conservative-routing-classified,pending,Codex,2026-09-28,
f5b23932e7d2036811b2f9e89a9b71c174e4f5b4,docs/stages/p7/implementation/p7-w11-stress-invariants/README.md,4bf6256abaf5d1d0be11b33b469123601304c1f3,4bf6256abaf5d1d0be11b33b469123601304c1f3,unchanged,original-963,p7,L4-design-or-amendment,source-en,docs/stages/p7/implementation/p7-w11-stress-invariants/README.md,Proposed detailed design; implementation and validation are not claimed.,not-declared,,git-blob-only,conditional-design-approval-not-certified,proposed-design,P7-W11 implementation handoff.,docs/stages/p7/implementation/p7-w11-stress-invariants/README.md#header,docs/development/documentation-baseline.md;docs/development/stage-workflow.md;docs/stages/p7/implementation/p7-w11-stress-invariants/README.md,,not-applicable,,,phase1-conservative-routing-classified,pending,Codex,2026-09-28,
f5b23932e7d2036811b2f9e89a9b71c174e4f5b4,docs/stages/p7/implementation/p7-w12-qemu-regression/01-regression-matrix-and-runner-contract.md,14ea65ad924f47fba6df94c8020277f72deb8a38,14ea65ad924f47fba6df94c8020277f72deb8a38,unchanged,original-963,p7,L4-design-or-amendment,source-en,docs/stages/p7/implementation/p7-w12-qemu-regression/01-regression-matrix-and-runner-contract.md,Proposed detailed design; implementation and validation are not claimed.,not-declared,,git-blob-only,conditional-design-approval-not-certified,proposed-design,P7-W12 implementation handoff.,docs/stages/p7/implementation/p7-w12-qemu-regression/README.md#header,docs/development/documentation-baseline.md;docs/development/stage-workflow.md;docs/stages/p7/implementation/p7-w12-qemu-regression/README.md,,not-applicable,,,phase1-conservative-routing-classified,pending,Codex,2026-09-28,
f5b23932e7d2036811b2f9e89a9b71c174e4f5b4,docs/stages/p7/implementation/p7-w12-qemu-regression/02-workflow-and-acceptance.md,9a91417201430fbf8676821493240ea4b26ed185,9a91417201430fbf8676821493240ea4b26ed185,unchanged,original-963,p7,L4-design-or-amendment,source-en,docs/stages/p7/implementation/p7-w12-qemu-regression/02-workflow-and-acceptance.md,Proposed detailed design; implementation and validation are not claimed.,not-declared,,git-blob-only,conditional-design-approval-not-certified,proposed-design,P7-W12 implementation handoff.,docs/stages/p7/implementation/p7-w12-qemu-regression/README.md#header,docs/development/documentation-baseline.md;docs/development/stage-workflow.md;docs/stages/p7/implementation/p7-w12-qemu-regression/README.md,,not-applicable,,,phase1-conservative-routing-classified,pending,Codex,2026-09-28,
f5b23932e7d2036811b2f9e89a9b71c174e4f5b4,docs/stages/p7/implementation/p7-w12-qemu-regression/README.md,e5d80b556094f616588584127f19ebb9b3b5fe97,e5d80b556094f616588584127f19ebb9b3b5fe97,unchanged,original-963,p7,L4-design-or-amendment,source-en,docs/stages/p7/implementation/p7-w12-qemu-regression/README.md,Proposed detailed design; implementation and validation are not claimed.,not-declared,,git-blob-only,conditional-design-approval-not-certified,proposed-design,P7-W12 implementation handoff.,docs/stages/p7/implementation/p7-w12-qemu-regression/README.md#header,docs/development/documentation-baseline.md;docs/development/stage-workflow.md;docs/stages/p7/implementation/p7-w12-qemu-regression/README.md,,not-applicable,,,phase1-conservative-routing-classified,pending,Codex,2026-09-28,
f5b23932e7d2036811b2f9e89a9b71c174e4f5b4,docs/stages/p7/implementation/p7-w13-performance-baseline/01-measurement-method.md,837caa2b149d307e90289631f910a913b144bf8d,837caa2b149d307e90289631f910a913b144bf8d,unchanged,original-963,p7,L4-design-or-amendment,source-en,docs/stages/p7/implementation/p7-w13-performance-baseline/01-measurement-method.md,Proposed detailed design; implementation and validation are not claimed.,not-declared,,git-blob-only,conditional-design-approval-not-certified,proposed-design,P7-W13 implementation handoff.,docs/stages/p7/implementation/p7-w13-performance-baseline/README.md#header,docs/development/documentation-baseline.md;docs/development/stage-workflow.md;docs/stages/p7/implementation/p7-w13-performance-baseline/README.md,,not-applicable,,,phase1-conservative-routing-classified,pending,Codex,2026-09-28,
f5b23932e7d2036811b2f9e89a9b71c174e4f5b4,docs/stages/p7/implementation/p7-w13-performance-baseline/02-scenarios-and-comparison.md,43153f79ba0e9e6dca2fe79e9219445ca1516da3,43153f79ba0e9e6dca2fe79e9219445ca1516da3,unchanged,original-963,p7,L4-design-or-amendment,source-en,docs/stages/p7/implementation/p7-w13-performance-baseline/02-scenarios-and-comparison.md,Proposed detailed design; implementation and validation are not claimed.,not-declared,,git-blob-only,conditional-design-approval-not-certified,proposed-design,P7-W13 implementation handoff.,docs/stages/p7/implementation/p7-w13-performance-baseline/README.md#header,docs/development/documentation-baseline.md;docs/development/stage-workflow.md;docs/stages/p7/implementation/p7-w13-performance-baseline/README.md,,not-applicable,,,phase1-conservative-routing-classified,pending,Codex,2026-09-28,
f5b23932e7d2036811b2f9e89a9b71c174e4f5b4,docs/stages/p7/implementation/p7-w13-performance-baseline/03-workflow-and-acceptance.md,6d2de7f23273a4ca9bfcf3fc748e9ad80698522a,6d2de7f23273a4ca9bfcf3fc748e9ad80698522a,unchanged,original-963,p7,L4-design-or-amendment,source-en,docs/stages/p7/implementation/p7-w13-performance-baseline/03-workflow-and-acceptance.md,Proposed detailed design; implementation and validation are not claimed.,not-declared,,git-blob-only,conditional-design-approval-not-certified,proposed-design,P7-W13 implementation handoff.,docs/stages/p7/implementation/p7-w13-performance-baseline/README.md#header,docs/development/documentation-baseline.md;docs/development/stage-workflow.md;docs/stages/p7/implementation/p7-w13-performance-baseline/README.md,,not-applicable,,,phase1-conservative-routing-classified,pending,Codex,2026-09-28,
f5b23932e7d2036811b2f9e89a9b71c174e4f5b4,docs/stages/p7/implementation/p7-w13-performance-baseline/README.md,7e8095a2f168a48081378354c2f8e9bd7f035a9a,7e8095a2f168a48081378354c2f8e9bd7f035a9a,unchanged,original-963,p7,L4-design-or-amendment,source-en,docs/stages/p7/implementation/p7-w13-performance-baseline/README.md,Proposed detailed design; implementation and validation are not claimed.,not-declared,,git-blob-only,conditional-design-approval-not-certified,proposed-design,P7-W13 implementation handoff.,docs/stages/p7/implementation/p7-w13-performance-baseline/README.md#header,docs/development/documentation-baseline.md;docs/development/stage-workflow.md;docs/stages/p7/implementation/p7-w13-performance-baseline/README.md,,not-applicable,,,phase1-conservative-routing-classified,pending,Codex,2026-09-28,
f5b23932e7d2036811b2f9e89a9b71c174e4f5b4,docs/stages/p7/implementation/p7-w14-documentation-p8-handoff/01-closure-and-handoff-workflow.md,a83ddf8b292bfb40f1864b480dd425568fcecd2f,a83ddf8b292bfb40f1864b480dd425568fcecd2f,unchanged,original-963,p7,L4-design-or-amendment,source-en,docs/stages/p7/implementation/p7-w14-documentation-p8-handoff/01-closure-and-handoff-workflow.md,Proposed detailed design; implementation and validation are not claimed.,not-declared,,git-blob-only,conditional-design-approval-not-certified,proposed-design,P7-W14 implementation handoff.,docs/stages/p7/implementation/p7-w14-documentation-p8-handoff/README.md#header,docs/development/documentation-baseline.md;docs/development/stage-workflow.md;docs/stages/p7/implementation/p7-w14-documentation-p8-handoff/README.md,,not-applicable,,,phase1-conservative-routing-classified,pending,Codex,2026-09-28,
f5b23932e7d2036811b2f9e89a9b71c174e4f5b4,docs/stages/p7/implementation/p7-w14-documentation-p8-handoff/README.md,65989b8b48a047861d3b329a3fa93165b498afa4,65989b8b48a047861d3b329a3fa93165b498afa4,unchanged,original-963,p7,L4-design-or-amendment,source-en,docs/stages/p7/implementation/p7-w14-documentation-p8-handoff/README.md,Proposed detailed design; implementation and validation are not claimed.,not-declared,,git-blob-only,conditional-design-approval-not-certified,proposed-design,P7-W14 implementation handoff.,docs/stages/p7/implementation/p7-w14-documentation-p8-handoff/README.md#header,docs/development/documentation-baseline.md;docs/development/stage-workflow.md;docs/stages/p7/implementation/p7-w14-documentation-p8-handoff/README.md,,not-applicable,,,phase1-conservative-routing-classified,pending,Codex,2026-09-28,
f5b23932e7d2036811b2f9e89a9b71c174e4f5b4,docs/stages/p7/plans/README.md,60d77c6ee62773c7f5fb132677c3bf31d5abc73b,60d77c6ee62773c7f5fb132677c3bf31d5abc73b,unchanged,original-963,p7,L3-plan-index,source-en,docs/stages/p7/plans/README.md,Planning index. Plans are bounded work packages; implementation and evidence are not claimed.,not-declared,,git-blob-only,bounded-planning-not-code-admission,planning,P7 stage maintainers,routing responsibility; no named person asserted,docs/development/documentation-baseline.md;docs/development/stage-workflow.md,,not-applicable,,,phase1-conservative-routing-classified,pending,Codex,2026-09-28,
f5b23932e7d2036811b2f9e89a9b71c174e4f5b4,docs/stages/p7/plans/p7-w01-entry-contract-reconciliation.md,0702f09d0049c5e09a3da72f4e87fbfcaefc8337,0702f09d0049c5e09a3da72f4e87fbfcaefc8337,unchanged,original-963,p7,L3-package-plan,source-en,docs/stages/p7/plans/p7-w01-entry-contract-reconciliation.md,Planned work package; implementation not claimed,not-declared,,git-blob-only,bounded-planning-not-code-admission,planning,P7-W01,routing responsibility; no named person asserted,docs/development/documentation-baseline.md;docs/development/stage-workflow.md;docs/stages/p7/task-book-v0.1.md,,not-applicable,,,phase1-conservative-routing-classified,pending,Codex,2026-09-28,
f5b23932e7d2036811b2f9e89a9b71c174e4f5b4,docs/stages/p7/plans/p7-w02-scheduler-admission-lifecycle.md,d8f48fbe3ab422f9c776b430f17865675ea33be3,d8f48fbe3ab422f9c776b430f17865675ea33be3,unchanged,original-963,p7,L3-package-plan,source-en,docs/stages/p7/plans/p7-w02-scheduler-admission-lifecycle.md,Planned work package; implementation not claimed,not-declared,,git-blob-only,bounded-planning-not-code-admission,planning,P7-W02,routing responsibility; no named person asserted,docs/development/documentation-baseline.md;docs/development/stage-workflow.md;docs/stages/p7/task-book-v0.1.md,,not-applicable,,,phase1-conservative-routing-classified,pending,Codex,2026-09-28,
f5b23932e7d2036811b2f9e89a9b71c174e4f5b4,docs/stages/p7/plans/p7-w03-placement-configuration.md,4ead9581d3159aed41071dce0d408032b222ec74,4ead9581d3159aed41071dce0d408032b222ec74,unchanged,original-963,p7,L3-package-plan,source-en,docs/stages/p7/plans/p7-w03-placement-configuration.md,Planned work package; implementation not claimed,not-declared,,git-blob-only,bounded-planning-not-code-admission,planning,P7-W03,routing responsibility; no named person asserted,docs/development/documentation-baseline.md;docs/development/stage-workflow.md;docs/stages/p7/task-book-v0.1.md,,not-applicable,,,phase1-conservative-routing-classified,pending,Codex,2026-09-28,
f5b23932e7d2036811b2f9e89a9b71c174e4f5b4,docs/stages/p7/plans/p7-w04-preemption-context-switch.md,04bfec3991efa6f71e550973a84cb0cc16df8377,04bfec3991efa6f71e550973a84cb0cc16df8377,unchanged,original-963,p7,L3-package-plan,source-en,docs/stages/p7/plans/p7-w04-preemption-context-switch.md,Planned work package; implementation not claimed,not-declared,,git-blob-only,bounded-planning-not-code-admission,planning,P7-W04,routing responsibility; no named person asserted,docs/development/documentation-baseline.md;docs/development/stage-workflow.md;docs/stages/p7/task-book-v0.1.md,,not-applicable,,,phase1-conservative-routing-classified,pending,Codex,2026-09-28,
f5b23932e7d2036811b2f9e89a9b71c174e4f5b4,docs/stages/p7/plans/p7-w05-shared-mn-multivm.md,470e5f6ce10baa2020e6c13cb32624efdee52bb8,470e5f6ce10baa2020e6c13cb32624efdee52bb8,unchanged,original-963,p7,L3-package-plan,source-en,docs/stages/p7/plans/p7-w05-shared-mn-multivm.md,Planned work package; implementation not claimed,not-declared,,git-blob-only,bounded-planning-not-code-admission,planning,P7-W05,routing responsibility; no named person asserted,docs/development/documentation-baseline.md;docs/development/stage-workflow.md;docs/stages/p7/task-book-v0.1.md,,not-applicable,,,phase1-conservative-routing-classified,pending,Codex,2026-09-28,
f5b23932e7d2036811b2f9e89a9b71c174e4f5b4,docs/stages/p7/plans/p7-w06-block-wakeup.md,28df6b8e46c6d358aa389dedd2f6a0254e1ea21f,28df6b8e46c6d358aa389dedd2f6a0254e1ea21f,unchanged,original-963,p7,L3-package-plan,source-en,docs/stages/p7/plans/p7-w06-block-wakeup.md,Planned work package; implementation not claimed,not-declared,,git-blob-only,bounded-planning-not-code-admission,planning,P7-W06,routing responsibility; no named person asserted,docs/development/documentation-baseline.md;docs/development/stage-workflow.md;docs/stages/p7/task-book-v0.1.md,,not-applicable,,,phase1-conservative-routing-classified,pending,Codex,2026-09-28,
f5b23932e7d2036811b2f9e89a9b71c174e4f5b4,docs/stages/p7/plans/p7-w07-pause-stop-fault.md,6fbb7b0f6d861f6d0ddcbe18bcd9cff3e17ab95b,6fbb7b0f6d861f6d0ddcbe18bcd9cff3e17ab95b,unchanged,original-963,p7,L3-package-plan,source-en,docs/stages/p7/plans/p7-w07-pause-stop-fault.md,Planned work package; implementation not claimed,not-declared,,git-blob-only,bounded-planning-not-code-admission,planning,P7-W07,routing responsibility; no named person asserted,docs/development/documentation-baseline.md;docs/development/stage-workflow.md;docs/stages/p7/task-book-v0.1.md,,not-applicable,,,phase1-conservative-routing-classified,pending,Codex,2026-09-28,
f5b23932e7d2036811b2f9e89a9b71c174e4f5b4,docs/stages/p7/plans/p7-w08-smp-reschedule-idle.md,ec2202aeb0878ee88a9fdc6242eee68a94e3622e,ec2202aeb0878ee88a9fdc6242eee68a94e3622e,unchanged,original-963,p7,L3-package-plan,source-en,docs/stages/p7/plans/p7-w08-smp-reschedule-idle.md,Planned work package; implementation not claimed,not-declared,,git-blob-only,bounded-planning-not-code-admission,planning,P7-W08,routing responsibility; no named person asserted,docs/development/documentation-baseline.md;docs/development/stage-workflow.md;docs/stages/p7/task-book-v0.1.md,,not-applicable,,,phase1-conservative-routing-classified,pending,Codex,2026-09-28,
f5b23932e7d2036811b2f9e89a9b71c174e4f5b4,docs/stages/p7/plans/p7-w09-accounting-diagnostics.md,0175c520e5cc1e8580156391a2fa48deff179917,0175c520e5cc1e8580156391a2fa48deff179917,unchanged,original-963,p7,L3-package-plan,source-en,docs/stages/p7/plans/p7-w09-accounting-diagnostics.md,Planned work package; implementation not claimed,not-declared,,git-blob-only,bounded-planning-not-code-admission,planning,P7-W09,routing responsibility; no named person asserted,docs/development/documentation-baseline.md;docs/development/stage-workflow.md;docs/stages/p7/task-book-v0.1.md,,not-applicable,,,phase1-conservative-routing-classified,pending,Codex,2026-09-28,
f5b23932e7d2036811b2f9e89a9b71c174e4f5b4,docs/stages/p7/plans/p7-w10-validation-guest-suite.md,3832b46c597550e76a2ee5d3b75779c352f92874,3832b46c597550e76a2ee5d3b75779c352f92874,unchanged,original-963,p7,L3-package-plan,source-en,docs/stages/p7/plans/p7-w10-validation-guest-suite.md,Planned work package; implementation not claimed,not-declared,,git-blob-only,bounded-planning-not-code-admission,planning,P7-W10,routing responsibility; no named person asserted,docs/development/documentation-baseline.md;docs/development/stage-workflow.md;docs/stages/p7/task-book-v0.1.md,,not-applicable,,,phase1-conservative-routing-classified,pending,Codex,2026-09-28,
f5b23932e7d2036811b2f9e89a9b71c174e4f5b4,docs/stages/p7/plans/p7-w11-stress-invariants.md,91caaa594a56213c8b5c734e1d7e0672d9fa2b50,91caaa594a56213c8b5c734e1d7e0672d9fa2b50,unchanged,original-963,p7,L3-package-plan,source-en,docs/stages/p7/plans/p7-w11-stress-invariants.md,Planned work package; implementation not claimed,not-declared,,git-blob-only,bounded-planning-not-code-admission,planning,P7-W11,routing responsibility; no named person asserted,docs/development/documentation-baseline.md;docs/development/stage-workflow.md;docs/stages/p7/task-book-v0.1.md,,not-applicable,,,phase1-conservative-routing-classified,pending,Codex,2026-09-28,
f5b23932e7d2036811b2f9e89a9b71c174e4f5b4,docs/stages/p7/plans/p7-w12-qemu-regression.md,1246b7bec9918319ea99b26da518c978eeb9c5f2,1246b7bec9918319ea99b26da518c978eeb9c5f2,unchanged,original-963,p7,L3-package-plan,source-en,docs/stages/p7/plans/p7-w12-qemu-regression.md,Planned work package; implementation not claimed,not-declared,,git-blob-only,bounded-planning-not-code-admission,planning,P7-W12,routing responsibility; no named person asserted,docs/development/documentation-baseline.md;docs/development/stage-workflow.md;docs/stages/p7/task-book-v0.1.md,,not-applicable,,,phase1-conservative-routing-classified,pending,Codex,2026-09-28,
f5b23932e7d2036811b2f9e89a9b71c174e4f5b4,docs/stages/p7/plans/p7-w13-performance-baseline.md,8414cbe834060b0665e4c7b95517786727ddd99f,8414cbe834060b0665e4c7b95517786727ddd99f,unchanged,original-963,p7,L3-package-plan,source-en,docs/stages/p7/plans/p7-w13-performance-baseline.md,Planned work package; implementation not claimed,not-declared,,git-blob-only,bounded-planning-not-code-admission,planning,P7-W13,routing responsibility; no named person asserted,docs/development/documentation-baseline.md;docs/development/stage-workflow.md;docs/stages/p7/task-book-v0.1.md,,not-applicable,,,phase1-conservative-routing-classified,pending,Codex,2026-09-28,
f5b23932e7d2036811b2f9e89a9b71c174e4f5b4,docs/stages/p7/plans/p7-w14-documentation-p8-handoff.md,a9bea2aaaddb01a8b5e071c8f781d5c0f3d9423b,a9bea2aaaddb01a8b5e071c8f781d5c0f3d9423b,unchanged,original-963,p7,L3-package-plan,source-en,docs/stages/p7/plans/p7-w14-documentation-p8-handoff.md,Planned work package; implementation not claimed,not-declared,,git-blob-only,bounded-planning-not-code-admission,planning,P7-W14,routing responsibility; no named person asserted,docs/development/documentation-baseline.md;docs/development/stage-workflow.md;docs/stages/p7/task-book-v0.1.md,,not-applicable,,,phase1-conservative-routing-classified,pending,Codex,2026-09-28,
f5b23932e7d2036811b2f9e89a9b71c174e4f5b4,docs/stages/p7/task-book-v0.1.md,fd5f03594009649462e05af188b62dc540e0889d,fd5f03594009649462e05af188b62dc540e0889d,unchanged,original-963,p7,L2-task-book,source-en,docs/stages/p7/task-book-v0.1.md,Implementation-planning baseline; work and evidence are not claimed,not-declared,,git-blob-only,stage-outcomes-not-code-admission,planning-baseline,P7 planning set reconstructed from the root-level P7 Stage Task Book v0.1 input,docs/stages/p7/task-book-v0.1.md#header,docs/development/documentation-baseline.md;docs/development/stage-workflow.md;docs/stages/p7/task-book-v0.1.md,,not-applicable,,,phase1-conservative-routing-classified,pending,Codex,2026-09-28,
f5b23932e7d2036811b2f9e89a9b71c174e4f5b4,docs/stages/p8/README.md,d8d7482a04c9e1f53e8ca837b38d9240f898bd2f,d8d7482a04c9e1f53e8ca837b38d9240f898bd2f,unchanged,original-963,p8,stage-navigation,source-en,docs/stages/p8/README.md,not-declared,not-declared,,git-blob-only,routing-only,index,P8 stage maintainers,routing responsibility; no named person asserted,docs/development/documentation-baseline.md;docs/development/stage-workflow.md,,not-applicable,,,phase1-conservative-routing-classified,pending,Codex,2026-09-28,
f5b23932e7d2036811b2f9e89a9b71c174e4f5b4,docs/stages/p8/implementation/README.md,b84bacc18e6e7a9a4eb079303b453fba7964826c,b84bacc18e6e7a9a4eb079303b453fba7964826c,unchanged,original-963,p8,stage-implementation-index,source-en,docs/stages/p8/implementation/README.md,Index of proposed designs and future implementation records; not a completion claim.,not-declared,,git-blob-only,routing-and-factual-context,index,P8 stage maintainers,routing responsibility; no named person asserted,docs/development/documentation-baseline.md;docs/development/stage-workflow.md,,not-applicable,,,phase1-conservative-routing-classified,pending,Codex,2026-09-28,
f5b23932e7d2036811b2f9e89a9b71c174e4f5b4,docs/stages/p8/implementation/p8-w01-entry-contract-reconciliation/01-reconciliation-contract.md,e86e3cd6e7160651d7e14ceaab771dbaac6e808e,e86e3cd6e7160651d7e14ceaab771dbaac6e808e,unchanged,original-963,p8,L4-design-or-amendment,source-en,docs/stages/p8/implementation/p8-w01-entry-contract-reconciliation/01-reconciliation-contract.md,Proposed detailed design; implementation not claimed.,not-declared,,git-blob-only,conditional-design-approval-not-certified,proposed-design,P8-W01 implementation handoff.,docs/stages/p8/implementation/p8-w01-entry-contract-reconciliation/README.md#header,docs/development/documentation-baseline.md;docs/development/stage-workflow.md;docs/stages/p8/implementation/p8-w01-entry-contract-reconciliation/README.md,docs/stages/p8/implementation/p8-w01-entry-contract-reconciliation/01-reconciliation-contract.md,not-applicable,,,phase1-conservative-routing-classified,pending,Codex,2026-09-28,
f5b23932e7d2036811b2f9e89a9b71c174e4f5b4,docs/stages/p8/implementation/p8-w01-entry-contract-reconciliation/02-review-workflow.md,0f8050af79c918a4482ccaa52ba42986ef05376d,0f8050af79c918a4482ccaa52ba42986ef05376d,unchanged,original-963,p8,L4-design-or-amendment,source-en,docs/stages/p8/implementation/p8-w01-entry-contract-reconciliation/02-review-workflow.md,Proposed detailed design; implementation and validation are not claimed.,not-declared,,git-blob-only,conditional-design-approval-not-certified,proposed-design,P8-W01 implementation handoff.,docs/stages/p8/implementation/p8-w01-entry-contract-reconciliation/README.md#header,docs/development/documentation-baseline.md;docs/development/stage-workflow.md;docs/stages/p8/implementation/p8-w01-entry-contract-reconciliation/README.md,docs/stages/p8/implementation/p8-w01-entry-contract-reconciliation/01-reconciliation-contract.md,not-applicable,,,phase1-conservative-routing-classified,pending,Codex,2026-09-28,
f5b23932e7d2036811b2f9e89a9b71c174e4f5b4,docs/stages/p8/implementation/p8-w01-entry-contract-reconciliation/README.md,62231c9760b780698a02a9d615d99652178edf84,62231c9760b780698a02a9d615d99652178edf84,unchanged,original-963,p8,L4-design-or-amendment,source-en,docs/stages/p8/implementation/p8-w01-entry-contract-reconciliation/README.md,Proposed detailed design; implementation and validation are not claimed.,not-declared,,git-blob-only,conditional-design-approval-not-certified,proposed-design,P8-W01 implementation handoff.,docs/stages/p8/implementation/p8-w01-entry-contract-reconciliation/README.md#header,docs/development/documentation-baseline.md;docs/development/stage-workflow.md;docs/stages/p8/implementation/p8-w01-entry-contract-reconciliation/README.md,docs/stages/p8/implementation/p8-w01-entry-contract-reconciliation/01-reconciliation-contract.md,not-applicable,,,phase1-conservative-routing-classified,pending,Codex,2026-09-28,
f5b23932e7d2036811b2f9e89a9b71c174e4f5b4,docs/stages/p8/implementation/p8-w02-machine-contract-governance/01-governance-contract.md,0f3b904bfc0dce20f9c50edadd47c1cbf8cd26f9,0f3b904bfc0dce20f9c50edadd47c1cbf8cd26f9,unchanged,original-963,p8,L4-design-or-amendment,source-en,docs/stages/p8/implementation/p8-w02-machine-contract-governance/01-governance-contract.md,Proposed detailed design; implementation not claimed.,not-declared,,git-blob-only,conditional-design-approval-not-certified,proposed-design,P8-W02 implementation handoff.,docs/stages/p8/implementation/p8-w02-machine-contract-governance/README.md#header,docs/development/documentation-baseline.md;docs/development/stage-workflow.md;docs/stages/p8/implementation/p8-w02-machine-contract-governance/README.md,,not-applicable,,,phase1-conservative-routing-classified,pending,Codex,2026-09-28,
f5b23932e7d2036811b2f9e89a9b71c174e4f5b4,docs/stages/p8/implementation/p8-w02-machine-contract-governance/02-review-workflow.md,81b2f8887634cefc9f8275614fa896ee64eac199,81b2f8887634cefc9f8275614fa896ee64eac199,unchanged,original-963,p8,L4-design-or-amendment,source-en,docs/stages/p8/implementation/p8-w02-machine-contract-governance/02-review-workflow.md,Proposed detailed design; implementation and validation are not claimed.,not-declared,,git-blob-only,conditional-design-approval-not-certified,proposed-design,P8-W02 implementation handoff.,docs/stages/p8/implementation/p8-w02-machine-contract-governance/README.md#header,docs/development/documentation-baseline.md;docs/development/stage-workflow.md;docs/stages/p8/implementation/p8-w02-machine-contract-governance/README.md,,not-applicable,,,phase1-conservative-routing-classified,pending,Codex,2026-09-28,
f5b23932e7d2036811b2f9e89a9b71c174e4f5b4,docs/stages/p8/implementation/p8-w02-machine-contract-governance/README.md,0eb21fee75b70cf24184113781b268752c342023,0eb21fee75b70cf24184113781b268752c342023,unchanged,original-963,p8,L4-design-or-amendment,source-en,docs/stages/p8/implementation/p8-w02-machine-contract-governance/README.md,Proposed detailed design; implementation and validation are not claimed.,not-declared,,git-blob-only,conditional-design-approval-not-certified,proposed-design,P8-W02 implementation handoff.,docs/stages/p8/implementation/p8-w02-machine-contract-governance/README.md#header,docs/development/documentation-baseline.md;docs/development/stage-workflow.md;docs/stages/p8/implementation/p8-w02-machine-contract-governance/README.md,,not-applicable,,,phase1-conservative-routing-classified,pending,Codex,2026-09-28,
f5b23932e7d2036811b2f9e89a9b71c174e4f5b4,docs/stages/p8/implementation/p8-w03-linux-boot-contract/01-boot-contract-facts.md,3adc32b24540b1d6ed627654d2ce495b78d7242c,3adc32b24540b1d6ed627654d2ce495b78d7242c,unchanged,original-963,p8,L4-design-or-amendment,source-en,docs/stages/p8/implementation/p8-w03-linux-boot-contract/01-boot-contract-facts.md,Proposed detailed design; implementation not claimed.,not-declared,,git-blob-only,conditional-design-approval-not-certified,proposed-design,P8-W03 implementation handoff.,docs/stages/p8/implementation/p8-w03-linux-boot-contract/README.md#header,docs/development/documentation-baseline.md;docs/development/stage-workflow.md;docs/stages/p8/implementation/p8-w03-linux-boot-contract/README.md,,not-applicable,,,phase1-conservative-routing-classified,pending,Codex,2026-09-28,
f5b23932e7d2036811b2f9e89a9b71c174e4f5b4,docs/stages/p8/implementation/p8-w03-linux-boot-contract/02-fixture-and-shutdown-evidence.md,388398a5d1954cd12f19cc020f09802329d33bdc,388398a5d1954cd12f19cc020f09802329d33bdc,unchanged,original-963,p8,L4-design-or-amendment,source-en,docs/stages/p8/implementation/p8-w03-linux-boot-contract/02-fixture-and-shutdown-evidence.md,Proposed detailed design; implementation not claimed.,not-declared,,git-blob-only,conditional-design-approval-not-certified,proposed-design,P8-W03 implementation handoff.,docs/stages/p8/implementation/p8-w03-linux-boot-contract/README.md#header,docs/development/documentation-baseline.md;docs/development/stage-workflow.md;docs/stages/p8/implementation/p8-w03-linux-boot-contract/README.md,,not-applicable,,,phase1-conservative-routing-classified,pending,Codex,2026-09-28,
f5b23932e7d2036811b2f9e89a9b71c174e4f5b4,docs/stages/p8/implementation/p8-w03-linux-boot-contract/03-workflow-and-validation.md,2630afcd4b77ba3d170fbff77a1c027af77bf72c,2630afcd4b77ba3d170fbff77a1c027af77bf72c,unchanged,original-963,p8,L4-design-or-amendment,source-en,docs/stages/p8/implementation/p8-w03-linux-boot-contract/03-workflow-and-validation.md,Proposed detailed design; implementation and validation are not claimed.,not-declared,,git-blob-only,conditional-design-approval-not-certified,proposed-design,P8-W03 implementation handoff.,docs/stages/p8/implementation/p8-w03-linux-boot-contract/README.md#header,docs/development/documentation-baseline.md;docs/development/stage-workflow.md;docs/stages/p8/implementation/p8-w03-linux-boot-contract/README.md,,not-applicable,,,phase1-conservative-routing-classified,pending,Codex,2026-09-28,
f5b23932e7d2036811b2f9e89a9b71c174e4f5b4,docs/stages/p8/implementation/p8-w03-linux-boot-contract/README.md,e635ceccb24439553f16db3ac5a2a6927c9c22a8,e635ceccb24439553f16db3ac5a2a6927c9c22a8,unchanged,original-963,p8,L4-design-or-amendment,source-en,docs/stages/p8/implementation/p8-w03-linux-boot-contract/README.md,Proposed detailed design; implementation and validation are not claimed.,not-declared,,git-blob-only,conditional-design-approval-not-certified,proposed-design,P8-W03 implementation handoff.,docs/stages/p8/implementation/p8-w03-linux-boot-contract/README.md#header,docs/development/documentation-baseline.md;docs/development/stage-workflow.md;docs/stages/p8/implementation/p8-w03-linux-boot-contract/README.md,,not-applicable,,,phase1-conservative-routing-classified,pending,Codex,2026-09-28,
f5b23932e7d2036811b2f9e89a9b71c174e4f5b4,docs/stages/p8/implementation/p8-w04-guest-dtb-contract/01-dtb-fact-catalog.md,e14276ad02d670980cd3d6537b794319d42ba697,e14276ad02d670980cd3d6537b794319d42ba697,unchanged,original-963,p8,L4-design-or-amendment,source-en,docs/stages/p8/implementation/p8-w04-guest-dtb-contract/01-dtb-fact-catalog.md,Proposed detailed design; implementation not claimed.,not-declared,,git-blob-only,conditional-design-approval-not-certified,proposed-design,P8-W04 implementation handoff.,docs/stages/p8/implementation/p8-w04-guest-dtb-contract/README.md#header,docs/development/documentation-baseline.md;docs/development/stage-workflow.md;docs/stages/p8/implementation/p8-w04-guest-dtb-contract/README.md,,not-applicable,,,phase1-conservative-routing-classified,pending,Codex,2026-09-28,
f5b23932e7d2036811b2f9e89a9b71c174e4f5b4,docs/stages/p8/implementation/p8-w04-guest-dtb-contract/02-consistency-and-host-leakage-review.md,472662cb25b269e5c01e6e365ff9701f22ac50b1,472662cb25b269e5c01e6e365ff9701f22ac50b1,unchanged,original-963,p8,L4-design-or-amendment,source-en,docs/stages/p8/implementation/p8-w04-guest-dtb-contract/02-consistency-and-host-leakage-review.md,Proposed detailed design; implementation not claimed.,not-declared,,git-blob-only,conditional-design-approval-not-certified,proposed-design,P8-W04 implementation handoff.,docs/stages/p8/implementation/p8-w04-guest-dtb-contract/README.md#header,docs/development/documentation-baseline.md;docs/development/stage-workflow.md;docs/stages/p8/implementation/p8-w04-guest-dtb-contract/README.md,,not-applicable,,,phase1-conservative-routing-classified,pending,Codex,2026-09-28,
f5b23932e7d2036811b2f9e89a9b71c174e4f5b4,docs/stages/p8/implementation/p8-w04-guest-dtb-contract/03-workflow-and-validation.md,3e2c81f00915813f6d1f2d281b6bc4d751f26392,3e2c81f00915813f6d1f2d281b6bc4d751f26392,unchanged,original-963,p8,L4-design-or-amendment,source-en,docs/stages/p8/implementation/p8-w04-guest-dtb-contract/03-workflow-and-validation.md,Proposed detailed design; implementation and validation are not claimed.,not-declared,,git-blob-only,conditional-design-approval-not-certified,proposed-design,P8-W04 implementation handoff.,docs/stages/p8/implementation/p8-w04-guest-dtb-contract/README.md#header,docs/development/documentation-baseline.md;docs/development/stage-workflow.md;docs/stages/p8/implementation/p8-w04-guest-dtb-contract/README.md,,not-applicable,,,phase1-conservative-routing-classified,pending,Codex,2026-09-28,
f5b23932e7d2036811b2f9e89a9b71c174e4f5b4,docs/stages/p8/implementation/p8-w04-guest-dtb-contract/README.md,969b3672953c245f73f5ed641459611dad982dd0,969b3672953c245f73f5ed641459611dad982dd0,unchanged,original-963,p8,L4-design-or-amendment,source-en,docs/stages/p8/implementation/p8-w04-guest-dtb-contract/README.md,Proposed detailed design; implementation and validation are not claimed.,not-declared,,git-blob-only,conditional-design-approval-not-certified,proposed-design,P8-W04 implementation handoff.,docs/stages/p8/implementation/p8-w04-guest-dtb-contract/README.md#header,docs/development/documentation-baseline.md;docs/development/stage-workflow.md;docs/stages/p8/implementation/p8-w04-guest-dtb-contract/README.md,,not-applicable,,,phase1-conservative-routing-classified,pending,Codex,2026-09-28,
f5b23932e7d2036811b2f9e89a9b71c174e4f5b4,docs/stages/p8/implementation/p8-w05-linux-cpu-virtualization/01-classification-model.md,e385cf57bd44c20e388fa5c7fd282cde0177f8b7,e385cf57bd44c20e388fa5c7fd282cde0177f8b7,unchanged,original-963,p8,L4-design-or-amendment,source-en,docs/stages/p8/implementation/p8-w05-linux-cpu-virtualization/01-classification-model.md,Proposed detailed design; implementation not claimed.,not-declared,,git-blob-only,conditional-design-approval-not-certified,proposed-design,P8-W05 implementation handoff.,docs/stages/p8/implementation/p8-w05-linux-cpu-virtualization/README.md#header,docs/development/documentation-baseline.md;docs/development/stage-workflow.md;docs/stages/p8/implementation/p8-w05-linux-cpu-virtualization/README.md,,not-applicable,,,phase1-conservative-routing-classified,pending,Codex,2026-09-28,
f5b23932e7d2036811b2f9e89a9b71c174e4f5b4,docs/stages/p8/implementation/p8-w05-linux-cpu-virtualization/02-code-contracts-classification.md,ae08e8591cd4fa0516f68b753a36c7627cb41320,ae08e8591cd4fa0516f68b753a36c7627cb41320,unchanged,original-963,p8,L4-design-or-amendment,source-en,docs/stages/p8/implementation/p8-w05-linux-cpu-virtualization/02-code-contracts-classification.md,Proposed detailed design; implementation not claimed.,not-declared,,git-blob-only,conditional-design-approval-not-certified,proposed-design,P8-W05 implementation handoff.,docs/stages/p8/implementation/p8-w05-linux-cpu-virtualization/README.md#header,docs/development/documentation-baseline.md;docs/development/stage-workflow.md;docs/stages/p8/implementation/p8-w05-linux-cpu-virtualization/README.md,,not-applicable,,,phase1-conservative-routing-classified,pending,Codex,2026-09-28,
f5b23932e7d2036811b2f9e89a9b71c174e4f5b4,docs/stages/p8/implementation/p8-w05-linux-cpu-virtualization/03-controlled-failure-and-diagnostics.md,64f0e55adbdf66ad972ecfd12b427799fc3547aa,64f0e55adbdf66ad972ecfd12b427799fc3547aa,unchanged,original-963,p8,L4-design-or-amendment,source-en,docs/stages/p8/implementation/p8-w05-linux-cpu-virtualization/03-controlled-failure-and-diagnostics.md,Proposed detailed design; implementation not claimed.,not-declared,,git-blob-only,conditional-design-approval-not-certified,proposed-design,P8-W05 implementation handoff.,docs/stages/p8/implementation/p8-w05-linux-cpu-virtualization/README.md#header,docs/development/documentation-baseline.md;docs/development/stage-workflow.md;docs/stages/p8/implementation/p8-w05-linux-cpu-virtualization/README.md,,not-applicable,,,phase1-conservative-routing-classified,pending,Codex,2026-09-28,
f5b23932e7d2036811b2f9e89a9b71c174e4f5b4,docs/stages/p8/implementation/p8-w05-linux-cpu-virtualization/04-implementation-workflow.md,27df94a86b5a44df4b203ff331c7d1c87a11ce8c,27df94a86b5a44df4b203ff331c7d1c87a11ce8c,unchanged,original-963,p8,L4-design-or-amendment,source-en,docs/stages/p8/implementation/p8-w05-linux-cpu-virtualization/04-implementation-workflow.md,Proposed detailed design; implementation and validation are not claimed.,not-declared,,git-blob-only,conditional-design-approval-not-certified,proposed-design,P8-W05 implementation handoff.,docs/stages/p8/implementation/p8-w05-linux-cpu-virtualization/README.md#header,docs/development/documentation-baseline.md;docs/development/stage-workflow.md;docs/stages/p8/implementation/p8-w05-linux-cpu-virtualization/README.md,,not-applicable,,,phase1-conservative-routing-classified,pending,Codex,2026-09-28,
f5b23932e7d2036811b2f9e89a9b71c174e4f5b4,docs/stages/p8/implementation/p8-w05-linux-cpu-virtualization/05-validation-and-handoff.md,a98c80bb3bc35910393ade4f9c97defdf4483cf1,a98c80bb3bc35910393ade4f9c97defdf4483cf1,unchanged,original-963,p8,L4-design-or-amendment,source-en,docs/stages/p8/implementation/p8-w05-linux-cpu-virtualization/05-validation-and-handoff.md,Proposed detailed design; implementation and validation are not claimed.,not-declared,,git-blob-only,conditional-design-approval-not-certified,proposed-design,P8-W05 implementation handoff.,docs/stages/p8/implementation/p8-w05-linux-cpu-virtualization/README.md#header,docs/development/documentation-baseline.md;docs/development/stage-workflow.md;docs/stages/p8/implementation/p8-w05-linux-cpu-virtualization/README.md,,not-applicable,,,phase1-conservative-routing-classified,pending,Codex,2026-09-28,
f5b23932e7d2036811b2f9e89a9b71c174e4f5b4,docs/stages/p8/implementation/p8-w05-linux-cpu-virtualization/README.md,df83333763a3534e09635816481170ce8beecc65,df83333763a3534e09635816481170ce8beecc65,unchanged,original-963,p8,L4-design-or-amendment,source-en,docs/stages/p8/implementation/p8-w05-linux-cpu-virtualization/README.md,Proposed detailed design; implementation and validation are not claimed.,not-declared,,git-blob-only,conditional-design-approval-not-certified,proposed-design,P8-W05 implementation handoff.,docs/stages/p8/implementation/p8-w05-linux-cpu-virtualization/README.md#header,docs/development/documentation-baseline.md;docs/development/stage-workflow.md;docs/stages/p8/implementation/p8-w05-linux-cpu-virtualization/README.md,,not-applicable,,,phase1-conservative-routing-classified,pending,Codex,2026-09-28,
f5b23932e7d2036811b2f9e89a9b71c174e4f5b4,docs/stages/p8/implementation/p8-w06-psci-virtualization/01-architecture-and-state.md,7a28ded302124d2ec9046c10d9154db6d3d5ab27,7a28ded302124d2ec9046c10d9154db6d3d5ab27,unchanged,original-963,p8,L4-design-or-amendment,source-en,docs/stages/p8/implementation/p8-w06-psci-virtualization/01-architecture-and-state.md,Proposed detailed design; implementation and validation are not claimed.,not-declared,,git-blob-only,conditional-design-approval-not-certified,proposed-design,P8-W06 implementation handoff.,docs/stages/p8/implementation/p8-w06-psci-virtualization/README.md#header,docs/development/documentation-baseline.md;docs/development/stage-workflow.md;docs/stages/p8/implementation/p8-w06-psci-virtualization/README.md,,not-applicable,,,phase1-conservative-routing-classified,pending,Codex,2026-09-28,
f5b23932e7d2036811b2f9e89a9b71c174e4f5b4,docs/stages/p8/implementation/p8-w06-psci-virtualization/02-code-contracts-psci-dispatch.md,6eb7ee03d9acf8bffa0144a2b821965bbb6bb2c2,6eb7ee03d9acf8bffa0144a2b821965bbb6bb2c2,unchanged,original-963,p8,L4-design-or-amendment,source-en,docs/stages/p8/implementation/p8-w06-psci-virtualization/02-code-contracts-psci-dispatch.md,Proposed detailed design; implementation and validation are not claimed.,not-declared,,git-blob-only,conditional-design-approval-not-certified,proposed-design,P8-W06 implementation handoff.,docs/stages/p8/implementation/p8-w06-psci-virtualization/README.md#header,docs/development/documentation-baseline.md;docs/development/stage-workflow.md;docs/stages/p8/implementation/p8-w06-psci-virtualization/README.md,,not-applicable,,,phase1-conservative-routing-classified,pending,Codex,2026-09-28,
f5b23932e7d2036811b2f9e89a9b71c174e4f5b4,docs/stages/p8/implementation/p8-w06-psci-virtualization/03-code-contracts-cpu-lifecycle.md,c1fe08da1d1c327a05c0d8e79781d00b9674124b,c1fe08da1d1c327a05c0d8e79781d00b9674124b,unchanged,original-963,p8,L4-design-or-amendment,source-en,docs/stages/p8/implementation/p8-w06-psci-virtualization/03-code-contracts-cpu-lifecycle.md,Proposed detailed design; implementation and validation are not claimed.,not-declared,,git-blob-only,conditional-design-approval-not-certified,proposed-design,P8-W06 implementation handoff.,docs/stages/p8/implementation/p8-w06-psci-virtualization/README.md#header,docs/development/documentation-baseline.md;docs/development/stage-workflow.md;docs/stages/p8/implementation/p8-w06-psci-virtualization/README.md,,not-applicable,,,phase1-conservative-routing-classified,pending,Codex,2026-09-28,
f5b23932e7d2036811b2f9e89a9b71c174e4f5b4,docs/stages/p8/implementation/p8-w06-psci-virtualization/04-implementation-workflow.md,50beba61b39b95d42f4641da3550ed8567fbdf5a,50beba61b39b95d42f4641da3550ed8567fbdf5a,unchanged,original-963,p8,L4-design-or-amendment,source-en,docs/stages/p8/implementation/p8-w06-psci-virtualization/04-implementation-workflow.md,Proposed detailed design; implementation and validation are not claimed.,not-declared,,git-blob-only,conditional-design-approval-not-certified,proposed-design,P8-W06 implementation handoff.,docs/stages/p8/implementation/p8-w06-psci-virtualization/README.md#header,docs/development/documentation-baseline.md;docs/development/stage-workflow.md;docs/stages/p8/implementation/p8-w06-psci-virtualization/README.md,,not-applicable,,,phase1-conservative-routing-classified,pending,Codex,2026-09-28,
f5b23932e7d2036811b2f9e89a9b71c174e4f5b4,docs/stages/p8/implementation/p8-w06-psci-virtualization/05-validation-and-handoff.md,8c4e3e10695dd0a465e26155b9620cee53481695,8c4e3e10695dd0a465e26155b9620cee53481695,unchanged,original-963,p8,L4-design-or-amendment,source-en,docs/stages/p8/implementation/p8-w06-psci-virtualization/05-validation-and-handoff.md,Proposed detailed design; implementation and validation are not claimed.,not-declared,,git-blob-only,conditional-design-approval-not-certified,proposed-design,P8-W06 implementation handoff.,docs/stages/p8/implementation/p8-w06-psci-virtualization/README.md#header,docs/development/documentation-baseline.md;docs/development/stage-workflow.md;docs/stages/p8/implementation/p8-w06-psci-virtualization/README.md,,not-applicable,,,phase1-conservative-routing-classified,pending,Codex,2026-09-28,
f5b23932e7d2036811b2f9e89a9b71c174e4f5b4,docs/stages/p8/implementation/p8-w06-psci-virtualization/README.md,6ff1b1931f0fa6c117df953b0a30bee461f92e3a,6ff1b1931f0fa6c117df953b0a30bee461f92e3a,unchanged,original-963,p8,L4-design-or-amendment,source-en,docs/stages/p8/implementation/p8-w06-psci-virtualization/README.md,Proposed detailed design; implementation and validation are not claimed.,not-declared,,git-blob-only,conditional-design-approval-not-certified,proposed-design,P8-W06 implementation handoff.,docs/stages/p8/implementation/p8-w06-psci-virtualization/README.md#header,docs/development/documentation-baseline.md;docs/development/stage-workflow.md;docs/stages/p8/implementation/p8-w06-psci-virtualization/README.md,,not-applicable,,,phase1-conservative-routing-classified,pending,Codex,2026-09-28,
f5b23932e7d2036811b2f9e89a9b71c174e4f5b4,docs/stages/p8/implementation/p8-w07-linux-vgicv3/01-architecture-and-state.md,a3a3995b3ea219e3798cb5517662a90e5191fb14,a3a3995b3ea219e3798cb5517662a90e5191fb14,unchanged,original-963,p8,L4-design-or-amendment,source-en,docs/stages/p8/implementation/p8-w07-linux-vgicv3/01-architecture-and-state.md,Proposed detailed design; implementation and validation are not claimed.,not-declared,,git-blob-only,conditional-design-approval-not-certified,proposed-design,P8-W07 implementation handoff.,docs/stages/p8/implementation/p8-w07-linux-vgicv3/README.md#header,docs/development/documentation-baseline.md;docs/development/stage-workflow.md;docs/stages/p8/implementation/p8-w07-linux-vgicv3/README.md,,not-applicable,,,phase1-conservative-routing-classified,pending,Codex,2026-09-28,
f5b23932e7d2036811b2f9e89a9b71c174e4f5b4,docs/stages/p8/implementation/p8-w07-linux-vgicv3/02-code-contracts-vgic-mmio.md,0b3bc3b17581233eadc15a7871d1fe8bf48f3527,0b3bc3b17581233eadc15a7871d1fe8bf48f3527,unchanged,original-963,p8,L4-design-or-amendment,source-en,docs/stages/p8/implementation/p8-w07-linux-vgicv3/02-code-contracts-vgic-mmio.md,Proposed detailed design; implementation and validation are not claimed.,not-declared,,git-blob-only,conditional-design-approval-not-certified,proposed-design,P8-W07 implementation handoff.,docs/stages/p8/implementation/p8-w07-linux-vgicv3/README.md#header,docs/development/documentation-baseline.md;docs/development/stage-workflow.md;docs/stages/p8/implementation/p8-w07-linux-vgicv3/README.md,,not-applicable,,,phase1-conservative-routing-classified,pending,Codex,2026-09-28,
f5b23932e7d2036811b2f9e89a9b71c174e4f5b4,docs/stages/p8/implementation/p8-w07-linux-vgicv3/03-code-contracts-interrupt-flow.md,8ef1b7d591bc610cc3f5e9ba449ee34997a57237,8ef1b7d591bc610cc3f5e9ba449ee34997a57237,unchanged,original-963,p8,L4-design-or-amendment,source-en,docs/stages/p8/implementation/p8-w07-linux-vgicv3/03-code-contracts-interrupt-flow.md,Proposed detailed design; implementation and validation are not claimed.,not-declared,,git-blob-only,conditional-design-approval-not-certified,proposed-design,P8-W07 implementation handoff.,docs/stages/p8/implementation/p8-w07-linux-vgicv3/README.md#header,docs/development/documentation-baseline.md;docs/development/stage-workflow.md;docs/stages/p8/implementation/p8-w07-linux-vgicv3/README.md,,not-applicable,,,phase1-conservative-routing-classified,pending,Codex,2026-09-28,
f5b23932e7d2036811b2f9e89a9b71c174e4f5b4,docs/stages/p8/implementation/p8-w07-linux-vgicv3/04-implementation-workflow.md,1ca552e3bc5e181c0c61e2f4a5b83992dfe27e9b,1ca552e3bc5e181c0c61e2f4a5b83992dfe27e9b,unchanged,original-963,p8,L4-design-or-amendment,source-en,docs/stages/p8/implementation/p8-w07-linux-vgicv3/04-implementation-workflow.md,Proposed detailed design; implementation and validation are not claimed.,not-declared,,git-blob-only,conditional-design-approval-not-certified,proposed-design,P8-W07 implementation handoff.,docs/stages/p8/implementation/p8-w07-linux-vgicv3/README.md#header,docs/development/documentation-baseline.md;docs/development/stage-workflow.md;docs/stages/p8/implementation/p8-w07-linux-vgicv3/README.md,,not-applicable,,,phase1-conservative-routing-classified,pending,Codex,2026-09-28,
f5b23932e7d2036811b2f9e89a9b71c174e4f5b4,docs/stages/p8/implementation/p8-w07-linux-vgicv3/05-validation-and-handoff.md,b3974297f4ef49a5b295f3a7b7b06f5f055a6bfa,b3974297f4ef49a5b295f3a7b7b06f5f055a6bfa,unchanged,original-963,p8,L4-design-or-amendment,source-en,docs/stages/p8/implementation/p8-w07-linux-vgicv3/05-validation-and-handoff.md,Proposed detailed design; implementation and validation are not claimed.,not-declared,,git-blob-only,conditional-design-approval-not-certified,proposed-design,P8-W07 implementation handoff.,docs/stages/p8/implementation/p8-w07-linux-vgicv3/README.md#header,docs/development/documentation-baseline.md;docs/development/stage-workflow.md;docs/stages/p8/implementation/p8-w07-linux-vgicv3/README.md,,not-applicable,,,phase1-conservative-routing-classified,pending,Codex,2026-09-28,
f5b23932e7d2036811b2f9e89a9b71c174e4f5b4,docs/stages/p8/implementation/p8-w07-linux-vgicv3/README.md,c924a644e11c73c918261e3a5c01b26a9eeb5d8a,c924a644e11c73c918261e3a5c01b26a9eeb5d8a,unchanged,original-963,p8,L4-design-or-amendment,source-en,docs/stages/p8/implementation/p8-w07-linux-vgicv3/README.md,Proposed detailed design; implementation and validation are not claimed.,not-declared,,git-blob-only,conditional-design-approval-not-certified,proposed-design,P8-W07 implementation handoff.,docs/stages/p8/implementation/p8-w07-linux-vgicv3/README.md#header,docs/development/documentation-baseline.md;docs/development/stage-workflow.md;docs/stages/p8/implementation/p8-w07-linux-vgicv3/README.md,,not-applicable,,,phase1-conservative-routing-classified,pending,Codex,2026-09-28,
f5b23932e7d2036811b2f9e89a9b71c174e4f5b4,docs/stages/p8/implementation/p8-w08-linux-timer-integration/01-architecture-and-state.md,fd01a75f75ff7defc5f624d7b2fa030dfacdb71e,fd01a75f75ff7defc5f624d7b2fa030dfacdb71e,unchanged,original-963,p8,L4-design-or-amendment,source-en,docs/stages/p8/implementation/p8-w08-linux-timer-integration/01-architecture-and-state.md,Proposed detailed design; implementation and validation are not claimed.,not-declared,,git-blob-only,conditional-design-approval-not-certified,proposed-design,P8-W08 implementation handoff.,docs/stages/p8/implementation/p8-w08-linux-timer-integration/README.md#header,docs/development/documentation-baseline.md;docs/development/stage-workflow.md;docs/stages/p8/implementation/p8-w08-linux-timer-integration/README.md,,not-applicable,,,phase1-conservative-routing-classified,pending,Codex,2026-09-28,
f5b23932e7d2036811b2f9e89a9b71c174e4f5b4,docs/stages/p8/implementation/p8-w08-linux-timer-integration/02-code-contracts-timer-regs.md,11953b27c79e696450244b35f76f9b340c95698b,11953b27c79e696450244b35f76f9b340c95698b,unchanged,original-963,p8,L4-design-or-amendment,source-en,docs/stages/p8/implementation/p8-w08-linux-timer-integration/02-code-contracts-timer-regs.md,Proposed detailed design; implementation and validation are not claimed.,not-declared,,git-blob-only,conditional-design-approval-not-certified,proposed-design,P8-W08 implementation handoff.,docs/stages/p8/implementation/p8-w08-linux-timer-integration/README.md#header,docs/development/documentation-baseline.md;docs/development/stage-workflow.md;docs/stages/p8/implementation/p8-w08-linux-timer-integration/README.md,,not-applicable,,,phase1-conservative-routing-classified,pending,Codex,2026-09-28,
f5b23932e7d2036811b2f9e89a9b71c174e4f5b4,docs/stages/p8/implementation/p8-w08-linux-timer-integration/03-code-contracts-expiry-wakeup.md,b9f5a4e542c4ac035765e39e9ca7b2c79192d792,b9f5a4e542c4ac035765e39e9ca7b2c79192d792,unchanged,original-963,p8,L4-design-or-amendment,source-en,docs/stages/p8/implementation/p8-w08-linux-timer-integration/03-code-contracts-expiry-wakeup.md,Proposed detailed design; implementation and validation are not claimed.,not-declared,,git-blob-only,conditional-design-approval-not-certified,proposed-design,P8-W08 implementation handoff.,docs/stages/p8/implementation/p8-w08-linux-timer-integration/README.md#header,docs/development/documentation-baseline.md;docs/development/stage-workflow.md;docs/stages/p8/implementation/p8-w08-linux-timer-integration/README.md,,not-applicable,,,phase1-conservative-routing-classified,pending,Codex,2026-09-28,
f5b23932e7d2036811b2f9e89a9b71c174e4f5b4,docs/stages/p8/implementation/p8-w08-linux-timer-integration/04-implementation-workflow.md,f0edd8fdae4cc3929bb1fee25bd14d53a1d7b9ce,f0edd8fdae4cc3929bb1fee25bd14d53a1d7b9ce,unchanged,original-963,p8,L4-design-or-amendment,source-en,docs/stages/p8/implementation/p8-w08-linux-timer-integration/04-implementation-workflow.md,Proposed detailed design; implementation and validation are not claimed.,not-declared,,git-blob-only,conditional-design-approval-not-certified,proposed-design,P8-W08 implementation handoff.,docs/stages/p8/implementation/p8-w08-linux-timer-integration/README.md#header,docs/development/documentation-baseline.md;docs/development/stage-workflow.md;docs/stages/p8/implementation/p8-w08-linux-timer-integration/README.md,,not-applicable,,,phase1-conservative-routing-classified,pending,Codex,2026-09-28,
f5b23932e7d2036811b2f9e89a9b71c174e4f5b4,docs/stages/p8/implementation/p8-w08-linux-timer-integration/05-validation-and-handoff.md,a6779d6c5ef7d6d9da4637930fae036f88972b9d,a6779d6c5ef7d6d9da4637930fae036f88972b9d,unchanged,original-963,p8,L4-design-or-amendment,source-en,docs/stages/p8/implementation/p8-w08-linux-timer-integration/05-validation-and-handoff.md,Proposed detailed design; implementation and validation are not claimed.,not-declared,,git-blob-only,conditional-design-approval-not-certified,proposed-design,P8-W08 implementation handoff.,docs/stages/p8/implementation/p8-w08-linux-timer-integration/README.md#header,docs/development/documentation-baseline.md;docs/development/stage-workflow.md;docs/stages/p8/implementation/p8-w08-linux-timer-integration/README.md,,not-applicable,,,phase1-conservative-routing-classified,pending,Codex,2026-09-28,
f5b23932e7d2036811b2f9e89a9b71c174e4f5b4,docs/stages/p8/implementation/p8-w08-linux-timer-integration/README.md,7aefac5e52dbc820bb74f59ec443cfd92b169752,7aefac5e52dbc820bb74f59ec443cfd92b169752,unchanged,original-963,p8,L4-design-or-amendment,source-en,docs/stages/p8/implementation/p8-w08-linux-timer-integration/README.md,Proposed detailed design; implementation and validation are not claimed.,not-declared,,git-blob-only,conditional-design-approval-not-certified,proposed-design,P8-W08 implementation handoff.,docs/stages/p8/implementation/p8-w08-linux-timer-integration/README.md#header,docs/development/documentation-baseline.md;docs/development/stage-workflow.md;docs/stages/p8/implementation/p8-w08-linux-timer-integration/README.md,,not-applicable,,,phase1-conservative-routing-classified,pending,Codex,2026-09-28,
f5b23932e7d2036811b2f9e89a9b71c174e4f5b4,docs/stages/p8/implementation/p8-w09-virtual-console-single-cpu-linux/01-architecture-and-state.md,074e2ce9dacc57742362e39b22080d3dd3a73347,074e2ce9dacc57742362e39b22080d3dd3a73347,unchanged,original-963,p8,L4-design-or-amendment,source-en,docs/stages/p8/implementation/p8-w09-virtual-console-single-cpu-linux/01-architecture-and-state.md,Proposed detailed design; implementation and validation are not claimed.,not-declared,,git-blob-only,conditional-design-approval-not-certified,proposed-design,P8-W09 implementation handoff.,docs/stages/p8/implementation/p8-w09-virtual-console-single-cpu-linux/README.md#header,docs/development/documentation-baseline.md;docs/development/stage-workflow.md;docs/stages/p8/implementation/p8-w09-virtual-console-single-cpu-linux/README.md,,not-applicable,,,phase1-conservative-routing-classified,pending,Codex,2026-09-28,
f5b23932e7d2036811b2f9e89a9b71c174e4f5b4,docs/stages/p8/implementation/p8-w09-virtual-console-single-cpu-linux/02-code-contracts-console-frontend.md,2714c3323e57fb821ed38a4bd68a81f92b3852c4,2714c3323e57fb821ed38a4bd68a81f92b3852c4,unchanged,original-963,p8,L4-design-or-amendment,source-en,docs/stages/p8/implementation/p8-w09-virtual-console-single-cpu-linux/02-code-contracts-console-frontend.md,Proposed detailed design; implementation and validation are not claimed.,not-declared,,git-blob-only,conditional-design-approval-not-certified,proposed-design,P8-W09 implementation handoff.,docs/stages/p8/implementation/p8-w09-virtual-console-single-cpu-linux/README.md#header,docs/development/documentation-baseline.md;docs/development/stage-workflow.md;docs/stages/p8/implementation/p8-w09-virtual-console-single-cpu-linux/README.md,,not-applicable,,,phase1-conservative-routing-classified,pending,Codex,2026-09-28,
f5b23932e7d2036811b2f9e89a9b71c174e4f5b4,docs/stages/p8/implementation/p8-w09-virtual-console-single-cpu-linux/03-code-contracts-console-backend-and-input.md,8a4d83737199e3fd803dc7ac8ac1beb56587d439,8a4d83737199e3fd803dc7ac8ac1beb56587d439,unchanged,original-963,p8,L4-design-or-amendment,source-en,docs/stages/p8/implementation/p8-w09-virtual-console-single-cpu-linux/03-code-contracts-console-backend-and-input.md,Proposed detailed design; implementation and validation are not claimed.,not-declared,,git-blob-only,conditional-design-approval-not-certified,proposed-design,P8-W09 implementation handoff.,docs/stages/p8/implementation/p8-w09-virtual-console-single-cpu-linux/README.md#header,docs/development/documentation-baseline.md;docs/development/stage-workflow.md;docs/stages/p8/implementation/p8-w09-virtual-console-single-cpu-linux/README.md,,not-applicable,,,phase1-conservative-routing-classified,pending,Codex,2026-09-28,
f5b23932e7d2036811b2f9e89a9b71c174e4f5b4,docs/stages/p8/implementation/p8-w09-virtual-console-single-cpu-linux/04-single-vcpu-boot-path.md,fa3fbc5f7f9d4eff9dd16ae70dc2b1fd63853ece,fa3fbc5f7f9d4eff9dd16ae70dc2b1fd63853ece,unchanged,original-963,p8,L4-design-or-amendment,source-en,docs/stages/p8/implementation/p8-w09-virtual-console-single-cpu-linux/04-single-vcpu-boot-path.md,Proposed detailed design; implementation and validation are not claimed.,not-declared,,git-blob-only,conditional-design-approval-not-certified,proposed-design,P8-W09 implementation handoff.,docs/stages/p8/implementation/p8-w09-virtual-console-single-cpu-linux/README.md#header,docs/development/documentation-baseline.md;docs/development/stage-workflow.md;docs/stages/p8/implementation/p8-w09-virtual-console-single-cpu-linux/README.md,,not-applicable,,,phase1-conservative-routing-classified,pending,Codex,2026-09-28,
f5b23932e7d2036811b2f9e89a9b71c174e4f5b4,docs/stages/p8/implementation/p8-w09-virtual-console-single-cpu-linux/05-implementation-workflow.md,fc344821f511c36b5a6ed53c8b9507f0abdf8394,fc344821f511c36b5a6ed53c8b9507f0abdf8394,unchanged,original-963,p8,L4-design-or-amendment,source-en,docs/stages/p8/implementation/p8-w09-virtual-console-single-cpu-linux/05-implementation-workflow.md,Proposed detailed design; implementation and validation are not claimed.,not-declared,,git-blob-only,conditional-design-approval-not-certified,proposed-design,P8-W09 implementation handoff.,docs/stages/p8/implementation/p8-w09-virtual-console-single-cpu-linux/README.md#header,docs/development/documentation-baseline.md;docs/development/stage-workflow.md;docs/stages/p8/implementation/p8-w09-virtual-console-single-cpu-linux/README.md,,not-applicable,,,phase1-conservative-routing-classified,pending,Codex,2026-09-28,
f5b23932e7d2036811b2f9e89a9b71c174e4f5b4,docs/stages/p8/implementation/p8-w09-virtual-console-single-cpu-linux/06-validation-and-handoff.md,3095acda6397e996e9279dc5d4bd420ca6299211,3095acda6397e996e9279dc5d4bd420ca6299211,unchanged,original-963,p8,L4-design-or-amendment,source-en,docs/stages/p8/implementation/p8-w09-virtual-console-single-cpu-linux/06-validation-and-handoff.md,Proposed detailed design; implementation and validation are not claimed.,not-declared,,git-blob-only,conditional-design-approval-not-certified,proposed-design,P8-W09 implementation handoff.,docs/stages/p8/implementation/p8-w09-virtual-console-single-cpu-linux/README.md#header,docs/development/documentation-baseline.md;docs/development/stage-workflow.md;docs/stages/p8/implementation/p8-w09-virtual-console-single-cpu-linux/README.md,,not-applicable,,,phase1-conservative-routing-classified,pending,Codex,2026-09-28,
f5b23932e7d2036811b2f9e89a9b71c174e4f5b4,docs/stages/p8/implementation/p8-w09-virtual-console-single-cpu-linux/README.md,f1ce54e559f1dc793d545066d062fc57d4f5a375,f1ce54e559f1dc793d545066d062fc57d4f5a375,unchanged,original-963,p8,L4-design-or-amendment,source-en,docs/stages/p8/implementation/p8-w09-virtual-console-single-cpu-linux/README.md,Proposed detailed design; implementation and validation are not claimed.,not-declared,,git-blob-only,conditional-design-approval-not-certified,proposed-design,P8-W09 implementation handoff.,docs/stages/p8/implementation/p8-w09-virtual-console-single-cpu-linux/README.md#header,docs/development/documentation-baseline.md;docs/development/stage-workflow.md;docs/stages/p8/implementation/p8-w09-virtual-console-single-cpu-linux/README.md,,not-applicable,,,phase1-conservative-routing-classified,pending,Codex,2026-09-28,
f5b23932e7d2036811b2f9e89a9b71c174e4f5b4,docs/stages/p8/implementation/p8-w10-linux-smp-bringup/01-architecture-and-state.md,b46ecd28579b0adcfac1d94b0c667d7a973f8745,b46ecd28579b0adcfac1d94b0c667d7a973f8745,unchanged,original-963,p8,L4-design-or-amendment,source-en,docs/stages/p8/implementation/p8-w10-linux-smp-bringup/01-architecture-and-state.md,Proposed detailed design; implementation and validation are not claimed.,not-declared,,git-blob-only,conditional-design-approval-not-certified,proposed-design,P8-W10 implementation handoff.,docs/stages/p8/implementation/p8-w10-linux-smp-bringup/README.md#header,docs/development/documentation-baseline.md;docs/development/stage-workflow.md;docs/stages/p8/implementation/p8-w10-linux-smp-bringup/README.md,,not-applicable,,,phase1-conservative-routing-classified,pending,Codex,2026-09-28,
f5b23932e7d2036811b2f9e89a9b71c174e4f5b4,docs/stages/p8/implementation/p8-w10-linux-smp-bringup/02-code-contracts-secondary-bringup.md,f85b2d6aa664127ba2db31fa95c8bee055b5c9a8,f85b2d6aa664127ba2db31fa95c8bee055b5c9a8,unchanged,original-963,p8,L4-design-or-amendment,source-en,docs/stages/p8/implementation/p8-w10-linux-smp-bringup/02-code-contracts-secondary-bringup.md,Proposed detailed design; implementation and validation are not claimed.,not-declared,,git-blob-only,conditional-design-approval-not-certified,proposed-design,P8-W10 implementation handoff.,docs/stages/p8/implementation/p8-w10-linux-smp-bringup/README.md#header,docs/development/documentation-baseline.md;docs/development/stage-workflow.md;docs/stages/p8/implementation/p8-w10-linux-smp-bringup/README.md,,not-applicable,,,phase1-conservative-routing-classified,pending,Codex,2026-09-28,
f5b23932e7d2036811b2f9e89a9b71c174e4f5b4,docs/stages/p8/implementation/p8-w10-linux-smp-bringup/03-stability-scenarios.md,bb0e2919f52b4556b97c70e80f0585c9f8b3800a,bb0e2919f52b4556b97c70e80f0585c9f8b3800a,unchanged,original-963,p8,L4-design-or-amendment,source-en,docs/stages/p8/implementation/p8-w10-linux-smp-bringup/03-stability-scenarios.md,Proposed detailed design; implementation and validation are not claimed.,not-declared,,git-blob-only,conditional-design-approval-not-certified,proposed-design,P8-W10 implementation handoff.,docs/stages/p8/implementation/p8-w10-linux-smp-bringup/README.md#header,docs/development/documentation-baseline.md;docs/development/stage-workflow.md;docs/stages/p8/implementation/p8-w10-linux-smp-bringup/README.md,,not-applicable,,,phase1-conservative-routing-classified,pending,Codex,2026-09-28,
f5b23932e7d2036811b2f9e89a9b71c174e4f5b4,docs/stages/p8/implementation/p8-w10-linux-smp-bringup/04-implementation-workflow.md,5ddce3158ee8e3076ce72b5fd5a9c49146c28d4b,5ddce3158ee8e3076ce72b5fd5a9c49146c28d4b,unchanged,original-963,p8,L4-design-or-amendment,source-en,docs/stages/p8/implementation/p8-w10-linux-smp-bringup/04-implementation-workflow.md,Proposed detailed design; implementation and validation are not claimed.,not-declared,,git-blob-only,conditional-design-approval-not-certified,proposed-design,P8-W10 implementation handoff.,docs/stages/p8/implementation/p8-w10-linux-smp-bringup/README.md#header,docs/development/documentation-baseline.md;docs/development/stage-workflow.md;docs/stages/p8/implementation/p8-w10-linux-smp-bringup/README.md,,not-applicable,,,phase1-conservative-routing-classified,pending,Codex,2026-09-28,
f5b23932e7d2036811b2f9e89a9b71c174e4f5b4,docs/stages/p8/implementation/p8-w10-linux-smp-bringup/05-validation-and-handoff.md,4dabc878018108dc1aefddcc7aa7708de98e95dc,4dabc878018108dc1aefddcc7aa7708de98e95dc,unchanged,original-963,p8,L4-design-or-amendment,source-en,docs/stages/p8/implementation/p8-w10-linux-smp-bringup/05-validation-and-handoff.md,Proposed detailed design; implementation and validation are not claimed.,not-declared,,git-blob-only,conditional-design-approval-not-certified,proposed-design,P8-W10 implementation handoff.,docs/stages/p8/implementation/p8-w10-linux-smp-bringup/README.md#header,docs/development/documentation-baseline.md;docs/development/stage-workflow.md;docs/stages/p8/implementation/p8-w10-linux-smp-bringup/README.md,,not-applicable,,,phase1-conservative-routing-classified,pending,Codex,2026-09-28,
f5b23932e7d2036811b2f9e89a9b71c174e4f5b4,docs/stages/p8/implementation/p8-w10-linux-smp-bringup/README.md,98c477cbc80800259c639726266cba1122d9d4f1,98c477cbc80800259c639726266cba1122d9d4f1,unchanged,original-963,p8,L4-design-or-amendment,source-en,docs/stages/p8/implementation/p8-w10-linux-smp-bringup/README.md,Proposed detailed design; implementation and validation are not claimed.,not-declared,,git-blob-only,conditional-design-approval-not-certified,proposed-design,P8-W10 implementation handoff.,docs/stages/p8/implementation/p8-w10-linux-smp-bringup/README.md#header,docs/development/documentation-baseline.md;docs/development/stage-workflow.md;docs/stages/p8/implementation/p8-w10-linux-smp-bringup/README.md,,not-applicable,,,phase1-conservative-routing-classified,pending,Codex,2026-09-28,
f5b23932e7d2036811b2f9e89a9b71c174e4f5b4,docs/stages/p8/implementation/p8-w11-scheduler-linux-integration/01-scenario-and-semantics-contract.md,313a94b01b6203d4e05b27aed9c60f19bb41f6f1,313a94b01b6203d4e05b27aed9c60f19bb41f6f1,unchanged,original-963,p8,L4-design-or-amendment,source-en,docs/stages/p8/implementation/p8-w11-scheduler-linux-integration/01-scenario-and-semantics-contract.md,Proposed detailed design; implementation and validation are not claimed.,not-declared,,git-blob-only,conditional-design-approval-not-certified,proposed-design,P8-W11,routing responsibility; no named person asserted,docs/development/documentation-baseline.md;docs/development/stage-workflow.md;docs/stages/p8/implementation/p8-w11-scheduler-linux-integration/README.md,,not-applicable,,,phase1-conservative-routing-classified,pending,Codex,2026-09-28,
f5b23932e7d2036811b2f9e89a9b71c174e4f5b4,docs/stages/p8/implementation/p8-w11-scheduler-linux-integration/02-observation-and-load-contracts.md,c7719e2d109a1d3ca647ff72ee2ed334d6b8d1da,c7719e2d109a1d3ca647ff72ee2ed334d6b8d1da,unchanged,original-963,p8,L4-design-or-amendment,source-en,docs/stages/p8/implementation/p8-w11-scheduler-linux-integration/02-observation-and-load-contracts.md,Proposed detailed design; implementation and validation are not claimed.,not-declared,,git-blob-only,conditional-design-approval-not-certified,proposed-design,P8-W11,routing responsibility; no named person asserted,docs/development/documentation-baseline.md;docs/development/stage-workflow.md;docs/stages/p8/implementation/p8-w11-scheduler-linux-integration/README.md,,not-applicable,,,phase1-conservative-routing-classified,pending,Codex,2026-09-28,
f5b23932e7d2036811b2f9e89a9b71c174e4f5b4,docs/stages/p8/implementation/p8-w11-scheduler-linux-integration/03-implementation-workflow-and-review.md,0e479093dc58d56cde6620a7318f480a7229063b,0e479093dc58d56cde6620a7318f480a7229063b,unchanged,original-963,p8,L4-design-or-amendment,source-en,docs/stages/p8/implementation/p8-w11-scheduler-linux-integration/03-implementation-workflow-and-review.md,Proposed detailed design; implementation and validation are not claimed.,not-declared,,git-blob-only,conditional-design-approval-not-certified,proposed-design,P8-W11,routing responsibility; no named person asserted,docs/development/documentation-baseline.md;docs/development/stage-workflow.md;docs/stages/p8/implementation/p8-w11-scheduler-linux-integration/README.md,,not-applicable,,,phase1-conservative-routing-classified,pending,Codex,2026-09-28,
f5b23932e7d2036811b2f9e89a9b71c174e4f5b4,docs/stages/p8/implementation/p8-w11-scheduler-linux-integration/README.md,ef09191869469ee7ff785b20952bddcc23ffe26d,ef09191869469ee7ff785b20952bddcc23ffe26d,unchanged,original-963,p8,L4-design-or-amendment,source-en,docs/stages/p8/implementation/p8-w11-scheduler-linux-integration/README.md,Proposed detailed design; implementation and validation are not claimed.,not-declared,,git-blob-only,conditional-design-approval-not-certified,proposed-design,P8-W11,routing responsibility; no named person asserted,docs/development/documentation-baseline.md;docs/development/stage-workflow.md;docs/stages/p8/implementation/p8-w11-scheduler-linux-integration/README.md,,not-applicable,,,phase1-conservative-routing-classified,pending,Codex,2026-09-28,
f5b23932e7d2036811b2f9e89a9b71c174e4f5b4,docs/stages/p8/implementation/p8-w12-linux-memory-model/01-memory-matrix-and-boundaries.md,162ab7c75c88a5070477b365108051fd7ff352fc,162ab7c75c88a5070477b365108051fd7ff352fc,unchanged,original-963,p8,L4-design-or-amendment,source-en,docs/stages/p8/implementation/p8-w12-linux-memory-model/01-memory-matrix-and-boundaries.md,Proposed detailed design; implementation and validation are not claimed.,not-declared,,git-blob-only,conditional-design-approval-not-certified,proposed-design,P8-W12,routing responsibility; no named person asserted,docs/development/documentation-baseline.md;docs/development/stage-workflow.md;docs/stages/p8/implementation/p8-w12-linux-memory-model/README.md,,not-applicable,,,phase1-conservative-routing-classified,pending,Codex,2026-09-28,
f5b23932e7d2036811b2f9e89a9b71c174e4f5b4,docs/stages/p8/implementation/p8-w12-linux-memory-model/02-probe-and-workload-contracts.md,9290a32ef0a3b66602ecdff9d46b8f3edb561ace,9290a32ef0a3b66602ecdff9d46b8f3edb561ace,unchanged,original-963,p8,L4-design-or-amendment,source-en,docs/stages/p8/implementation/p8-w12-linux-memory-model/02-probe-and-workload-contracts.md,Proposed detailed design; implementation and validation are not claimed.,not-declared,,git-blob-only,conditional-design-approval-not-certified,proposed-design,P8-W12,routing responsibility; no named person asserted,docs/development/documentation-baseline.md;docs/development/stage-workflow.md;docs/stages/p8/implementation/p8-w12-linux-memory-model/README.md,,not-applicable,,,phase1-conservative-routing-classified,pending,Codex,2026-09-28,
f5b23932e7d2036811b2f9e89a9b71c174e4f5b4,docs/stages/p8/implementation/p8-w12-linux-memory-model/03-implementation-workflow-and-review.md,07cf224dbb064ffa1427865d85a2edd3a64467cd,07cf224dbb064ffa1427865d85a2edd3a64467cd,unchanged,original-963,p8,L4-design-or-amendment,source-en,docs/stages/p8/implementation/p8-w12-linux-memory-model/03-implementation-workflow-and-review.md,Proposed detailed design; implementation and validation are not claimed.,not-declared,,git-blob-only,conditional-design-approval-not-certified,proposed-design,P8-W12,routing responsibility; no named person asserted,docs/development/documentation-baseline.md;docs/development/stage-workflow.md;docs/stages/p8/implementation/p8-w12-linux-memory-model/README.md,,not-applicable,,,phase1-conservative-routing-classified,pending,Codex,2026-09-28,
f5b23932e7d2036811b2f9e89a9b71c174e4f5b4,docs/stages/p8/implementation/p8-w12-linux-memory-model/README.md,7ba01e62ecce5ceeed15e794d7f73bdc3481f629,7ba01e62ecce5ceeed15e794d7f73bdc3481f629,unchanged,original-963,p8,L4-design-or-amendment,source-en,docs/stages/p8/implementation/p8-w12-linux-memory-model/README.md,Proposed detailed design; implementation and validation are not claimed.,not-declared,,git-blob-only,conditional-design-approval-not-certified,proposed-design,P8-W12,routing responsibility; no named person asserted,docs/development/documentation-baseline.md;docs/development/stage-workflow.md;docs/stages/p8/implementation/p8-w12-linux-memory-model/README.md,,not-applicable,,,phase1-conservative-routing-classified,pending,Codex,2026-09-28,
f5b23932e7d2036811b2f9e89a9b71c174e4f5b4,docs/stages/p8/implementation/p8-w13-guest-fault-diagnostics/01-fault-classification.md,7f6b771492768ed8e8c92face7df1d9352445b12,7f6b771492768ed8e8c92face7df1d9352445b12,unchanged,original-963,p8,L4-design-or-amendment,source-en,docs/stages/p8/implementation/p8-w13-guest-fault-diagnostics/01-fault-classification.md,Proposed detailed design; implementation and validation are not claimed.,not-declared,,git-blob-only,conditional-design-approval-not-certified,proposed-design,P8-W13,routing responsibility; no named person asserted,docs/development/documentation-baseline.md;docs/development/stage-workflow.md;docs/stages/p8/implementation/p8-w13-guest-fault-diagnostics/README.md,,not-applicable,,,phase1-conservative-routing-classified,pending,Codex,2026-09-28,
f5b23932e7d2036811b2f9e89a9b71c174e4f5b4,docs/stages/p8/implementation/p8-w13-guest-fault-diagnostics/02-diagnostic-context-contracts.md,82cc8cf6bc2090acd3abea153509479ba2277334,82cc8cf6bc2090acd3abea153509479ba2277334,unchanged,original-963,p8,L4-design-or-amendment,source-en,docs/stages/p8/implementation/p8-w13-guest-fault-diagnostics/02-diagnostic-context-contracts.md,Proposed detailed design; implementation and validation are not claimed.,not-declared,,git-blob-only,conditional-design-approval-not-certified,proposed-design,P8-W13,routing responsibility; no named person asserted,docs/development/documentation-baseline.md;docs/development/stage-workflow.md;docs/stages/p8/implementation/p8-w13-guest-fault-diagnostics/README.md,,not-applicable,,,phase1-conservative-routing-classified,pending,Codex,2026-09-28,
f5b23932e7d2036811b2f9e89a9b71c174e4f5b4,docs/stages/p8/implementation/p8-w13-guest-fault-diagnostics/03-implementation-workflow-and-review.md,5c9b4ba118f228c783b66850e075394ce79b30d1,5c9b4ba118f228c783b66850e075394ce79b30d1,unchanged,original-963,p8,L4-design-or-amendment,source-en,docs/stages/p8/implementation/p8-w13-guest-fault-diagnostics/03-implementation-workflow-and-review.md,Proposed detailed design; implementation and validation are not claimed.,not-declared,,git-blob-only,conditional-design-approval-not-certified,proposed-design,P8-W13,routing responsibility; no named person asserted,docs/development/documentation-baseline.md;docs/development/stage-workflow.md;docs/stages/p8/implementation/p8-w13-guest-fault-diagnostics/README.md,,not-applicable,,,phase1-conservative-routing-classified,pending,Codex,2026-09-28,
f5b23932e7d2036811b2f9e89a9b71c174e4f5b4,docs/stages/p8/implementation/p8-w13-guest-fault-diagnostics/README.md,081eaee6b9bed424de9a1289aaaec4e52b71841e,081eaee6b9bed424de9a1289aaaec4e52b71841e,unchanged,original-963,p8,L4-design-or-amendment,source-en,docs/stages/p8/implementation/p8-w13-guest-fault-diagnostics/README.md,Proposed detailed design; implementation and validation are not claimed.,not-declared,,git-blob-only,conditional-design-approval-not-certified,proposed-design,P8-W13,routing responsibility; no named person asserted,docs/development/documentation-baseline.md;docs/development/stage-workflow.md;docs/stages/p8/implementation/p8-w13-guest-fault-diagnostics/README.md,,not-applicable,,,phase1-conservative-routing-classified,pending,Codex,2026-09-28,
f5b23932e7d2036811b2f9e89a9b71c174e4f5b4,docs/stages/p8/implementation/p8-w14-machine-abi-compatibility/01-compatibility-matrix-and-policy.md,ad40dbada89d1bf30e7396e2d50e84a57fd97762,ad40dbada89d1bf30e7396e2d50e84a57fd97762,unchanged,original-963,p8,L4-design-or-amendment,source-en,docs/stages/p8/implementation/p8-w14-machine-abi-compatibility/01-compatibility-matrix-and-policy.md,Proposed detailed design; implementation and validation are not claimed.,not-declared,,git-blob-only,conditional-design-approval-not-certified,proposed-design,P8-W14,routing responsibility; no named person asserted,docs/development/documentation-baseline.md;docs/development/stage-workflow.md;docs/stages/p8/implementation/p8-w14-machine-abi-compatibility/README.md,,not-applicable,,,phase1-conservative-routing-classified,pending,Codex,2026-09-28,
f5b23932e7d2036811b2f9e89a9b71c174e4f5b4,docs/stages/p8/implementation/p8-w14-machine-abi-compatibility/02-implementation-and-review.md,9851314b39e21ce065a4136209e0747d5326ebf1,9851314b39e21ce065a4136209e0747d5326ebf1,unchanged,original-963,p8,L4-design-or-amendment,source-en,docs/stages/p8/implementation/p8-w14-machine-abi-compatibility/02-implementation-and-review.md,Proposed detailed design; implementation and validation are not claimed.,not-declared,,git-blob-only,conditional-design-approval-not-certified,proposed-design,P8-W14,routing responsibility; no named person asserted,docs/development/documentation-baseline.md;docs/development/stage-workflow.md;docs/stages/p8/implementation/p8-w14-machine-abi-compatibility/README.md,,not-applicable,,,phase1-conservative-routing-classified,pending,Codex,2026-09-28,
f5b23932e7d2036811b2f9e89a9b71c174e4f5b4,docs/stages/p8/implementation/p8-w14-machine-abi-compatibility/README.md,e70071cd49a821cdc79349d0c661966254120e50,e70071cd49a821cdc79349d0c661966254120e50,unchanged,original-963,p8,L4-design-or-amendment,source-en,docs/stages/p8/implementation/p8-w14-machine-abi-compatibility/README.md,Proposed detailed design; implementation and validation are not claimed.,not-declared,,git-blob-only,conditional-design-approval-not-certified,proposed-design,P8-W14,routing responsibility; no named person asserted,docs/development/documentation-baseline.md;docs/development/stage-workflow.md;docs/stages/p8/implementation/p8-w14-machine-abi-compatibility/README.md,,not-applicable,,,phase1-conservative-routing-classified,pending,Codex,2026-09-28,
f5b23932e7d2036811b2f9e89a9b71c174e4f5b4,docs/stages/p8/implementation/p8-w15-reproducible-linux-fixture/01-fixture-manifest-contract.md,330950daa614ab6b5141a4cc70f8048ba9a4bdb0,330950daa614ab6b5141a4cc70f8048ba9a4bdb0,unchanged,original-963,p8,L4-design-or-amendment,source-en,docs/stages/p8/implementation/p8-w15-reproducible-linux-fixture/01-fixture-manifest-contract.md,Proposed detailed design; implementation and validation are not claimed.,not-declared,,git-blob-only,conditional-design-approval-not-certified,proposed-design,P8-W15,routing responsibility; no named person asserted,docs/development/documentation-baseline.md;docs/development/stage-workflow.md;docs/stages/p8/implementation/p8-w15-reproducible-linux-fixture/README.md,,not-applicable,,,phase1-conservative-routing-classified,pending,Codex,2026-09-28,
f5b23932e7d2036811b2f9e89a9b71c174e4f5b4,docs/stages/p8/implementation/p8-w15-reproducible-linux-fixture/02-implementation-and-review.md,3d82862ad948c2ffe8b38df4a9d5d5af0690d70a,3d82862ad948c2ffe8b38df4a9d5d5af0690d70a,unchanged,original-963,p8,L4-design-or-amendment,source-en,docs/stages/p8/implementation/p8-w15-reproducible-linux-fixture/02-implementation-and-review.md,Proposed detailed design; implementation and validation are not claimed.,not-declared,,git-blob-only,conditional-design-approval-not-certified,proposed-design,P8-W15,routing responsibility; no named person asserted,docs/development/documentation-baseline.md;docs/development/stage-workflow.md;docs/stages/p8/implementation/p8-w15-reproducible-linux-fixture/README.md,,not-applicable,,,phase1-conservative-routing-classified,pending,Codex,2026-09-28,
f5b23932e7d2036811b2f9e89a9b71c174e4f5b4,docs/stages/p8/implementation/p8-w15-reproducible-linux-fixture/README.md,08817ea7185ce1532cc2984d7052d030c12921bd,08817ea7185ce1532cc2984d7052d030c12921bd,unchanged,original-963,p8,L4-design-or-amendment,source-en,docs/stages/p8/implementation/p8-w15-reproducible-linux-fixture/README.md,Proposed detailed design; implementation and validation are not claimed.,not-declared,,git-blob-only,conditional-design-approval-not-certified,proposed-design,P8-W15,routing responsibility; no named person asserted,docs/development/documentation-baseline.md;docs/development/stage-workflow.md;docs/stages/p8/implementation/p8-w15-reproducible-linux-fixture/README.md,,not-applicable,,,phase1-conservative-routing-classified,pending,Codex,2026-09-28,
f5b23932e7d2036811b2f9e89a9b71c174e4f5b4,docs/stages/p8/implementation/p8-w16-automated-linux-regression/01-regression-matrix.md,135a171a4b32f1d7519c2aab5a0002ed2e199317,135a171a4b32f1d7519c2aab5a0002ed2e199317,unchanged,original-963,p8,L4-design-or-amendment,source-en,docs/stages/p8/implementation/p8-w16-automated-linux-regression/01-regression-matrix.md,Proposed detailed design; implementation and validation are not claimed.,not-declared,,git-blob-only,conditional-design-approval-not-certified,proposed-design,P8-W16 implementation handoff.,docs/stages/p8/implementation/p8-w16-automated-linux-regression/README.md#header,docs/development/documentation-baseline.md;docs/development/stage-workflow.md;docs/stages/p8/implementation/p8-w16-automated-linux-regression/README.md,,not-applicable,,,phase1-conservative-routing-classified,pending,Codex,2026-09-28,
f5b23932e7d2036811b2f9e89a9b71c174e4f5b4,docs/stages/p8/implementation/p8-w16-automated-linux-regression/02-harness-contract-and-workflow.md,f7139161779a0cb2bd5d33c01834b045ed6baa1b,f7139161779a0cb2bd5d33c01834b045ed6baa1b,unchanged,original-963,p8,L4-design-or-amendment,source-en,docs/stages/p8/implementation/p8-w16-automated-linux-regression/02-harness-contract-and-workflow.md,Proposed detailed design; implementation and validation are not claimed.,not-declared,,git-blob-only,conditional-design-approval-not-certified,proposed-design,P8-W16 implementation handoff.,docs/stages/p8/implementation/p8-w16-automated-linux-regression/README.md#header,docs/development/documentation-baseline.md;docs/development/stage-workflow.md;docs/stages/p8/implementation/p8-w16-automated-linux-regression/README.md,,not-applicable,,,phase1-conservative-routing-classified,pending,Codex,2026-09-28,
f5b23932e7d2036811b2f9e89a9b71c174e4f5b4,docs/stages/p8/implementation/p8-w16-automated-linux-regression/README.md,3cee3a3ba8e856924a25cb22795115e8bd5f2b36,3cee3a3ba8e856924a25cb22795115e8bd5f2b36,unchanged,original-963,p8,L4-design-or-amendment,source-en,docs/stages/p8/implementation/p8-w16-automated-linux-regression/README.md,Proposed detailed design; implementation and validation are not claimed.,not-declared,,git-blob-only,conditional-design-approval-not-certified,proposed-design,P8-W16 implementation handoff.,docs/stages/p8/implementation/p8-w16-automated-linux-regression/README.md#header,docs/development/documentation-baseline.md;docs/development/stage-workflow.md;docs/stages/p8/implementation/p8-w16-automated-linux-regression/README.md,,not-applicable,,,phase1-conservative-routing-classified,pending,Codex,2026-09-28,
f5b23932e7d2036811b2f9e89a9b71c174e4f5b4,docs/stages/p8/implementation/p8-w17-linux-performance-baseline/01-measurement-method.md,53babb6b9abc299d45a0c1c133ec28203ba35c35,53babb6b9abc299d45a0c1c133ec28203ba35c35,unchanged,original-963,p8,L4-design-or-amendment,source-en,docs/stages/p8/implementation/p8-w17-linux-performance-baseline/01-measurement-method.md,Proposed detailed design; implementation and validation are not claimed.,not-declared,,git-blob-only,conditional-design-approval-not-certified,proposed-design,P8-W17 implementation handoff.,docs/stages/p8/implementation/p8-w17-linux-performance-baseline/README.md#header,docs/development/documentation-baseline.md;docs/development/stage-workflow.md;docs/stages/p8/implementation/p8-w17-linux-performance-baseline/README.md,,not-applicable,,,phase1-conservative-routing-classified,pending,Codex,2026-09-28,
f5b23932e7d2036811b2f9e89a9b71c174e4f5b4,docs/stages/p8/implementation/p8-w17-linux-performance-baseline/02-baseline-record-and-workflow.md,11a1590c3a4db8f4516d2b51e1c5a4b4329a7e02,11a1590c3a4db8f4516d2b51e1c5a4b4329a7e02,unchanged,original-963,p8,L4-design-or-amendment,source-en,docs/stages/p8/implementation/p8-w17-linux-performance-baseline/02-baseline-record-and-workflow.md,Proposed detailed design; implementation and validation are not claimed.,not-declared,,git-blob-only,conditional-design-approval-not-certified,proposed-design,P8-W17 implementation handoff.,docs/stages/p8/implementation/p8-w17-linux-performance-baseline/README.md#header,docs/development/documentation-baseline.md;docs/development/stage-workflow.md;docs/stages/p8/implementation/p8-w17-linux-performance-baseline/README.md,,not-applicable,,,phase1-conservative-routing-classified,pending,Codex,2026-09-28,
f5b23932e7d2036811b2f9e89a9b71c174e4f5b4,docs/stages/p8/implementation/p8-w17-linux-performance-baseline/README.md,bdcf25e0ca38a985bba6ecbd97044379e78d7b5c,bdcf25e0ca38a985bba6ecbd97044379e78d7b5c,unchanged,original-963,p8,L4-design-or-amendment,source-en,docs/stages/p8/implementation/p8-w17-linux-performance-baseline/README.md,Proposed detailed design; implementation and validation are not claimed.,not-declared,,git-blob-only,conditional-design-approval-not-certified,proposed-design,P8-W17 implementation handoff.,docs/stages/p8/implementation/p8-w17-linux-performance-baseline/README.md#header,docs/development/documentation-baseline.md;docs/development/stage-workflow.md;docs/stages/p8/implementation/p8-w17-linux-performance-baseline/README.md,,not-applicable,,,phase1-conservative-routing-classified,pending,Codex,2026-09-28,
f5b23932e7d2036811b2f9e89a9b71c174e4f5b4,docs/stages/p8/implementation/p8-w18-security-isolation-regression/01-isolation-scenario-matrix.md,704a1cd428a3f69886f2b05759454de877fd634f,704a1cd428a3f69886f2b05759454de877fd634f,unchanged,original-963,p8,L4-design-or-amendment,source-en,docs/stages/p8/implementation/p8-w18-security-isolation-regression/01-isolation-scenario-matrix.md,Proposed detailed design; implementation and validation are not claimed.,not-declared,,git-blob-only,conditional-design-approval-not-certified,proposed-design,P8-W18 implementation handoff.,docs/stages/p8/implementation/p8-w18-security-isolation-regression/README.md#header,docs/development/documentation-baseline.md;docs/development/stage-workflow.md;docs/stages/p8/implementation/p8-w18-security-isolation-regression/README.md,,not-applicable,,,phase1-conservative-routing-classified,pending,Codex,2026-09-28,
f5b23932e7d2036811b2f9e89a9b71c174e4f5b4,docs/stages/p8/implementation/p8-w18-security-isolation-regression/02-workflow-oracles-and-handoff.md,e809e3a1cee69e9b574f34ec8471b7991cc78782,e809e3a1cee69e9b574f34ec8471b7991cc78782,unchanged,original-963,p8,L4-design-or-amendment,source-en,docs/stages/p8/implementation/p8-w18-security-isolation-regression/02-workflow-oracles-and-handoff.md,Proposed detailed design; implementation and validation are not claimed.,not-declared,,git-blob-only,conditional-design-approval-not-certified,proposed-design,P8-W18 implementation handoff.,docs/stages/p8/implementation/p8-w18-security-isolation-regression/README.md#header,docs/development/documentation-baseline.md;docs/development/stage-workflow.md;docs/stages/p8/implementation/p8-w18-security-isolation-regression/README.md,,not-applicable,,,phase1-conservative-routing-classified,pending,Codex,2026-09-28,
f5b23932e7d2036811b2f9e89a9b71c174e4f5b4,docs/stages/p8/implementation/p8-w18-security-isolation-regression/README.md,b9cdb710fbb983e7dfa42364b9338e5ff3bb5cf6,b9cdb710fbb983e7dfa42364b9338e5ff3bb5cf6,unchanged,original-963,p8,L4-design-or-amendment,source-en,docs/stages/p8/implementation/p8-w18-security-isolation-regression/README.md,Proposed detailed design; implementation and validation are not claimed.,not-declared,,git-blob-only,conditional-design-approval-not-certified,proposed-design,P8-W18 implementation handoff.,docs/stages/p8/implementation/p8-w18-security-isolation-regression/README.md#header,docs/development/documentation-baseline.md;docs/development/stage-workflow.md;docs/stages/p8/implementation/p8-w18-security-isolation-regression/README.md,,not-applicable,,,phase1-conservative-routing-classified,pending,Codex,2026-09-28,
f5b23932e7d2036811b2f9e89a9b71c174e4f5b4,docs/stages/p8/implementation/p8-w19-validation-guest-dual-track/01-dual-track-scenario-matrix.md,9d17f6e3b2e08b2fd1508966bd5c5d7c9bcf7b2a,9d17f6e3b2e08b2fd1508966bd5c5d7c9bcf7b2a,unchanged,original-963,p8,L4-design-or-amendment,source-en,docs/stages/p8/implementation/p8-w19-validation-guest-dual-track/01-dual-track-scenario-matrix.md,Proposed detailed design; implementation and validation are not claimed.,not-declared,,git-blob-only,conditional-design-approval-not-certified,proposed-design,P8-W19 implementation handoff.,docs/stages/p8/implementation/p8-w19-validation-guest-dual-track/README.md#header,docs/development/documentation-baseline.md;docs/development/stage-workflow.md;docs/stages/p8/implementation/p8-w19-validation-guest-dual-track/README.md,,not-applicable,,,phase1-conservative-routing-classified,pending,Codex,2026-09-28,
f5b23932e7d2036811b2f9e89a9b71c174e4f5b4,docs/stages/p8/implementation/p8-w19-validation-guest-dual-track/02-coexistence-and-workflow.md,670e06378b25651bcf21018ecd47d94cd660167b,670e06378b25651bcf21018ecd47d94cd660167b,unchanged,original-963,p8,L4-design-or-amendment,source-en,docs/stages/p8/implementation/p8-w19-validation-guest-dual-track/02-coexistence-and-workflow.md,Proposed detailed design; implementation and validation are not claimed.,not-declared,,git-blob-only,conditional-design-approval-not-certified,proposed-design,P8-W19 implementation handoff.,docs/stages/p8/implementation/p8-w19-validation-guest-dual-track/README.md#header,docs/development/documentation-baseline.md;docs/development/stage-workflow.md;docs/stages/p8/implementation/p8-w19-validation-guest-dual-track/README.md,,not-applicable,,,phase1-conservative-routing-classified,pending,Codex,2026-09-28,
f5b23932e7d2036811b2f9e89a9b71c174e4f5b4,docs/stages/p8/implementation/p8-w19-validation-guest-dual-track/README.md,c43ea9225e8a9d434f77df5c404351d8ae130880,c43ea9225e8a9d434f77df5c404351d8ae130880,unchanged,original-963,p8,L4-design-or-amendment,source-en,docs/stages/p8/implementation/p8-w19-validation-guest-dual-track/README.md,Proposed detailed design; implementation and validation are not claimed.,not-declared,,git-blob-only,conditional-design-approval-not-certified,proposed-design,P8-W19 implementation handoff.,docs/stages/p8/implementation/p8-w19-validation-guest-dual-track/README.md#header,docs/development/documentation-baseline.md;docs/development/stage-workflow.md;docs/stages/p8/implementation/p8-w19-validation-guest-dual-track/README.md,,not-applicable,,,phase1-conservative-routing-classified,pending,Codex,2026-09-28,
f5b23932e7d2036811b2f9e89a9b71c174e4f5b4,docs/stages/p8/implementation/p8-w20-documentation-closure-handoff/01-closure-artifact-contract.md,65e3345acc141e654117c064efd3af13ac508a1f,65e3345acc141e654117c064efd3af13ac508a1f,unchanged,original-963,p8,L4-design-or-amendment,source-en,docs/stages/p8/implementation/p8-w20-documentation-closure-handoff/01-closure-artifact-contract.md,Proposed detailed design; implementation and validation are not claimed.,not-declared,,git-blob-only,conditional-design-approval-not-certified,proposed-design,P8-W20 implementation handoff.,docs/stages/p8/implementation/p8-w20-documentation-closure-handoff/README.md#header,docs/development/documentation-baseline.md;docs/development/stage-workflow.md;docs/stages/p8/implementation/p8-w20-documentation-closure-handoff/README.md,,not-applicable,,,phase1-conservative-routing-classified,pending,Codex,2026-09-28,
f5b23932e7d2036811b2f9e89a9b71c174e4f5b4,docs/stages/p8/implementation/p8-w20-documentation-closure-handoff/02-closure-workflow-and-handoff.md,a9a5ab7137b38713d5f8bf3886e391475ef809c2,a9a5ab7137b38713d5f8bf3886e391475ef809c2,unchanged,original-963,p8,L4-design-or-amendment,source-en,docs/stages/p8/implementation/p8-w20-documentation-closure-handoff/02-closure-workflow-and-handoff.md,Proposed detailed design; implementation and validation are not claimed.,not-declared,,git-blob-only,conditional-design-approval-not-certified,proposed-design,P8-W20 implementation handoff.,docs/stages/p8/implementation/p8-w20-documentation-closure-handoff/README.md#header,docs/development/documentation-baseline.md;docs/development/stage-workflow.md;docs/stages/p8/implementation/p8-w20-documentation-closure-handoff/README.md,,not-applicable,,,phase1-conservative-routing-classified,pending,Codex,2026-09-28,
f5b23932e7d2036811b2f9e89a9b71c174e4f5b4,docs/stages/p8/implementation/p8-w20-documentation-closure-handoff/README.md,ee38187623b7d6571e5d60a9c951e6d7eaa95b4f,ee38187623b7d6571e5d60a9c951e6d7eaa95b4f,unchanged,original-963,p8,L4-design-or-amendment,source-en,docs/stages/p8/implementation/p8-w20-documentation-closure-handoff/README.md,Proposed detailed design; implementation and validation are not claimed.,not-declared,,git-blob-only,conditional-design-approval-not-certified,proposed-design,P8-W20 implementation handoff.,docs/stages/p8/implementation/p8-w20-documentation-closure-handoff/README.md#header,docs/development/documentation-baseline.md;docs/development/stage-workflow.md;docs/stages/p8/implementation/p8-w20-documentation-closure-handoff/README.md,,not-applicable,,,phase1-conservative-routing-classified,pending,Codex,2026-09-28,
f5b23932e7d2036811b2f9e89a9b71c174e4f5b4,docs/stages/p8/plans/README.md,acea548590093927fe300701082b57b596f6077b,acea548590093927fe300701082b57b596f6077b,unchanged,original-963,p8,L3-plan-index,source-en,docs/stages/p8/plans/README.md,"Planning index. Plans are bounded work packages; implementation, ABI freezing, and evidence are not claimed.",not-declared,,git-blob-only,bounded-planning-not-code-admission,planning,P8 stage maintainers,routing responsibility; no named person asserted,docs/development/documentation-baseline.md;docs/development/stage-workflow.md,,not-applicable,,,phase1-conservative-routing-classified,pending,Codex,2026-09-28,
f5b23932e7d2036811b2f9e89a9b71c174e4f5b4,docs/stages/p8/plans/p8-w01-entry-contract-reconciliation.md,f54b5d85161de96d5e9a12cf7b054967aa05333f,f54b5d85161de96d5e9a12cf7b054967aa05333f,unchanged,original-963,p8,L3-package-plan,source-en,docs/stages/p8/plans/p8-w01-entry-contract-reconciliation.md,Planned work package; implementation not claimed,not-declared,,git-blob-only,bounded-planning-not-code-admission,planning,P8-W01,routing responsibility; no named person asserted,docs/development/documentation-baseline.md;docs/development/stage-workflow.md;docs/stages/p8/task-book-v0.1.md,,not-applicable,,,phase1-conservative-routing-classified,pending,Codex,2026-09-28,
f5b23932e7d2036811b2f9e89a9b71c174e4f5b4,docs/stages/p8/plans/p8-w02-machine-contract-governance.md,df95c8afd9f3032259c5243e29a00282fbfe5938,df95c8afd9f3032259c5243e29a00282fbfe5938,unchanged,original-963,p8,L3-package-plan,source-en,docs/stages/p8/plans/p8-w02-machine-contract-governance.md,Planned work package; implementation not claimed,not-declared,,git-blob-only,bounded-planning-not-code-admission,planning,P8-W02,routing responsibility; no named person asserted,docs/development/documentation-baseline.md;docs/development/stage-workflow.md;docs/stages/p8/task-book-v0.1.md,,not-applicable,,,phase1-conservative-routing-classified,pending,Codex,2026-09-28,
f5b23932e7d2036811b2f9e89a9b71c174e4f5b4,docs/stages/p8/plans/p8-w03-linux-boot-contract.md,ab6a098cc88d1ce812690e9927ff543c0d710626,ab6a098cc88d1ce812690e9927ff543c0d710626,unchanged,original-963,p8,L3-package-plan,source-en,docs/stages/p8/plans/p8-w03-linux-boot-contract.md,Planned work package; implementation not claimed,not-declared,,git-blob-only,bounded-planning-not-code-admission,planning,P8-W03,routing responsibility; no named person asserted,docs/development/documentation-baseline.md;docs/development/stage-workflow.md;docs/stages/p8/task-book-v0.1.md,,not-applicable,,,phase1-conservative-routing-classified,pending,Codex,2026-09-28,
f5b23932e7d2036811b2f9e89a9b71c174e4f5b4,docs/stages/p8/plans/p8-w04-guest-dtb-contract.md,845499b6b084cd70eff535ccca7adcde54049143,845499b6b084cd70eff535ccca7adcde54049143,unchanged,original-963,p8,L3-package-plan,source-en,docs/stages/p8/plans/p8-w04-guest-dtb-contract.md,Planned work package; implementation not claimed,not-declared,,git-blob-only,bounded-planning-not-code-admission,planning,P8-W04,routing responsibility; no named person asserted,docs/development/documentation-baseline.md;docs/development/stage-workflow.md;docs/stages/p8/task-book-v0.1.md,,not-applicable,,,phase1-conservative-routing-classified,pending,Codex,2026-09-28,
f5b23932e7d2036811b2f9e89a9b71c174e4f5b4,docs/stages/p8/plans/p8-w05-linux-cpu-virtualization.md,9603ebd9b5d45b1373a57057f75b6e744fd99a52,9603ebd9b5d45b1373a57057f75b6e744fd99a52,unchanged,original-963,p8,L3-package-plan,source-en,docs/stages/p8/plans/p8-w05-linux-cpu-virtualization.md,Planned work package; implementation not claimed,not-declared,,git-blob-only,bounded-planning-not-code-admission,planning,P8-W05,routing responsibility; no named person asserted,docs/development/documentation-baseline.md;docs/development/stage-workflow.md;docs/stages/p8/task-book-v0.1.md,,not-applicable,,,phase1-conservative-routing-classified,pending,Codex,2026-09-28,
f5b23932e7d2036811b2f9e89a9b71c174e4f5b4,docs/stages/p8/plans/p8-w06-psci-virtualization.md,6a9441706889e1216170acb1bb6dc7b00623e83f,6a9441706889e1216170acb1bb6dc7b00623e83f,unchanged,original-963,p8,L3-package-plan,source-en,docs/stages/p8/plans/p8-w06-psci-virtualization.md,Planned work package; implementation not claimed,not-declared,,git-blob-only,bounded-planning-not-code-admission,planning,P8-W06,routing responsibility; no named person asserted,docs/development/documentation-baseline.md;docs/development/stage-workflow.md;docs/stages/p8/task-book-v0.1.md,,not-applicable,,,phase1-conservative-routing-classified,pending,Codex,2026-09-28,
f5b23932e7d2036811b2f9e89a9b71c174e4f5b4,docs/stages/p8/plans/p8-w07-linux-vgicv3.md,b5f31a208bbdf26efc393f0209b604a2a8157774,b5f31a208bbdf26efc393f0209b604a2a8157774,unchanged,original-963,p8,L3-package-plan,source-en,docs/stages/p8/plans/p8-w07-linux-vgicv3.md,Planned work package; implementation not claimed,not-declared,,git-blob-only,bounded-planning-not-code-admission,planning,P8-W07,routing responsibility; no named person asserted,docs/development/documentation-baseline.md;docs/development/stage-workflow.md;docs/stages/p8/task-book-v0.1.md,,not-applicable,,,phase1-conservative-routing-classified,pending,Codex,2026-09-28,
f5b23932e7d2036811b2f9e89a9b71c174e4f5b4,docs/stages/p8/plans/p8-w08-linux-timer-integration.md,7ea492ed8180ac4451602b1cdfa80acfad5106ca,7ea492ed8180ac4451602b1cdfa80acfad5106ca,unchanged,original-963,p8,L3-package-plan,source-en,docs/stages/p8/plans/p8-w08-linux-timer-integration.md,Planned work package; implementation not claimed,not-declared,,git-blob-only,bounded-planning-not-code-admission,planning,P8-W08,routing responsibility; no named person asserted,docs/development/documentation-baseline.md;docs/development/stage-workflow.md;docs/stages/p8/task-book-v0.1.md,,not-applicable,,,phase1-conservative-routing-classified,pending,Codex,2026-09-28,
f5b23932e7d2036811b2f9e89a9b71c174e4f5b4,docs/stages/p8/plans/p8-w09-virtual-console-single-cpu-linux.md,71e46a15592d77766c689d5168b27e69e72719ab,71e46a15592d77766c689d5168b27e69e72719ab,unchanged,original-963,p8,L3-package-plan,source-en,docs/stages/p8/plans/p8-w09-virtual-console-single-cpu-linux.md,Planned work package; implementation not claimed,not-declared,,git-blob-only,bounded-planning-not-code-admission,planning,P8-W09,routing responsibility; no named person asserted,docs/development/documentation-baseline.md;docs/development/stage-workflow.md;docs/stages/p8/task-book-v0.1.md,,not-applicable,,,phase1-conservative-routing-classified,pending,Codex,2026-09-28,
f5b23932e7d2036811b2f9e89a9b71c174e4f5b4,docs/stages/p8/plans/p8-w10-linux-smp-bringup.md,0ff7b9680051cdded7a90f726b0d5082a71859f4,0ff7b9680051cdded7a90f726b0d5082a71859f4,unchanged,original-963,p8,L3-package-plan,source-en,docs/stages/p8/plans/p8-w10-linux-smp-bringup.md,Planned work package; implementation not claimed,not-declared,,git-blob-only,bounded-planning-not-code-admission,planning,P8-W10,routing responsibility; no named person asserted,docs/development/documentation-baseline.md;docs/development/stage-workflow.md;docs/stages/p8/task-book-v0.1.md,,not-applicable,,,phase1-conservative-routing-classified,pending,Codex,2026-09-28,
f5b23932e7d2036811b2f9e89a9b71c174e4f5b4,docs/stages/p8/plans/p8-w11-scheduler-linux-integration.md,1c001b3f75ac0971b2897d9d1103be040add8755,1c001b3f75ac0971b2897d9d1103be040add8755,unchanged,original-963,p8,L3-package-plan,source-en,docs/stages/p8/plans/p8-w11-scheduler-linux-integration.md,Planned work package; implementation not claimed,not-declared,,git-blob-only,bounded-planning-not-code-admission,planning,P8-W11,routing responsibility; no named person asserted,docs/development/documentation-baseline.md;docs/development/stage-workflow.md;docs/stages/p8/task-book-v0.1.md,,not-applicable,,,phase1-conservative-routing-classified,pending,Codex,2026-09-28,
f5b23932e7d2036811b2f9e89a9b71c174e4f5b4,docs/stages/p8/plans/p8-w12-linux-memory-model.md,d38cfb1a04f6cb7efd682bfde0e79394d294d98b,d38cfb1a04f6cb7efd682bfde0e79394d294d98b,unchanged,original-963,p8,L3-package-plan,source-en,docs/stages/p8/plans/p8-w12-linux-memory-model.md,Planned work package; implementation not claimed,not-declared,,git-blob-only,bounded-planning-not-code-admission,planning,P8-W12,routing responsibility; no named person asserted,docs/development/documentation-baseline.md;docs/development/stage-workflow.md;docs/stages/p8/task-book-v0.1.md,,not-applicable,,,phase1-conservative-routing-classified,pending,Codex,2026-09-28,
f5b23932e7d2036811b2f9e89a9b71c174e4f5b4,docs/stages/p8/plans/p8-w13-guest-fault-diagnostics.md,949f7059e97412dd57e1435df2df6c2b8301b2da,949f7059e97412dd57e1435df2df6c2b8301b2da,unchanged,original-963,p8,L3-package-plan,source-en,docs/stages/p8/plans/p8-w13-guest-fault-diagnostics.md,Planned work package; implementation not claimed,not-declared,,git-blob-only,bounded-planning-not-code-admission,planning,P8-W13,routing responsibility; no named person asserted,docs/development/documentation-baseline.md;docs/development/stage-workflow.md;docs/stages/p8/task-book-v0.1.md,,not-applicable,,,phase1-conservative-routing-classified,pending,Codex,2026-09-28,
f5b23932e7d2036811b2f9e89a9b71c174e4f5b4,docs/stages/p8/plans/p8-w14-machine-abi-compatibility.md,d0290d92443e16385d6bbe06902d66e8b01fd408,d0290d92443e16385d6bbe06902d66e8b01fd408,unchanged,original-963,p8,L3-package-plan,source-en,docs/stages/p8/plans/p8-w14-machine-abi-compatibility.md,Planned work package; implementation not claimed,not-declared,,git-blob-only,bounded-planning-not-code-admission,planning,P8-W14,routing responsibility; no named person asserted,docs/development/documentation-baseline.md;docs/development/stage-workflow.md;docs/stages/p8/task-book-v0.1.md,,not-applicable,,,phase1-conservative-routing-classified,pending,Codex,2026-09-28,
f5b23932e7d2036811b2f9e89a9b71c174e4f5b4,docs/stages/p8/plans/p8-w15-reproducible-linux-fixture.md,bced45c2f83d3433b583f0695ad31e33cafdfa1f,bced45c2f83d3433b583f0695ad31e33cafdfa1f,unchanged,original-963,p8,L3-package-plan,source-en,docs/stages/p8/plans/p8-w15-reproducible-linux-fixture.md,Planned work package; implementation not claimed,not-declared,,git-blob-only,bounded-planning-not-code-admission,planning,P8-W15,routing responsibility; no named person asserted,docs/development/documentation-baseline.md;docs/development/stage-workflow.md;docs/stages/p8/task-book-v0.1.md,,not-applicable,,,phase1-conservative-routing-classified,pending,Codex,2026-09-28,
f5b23932e7d2036811b2f9e89a9b71c174e4f5b4,docs/stages/p8/plans/p8-w16-automated-linux-regression.md,b95a7729517162ad11e881183a385e583506b1cd,b95a7729517162ad11e881183a385e583506b1cd,unchanged,original-963,p8,L3-package-plan,source-en,docs/stages/p8/plans/p8-w16-automated-linux-regression.md,Planned work package; implementation not claimed,not-declared,,git-blob-only,bounded-planning-not-code-admission,planning,P8-W16,routing responsibility; no named person asserted,docs/development/documentation-baseline.md;docs/development/stage-workflow.md;docs/stages/p8/task-book-v0.1.md,,not-applicable,,,phase1-conservative-routing-classified,pending,Codex,2026-09-28,
f5b23932e7d2036811b2f9e89a9b71c174e4f5b4,docs/stages/p8/plans/p8-w17-linux-performance-baseline.md,4090e66a42d06a760541dee3095e1df14332bd8e,4090e66a42d06a760541dee3095e1df14332bd8e,unchanged,original-963,p8,L3-package-plan,source-en,docs/stages/p8/plans/p8-w17-linux-performance-baseline.md,Planned work package; implementation not claimed,not-declared,,git-blob-only,bounded-planning-not-code-admission,planning,P8-W17,routing responsibility; no named person asserted,docs/development/documentation-baseline.md;docs/development/stage-workflow.md;docs/stages/p8/task-book-v0.1.md,,not-applicable,,,phase1-conservative-routing-classified,pending,Codex,2026-09-28,
f5b23932e7d2036811b2f9e89a9b71c174e4f5b4,docs/stages/p8/plans/p8-w18-security-isolation-regression.md,8922a2ce9f3f0a4cc16bb5df5d07bdf66fe21d16,8922a2ce9f3f0a4cc16bb5df5d07bdf66fe21d16,unchanged,original-963,p8,L3-package-plan,source-en,docs/stages/p8/plans/p8-w18-security-isolation-regression.md,Planned work package; implementation not claimed,not-declared,,git-blob-only,bounded-planning-not-code-admission,planning,P8-W18,routing responsibility; no named person asserted,docs/development/documentation-baseline.md;docs/development/stage-workflow.md;docs/stages/p8/task-book-v0.1.md,,not-applicable,,,phase1-conservative-routing-classified,pending,Codex,2026-09-28,
f5b23932e7d2036811b2f9e89a9b71c174e4f5b4,docs/stages/p8/plans/p8-w19-validation-guest-dual-track.md,76740002a588f56bb0879e29350b9867af32d3d1,76740002a588f56bb0879e29350b9867af32d3d1,unchanged,original-963,p8,L3-package-plan,source-en,docs/stages/p8/plans/p8-w19-validation-guest-dual-track.md,Planned work package; implementation not claimed,not-declared,,git-blob-only,bounded-planning-not-code-admission,planning,P8-W19,routing responsibility; no named person asserted,docs/development/documentation-baseline.md;docs/development/stage-workflow.md;docs/stages/p8/task-book-v0.1.md,,not-applicable,,,phase1-conservative-routing-classified,pending,Codex,2026-09-28,
f5b23932e7d2036811b2f9e89a9b71c174e4f5b4,docs/stages/p8/plans/p8-w20-documentation-closure-handoff.md,b622ea79c79477b8d376242fca45f8d25f68aba9,b622ea79c79477b8d376242fca45f8d25f68aba9,unchanged,original-963,p8,L3-package-plan,source-en,docs/stages/p8/plans/p8-w20-documentation-closure-handoff.md,Planned work package; implementation not claimed,not-declared,,git-blob-only,bounded-planning-not-code-admission,planning,P8-W20,routing responsibility; no named person asserted,docs/development/documentation-baseline.md;docs/development/stage-workflow.md;docs/stages/p8/task-book-v0.1.md,,not-applicable,,,phase1-conservative-routing-classified,pending,Codex,2026-09-28,
f5b23932e7d2036811b2f9e89a9b71c174e4f5b4,docs/stages/p8/task-book-v0.1.md,11baef8ed5c5d8020c4bfb41f756b7ad4d66c07e,11baef8ed5c5d8020c4bfb41f756b7ad4d66c07e,unchanged,original-963,p8,L2-task-book,source-en,docs/stages/p8/task-book-v0.1.md,"Implementation-planning baseline; work, ABI freezing, and evidence are not claimed",not-declared,,git-blob-only,stage-outcomes-not-code-admission,planning-baseline,P8 planning set reconstructed from the root-level P8 Stage Task Book v0.1 input,docs/stages/p8/task-book-v0.1.md#header,docs/development/documentation-baseline.md;docs/development/stage-workflow.md;docs/stages/p8/task-book-v0.1.md,,not-applicable,,,phase1-conservative-routing-classified,pending,Codex,2026-09-28,
f5b23932e7d2036811b2f9e89a9b71c174e4f5b4,docs/templates/README.md,c7fed4554e6b782e51d4ce2d2f2ff95f9b377d11,c7fed4554e6b782e51d4ce2d2f2ff95f9b377d11,unchanged,original-963,cross-cutting,template,source-en,docs/templates/README.md,"normative as a rule, informative as content (per the documentation baseline).",not-declared,,git-blob-only,template-rule-only,template,repository documentation maintainers,routing responsibility; no named person asserted,docs/development/documentation-baseline.md;docs/development/stage-workflow.md;docs/templates/README.md,,not-applicable,,,phase1-conservative-routing-classified,pending,Codex,2026-09-28,
f5b23932e7d2036811b2f9e89a9b71c174e4f5b4,docs/templates/adr-template.md,a288ededfa970eb5189435dbb54bfc1f3467d46a,a288ededfa970eb5189435dbb54bfc1f3467d46a,unchanged,original-963,cross-cutting,template,source-en,docs/templates/adr-template.md,Proposed <!-- one of: Proposed | Accepted | Rejected | Deferred | Superseded; start as Proposed -->,not-declared,,git-blob-only,example-content-no-decision,template,repository documentation maintainers,routing responsibility; no named person asserted,docs/development/documentation-baseline.md;docs/development/stage-workflow.md;docs/templates/README.md,,not-applicable,,,phase1-conservative-routing-classified,pending,Codex,2026-09-28,
f5b23932e7d2036811b2f9e89a9b71c174e4f5b4,docs/testing/README.md,d3f0ba0801e813ebbede006363ca64db1e3d7053,d3f0ba0801e813ebbede006363ca64db1e3d7053,unchanged,original-963,cross-cutting,governance-or-root-navigation,source-en,docs/testing/README.md,conditional (normative when approved and routed).,not-declared,,git-blob-only,directory-routing-per-declared-class,index,repository documentation maintainers,routing responsibility; no named person asserted,docs/development/documentation-baseline.md;docs/development/stage-workflow.md,,not-applicable,,,phase1-conservative-routing-classified,pending,Codex,2026-09-28,
f5b23932e7d2036811b2f9e89a9b71c174e4f5b4,docs/testing/host-test-baseline.md,3375c7e78f6474795df953067d9c307a98397698,3375c7e78f6474795df953067d9c307a98397698,unchanged,original-963,cross-cutting,governance-or-root-navigation,source-en,docs/testing/host-test-baseline.md,Normative host-side testing policy.,v0.1,v0.1,header,normative-routed-governance,current-governance,P0-W08 host-side testing baseline; operationalizes ADR-049's host-side validation layer.,docs/testing/host-test-baseline.md#header,docs/development/documentation-baseline.md;docs/development/stage-workflow.md,,not-applicable,,,phase1-conservative-routing-classified,pending,Codex,2026-09-28,
f5b23932e7d2036811b2f9e89a9b71c174e4f5b4,docs/testing/qemu-runner-entry.md,c78c62a63e5d6a68726efaba21c9b4cf3cd2e3c4,c78c62a63e5d6a68726efaba21c9b4cf3cd2e3c4,unchanged,original-963,cross-cutting,governance-or-root-navigation,source-en,docs/testing/qemu-runner-entry.md,Normative interface contract; P1-W10 supplies its first executable foundation (see §8); integrated boot validation remains pending.,v0.1,v0.1 (the entry contract's own version),header,normative-routed-governance,current-governance,"P0-W09 QEMU automation entry baseline; grammar, parameter-class, and taxonomy changes bump this version with a compatibility statement (§4, §6).",docs/testing/qemu-runner-entry.md#header,docs/development/documentation-baseline.md;docs/development/stage-workflow.md,,not-applicable,,,phase1-conservative-routing-classified,pending,Codex,2026-09-28,
