producer_package,consumer_package,stage_boundary,producer_package_plan,producer_plan_blob,producer_design,producer_design_blob,producer_side_output_records,producer_side_output_present,consumer_package_plan,consumer_plan_blob,consumer_design,consumer_design_blob,consumer_side_input_records,consumer_side_input_present,edge_assertion_count,edge_assertion_packages,edge_statuses,edge_assertion_sources,review_disposition,evidence_limit
P0-W03,P1-W01,P0→P1,docs/stages/p0/plans/p0-w03-aarch64-build-target-baseline.md,114571ce22752220876d58bf2943b91ac286e3c3,docs/stages/p0/implementation/p0-w03-aarch64-build-target-baseline/README.md,7ca1840d51ba3b9b271fe69ebd96a0bd2292fe26,[],no,docs/stages/p1/plans/p1-w01-reference-boot-contract.md,1bb8eeead2ba27bcf2c4ff63313b10430fa5cd6a,docs/stages/p1/implementation/p1-w01-reference-boot-contract/README.md,501356646dc38d505d65fef3056983158043ae8e,"[{""contract/value"":""P0-W03 target/build baseline and P0-W09 runner interface-only contract; plan-index handoff says P0 target/build/QEMU inputs, and W01 additionally records P0-W16 identity."",""evidence"":""docs/stages/p1/plans/p1-w01-reference-boot-contract.md; docs/stages/p1/implementation/p1-w01-reference-boot-contract/README.md"",""failure_or_rollback"":""missing/unverified prerequisites block the relevant package claim; consumers must not redesign upstream contracts"",""lifetime/availability"":""delivered/documented; runtime availability is only credited where verification explicitly reports execution"",""owner"":""named upstream packages; this package consumes by contract"",""producer"":""P0-W03 target/build baseline and P0-W09 runner interface-only contract"",""type_or_unit"":""package-owned contracts/runtime prerequisites""}]",yes,1,P1-W01,planned,docs/stages/p1/implementation/p1-w01-reference-boot-contract/README.md,"Consumer prerequisite names upstream package; producer output map has no matching consumer entry. Asymmetry is recorded; producer delivery, availability and verification ownership cannot be inferred from consumer row alone.","Source-document contract mapping only; no runtime proof. Planned, assumed, blocked, and asymmetric records remain at their stated admission boundaries."
P0-W04,P6-W12,P0→P6,docs/stages/p0/plans/p0-w04-build-profile-feature-governance.md,6f1d51ddf23c8cf58ed1a8436d1c23e3589d7e0e,docs/stages/p0/implementation/p0-w04-build-profile-feature-governance/README.md,3471588027faeaca5413d7ee9fc4ebf996175eb5,[],no,docs/stages/p6/plans/p6-w12-fault-isolation-robustness.md,5cd15962d64f9c4a06e9c4e1eab96495938c19ba,docs/stages/p6/implementation/p6-w12-fault-isolation-robustness/README.md,1d6d7cff2a6af4d606491e3071a05d563f169f1c,"[{""contract/value"":""test-hook gating; unsafe/diagnostic rules; raw capture requirements and event provenance/phase/frame/outcome for genuine asynchronous event"",""evidence"":""docs/stages/p6/implementation/p6-w12-fault-isolation-robustness/README.md top ADR-061 reconciliation banner; plan §work sequence 6; docs/stages/p6/implementation/p6-w12-fault-isolation-robustness/02-workflow-and-validation.md §2"",""failure_or_rollback"":""cannot substitute synchronous trap/vector branch/fabricated marker; without QEMU genuine source P6-V29 remains blocked pending approved alternate/architecture decision"",""lifetime/availability"":""FI hook plans exist but NC6 case absent; genuine async capability/sequence not documented in W12 design"",""owner"":""P0 governance/P1 crash diagnostics; W12 designs test; W02/W03 readiness provides GIC source; ADR-061 transfer owns NC6 gate"",""producer"":""P0-W04/W10/W12/W13 plus ADR-061 NC6 transfer"",""type_or_unit"":""test-only hook gates / async event proof package""}]",yes,0,,not-recorded-in-edge-assertion-ledger,,"Consumer prerequisite names upstream package; producer output map has no matching consumer entry. Asymmetry is recorded; producer delivery, availability and verification ownership cannot be inferred from consumer row alone.","Source-document contract mapping only; no runtime proof. Planned, assumed, blocked, and asymmetric records remain at their stated admission boundaries."
P0-W07,P8-W16,P0→P8,docs/stages/p0/plans/p0-w07-development-quality-gates.md,62d13f9e4eaaaa7d434fcc2c5189025d221ec50f,docs/stages/p0/implementation/p0-w07-development-quality-gates/README.md,dba36b3d4ebe8b291ebe42a04fa62cd8d0166af6,[],no,docs/stages/p8/plans/p8-w16-automated-linux-regression.md,b95a7729517162ad11e881183a385e583506b1cd,docs/stages/p8/implementation/p8-w16-automated-linux-regression/README.md,3cee3a3ba8e856924a25cb22795115e8bd5f2b36,"[{""contract/value"":""Failure semantics must conform to quality gate; host-testable matcher/run-record logic follows host test organization."",""evidence"":""docs/stages/p8/implementation/p8-w16-automated-linux-regression/02-harness-contract-and-workflow.md §1; DV01."",""failure_or_rollback"":""Conflict blocks harness step; W16 cannot redefine P0 gate."",""lifetime/availability"":""Assumed; verify before implementation."",""owner"":""P0"",""producer"":""P0-W07/W08"",""type_or_unit"":""Test/quality governance""}]",yes,0,,not-recorded-in-edge-assertion-ledger,,"Consumer prerequisite names upstream package; producer output map has no matching consumer entry. Asymmetry is recorded; producer delivery, availability and verification ownership cannot be inferred from consumer row alone.","Source-document contract mapping only; no runtime proof. Planned, assumed, blocked, and asymmetric records remain at their stated admission boundaries."
P0-W07,P8-W17,P0→P8,docs/stages/p0/plans/p0-w07-development-quality-gates.md,62d13f9e4eaaaa7d434fcc2c5189025d221ec50f,docs/stages/p0/implementation/p0-w07-development-quality-gates/README.md,dba36b3d4ebe8b291ebe42a04fa62cd8d0166af6,[],no,docs/stages/p8/plans/p8-w17-linux-performance-baseline.md,4090e66a42d06a760541dee3095e1df14332bd8e,docs/stages/p8/implementation/p8-w17-linux-performance-baseline/README.md,bdcf25e0ca38a985bba6ecbd97044379e78d7b5c,"[{""contract/value"":""Governed counter/event namespace, diagnostic identity, quality gates, accounting fields and compatible baseline vocabulary."",""evidence"":""01 §§1–4; 02 §1"",""failure_or_rollback"":""M2–M5 blocked for absent namespace/evidence; terminology conflict is escalated"",""lifetime/availability"":""Assumed only; no current evidence in W17 design"",""owner"":""P0/P7 owners"",""producer"":""P0-W13/P0-W12/P0-W07; P7 accounting and P7-W13 terms"",""type_or_unit"":""Telemetry names/accounting facts/environment-limit terminology""}]",yes,0,,not-recorded-in-edge-assertion-ledger,,"Consumer prerequisite names upstream package; producer output map has no matching consumer entry. Asymmetry is recorded; producer delivery, availability and verification ownership cannot be inferred from consumer row alone.","Source-document contract mapping only; no runtime proof. Planned, assumed, blocked, and asymmetric records remain at their stated admission boundaries."
P0-W08,P2-W01,P0→P2,docs/stages/p0/plans/p0-w08-host-side-testing-baseline.md,968cd3fc7363e0b0e6b3b725fe6699bb99ab6ff6,docs/stages/p0/implementation/p0-w08-host-side-testing-baseline/README.md,c5d0c29809043912a4462bdabadcf69b7fa3523f,[],no,docs/stages/p2/plans/p2-w01-boot-platform-description-intake.md,4e63ac60bec0d1bf95d885a776e5a26dcf465180,docs/stages/p2/implementation/p2-w01-boot-platform-description-intake/README.md,3a265306da827d899b1103a6899ea052b8e47bf5,"[{""contract"":""Unsafe governance, diagnostics and source-sharing host harness"",""evidence"":""docs/stages/p2/implementation/p2-w01-boot-platform-description-intake/00-current-baseline-amendment.md"",""failure_or_rollback"":""No uncontrolled reads/logged DT content; defects block integration"",""lifetime_availability"":""Pre-allocation diagnostics and host test environment"",""owner"":""P0 foundations"",""producer"":""P0-W10/P0-W12/P0-W14/P0-W08"",""type_or_unit"":""review records/static diagnostics/test invocation""}]",yes,0,,not-recorded-in-edge-assertion-ledger,,"Consumer prerequisite names upstream package; producer output map has no matching consumer entry. Asymmetry is recorded; producer delivery, availability and verification ownership cannot be inferred from consumer row alone.","Source-document contract mapping only; no runtime proof. Planned, assumed, blocked, and asymmetric records remain at their stated admission boundaries."
P0-W08,P2-W02,P0→P2,docs/stages/p0/plans/p0-w08-host-side-testing-baseline.md,968cd3fc7363e0b0e6b3b725fe6699bb99ab6ff6,docs/stages/p0/implementation/p0-w08-host-side-testing-baseline/README.md,c5d0c29809043912a4462bdabadcf69b7fa3523f,[],no,docs/stages/p2/plans/p2-w02-platform-discovery-normalization.md,ce1fe9331708513c975064fb42b016ed2f92e6b9,docs/stages/p2/implementation/p2-w02-platform-discovery-normalization/README.md,5d1c58e50331cc6963825efe23e2608979c3553c,"[{""contract"":""Address semantics, static diagnostic classes and exact-source host harness"",""evidence"":""docs/stages/p2/implementation/p2-w02-platform-discovery-normalization/README.md"",""failure_or_rollback"":""Capacity/empty CPU or RAM/boot CPU mismatch terminal"",""lifetime_availability"":""Pure bounded no-allocation routine"",""owner"":""P0"",""producer"":""P0-W11/P0-W12/P0-W08"",""type_or_unit"":""typed addresses/diagnostic records""}]",yes,0,,not-recorded-in-edge-assertion-ledger,,"Consumer prerequisite names upstream package; producer output map has no matching consumer entry. Asymmetry is recorded; producer delivery, availability and verification ownership cannot be inferred from consumer row alone.","Source-document contract mapping only; no runtime proof. Planned, assumed, blocked, and asymmetric records remain at their stated admission boundaries."
P0-W08,P2-W07,P0→P2,docs/stages/p0/plans/p0-w08-host-side-testing-baseline.md,968cd3fc7363e0b0e6b3b725fe6699bb99ab6ff6,docs/stages/p0/implementation/p0-w08-host-side-testing-baseline/README.md,c5d0c29809043912a4462bdabadcf69b7fa3523f,[],no,docs/stages/p2/plans/p2-w07-offline-dtb-compatibility.md,bc1edd1b13625cac52cf28f1745e4669eb3824c5,docs/stages/p2/implementation/p2-w07-offline-dtb-compatibility/README.md,ff575d53468f7864c437fff9226d2901620e9e22,"[{""contract"":""Host entry plus tracked QEMU and RK3566 DTB/expectations"",""evidence"":""docs/stages/p2/implementation/p2-w07-offline-dtb-compatibility/03-fixture-and-expectation-matrix.md"",""failure_or_rollback"":""Missing fixture blocks its step; no fabricated board facts"",""lifetime_availability"":""Pinned exact input; expectation revisions retained"",""owner"":""W07 fixture manifest"",""producer"":""P0-W08 / fixture provenance owners"",""type_or_unit"":""fixture bytes/hash/version/binding rows""}]",yes,0,,not-recorded-in-edge-assertion-ledger,,"Consumer prerequisite names upstream package; producer output map has no matching consumer entry. Asymmetry is recorded; producer delivery, availability and verification ownership cannot be inferred from consumer row alone.","Source-document contract mapping only; no runtime proof. Planned, assumed, blocked, and asymmetric records remain at their stated admission boundaries."
P0-W08,P3-W06,P0→P3,docs/stages/p0/plans/p0-w08-host-side-testing-baseline.md,968cd3fc7363e0b0e6b3b725fe6699bb99ab6ff6,docs/stages/p0/implementation/p0-w08-host-side-testing-baseline/README.md,c5d0c29809043912a4462bdabadcf69b7fa3523f,[],no,docs/stages/p3/plans/p3-w06-concurrency-synchronization.md,1bd9621e51f955f8b046f1f204800ee0e219bed6,docs/stages/p3/implementation/p3-w06-concurrency-synchronization/README.md,ef10fd7e7eed1a5d875a7e25f78d3e38396730bd,"[{""contract/value"":""host test entry, unsafe/diagnostic governance, failure classification, allocator locking boundary"",""evidence"":""assumed design links only"",""failure_or_rollback"":""missing baseline blocks tests or unsafe review; allocator allocation-under-lock conflicts must be raised"",""lifetime/availability"":""assumed prerequisites"",""owner"":""P0/P2"",""producer"":""P0-W08/W10/W12/W13/W14; P2-W04/W05"",""type_or_unit"":""test/governance/allocator contracts""}]",yes,0,,not-recorded-in-edge-assertion-ledger,,"Consumer prerequisite names upstream package; producer output map has no matching consumer entry. Asymmetry is recorded; producer delivery, availability and verification ownership cannot be inferred from consumer row alone.","Source-document contract mapping only; no runtime proof. Planned, assumed, blocked, and asymmetric records remain at their stated admission boundaries."
P0-W08,P3-W10,P0→P3,docs/stages/p0/plans/p0-w08-host-side-testing-baseline.md,968cd3fc7363e0b0e6b3b725fe6699bb99ab6ff6,docs/stages/p0/implementation/p0-w08-host-side-testing-baseline/README.md,c5d0c29809043912a4462bdabadcf69b7fa3523f,[],no,docs/stages/p3/plans/p3-w10-smp-safety-audit.md,e6bb4eae3583028c15328f24bfd84c92923f0496,docs/stages/p3/implementation/p3-w10-smp-safety-audit/README.md,e1e8e715b8adf6d85e2d9050a906bf75177a78a1,"[{""contract/value"":""unsafe inventory and implementation/verification evidence prerequisite"",""evidence"":""design explicitly notes records sparse/absent"",""failure_or_rollback"":""missing evidence blocks group; P2-ACR-01 stays visible"",""lifetime/availability"":""audit gate"",""owner"":""P0/P1/P2 owners"",""producer"":""P0-W10/P0-W08 and P0-P2 records"",""type_or_unit"":""evidence and discovery sources""}]",yes,0,,not-recorded-in-edge-assertion-ledger,,"Consumer prerequisite names upstream package; producer output map has no matching consumer entry. Asymmetry is recorded; producer delivery, availability and verification ownership cannot be inferred from consumer row alone.","Source-document contract mapping only; no runtime proof. Planned, assumed, blocked, and asymmetric records remain at their stated admission boundaries."
P0-W08,P3-W12,P0→P3,docs/stages/p0/plans/p0-w08-host-side-testing-baseline.md,968cd3fc7363e0b0e6b3b725fe6699bb99ab6ff6,docs/stages/p0/implementation/p0-w08-host-side-testing-baseline/README.md,c5d0c29809043912a4462bdabadcf69b7fa3523f,[],no,docs/stages/p3/plans/p3-w12-smp-stress-failure-tests.md,12b1ca4136f2f6da303d8c0c17afe5de17c8390b,docs/stages/p3/implementation/p3-w12-smp-stress-failure-tests/README.md,e5355513907f8c79a566a5abf4e453d7047d78bb,"[{""contract/value"":""host-fake test, QEMU run/capture, CI consumption contracts"",""evidence"":""assumed plans"",""failure_or_rollback"":""runner missing blocks QEMU scenario; W12 adds no runner/CI"",""lifetime/availability"":""as declared execution mode"",""owner"":""P0"",""producer"":""P0-W08/W09/W20"",""type_or_unit"":""test/QEMU entry and captured evidence""}]",yes,0,,not-recorded-in-edge-assertion-ledger,,"Consumer prerequisite names upstream package; producer output map has no matching consumer entry. Asymmetry is recorded; producer delivery, availability and verification ownership cannot be inferred from consumer row alone.","Source-document contract mapping only; no runtime proof. Planned, assumed, blocked, and asymmetric records remain at their stated admission boundaries."
P0-W09,P1-W01,P0→P1,docs/stages/p0/plans/p0-w09-qemu-automation-entry-baseline.md,ece7db6ccefb3d8b33defc8479e6bd4e52a0aeaa,docs/stages/p0/implementation/p0-w09-qemu-automation-entry-baseline/README.md,9d226ba0208f6b051f35940b7cd116ed05402e49,[],no,docs/stages/p1/plans/p1-w01-reference-boot-contract.md,1bb8eeead2ba27bcf2c4ff63313b10430fa5cd6a,docs/stages/p1/implementation/p1-w01-reference-boot-contract/README.md,501356646dc38d505d65fef3056983158043ae8e,"[{""contract/value"":""P0-W03 target/build baseline and P0-W09 runner interface-only contract; plan-index handoff says P0 target/build/QEMU inputs, and W01 additionally records P0-W16 identity."",""evidence"":""docs/stages/p1/plans/p1-w01-reference-boot-contract.md; docs/stages/p1/implementation/p1-w01-reference-boot-contract/README.md"",""failure_or_rollback"":""missing/unverified prerequisites block the relevant package claim; consumers must not redesign upstream contracts"",""lifetime/availability"":""delivered/documented; runtime availability is only credited where verification explicitly reports execution"",""owner"":""named upstream packages; this package consumes by contract"",""producer"":""P0-W03 target/build baseline and P0-W09 runner interface-only contract"",""type_or_unit"":""package-owned contracts/runtime prerequisites""}]",yes,1,P1-W01,planned,docs/stages/p1/implementation/p1-w01-reference-boot-contract/README.md,"Consumer prerequisite names upstream package; producer output map has no matching consumer entry. Asymmetry is recorded; producer delivery, availability and verification ownership cannot be inferred from consumer row alone.","Source-document contract mapping only; no runtime proof. Planned, assumed, blocked, and asymmetric records remain at their stated admission boundaries."
P0-W09,P1-W10,P0→P1,docs/stages/p0/plans/p0-w09-qemu-automation-entry-baseline.md,ece7db6ccefb3d8b33defc8479e6bd4e52a0aeaa,docs/stages/p0/implementation/p0-w09-qemu-automation-entry-baseline/README.md,9d226ba0208f6b051f35940b7cd116ed05402e49,"[{""consumer(s)"":""P1-W10, W19, W20, W07, W17"",""evidence"":""runner contract §§2-8; verification DV01-DV07"",""failure"":""finite timeout required, serial complete; timeout never pass; usage/launch/internal errors distinguish target outcome; no unsanctioned script entry"",""item"":""qemu-runner-entry.md interface and single-entry rule"",""lifetime"":""future automated repeatable QEMU evidence must use this entry; changes versioned"",""owner"":""contract owns interface; caller design owns success criteria/profile values; P1-W10 expected first concrete runner"",""type_or_unit"":""CLI grammar outline, seven parameter classes, runtime behavior, six exit status classes, evidence content set"",""verification_owner"":""W09 documentary grammar walkthrough; implementing test package owns executable behavior""},{""consumer(s)"":""W19, W20, P1-W10"",""evidence"":""implementation record Deviations; verification DV02/Not run"",""failure"":""absence cannot be misreported as passing or silently skipped P0 gate"",""item"":""P0 placeholder boundary and future gate classification"",""lifetime"":""until first implementing design, expected P1-W10"",""owner"":""W09 policy; W20 later classification"",""type_or_unit"":""documentary status, no runnable target"",""verification_owner"":""W09 placeholder review; W20 CI mapping""}]",yes,docs/stages/p1/plans/p1-w10-qemu-boot-regression.md,57f1a8d0cebbe85a6bde47cdabe5bc2f25f67d66,docs/stages/p1/implementation/p1-w10-qemu-boot-regression/README.md,34e671b986a676101b2f5284ec17513e3f656a56,"[{""contract/value"":""P0-W09 runner entry and W17 naming; P1-W01 recipe, W02–W09 integrated boot markers/readiness and W11 NC scenarios."",""evidence"":""docs/stages/p1/plans/p1-w10-qemu-boot-regression.md; docs/stages/p1/implementation/p1-w10-qemu-boot-regression/README.md"",""failure_or_rollback"":""missing/unverified prerequisites block the relevant package claim; consumers must not redesign upstream contracts"",""lifetime/availability"":""delivered/documented; runtime availability is only credited where verification explicitly reports execution"",""owner"":""named upstream packages; this package consumes by contract"",""producer"":""P0-W09 runner entry and W17 naming"",""type_or_unit"":""package-owned contracts/runtime prerequisites""}]",yes,3,P0-W09;P0-W19;P1-W10,implemented;planned,docs/stages/p0/implementation/p0-w09-qemu-automation-entry-baseline/README.md;docs/stages/p0/implementation/p0-w19-reproducible-development-workflow-record.md;docs/stages/p1/implementation/p1-w10-qemu-boot-regression/README.md,"Both endpoint mapping records are present. Compare captured producer type/unit, owner, lifetime, failure, availability and verification fields against consumer prerequisites; source status controls admission.","Source-document contract mapping only; no runtime proof. Planned, assumed, blocked, and asymmetric records remain at their stated admission boundaries."
P0-W09,P2-W09,P0→P2,docs/stages/p0/plans/p0-w09-qemu-automation-entry-baseline.md,ece7db6ccefb3d8b33defc8479e6bd4e52a0aeaa,docs/stages/p0/implementation/p0-w09-qemu-automation-entry-baseline/README.md,9d226ba0208f6b051f35940b7cd116ed05402e49,[],no,docs/stages/p2/plans/p2-w09-qemu-integration-regression.md,2282cc383a1a11004f9fb168d0b0b8eb5248fb58,docs/stages/p2/implementation/p2-w09-qemu-integration-regression/README.md,9a5e4acbab8e50057bbecc27b8749148f04adeb8,"[{""contract"":""Existing single QEMU process-owner entry and P1 recipe"",""evidence"":""docs/stages/p2/implementation/p2-w09-qemu-integration-regression/02-configuration-matrix.md"",""failure_or_rollback"":""Missing runner/environment=blocked"",""lifetime_availability"":""Pinned per run; no new parallel runner"",""owner"":""P0 interface; P1 implementation"",""producer"":""P0-W09/P1-W10"",""type_or_unit"":""command/environment/image identity""}]",yes,0,,not-recorded-in-edge-assertion-ledger,,"Consumer prerequisite names upstream package; producer output map has no matching consumer entry. Asymmetry is recorded; producer delivery, availability and verification ownership cannot be inferred from consumer row alone.","Source-document contract mapping only; no runtime proof. Planned, assumed, blocked, and asymmetric records remain at their stated admission boundaries."
P0-W09,P3-W13,P0→P3,docs/stages/p0/plans/p0-w09-qemu-automation-entry-baseline.md,ece7db6ccefb3d8b33defc8479e6bd4e52a0aeaa,docs/stages/p0/implementation/p0-w09-qemu-automation-entry-baseline/README.md,9d226ba0208f6b051f35940b7cd116ed05402e49,[],no,docs/stages/p3/plans/p3-w13-qemu-smp-regression.md,acde52c69c73727d75dc37f9a0f7315ba08c414b,docs/stages/p3/implementation/p3-w13-qemu-smp-regression/README.md,7bd68146c2753990b0f99b8e589f4162cd26f5b8,"[{""contract/value"":""automation can select smp count/image/capture/result; CI consumption"",""evidence"":""P0 plans only per design snapshot"",""failure_or_rollback"":""until contract exists/implemented, all QEMU rows blocked; W13 adds no runner"",""lifetime/availability"":""execution path prerequisite"",""owner"":""P0"",""producer"":""P0-W09/W20"",""type_or_unit"":""QEMU `virt` invocation and output""}]",yes,0,,not-recorded-in-edge-assertion-ledger,,"Consumer prerequisite names upstream package; producer output map has no matching consumer entry. Asymmetry is recorded; producer delivery, availability and verification ownership cannot be inferred from consumer row alone.","Source-document contract mapping only; no runtime proof. Planned, assumed, blocked, and asymmetric records remain at their stated admission boundaries."
P0-W09,P6-W11,P0→P6,docs/stages/p0/plans/p0-w09-qemu-automation-entry-baseline.md,ece7db6ccefb3d8b33defc8479e6bd4e52a0aeaa,docs/stages/p0/implementation/p0-w09-qemu-automation-entry-baseline/README.md,9d226ba0208f6b051f35940b7cd116ed05402e49,[],no,docs/stages/p6/plans/p6-w11-validation-guest-interrupt-suite.md,e9e3f295f6175e1068692e3785d0663bbda24335,docs/stages/p6/implementation/p6-w11-validation-guest-interrupt-suite/README.md,3088e071549e808f7f446569628e55026186bcd0,"[{""contract/value"":""raw artifact links, Host correlation and composed P6-V09–V19 status"",""evidence"":""docs/stages/p6/implementation/p6-w11-validation-guest-interrupt-suite/README.md workflow; docs/stages/p6/implementation/p6-w11-validation-guest-interrupt-suite/01-scenario-matrix.md §3; docs/stages/p6/implementation/p6-w11-validation-guest-interrupt-suite/02-harness-and-workflow.md §§2–5"",""failure_or_rollback"":""every run classified; missing Guest record never PASS; BLOCKED distinct from NOT-RUN"",""lifetime/availability"":""planned; no evidence results yet"",""owner"":""P0 conventions; W11 harness; W13 composition"",""producer"":""P0-W09 evidence conventions / W13 telemetry"",""type_or_unit"":""Guest result records, run IDs, raw evidence, correlation refs""}]",yes,0,,not-recorded-in-edge-assertion-ledger,,"Consumer prerequisite names upstream package; producer output map has no matching consumer entry. Asymmetry is recorded; producer delivery, availability and verification ownership cannot be inferred from consumer row alone.","Source-document contract mapping only; no runtime proof. Planned, assumed, blocked, and asymmetric records remain at their stated admission boundaries."
P0-W09,P6-W13,P0→P6,docs/stages/p0/plans/p0-w09-qemu-automation-entry-baseline.md,ece7db6ccefb3d8b33defc8479e6bd4e52a0aeaa,docs/stages/p0/implementation/p0-w09-qemu-automation-entry-baseline/README.md,9d226ba0208f6b051f35940b7cd116ed05402e49,[],no,docs/stages/p6/plans/p6-w13-telemetry-regression-handoff.md,a71e43724aba47472915c62edaf85254c88b81f4,docs/stages/p6/implementation/p6-w13-telemetry-regression-handoff/README.md,90dc7a60234693afcadd10332d05d325f09e598c,"[{""contract/value"":""authoritative P0–P5 regression inventory and CI/QEMU execution method"",""evidence"":""docs/stages/p6/implementation/p6-w13-telemetry-regression-handoff/01-telemetry-and-evidence-map.md §4; docs/stages/p6/implementation/p6-w13-telemetry-regression-handoff/02-workflow-and-handoff.md §§1,4"",""failure_or_rollback"":""must not reconstruct inventory from plan text or memory"",""lifetime/availability"":""assumed; absent/unevidenced => P6-V23 blocked"",""owner"":""P5-W10 inventory; P0 CI/QEMU; W13 runner/composer"",""producer"":""P5-W10 + P0-W20/P0-W09"",""type_or_unit"":""determinate inventory rows and run evidence""}]",yes,0,,not-recorded-in-edge-assertion-ledger,,"Consumer prerequisite names upstream package; producer output map has no matching consumer entry. Asymmetry is recorded; producer delivery, availability and verification ownership cannot be inferred from consumer row alone.","Source-document contract mapping only; no runtime proof. Planned, assumed, blocked, and asymmetric records remain at their stated admission boundaries."
P0-W09,P7-W11,P0→P7,docs/stages/p0/plans/p0-w09-qemu-automation-entry-baseline.md,ece7db6ccefb3d8b33defc8479e6bd4e52a0aeaa,docs/stages/p0/implementation/p0-w09-qemu-automation-entry-baseline/README.md,9d226ba0208f6b051f35940b7cd116ed05402e49,[],no,docs/stages/p7/plans/p7-w11-stress-invariants.md,91caaa594a56213c8b5c734e1d7e0672d9fa2b50,docs/stages/p7/implementation/p7-w11-stress-invariants/README.md,4bf6256abaf5d1d0be11b33b469123601304c1f3,"[{""contract/value"":""QEMU runner capture plus fatal-diagnostic behavior for stress artifacts."",""evidence"":""01-stress-scenario-matrices.md §1; 02-invariant-checks-and-failure-signals.md §§2-3."",""failure_or_rollback"":""Missing runner/fatal boundary blocks cases or produces F6; never counted as pass."",""lifetime/availability"":""Prerequisite; currently assumed by the designs."",""owner"":""P0/P1"",""producer"":""P0-W09/P1 failure boundary"",""type_or_unit"":""Run/capture and fatal output""}]",yes,0,,not-recorded-in-edge-assertion-ledger,,"Consumer prerequisite names upstream package; producer output map has no matching consumer entry. Asymmetry is recorded; producer delivery, availability and verification ownership cannot be inferred from consumer row alone.","Source-document contract mapping only; no runtime proof. Planned, assumed, blocked, and asymmetric records remain at their stated admission boundaries."
P0-W09,P7-W12,P0→P7,docs/stages/p0/plans/p0-w09-qemu-automation-entry-baseline.md,ece7db6ccefb3d8b33defc8479e6bd4e52a0aeaa,docs/stages/p0/implementation/p0-w09-qemu-automation-entry-baseline/README.md,9d226ba0208f6b051f35940b7cd116ed05402e49,[],no,docs/stages/p7/plans/p7-w12-qemu-regression.md,1246b7bec9918319ea99b26da518c978eeb9c5f2,docs/stages/p7/implementation/p7-w12-qemu-regression/README.md,e5d80b556094f616588584127f19ebb9b3b5fe97,"[{""contract/value"":""Single runner entry with capture, timeout, exit status and evidence collection."",""evidence"":""01-regression-matrix-and-runner-contract.md §1; 02 workflow §1."",""failure_or_rollback"":""Never create substitute runner; record divergence/blocker."",""lifetime/availability"":""Required; W12 explicitly blocks as a whole if absent/divergent."",""owner"":""P0 runner"",""producer"":""P0-W09 QEMU runner"",""type_or_unit"":""Host-side test execution interface""}]",yes,1,P7-W12,assumed,docs/stages/p7/implementation/p7-w12-qemu-regression/01-regression-matrix-and-runner-contract.md,"Consumer prerequisite names upstream package; producer output map has no matching consumer entry. Asymmetry is recorded; producer delivery, availability and verification ownership cannot be inferred from consumer row alone.","Source-document contract mapping only; no runtime proof. Planned, assumed, blocked, and asymmetric records remain at their stated admission boundaries."
P0-W09,P8-W16,P0→P8,docs/stages/p0/plans/p0-w09-qemu-automation-entry-baseline.md,ece7db6ccefb3d8b33defc8479e6bd4e52a0aeaa,docs/stages/p0/implementation/p0-w09-qemu-automation-entry-baseline/README.md,9d226ba0208f6b051f35940b7cd116ed05402e49,[],no,docs/stages/p8/plans/p8-w16-automated-linux-regression.md,b95a7729517162ad11e881183a385e583506b1cd,docs/stages/p8/implementation/p8-w16-automated-linux-regression/README.md,3cee3a3ba8e856924a25cb22795115e8bd5f2b36,"[{""contract/value"":""One QEMU runner entry with reserved parameter-carrying mechanism; W16 must extend it, not fork."",""evidence"":""docs/stages/p8/implementation/p8-w16-automated-linux-regression/02-harness-contract-and-workflow.md §1 and §2 step 2; docs/stages/p8/implementation/p8-w16-automated-linux-regression/README.md Current-state ledger."",""failure_or_rollback"":""If no parameter mechanism, row execution blocked and P0 contract requires its own reviewed change; no second runner."",""lifetime/availability"":""Required before harness implementation; design states P0-W09 is planned only."",""owner"":""P0-W09"",""producer"":""P0-W09"",""type_or_unit"":""Execution entry contract""}]",yes,0,,not-recorded-in-edge-assertion-ledger,,"Consumer prerequisite names upstream package; producer output map has no matching consumer entry. Asymmetry is recorded; producer delivery, availability and verification ownership cannot be inferred from consumer row alone.","Source-document contract mapping only; no runtime proof. Planned, assumed, blocked, and asymmetric records remain at their stated admission boundaries."
P0-W10,P2-W01,P0→P2,docs/stages/p0/plans/p0-w10-unsafe-rust-governance.md,3288465bda59f5de70850b4b73d78e6534d3c456,docs/stages/p0/implementation/p0-w10-unsafe-rust-governance/README.md,0666ade5ac9aa042abd37af2c7e11581c5b59aec,[],no,docs/stages/p2/plans/p2-w01-boot-platform-description-intake.md,4e63ac60bec0d1bf95d885a776e5a26dcf465180,docs/stages/p2/implementation/p2-w01-boot-platform-description-intake/README.md,3a265306da827d899b1103a6899ea052b8e47bf5,"[{""contract"":""Unsafe governance, diagnostics and source-sharing host harness"",""evidence"":""docs/stages/p2/implementation/p2-w01-boot-platform-description-intake/00-current-baseline-amendment.md"",""failure_or_rollback"":""No uncontrolled reads/logged DT content; defects block integration"",""lifetime_availability"":""Pre-allocation diagnostics and host test environment"",""owner"":""P0 foundations"",""producer"":""P0-W10/P0-W12/P0-W14/P0-W08"",""type_or_unit"":""review records/static diagnostics/test invocation""}]",yes,0,,not-recorded-in-edge-assertion-ledger,,"Consumer prerequisite names upstream package; producer output map has no matching consumer entry. Asymmetry is recorded; producer delivery, availability and verification ownership cannot be inferred from consumer row alone.","Source-document contract mapping only; no runtime proof. Planned, assumed, blocked, and asymmetric records remain at their stated admission boundaries."
P0-W10,P3-W04,P0→P3,docs/stages/p0/plans/p0-w10-unsafe-rust-governance.md,3288465bda59f5de70850b4b73d78e6534d3c456,docs/stages/p0/implementation/p0-w10-unsafe-rust-governance/README.md,0666ade5ac9aa042abd37af2c7e11581c5b59aec,[],no,docs/stages/p3/plans/p3-w04-per-cpu-runtime.md,0d0439705b6ee6def35b9ce09963cb13cb68fdb1,docs/stages/p3/implementation/p3-w04-per-cpu-runtime/README.md,6da910c0f75c666e181b4de58662efeae3e861c1,"[{""contract/value"":""TPIDR_EL2 available as CPU-local pointer without violating P1 exception entry’s temporary usage; audited unsafe register access"",""evidence"":""04 §§1-4; P1 W05 preflight amendment identifies TPIDR_EL2 as temp x0 during fatal path"",""failure_or_rollback"":""if permanent reservation conflicts, stop for ADR/owner reconciliation; invalid pointer fatal"",""lifetime/availability"":""after local install until boot ends; P1 W05 may temporarily use register in terminal fatal path"",""owner"":""W04 proposes convention; P1 owns exception baseline; P0 unsafe inventory"",""producer"":""P1-W04/W05 and P0-W10"",""type_or_unit"":""EL2 system register + safe `current()` accessor""}]",yes,0,,not-recorded-in-edge-assertion-ledger,,"Consumer prerequisite names upstream package; producer output map has no matching consumer entry. Asymmetry is recorded; producer delivery, availability and verification ownership cannot be inferred from consumer row alone.","Source-document contract mapping only; no runtime proof. Planned, assumed, blocked, and asymmetric records remain at their stated admission boundaries."
P0-W10,P3-W10,P0→P3,docs/stages/p0/plans/p0-w10-unsafe-rust-governance.md,3288465bda59f5de70850b4b73d78e6534d3c456,docs/stages/p0/implementation/p0-w10-unsafe-rust-governance/README.md,0666ade5ac9aa042abd37af2c7e11581c5b59aec,[],no,docs/stages/p3/plans/p3-w10-smp-safety-audit.md,e6bb4eae3583028c15328f24bfd84c92923f0496,docs/stages/p3/implementation/p3-w10-smp-safety-audit/README.md,e1e8e715b8adf6d85e2d9050a906bf75177a78a1,"[{""contract/value"":""unsafe inventory and implementation/verification evidence prerequisite"",""evidence"":""design explicitly notes records sparse/absent"",""failure_or_rollback"":""missing evidence blocks group; P2-ACR-01 stays visible"",""lifetime/availability"":""audit gate"",""owner"":""P0/P1/P2 owners"",""producer"":""P0-W10/P0-W08 and P0-P2 records"",""type_or_unit"":""evidence and discovery sources""}]",yes,0,,not-recorded-in-edge-assertion-ledger,,"Consumer prerequisite names upstream package; producer output map has no matching consumer entry. Asymmetry is recorded; producer delivery, availability and verification ownership cannot be inferred from consumer row alone.","Source-document contract mapping only; no runtime proof. Planned, assumed, blocked, and asymmetric records remain at their stated admission boundaries."
P0-W10,P8-W20,P0→P8,docs/stages/p0/plans/p0-w10-unsafe-rust-governance.md,3288465bda59f5de70850b4b73d78e6534d3c456,docs/stages/p0/implementation/p0-w10-unsafe-rust-governance/README.md,0666ade5ac9aa042abd37af2c7e11581c5b59aec,[],no,docs/stages/p8/plans/p8-w20-documentation-closure-handoff.md,b622ea79c79477b8d376242fca45f8d25f68aba9,docs/stages/p8/implementation/p8-w20-documentation-closure-handoff/README.md,ee38187623b7d6571e5d60a9c951e6d7eaa95b4f,"[{""contract/value"":""Unsafe/dependency reporting; exit and P9 consumer bounds; PR-governed closure/publication."",""evidence"":""README; 01 §§4–5; 02 §§1,5"",""failure_or_rollback"":""Missing delta approval is finding; P8 remains open when gate not evidenced"",""lifetime/availability"":""Normative governance; closure decision remains external to W20"",""owner"":""P0/stage owners; project owners decide closure"",""producer"":""P0-W10/W18 governance; P8 task-book §7; integration workflow"",""type_or_unit"":""Governance and stage-level closure requirements""}]",yes,0,,not-recorded-in-edge-assertion-ledger,,"Consumer prerequisite names upstream package; producer output map has no matching consumer entry. Asymmetry is recorded; producer delivery, availability and verification ownership cannot be inferred from consumer row alone.","Source-document contract mapping only; no runtime proof. Planned, assumed, blocked, and asymmetric records remain at their stated admission boundaries."
P0-W11,P2-W02,P0→P2,docs/stages/p0/plans/p0-w11-platform-portability-guardrails.md,ac88c65a223e999369a6baaaf9f7208931d0bea2,docs/stages/p0/implementation/p0-w11-platform-portability-guardrails/README.md,9b10183d516e2458011f83cd7d76381d0c6b6005,[],no,docs/stages/p2/plans/p2-w02-platform-discovery-normalization.md,ce1fe9331708513c975064fb42b016ed2f92e6b9,docs/stages/p2/implementation/p2-w02-platform-discovery-normalization/README.md,5d1c58e50331cc6963825efe23e2608979c3553c,"[{""contract"":""Address semantics, static diagnostic classes and exact-source host harness"",""evidence"":""docs/stages/p2/implementation/p2-w02-platform-discovery-normalization/README.md"",""failure_or_rollback"":""Capacity/empty CPU or RAM/boot CPU mismatch terminal"",""lifetime_availability"":""Pure bounded no-allocation routine"",""owner"":""P0"",""producer"":""P0-W11/P0-W12/P0-W08"",""type_or_unit"":""typed addresses/diagnostic records""}]",yes,0,,not-recorded-in-edge-assertion-ledger,,"Consumer prerequisite names upstream package; producer output map has no matching consumer entry. Asymmetry is recorded; producer delivery, availability and verification ownership cannot be inferred from consumer row alone.","Source-document contract mapping only; no runtime proof. Planned, assumed, blocked, and asymmetric records remain at their stated admission boundaries."
P0-W12,P1-W06,P0→P1,docs/stages/p0/plans/p0-w12-logging-diagnostic-baseline.md,3507168b73add0431ba9ecf3a9653d698c015a7c,docs/stages/p0/implementation/p0-w12-logging-diagnostic-baseline/README.md,54b193d66924722f6546dde2d89b25aae1eebe22,"[{""consumer(s)"":""W13, W14, W16, P1-W06 early console, P1-W07 crash diagnostics, W04 build-selection semantics"",""evidence"":""implementation record Changed artifacts/Handoff; verification DV01-DV07 and walkthrough"",""failure"":""channels cannot substitute; fatal only W14 invariant-fatal; identity must be associable; compile-out leaves no side effects and runtime filtering remains"",""item"":""diagnostics-baseline.md channel/level/visibility and fatal minimum contract"",""lifetime"":""standing constraints on all diagnostic designs until changed through thresholds/ADR"",""owner"":""W12 policy; W13 trace names; W14 classifications; W16 identity fields; P1 owns mechanics"",""type_or_unit"":""4 channels, 5 levels, 3 visibility classes; panic/crash identity and untrusted-content requirements; M/N constraints"",""verification_owner"":""W12 documentary review; P1 consumer verification for actual subsystems""},{""consumer(s)"":""W13/W16/P1-W06/P1-W07"",""evidence"":""crash identity contract §§2-4; workflow step 5; implementation record pending note"",""failure"":""unresolved identity/channel mismatch blocks affected design; direct-console path prohibited after adoption point"",""item"":""W13/W16 cross-review obligations and P1 must/must-not list"",""lifetime"":""pending until delivered sibling contract review; then fixed contract relation"",""owner"":""W12 owns requirement; W16 has symmetric obligation; P1 design authors must comply"",""type_or_unit"":""cross-package consistency checks and design constraints"",""verification_owner"":""W12/W16 cross-review; P1 design review""}]",yes,docs/stages/p1/plans/p1-w06-early-console-logging.md,da80a3bbfcb32a40b3e9e459f2c21be99251de8d,docs/stages/p1/implementation/p1-w06-early-console-logging/README.md,d55c4cb83eb2df861f4f4f8d80eb5ba468612c1b,"[{""contract/value"":""P0-W12/W13/W14 diagnostic semantics; P1-W02 identity, P1-W05 guarded exception route; W09 phase sequence and W10/W11 execution."",""evidence"":""docs/stages/p1/plans/p1-w06-early-console-logging.md; docs/stages/p1/implementation/p1-w06-early-console-logging/README.md"",""failure_or_rollback"":""missing/unverified prerequisites block the relevant package claim; consumers must not redesign upstream contracts"",""lifetime/availability"":""delivered/documented; runtime availability is only credited where verification explicitly reports execution"",""owner"":""named upstream packages; this package consumes by contract"",""producer"":""P0-W12/W13/W14 diagnostic semantics"",""type_or_unit"":""package-owned contracts/runtime prerequisites""}]",yes,2,P0-W12;P1-W06,implemented;planned,docs/stages/p0/implementation/p0-w12-logging-diagnostic-baseline-record.md;docs/stages/p1/implementation/p1-w06-early-console-logging/README.md,"Both endpoint mapping records are present. Compare captured producer type/unit, owner, lifetime, failure, availability and verification fields against consumer prerequisites; source status controls admission.","Source-document contract mapping only; no runtime proof. Planned, assumed, blocked, and asymmetric records remain at their stated admission boundaries."
P0-W12,P1-W07,P0→P1,docs/stages/p0/plans/p0-w12-logging-diagnostic-baseline.md,3507168b73add0431ba9ecf3a9653d698c015a7c,docs/stages/p0/implementation/p0-w12-logging-diagnostic-baseline/README.md,54b193d66924722f6546dde2d89b25aae1eebe22,"[{""consumer(s)"":""W13, W14, W16, P1-W06 early console, P1-W07 crash diagnostics, W04 build-selection semantics"",""evidence"":""implementation record Changed artifacts/Handoff; verification DV01-DV07 and walkthrough"",""failure"":""channels cannot substitute; fatal only W14 invariant-fatal; identity must be associable; compile-out leaves no side effects and runtime filtering remains"",""item"":""diagnostics-baseline.md channel/level/visibility and fatal minimum contract"",""lifetime"":""standing constraints on all diagnostic designs until changed through thresholds/ADR"",""owner"":""W12 policy; W13 trace names; W14 classifications; W16 identity fields; P1 owns mechanics"",""type_or_unit"":""4 channels, 5 levels, 3 visibility classes; panic/crash identity and untrusted-content requirements; M/N constraints"",""verification_owner"":""W12 documentary review; P1 consumer verification for actual subsystems""},{""consumer(s)"":""W13/W16/P1-W06/P1-W07"",""evidence"":""crash identity contract §§2-4; workflow step 5; implementation record pending note"",""failure"":""unresolved identity/channel mismatch blocks affected design; direct-console path prohibited after adoption point"",""item"":""W13/W16 cross-review obligations and P1 must/must-not list"",""lifetime"":""pending until delivered sibling contract review; then fixed contract relation"",""owner"":""W12 owns requirement; W16 has symmetric obligation; P1 design authors must comply"",""type_or_unit"":""cross-package consistency checks and design constraints"",""verification_owner"":""W12/W16 cross-review; P1 design review""}]",yes,docs/stages/p1/plans/p1-w07-fatal-crash-diagnostics.md,7dc4d5518b8d8ece3d9bcc794d05aef4c894353e,docs/stages/p1/implementation/p1-w07-fatal-crash-diagnostics/README.md,957c124ebce27100284d1cff3d283d1b41185c34,"[{""contract/value"":""P0-W12 minimum diagnostic identity/content; P0-W14 fatal class reservation; P0-W16 identity; P1-W02 panic/identity writer; P1-W05 exception frame; P1-W06 console transport; W08/W09 MMU/phase state."",""evidence"":""docs/stages/p1/plans/p1-w07-fatal-crash-diagnostics.md; docs/stages/p1/implementation/p1-w07-fatal-crash-diagnostics/README.md"",""failure_or_rollback"":""missing/unverified prerequisites block the relevant package claim; consumers must not redesign upstream contracts"",""lifetime/availability"":""delivered/documented; runtime availability is only credited where verification explicitly reports execution"",""owner"":""named upstream packages; this package consumes by contract"",""producer"":""P0-W12 minimum diagnostic identity/content"",""type_or_unit"":""package-owned contracts/runtime prerequisites""}]",yes,2,P0-W12;P1-W07,implemented;planned,docs/stages/p0/implementation/p0-w12-logging-diagnostic-baseline-record.md;docs/stages/p1/implementation/p1-w07-fatal-crash-diagnostics/README.md,"Both endpoint mapping records are present. Compare captured producer type/unit, owner, lifetime, failure, availability and verification fields against consumer prerequisites; source status controls admission.","Source-document contract mapping only; no runtime proof. Planned, assumed, blocked, and asymmetric records remain at their stated admission boundaries."
P0-W12,P2-W01,P0→P2,docs/stages/p0/plans/p0-w12-logging-diagnostic-baseline.md,3507168b73add0431ba9ecf3a9653d698c015a7c,docs/stages/p0/implementation/p0-w12-logging-diagnostic-baseline/README.md,54b193d66924722f6546dde2d89b25aae1eebe22,[],no,docs/stages/p2/plans/p2-w01-boot-platform-description-intake.md,4e63ac60bec0d1bf95d885a776e5a26dcf465180,docs/stages/p2/implementation/p2-w01-boot-platform-description-intake/README.md,3a265306da827d899b1103a6899ea052b8e47bf5,"[{""contract"":""Unsafe governance, diagnostics and source-sharing host harness"",""evidence"":""docs/stages/p2/implementation/p2-w01-boot-platform-description-intake/00-current-baseline-amendment.md"",""failure_or_rollback"":""No uncontrolled reads/logged DT content; defects block integration"",""lifetime_availability"":""Pre-allocation diagnostics and host test environment"",""owner"":""P0 foundations"",""producer"":""P0-W10/P0-W12/P0-W14/P0-W08"",""type_or_unit"":""review records/static diagnostics/test invocation""}]",yes,0,,not-recorded-in-edge-assertion-ledger,,"Consumer prerequisite names upstream package; producer output map has no matching consumer entry. Asymmetry is recorded; producer delivery, availability and verification ownership cannot be inferred from consumer row alone.","Source-document contract mapping only; no runtime proof. Planned, assumed, blocked, and asymmetric records remain at their stated admission boundaries."
P0-W12,P2-W02,P0→P2,docs/stages/p0/plans/p0-w12-logging-diagnostic-baseline.md,3507168b73add0431ba9ecf3a9653d698c015a7c,docs/stages/p0/implementation/p0-w12-logging-diagnostic-baseline/README.md,54b193d66924722f6546dde2d89b25aae1eebe22,[],no,docs/stages/p2/plans/p2-w02-platform-discovery-normalization.md,ce1fe9331708513c975064fb42b016ed2f92e6b9,docs/stages/p2/implementation/p2-w02-platform-discovery-normalization/README.md,5d1c58e50331cc6963825efe23e2608979c3553c,"[{""contract"":""Address semantics, static diagnostic classes and exact-source host harness"",""evidence"":""docs/stages/p2/implementation/p2-w02-platform-discovery-normalization/README.md"",""failure_or_rollback"":""Capacity/empty CPU or RAM/boot CPU mismatch terminal"",""lifetime_availability"":""Pure bounded no-allocation routine"",""owner"":""P0"",""producer"":""P0-W11/P0-W12/P0-W08"",""type_or_unit"":""typed addresses/diagnostic records""}]",yes,0,,not-recorded-in-edge-assertion-ledger,,"Consumer prerequisite names upstream package; producer output map has no matching consumer entry. Asymmetry is recorded; producer delivery, availability and verification ownership cannot be inferred from consumer row alone.","Source-document contract mapping only; no runtime proof. Planned, assumed, blocked, and asymmetric records remain at their stated admission boundaries."
P0-W12,P3-W01,P0→P3,docs/stages/p0/plans/p0-w12-logging-diagnostic-baseline.md,3507168b73add0431ba9ecf3a9653d698c015a7c,docs/stages/p0/implementation/p0-w12-logging-diagnostic-baseline/README.md,54b193d66924722f6546dde2d89b25aae1eebe22,[],no,docs/stages/p3/plans/p3-w01-cpu-topology-inputs.md,438efbad3b2719e1838f695ed37f540a1c46adc2,docs/stages/p3/implementation/p3-w01-cpu-topology-inputs/README.md,2f49e365b3fee536054fa65d97519c0c00ebc54a,"[{""contract/value"":""diagnostic/trace/newtype policy and boot-phase allocation allowance"",""evidence"":""01 §1.2; README authority section"",""failure_or_rollback"":""missing governance or allocator contract is a stop/blocker; allocation failure fatal; no private scheme"",""lifetime/availability"":""boot intake"",""owner"":""P0/P2 respectively"",""producer"":""P0-W12/W13/W15 and P2-W05"",""type_or_unit"":""governance contracts; boot small-object allocation""}]",yes,0,,not-recorded-in-edge-assertion-ledger,,"Consumer prerequisite names upstream package; producer output map has no matching consumer entry. Asymmetry is recorded; producer delivery, availability and verification ownership cannot be inferred from consumer row alone.","Source-document contract mapping only; no runtime proof. Planned, assumed, blocked, and asymmetric records remain at their stated admission boundaries."
P0-W12,P3-W03,P0→P3,docs/stages/p0/plans/p0-w12-logging-diagnostic-baseline.md,3507168b73add0431ba9ecf3a9653d698c015a7c,docs/stages/p0/implementation/p0-w12-logging-diagnostic-baseline/README.md,54b193d66924722f6546dde2d89b25aae1eebe22,[],no,docs/stages/p3/plans/p3-w03-physical-cpu-lifecycle.md,7792c1ad25abf6e72129492f4f042d93a255205d,docs/stages/p3/implementation/p3-w03-physical-cpu-lifecycle/README.md,4341b9e0705ce21d49bc26adf64f6b284aabd542,"[{""contract/value"":""boot allocation for registry records and diagnostic/trace transport requirements"",""evidence"":""README authority; registry §2; state-machine §5"",""failure_or_rollback"":""allocation/build failure fatal before CPU start; telemetry emission failure cannot alter state transition"",""lifetime/availability"":""build before secondaries released; events on transitions/refusals"",""owner"":""P2 allocator; P0 diagnostics; W11 event catalog"",""producer"":""P2-W05 / P0-W12 / P0-W13"",""type_or_unit"":""small boot-phase allocations; transition event content""}]",yes,0,,not-recorded-in-edge-assertion-ledger,,"Consumer prerequisite names upstream package; producer output map has no matching consumer entry. Asymmetry is recorded; producer delivery, availability and verification ownership cannot be inferred from consumer row alone.","Source-document contract mapping only; no runtime proof. Planned, assumed, blocked, and asymmetric records remain at their stated admission boundaries."
P0-W12,P3-W05,P0→P3,docs/stages/p0/plans/p0-w12-logging-diagnostic-baseline.md,3507168b73add0431ba9ecf3a9653d698c015a7c,docs/stages/p0/implementation/p0-w12-logging-diagnostic-baseline/README.md,54b193d66924722f6546dde2d89b25aae1eebe22,[],no,docs/stages/p3/plans/p3-w05-smp-boot-synchronization.md,4d0578093604203f55d7ebf6a786bff4bfab65ca,docs/stages/p3/implementation/p3-w05-smp-boot-synchronization/README.md,28cc8720d30a26c08485de6a255f3764eba02a09,"[{""contract/value"":""diagnostic transport/event namespace"",""evidence"":""01 §1.2; contracts §6"",""failure_or_rollback"":""missing catalog is coordination gate; no private event scheme"",""lifetime/availability"":""boot events; diagnostic only for timing"",""owner"":""P0 transport and namespace; W11 catalog; W05 emits semantic fields"",""producer"":""P0-W12/W13 / P3-W11"",""type_or_unit"":""phase/ready/degraded event content""}]",yes,0,,not-recorded-in-edge-assertion-ledger,,"Consumer prerequisite names upstream package; producer output map has no matching consumer entry. Asymmetry is recorded; producer delivery, availability and verification ownership cannot be inferred from consumer row alone.","Source-document contract mapping only; no runtime proof. Planned, assumed, blocked, and asymmetric records remain at their stated admission boundaries."
P0-W12,P3-W11,P0→P3,docs/stages/p0/plans/p0-w12-logging-diagnostic-baseline.md,3507168b73add0431ba9ecf3a9653d698c015a7c,docs/stages/p0/implementation/p0-w12-logging-diagnostic-baseline/README.md,54b193d66924722f6546dde2d89b25aae1eebe22,[],no,docs/stages/p3/plans/p3-w11-smp-observability.md,0c2ff2d1ec211335ba7733afb0df004418cfc08b,docs/stages/p3/implementation/p3-w11-smp-observability/README.md,296296222fd635a26c640828c50ca22805eb4825,"[{""contract/value"":""channel and trim semantics; namespace event names/review"",""evidence"":""P0 plans cited; approved contracts unverified"",""failure_or_rollback"":""divergence blocks affected event rows; no side channel"",""lifetime/availability"":""must exist at implementation"",""owner"":""P0 governance"",""producer"":""P0-W12/W13"",""type_or_unit"":""structured trace/crash channels, trim classes""}]",yes,0,,not-recorded-in-edge-assertion-ledger,,"Consumer prerequisite names upstream package; producer output map has no matching consumer entry. Asymmetry is recorded; producer delivery, availability and verification ownership cannot be inferred from consumer row alone.","Source-document contract mapping only; no runtime proof. Planned, assumed, blocked, and asymmetric records remain at their stated admission boundaries."
P0-W12,P6-W09,P0→P6,docs/stages/p0/plans/p0-w12-logging-diagnostic-baseline.md,3507168b73add0431ba9ecf3a9653d698c015a7c,docs/stages/p0/implementation/p0-w12-logging-diagnostic-baseline/README.md,54b193d66924722f6546dde2d89b25aae1eebe22,[],no,docs/stages/p6/plans/p6-w09-maintenance-interrupt.md,c8568249d1fac66680118c28f7f35373b56b61ab,docs/stages/p6/implementation/p6-w09-maintenance-interrupt/README.md,887b1981c0b71b8d03e809198402707ecf1e8bd5,"[{""contract/value"":""diagnostic dump/escalation classification and trace namespace identifiers"",""evidence"":""docs/stages/p6/implementation/p6-w09-maintenance-interrupt/README.md ledger/decisions 3,7; 01-maintenance-contract.md §§4–6; 02-workflow-and-validation.md §4"",""failure_or_rollback"":""no private unregistered event IDs or panic policy; reconcile before implementation"",""lifetime/availability"":""assumed upstream contracts; event names explicitly not invented here"",""owner"":""P0 defines baseline; W12 escalation consumers; W13 event registration"",""producer"":""P0-W12/W13/W14"",""type_or_unit"":""fatal-invariant path, trace event IDs, logging mechanism""}]",yes,0,,not-recorded-in-edge-assertion-ledger,,"Consumer prerequisite names upstream package; producer output map has no matching consumer entry. Asymmetry is recorded; producer delivery, availability and verification ownership cannot be inferred from consumer row alone.","Source-document contract mapping only; no runtime proof. Planned, assumed, blocked, and asymmetric records remain at their stated admission boundaries."
P0-W12,P6-W13,P0→P6,docs/stages/p0/plans/p0-w12-logging-diagnostic-baseline.md,3507168b73add0431ba9ecf3a9653d698c015a7c,docs/stages/p0/implementation/p0-w12-logging-diagnostic-baseline/README.md,54b193d66924722f6546dde2d89b25aae1eebe22,[],no,docs/stages/p6/plans/p6-w13-telemetry-regression-handoff.md,a71e43724aba47472915c62edaf85254c88b81f4,docs/stages/p6/implementation/p6-w13-telemetry-regression-handoff/README.md,90dc7a60234693afcadd10332d05d325f09e598c,"[{""contract/value"":""logging/diagnostics, trace namespace, QEMU evidence custody, CI gates"",""evidence"":""docs/stages/p6/implementation/p6-w13-telemetry-regression-handoff/README.md Authority/decisions 1–3; 01-telemetry-and-evidence-map.md §§1,3–5"",""failure_or_rollback"":""coverage gap is assigned back to owner; missing P5-W10 inventory blocks P6-V23; no W13 mechanism implementation"",""lifetime/availability"":""assumed from plans; W13 explicitly requires implemented/evidenced sources"",""owner"":""P0 contracts; W13 composes"",""producer"":""P0-W12/W13/W09/W20 governance"",""type_or_unit"":""event namespace and raw evidence conventions/inventory""}]",yes,0,,not-recorded-in-edge-assertion-ledger,,"Consumer prerequisite names upstream package; producer output map has no matching consumer entry. Asymmetry is recorded; producer delivery, availability and verification ownership cannot be inferred from consumer row alone.","Source-document contract mapping only; no runtime proof. Planned, assumed, blocked, and asymmetric records remain at their stated admission boundaries."
P0-W12,P7-W09,P0→P7,docs/stages/p0/plans/p0-w12-logging-diagnostic-baseline.md,3507168b73add0431ba9ecf3a9653d698c015a7c,docs/stages/p0/implementation/p0-w12-logging-diagnostic-baseline/README.md,54b193d66924722f6546dde2d89b25aae1eebe22,[],no,docs/stages/p7/plans/p7-w09-accounting-diagnostics.md,0175c520e5cc1e8580156391a2fa48deff179917,docs/stages/p7/implementation/p7-w09-accounting-diagnostics/README.md,3f47b51fc276544a2fd143e002ac4a64e2dbce28,"[{""contract/value"":""P0-W12 channel/trimming/version rules; P0-W13 scheduler trace namespace, registration and compatibility review."",""evidence"":""W09 README §§46-95,121-177; 03-code-contracts-trace-diagnostics.md C-5."",""failure_or_rollback"":""If registration/compilable-trimming is unavailable, event emission blocks; do not add ad-hoc strings or channels."",""lifetime/availability"":""Normative assumptions in W09; implementation is not evidenced."",""owner"":""P0 packages"",""producer"":""P0-W12/W13 telemetry governance"",""type_or_unit"":""Diagnostic/trace governance""}]",yes,1,P7-W09,assumed,docs/stages/p7/implementation/p7-w09-accounting-diagnostics/README.md,"Consumer prerequisite names upstream package; producer output map has no matching consumer entry. Asymmetry is recorded; producer delivery, availability and verification ownership cannot be inferred from consumer row alone.","Source-document contract mapping only; no runtime proof. Planned, assumed, blocked, and asymmetric records remain at their stated admission boundaries."
P0-W12,P8-W13,P0→P8,docs/stages/p0/plans/p0-w12-logging-diagnostic-baseline.md,3507168b73add0431ba9ecf3a9653d698c015a7c,docs/stages/p0/implementation/p0-w12-logging-diagnostic-baseline/README.md,54b193d66924722f6546dde2d89b25aae1eebe22,[],no,docs/stages/p8/plans/p8-w13-guest-fault-diagnostics.md,949f7059e97412dd57e1435df2df6c2b8301b2da,docs/stages/p8/implementation/p8-w13-guest-fault-diagnostics/README.md,081eaee6b9bed424de9a1289aaaec4e52b71841e,"[{""contract/value"":""Captured exit/mapping query facts, diagnostic identity/trace semantics, and invariant-vs-Guest/environment failure distinction."",""evidence"":""01 §1; 02 §§2–5"",""failure_or_rollback"":""P4/P0DependencyIssue; context/classification blocked; never fabricate fields or absorb EL2 invariant"",""lifetime/availability"":""Assumed until records/evidence"",""owner"":""P4/P0 owners"",""producer"":""P4-W06; P0-W12/W14"",""type_or_unit"":""Stage-2 fault/event capture; log/trace identity; failure taxonomy""}]",yes,0,,not-recorded-in-edge-assertion-ledger,,"Consumer prerequisite names upstream package; producer output map has no matching consumer entry. Asymmetry is recorded; producer delivery, availability and verification ownership cannot be inferred from consumer row alone.","Source-document contract mapping only; no runtime proof. Planned, assumed, blocked, and asymmetric records remain at their stated admission boundaries."
P0-W12,P8-W17,P0→P8,docs/stages/p0/plans/p0-w12-logging-diagnostic-baseline.md,3507168b73add0431ba9ecf3a9653d698c015a7c,docs/stages/p0/implementation/p0-w12-logging-diagnostic-baseline/README.md,54b193d66924722f6546dde2d89b25aae1eebe22,[],no,docs/stages/p8/plans/p8-w17-linux-performance-baseline.md,4090e66a42d06a760541dee3095e1df14332bd8e,docs/stages/p8/implementation/p8-w17-linux-performance-baseline/README.md,bdcf25e0ca38a985bba6ecbd97044379e78d7b5c,"[{""contract/value"":""Governed counter/event namespace, diagnostic identity, quality gates, accounting fields and compatible baseline vocabulary."",""evidence"":""01 §§1–4; 02 §1"",""failure_or_rollback"":""M2–M5 blocked for absent namespace/evidence; terminology conflict is escalated"",""lifetime/availability"":""Assumed only; no current evidence in W17 design"",""owner"":""P0/P7 owners"",""producer"":""P0-W13/P0-W12/P0-W07; P7 accounting and P7-W13 terms"",""type_or_unit"":""Telemetry names/accounting facts/environment-limit terminology""}]",yes,0,,not-recorded-in-edge-assertion-ledger,,"Consumer prerequisite names upstream package; producer output map has no matching consumer entry. Asymmetry is recorded; producer delivery, availability and verification ownership cannot be inferred from consumer row alone.","Source-document contract mapping only; no runtime proof. Planned, assumed, blocked, and asymmetric records remain at their stated admission boundaries."
P0-W13,P3-W03,P0→P3,docs/stages/p0/plans/p0-w13-trace-event-namespace-baseline.md,e6413901a73dad00da760857a84a4a2b15a71f8c,docs/stages/p0/implementation/p0-w13-trace-event-namespace-baseline/README.md,1ebd9d880121dbd693c9058723578be6cc8390dc,[],no,docs/stages/p3/plans/p3-w03-physical-cpu-lifecycle.md,7792c1ad25abf6e72129492f4f042d93a255205d,docs/stages/p3/implementation/p3-w03-physical-cpu-lifecycle/README.md,4341b9e0705ce21d49bc26adf64f6b284aabd542,"[{""contract/value"":""boot allocation for registry records and diagnostic/trace transport requirements"",""evidence"":""README authority; registry §2; state-machine §5"",""failure_or_rollback"":""allocation/build failure fatal before CPU start; telemetry emission failure cannot alter state transition"",""lifetime/availability"":""build before secondaries released; events on transitions/refusals"",""owner"":""P2 allocator; P0 diagnostics; W11 event catalog"",""producer"":""P2-W05 / P0-W12 / P0-W13"",""type_or_unit"":""small boot-phase allocations; transition event content""}]",yes,0,,not-recorded-in-edge-assertion-ledger,,"Consumer prerequisite names upstream package; producer output map has no matching consumer entry. Asymmetry is recorded; producer delivery, availability and verification ownership cannot be inferred from consumer row alone.","Source-document contract mapping only; no runtime proof. Planned, assumed, blocked, and asymmetric records remain at their stated admission boundaries."
P0-W13,P6-W01,P0→P6,docs/stages/p0/plans/p0-w13-trace-event-namespace-baseline.md,e6413901a73dad00da760857a84a4a2b15a71f8c,docs/stages/p0/implementation/p0-w13-trace-event-namespace-baseline/README.md,1ebd9d880121dbd693c9058723578be6cc8390dc,[],no,docs/stages/p6/plans/p6-w01-gic-capability-discovery.md,e2141f0e1062899da7d87a7c68b6c3f5f25cae12,docs/stages/p6/implementation/p6-w01-gic-capability-discovery/README.md,28e5901318d54e594001d4fa596d46fe518042a4,[],no,1,P6-W01,assumed,docs/stages/p6/implementation/p6-w01-gic-capability-discovery/02-architecture-and-state.md,Only edge-assertion ledger names this relation; neither endpoint summary has a matching package-level row. Retain cited source and status; do not promote to delivered contract.,"Source-document contract mapping only; no runtime proof. Planned, assumed, blocked, and asymmetric records remain at their stated admission boundaries."
P0-W13,P7-W13,P0→P7,docs/stages/p0/plans/p0-w13-trace-event-namespace-baseline.md,e6413901a73dad00da760857a84a4a2b15a71f8c,docs/stages/p0/implementation/p0-w13-trace-event-namespace-baseline/README.md,1ebd9d880121dbd693c9058723578be6cc8390dc,[],no,docs/stages/p7/plans/p7-w13-performance-baseline.md,8414cbe834060b0665e4c7b95517786727ddd99f,docs/stages/p7/implementation/p7-w13-performance-baseline/README.md,7e8095a2f168a48081378354c2f8e9bd7f035a9a,"[{""contract/value"":""W09 event/counter semantics and scheduler timestamp; P6 latency terminology/correlation limits; P0 trace governance."",""evidence"":""01-measurement-method.md §§1-3; README §§42-90."",""failure_or_rollback"":""No new events, timer selection, guest timer reads or guessed clock."",""lifetime/availability"":""Assumed until producer evidence; each metric blocks if its W09 pair is unavailable."",""owner"":""W09/P6/P0"",""producer"":""P7-W09/P0-W13 and P6-W05/W13"",""type_or_unit"":""Observable event pairs/counts and monotonic per-pCPU time""}]",yes,1,P7-W13,assumed,docs/stages/p7/implementation/p7-w13-performance-baseline/01-measurement-method.md,"Consumer prerequisite names upstream package; producer output map has no matching consumer entry. Asymmetry is recorded; producer delivery, availability and verification ownership cannot be inferred from consumer row alone.","Source-document contract mapping only; no runtime proof. Planned, assumed, blocked, and asymmetric records remain at their stated admission boundaries."
P0-W13,P8-W17,P0→P8,docs/stages/p0/plans/p0-w13-trace-event-namespace-baseline.md,e6413901a73dad00da760857a84a4a2b15a71f8c,docs/stages/p0/implementation/p0-w13-trace-event-namespace-baseline/README.md,1ebd9d880121dbd693c9058723578be6cc8390dc,[],no,docs/stages/p8/plans/p8-w17-linux-performance-baseline.md,4090e66a42d06a760541dee3095e1df14332bd8e,docs/stages/p8/implementation/p8-w17-linux-performance-baseline/README.md,bdcf25e0ca38a985bba6ecbd97044379e78d7b5c,"[{""contract/value"":""Governed counter/event namespace, diagnostic identity, quality gates, accounting fields and compatible baseline vocabulary."",""evidence"":""01 §§1–4; 02 §1"",""failure_or_rollback"":""M2–M5 blocked for absent namespace/evidence; terminology conflict is escalated"",""lifetime/availability"":""Assumed only; no current evidence in W17 design"",""owner"":""P0/P7 owners"",""producer"":""P0-W13/P0-W12/P0-W07; P7 accounting and P7-W13 terms"",""type_or_unit"":""Telemetry names/accounting facts/environment-limit terminology""}]",yes,0,,not-recorded-in-edge-assertion-ledger,,"Consumer prerequisite names upstream package; producer output map has no matching consumer entry. Asymmetry is recorded; producer delivery, availability and verification ownership cannot be inferred from consumer row alone.","Source-document contract mapping only; no runtime proof. Planned, assumed, blocked, and asymmetric records remain at their stated admission boundaries."
P0-W14,P2-W01,P0→P2,docs/stages/p0/plans/p0-w14-panic-failure-classification.md,c639f2ab33f070b6c674a1c6f64b42f82d9c4beb,docs/stages/p0/implementation/p0-w14-panic-failure-classification/README.md,ed82ff8e480ea603199ae8c4fa7d0b4daab6266a,[],no,docs/stages/p2/plans/p2-w01-boot-platform-description-intake.md,4e63ac60bec0d1bf95d885a776e5a26dcf465180,docs/stages/p2/implementation/p2-w01-boot-platform-description-intake/README.md,3a265306da827d899b1103a6899ea052b8e47bf5,"[{""contract"":""Unsafe governance, diagnostics and source-sharing host harness"",""evidence"":""docs/stages/p2/implementation/p2-w01-boot-platform-description-intake/00-current-baseline-amendment.md"",""failure_or_rollback"":""No uncontrolled reads/logged DT content; defects block integration"",""lifetime_availability"":""Pre-allocation diagnostics and host test environment"",""owner"":""P0 foundations"",""producer"":""P0-W10/P0-W12/P0-W14/P0-W08"",""type_or_unit"":""review records/static diagnostics/test invocation""}]",yes,0,,not-recorded-in-edge-assertion-ledger,,"Consumer prerequisite names upstream package; producer output map has no matching consumer entry. Asymmetry is recorded; producer delivery, availability and verification ownership cannot be inferred from consumer row alone.","Source-document contract mapping only; no runtime proof. Planned, assumed, blocked, and asymmetric records remain at their stated admission boundaries."
P0-W14,P4-W02,P0→P4,docs/stages/p0/plans/p0-w14-panic-failure-classification.md,c639f2ab33f070b6c674a1c6f64b42f82d9c4beb,docs/stages/p0/implementation/p0-w14-panic-failure-classification/README.md,ed82ff8e480ea603199ae8c4fa7d0b4daab6266a,[],no,docs/stages/p4/plans/p4-w02-stage2-address-space.md,9df9c006806f36ba5a2118c4b0be8ccf7460fae7,docs/stages/p4/implementation/p4-w02-stage2-address-space/README.md,beb84d79abedb5dc81f881193f09920c27916afb,"[{""contract/value"":""error classification, typed addresses, stable toolchain, telemetry namespace/channel"",""evidence"":""P0 plans only per P4-W01"",""failure_or_rollback"":""absent type/build/telemetry contracts block acceptance; design assumes"",""lifetime/availability"":""implementation"",""owner"":""P0 governance"",""producer"":""P0-W14/W15/W02/W03/W12/W13"",""type_or_unit"":""Stage2Error/HostPhysAddr/GuestPhysAddr/Arch sysreg boundary""}]",yes,0,,not-recorded-in-edge-assertion-ledger,,"Consumer prerequisite names upstream package; producer output map has no matching consumer entry. Asymmetry is recorded; producer delivery, availability and verification ownership cannot be inferred from consumer row alone.","Source-document contract mapping only; no runtime proof. Planned, assumed, blocked, and asymmetric records remain at their stated admission boundaries."
P0-W14,P6-W12,P0→P6,docs/stages/p0/plans/p0-w14-panic-failure-classification.md,c639f2ab33f070b6c674a1c6f64b42f82d9c4beb,docs/stages/p0/implementation/p0-w14-panic-failure-classification/README.md,ed82ff8e480ea603199ae8c4fa7d0b4daab6266a,[],no,docs/stages/p6/plans/p6-w12-fault-isolation-robustness.md,5cd15962d64f9c4a06e9c4e1eab96495938c19ba,docs/stages/p6/implementation/p6-w12-fault-isolation-robustness/README.md,1d6d7cff2a6af4d606491e3071a05d563f169f1c,"[{""contract/value"":""duplicate vs orphan vs unknown-maintenance classification; fatal invariant escalation with full diagnostics"",""evidence"":""docs/stages/p6/implementation/p6-w12-fault-isolation-robustness/README.md ledger/decisions 2,6; docs/stages/p6/implementation/p6-w12-fault-isolation-robustness/01-robustness-case-matrix.md §§1,2 FI-C; docs/stages/p6/implementation/p6-w12-fault-isolation-robustness/02-workflow-and-validation.md §1"",""failure_or_rollback"":""missing or deviating boundary blocks affected FI-C case; no recovery framework or silent repair"",""lifetime/availability"":""assumed and proposed; W09 own row has ordering uncertainty on orphan physical EOI"",""owner"":""W09 classifies; P0-W14/P1-W07 escalation mechanism; W12 observes FI-C"",""producer"":""W09 + P0-W14/P1-W07 diagnostic"",""type_or_unit"":""E1–E4 containment class, snapshot, fatal path""}]",yes,0,,not-recorded-in-edge-assertion-ledger,,"Consumer prerequisite names upstream package; producer output map has no matching consumer entry. Asymmetry is recorded; producer delivery, availability and verification ownership cannot be inferred from consumer row alone.","Source-document contract mapping only; no runtime proof. Planned, assumed, blocked, and asymmetric records remain at their stated admission boundaries."
P0-W14,P7-W07,P0→P7,docs/stages/p0/plans/p0-w14-panic-failure-classification.md,c639f2ab33f070b6c674a1c6f64b42f82d9c4beb,docs/stages/p0/implementation/p0-w14-panic-failure-classification/README.md,ed82ff8e480ea603199ae8c4fa7d0b4daab6266a,[],no,docs/stages/p7/plans/p7-w07-pause-stop-fault.md,6fbb7b0f6d861f6d0ddcbe18bcd9cff3e17ab95b,docs/stages/p7/implementation/p7-w07-pause-stop-fault/README.md,44114a6c8c8986b459ca071e841bbc837da4a651,"[{""contract/value"":""capability+rights+generation and typed denial; validated handles; distinguish GuestFault vs Hypervisor invariant"",""evidence"":""docs/stages/p7/implementation/p7-w07-pause-stop-fault/01-pause-stop-fault-architecture.md §§2,7; README decisions 1,6"",""failure_or_rollback"":""control rights before any effects; no role/VM id fallback; classification gap blocks and no reclassification"",""lifetime/availability"":""assumed; W01 P7-IN-05/06 gate"",""owner"":""P5 verifies auth; P4 classifies; P0 fatal policy; W07 consumes"",""producer"":""P5 authority/handle + P4 GuestFault classification + P0-W14"",""type_or_unit"":""AuthorityRef/GuestFaultReport/classification""}]",yes,0,,not-recorded-in-edge-assertion-ledger,,"Consumer prerequisite names upstream package; producer output map has no matching consumer entry. Asymmetry is recorded; producer delivery, availability and verification ownership cannot be inferred from consumer row alone.","Source-document contract mapping only; no runtime proof. Planned, assumed, blocked, and asymmetric records remain at their stated admission boundaries."
P0-W15,P1-W08,P0→P1,docs/stages/p0/plans/p0-w15-address-identifier-type-safety.md,afc72dcad569dfd0f03a63a99eb7d5e73e1f83f0,docs/stages/p0/implementation/p0-w15-address-identifier-type-safety/README.md,fa7a0c279421c66091962718275167e022366ff5,[],no,docs/stages/p1/plans/p1-w08-host-stage1-address-space.md,c263a903b9943139f9bd75cf92290283c7231f03,docs/stages/p1/implementation/p1-w08-host-stage1-address-space/README.md,6dd797b9621d77b251e41bfc50ede4722b7dcc62,"[{""contract/value"":""P1-W03 capabilities, W04 controls, W05 vectors, W06/W07 diagnostics, P0-W15 address distinctions and W02 linker/stack symbols."",""evidence"":""docs/stages/p1/plans/p1-w08-host-stage1-address-space.md; docs/stages/p1/implementation/p1-w08-host-stage1-address-space/README.md"",""failure_or_rollback"":""missing/unverified prerequisites block the relevant package claim; consumers must not redesign upstream contracts"",""lifetime/availability"":""delivered/documented; runtime availability is only credited where verification explicitly reports execution"",""owner"":""named upstream packages; this package consumes by contract"",""producer"":""P1-W03 capabilities, W04 controls, W05 vectors, W06/W07 diagnostics, P0-W15 address distinctions and W02 linker/stack symbols."",""type_or_unit"":""package-owned contracts/runtime prerequisites""}]",yes,0,,not-recorded-in-edge-assertion-ledger,,"Consumer prerequisite names upstream package; producer output map has no matching consumer entry. Asymmetry is recorded; producer delivery, availability and verification ownership cannot be inferred from consumer row alone.","Source-document contract mapping only; no runtime proof. Planned, assumed, blocked, and asymmetric records remain at their stated admission boundaries."
P0-W17,P1-W10,P0→P1,docs/stages/p0/plans/p0-w17-artifact-naming-baseline.md,dd154e82ee7a601b38a5e9196d24beca75100631,docs/stages/p0/implementation/p0-w17-artifact-naming-baseline/README.md,7a6af951605cbe8d5c0fa9f03d397b851f120145,[],no,docs/stages/p1/plans/p1-w10-qemu-boot-regression.md,57f1a8d0cebbe85a6bde47cdabe5bc2f25f67d66,docs/stages/p1/implementation/p1-w10-qemu-boot-regression/README.md,34e671b986a676101b2f5284ec17513e3f656a56,[],no,1,P1-W10,implemented,docs/stages/p1/implementation/p1-w10-qemu-boot-regression/README.md,Only edge-assertion ledger names this relation; neither endpoint summary has a matching package-level row. Retain cited source and status; do not promote to delivered contract.,"Source-document contract mapping only; no runtime proof. Planned, assumed, blocked, and asymmetric records remain at their stated admission boundaries."
P0-W18,P5-W08,P0→P5,docs/stages/p0/plans/p0-w18-dependency-governance.md,5869359ee5103607ca85df3d0558ff5c16a1f563,docs/stages/p0/implementation/p0-w18-dependency-governance/README.md,2fc4601693bfa24004520b6989e4336d1289a3f5,[],no,docs/stages/p5/plans/p5-w08-host-fuzz-stress-smp-baseline.md,22a7659ea64263a1969c0704f1e424bb6823f54e,docs/stages/p5/implementation/p5-w08-host-fuzz-stress-smp-baseline/README.md,8b5baa969ed508bf600b40570b8833a5320bb247,"[{""contract/value"":""fuzz/dependency/evidence policy"",""evidence"":""P0 governance"",""failure_or_rollback"":""declared seeds/repetitions and dependency review"",""lifetime/availability"":""test setup"",""owner"":""P0"",""producer"":""P0-W18/W20"",""type_or_unit"":""tooling and run conventions""}]",yes,1,P5-W08,planned,P0 governance,"Consumer prerequisite names upstream package; producer output map has no matching consumer entry. Asymmetry is recorded; producer delivery, availability and verification ownership cannot be inferred from consumer row alone.","Source-document contract mapping only; no runtime proof. Planned, assumed, blocked, and asymmetric records remain at their stated admission boundaries."
P0-W19,P8-W15,P0→P8,docs/stages/p0/plans/p0-w19-reproducible-development-workflow.md,77d9f546a2c824f8cfd7a16637443562393c765d,docs/stages/p0/implementation/p0-w19-reproducible-development-workflow/README.md,a9a79709828a3c8e7e47166913d8c8e135455df5,[],no,docs/stages/p8/plans/p8-w15-reproducible-linux-fixture.md,bced45c2f83d3433b583f0695ad31e33cafdfa1f,docs/stages/p8/implementation/p8-w15-reproducible-linux-fixture/README.md,08817ea7185ce1532cc2984d7052d030c12921bd,"[{""contract/value"":""route inputs, deterministic steps/toolchain identity and clone-to-evidence integration"",""evidence"":""W15 README authority; 01 §4; 02 §1 and §3"",""failure_or_rollback"":""route cannot be represented/executed -> blocker; no toolchain redesign or mandated tooling"",""lifetime/availability"":""assumed governance requirement; concrete tool choice left open"",""owner"":""P0-W19 workflow; W15 records fixture-specific procedure"",""producer"":""P0-W19 reproducible workflow"",""type_or_unit"":""recorded build/acquisition route""}]",yes,0,,not-recorded-in-edge-assertion-ledger,,"Consumer prerequisite names upstream package; producer output map has no matching consumer entry. Asymmetry is recorded; producer delivery, availability and verification ownership cannot be inferred from consumer row alone.","Source-document contract mapping only; no runtime proof. Planned, assumed, blocked, and asymmetric records remain at their stated admission boundaries."
P0-W20,P6-W13,P0→P6,docs/stages/p0/plans/p0-w20-ci-baseline.md,7873b5fd4c9147c76c287b6c1bf3bf99d5ae1764,docs/stages/p0/implementation/p0-w20-ci-baseline/README.md,b07055c68bafb118ee29f364a34129a88905f0d2,[],no,docs/stages/p6/plans/p6-w13-telemetry-regression-handoff.md,a71e43724aba47472915c62edaf85254c88b81f4,docs/stages/p6/implementation/p6-w13-telemetry-regression-handoff/README.md,90dc7a60234693afcadd10332d05d325f09e598c,"[{""contract/value"":""authoritative P0–P5 regression inventory and CI/QEMU execution method"",""evidence"":""docs/stages/p6/implementation/p6-w13-telemetry-regression-handoff/01-telemetry-and-evidence-map.md §4; docs/stages/p6/implementation/p6-w13-telemetry-regression-handoff/02-workflow-and-handoff.md §§1,4"",""failure_or_rollback"":""must not reconstruct inventory from plan text or memory"",""lifetime/availability"":""assumed; absent/unevidenced => P6-V23 blocked"",""owner"":""P5-W10 inventory; P0 CI/QEMU; W13 runner/composer"",""producer"":""P5-W10 + P0-W20/P0-W09"",""type_or_unit"":""determinate inventory rows and run evidence""}]",yes,0,,not-recorded-in-edge-assertion-ledger,,"Consumer prerequisite names upstream package; producer output map has no matching consumer entry. Asymmetry is recorded; producer delivery, availability and verification ownership cannot be inferred from consumer row alone.","Source-document contract mapping only; no runtime proof. Planned, assumed, blocked, and asymmetric records remain at their stated admission boundaries."
P1-W01,P2-W01,P1→P2,docs/stages/p1/plans/p1-w01-reference-boot-contract.md,1bb8eeead2ba27bcf2c4ff63313b10430fa5cd6a,docs/stages/p1/implementation/p1-w01-reference-boot-contract/README.md,501356646dc38d505d65fef3056983158043ae8e,[],no,docs/stages/p2/plans/p2-w01-boot-platform-description-intake.md,4e63ac60bec0d1bf95d885a776e5a26dcf465180,docs/stages/p2/implementation/p2-w01-boot-platform-description-intake/README.md,3a265306da827d899b1103a6899ea052b8e47bf5,"[{""contract"":""Opaque physical DTB pointer plus authoritative linker image range; no DTB length or readable mapping promised"",""evidence"":""docs/stages/p2/implementation/p2-w01-boot-platform-description-intake/00-current-baseline-amendment.md"",""failure_or_rollback"":""Reject absent/misaligned/overflow/overlap before access; no scan"",""lifetime_availability"":""Entry pointer; image persists throughout boot"",""owner"":""P1 boot/linker"",""producer"":""P1-W01/P1-W08"",""type_or_unit"":""PhysAddr, byte span""}]",yes,1,P2-W01,verified,docs/stages/p2/implementation/p2-w01-boot-platform-description-intake/00-current-baseline-amendment.md,"Consumer prerequisite names upstream package; producer output map has no matching consumer entry. Asymmetry is recorded; producer delivery, availability and verification ownership cannot be inferred from consumer row alone.","Source-document contract mapping only; no runtime proof. Planned, assumed, blocked, and asymmetric records remain at their stated admission boundaries."
P1-W01,P3-W01,P1→P3,docs/stages/p1/plans/p1-w01-reference-boot-contract.md,1bb8eeead2ba27bcf2c4ff63313b10430fa5cd6a,docs/stages/p1/implementation/p1-w01-reference-boot-contract/README.md,501356646dc38d505d65fef3056983158043ae8e,[],no,docs/stages/p3/plans/p3-w01-cpu-topology-inputs.md,438efbad3b2719e1838f695ed37f540a1c46adc2,docs/stages/p3/implementation/p3-w01-cpu-topology-inputs/README.md,2f49e365b3fee536054fa65d97519c0c00ebc54a,"[{""contract/value"":""boot runs at Non-secure EL2 and executing CPU MPIDR is observable"",""evidence"":""03 §2; 04 §5; exact P1 source plan cited but no W01 verification"",""failure_or_rollback"":""identity mismatch against Present inventory fails intake fatally"",""lifetime/availability"":""current boot CPU at intake only"",""owner"":""P1 owns entry/capability contract; W01 consumes boot observation"",""producer"":""P1-W01/W03"",""type_or_unit"":""MpidrValue over validated MPIDR_EL1 u64; architecture-only read_current()""}]",yes,1,P3-W01,assumed,docs/stages/p3/implementation/p3-w01-cpu-topology-inputs/03-code-contracts-cpu-identity.md,"Consumer prerequisite names upstream package; producer output map has no matching consumer entry. Asymmetry is recorded; producer delivery, availability and verification ownership cannot be inferred from consumer row alone.","Source-document contract mapping only; no runtime proof. Planned, assumed, blocked, and asymmetric records remain at their stated admission boundaries."
P1-W01,P3-W02,P1→P3,docs/stages/p1/plans/p1-w01-reference-boot-contract.md,1bb8eeead2ba27bcf2c4ff63313b10430fa5cd6a,docs/stages/p1/implementation/p1-w01-reference-boot-contract/README.md,501356646dc38d505d65fef3056983158043ae8e,[],no,docs/stages/p3/plans/p3-w02-secondary-cpu-bring-up.md,b0f333d59cdc1812aa0f06a28fb4bc7a4db12ff7,docs/stages/p3/implementation/p3-w02-secondary-cpu-bring-up/README.md,c70eef43dd31653e8b74fb340a821c71c09b6273,"[{""contract/value"":""secondary enters equivalent Non-secure EL2; entry-state checks and per-CPU architectural baseline are reproducible; P1 entry/console/fatal-diagnostic boundaries"",""evidence"":""01 prerequisite table; 03 §§1-3; no W02 execution record"",""failure_or_rollback"":""revalidation/identity failure reports phase and parks; conflicts with P1 contract stop for ADR/contract reconciliation"",""lifetime/availability"":""secondary entry and early local setup"",""owner"":""P1 owns entry/runtime baseline; W02 validates secondary and uses single PSCI unsafe boundary"",""producer"":""P1-W01/W02/W04"",""type_or_unit"":""entry register/state checklist; MPIDR identity; assembly HVC/SMC call boundary""}]",yes,0,,not-recorded-in-edge-assertion-ledger,,"Consumer prerequisite names upstream package; producer output map has no matching consumer entry. Asymmetry is recorded; producer delivery, availability and verification ownership cannot be inferred from consumer row alone.","Source-document contract mapping only; no runtime proof. Planned, assumed, blocked, and asymmetric records remain at their stated admission boundaries."
P1-W03,P4-W04,P1→P4,docs/stages/p1/plans/p1-w03-aarch64-capability-inventory.md,cd801b95b17a9b411101c622885379cb2cd24552,docs/stages/p1/implementation/p1-w03-aarch64-capability-inventory/README.md,00591bda63082bc084ce35015330a9dc31863813,[],no,docs/stages/p4/plans/p4-w04-vcpu-entry-exit.md,7950452e34e537a8514e2d7d946389eb43b309ec,docs/stages/p4/implementation/p4-w04-vcpu-entry-exit/README.md,abf5f2e3ddca8fea33bba91a5f27f77eea6acc96,"[{""contract/value"":""EL2 entry, vector and exception-state baseline"",""evidence"":""current P1 verification refs are cited but no P4 run proof"",""failure_or_rollback"":""unsupported exception state stops rather than guessed continuation"",""lifetime/availability"":""runtime baseline"",""owner"":""P1"",""producer"":""P1-W03/W05/W06"",""type_or_unit"":""architecture state/exception entry contract""}]",yes,1,P4-W04,planned,current P1 verification refs are cited but no P4 run proof,"Consumer prerequisite names upstream package; producer output map has no matching consumer entry. Asymmetry is recorded; producer delivery, availability and verification ownership cannot be inferred from consumer row alone.","Source-document contract mapping only; no runtime proof. Planned, assumed, blocked, and asymmetric records remain at their stated admission boundaries."
P1-W03,P6-W01,P1→P6,docs/stages/p1/plans/p1-w03-aarch64-capability-inventory.md,cd801b95b17a9b411101c622885379cb2cd24552,docs/stages/p1/implementation/p1-w03-aarch64-capability-inventory/README.md,00591bda63082bc084ce35015330a9dc31863813,[],no,docs/stages/p6/plans/p6-w01-gic-capability-discovery.md,e2141f0e1062899da7d87a7c68b6c3f5f25cae12,docs/stages/p6/implementation/p6-w01-gic-capability-discovery/README.md,28e5901318d54e594001d4fa596d46fe518042a4,"[{""contract/value"":""CurrentEL/NS-EL2, MPIDR identity/affinity, CPU GIC system-register interface and virtualization extension."",""evidence"":""docs/stages/p6/implementation/p6-w01-gic-capability-discovery/01-scope-and-foundations.md §1.2; docs/stages/p6/implementation/p6-w01-gic-capability-discovery/04-implementation-workflow.md §1."",""failure_or_rollback"":""Absent required capability => Unsupported/AbsentRequired and rejection/degrade; upstream shape mismatch blocks."",""lifetime/availability"":""Assumed plan contract; must be checked against actual records before implementation."",""owner"":""P1"",""producer"":""P1-W03 CPU capability inventory"",""type_or_unit"":""CPU capability facts""}]",yes,0,,not-recorded-in-edge-assertion-ledger,,"Consumer prerequisite names upstream package; producer output map has no matching consumer entry. Asymmetry is recorded; producer delivery, availability and verification ownership cannot be inferred from consumer row alone.","Source-document contract mapping only; no runtime proof. Planned, assumed, blocked, and asymmetric records remain at their stated admission boundaries."
P1-W04,P3-W04,P1→P3,docs/stages/p1/plans/p1-w04-el2-architectural-state-baseline.md,bf125a27560630a9f491aff72f72afd1d55a4fac,docs/stages/p1/implementation/p1-w04-el2-architectural-state-baseline/README.md,d5eb7d129aa5ae92c5d258f986581706fb86108f,[],no,docs/stages/p3/plans/p3-w04-per-cpu-runtime.md,0d0439705b6ee6def35b9ce09963cb13cb68fdb1,docs/stages/p3/implementation/p3-w04-per-cpu-runtime/README.md,6da910c0f75c666e181b4de58662efeae3e861c1,"[{""contract/value"":""TPIDR_EL2 available as CPU-local pointer without violating P1 exception entry’s temporary usage; audited unsafe register access"",""evidence"":""04 §§1-4; P1 W05 preflight amendment identifies TPIDR_EL2 as temp x0 during fatal path"",""failure_or_rollback"":""if permanent reservation conflicts, stop for ADR/owner reconciliation; invalid pointer fatal"",""lifetime/availability"":""after local install until boot ends; P1 W05 may temporarily use register in terminal fatal path"",""owner"":""W04 proposes convention; P1 owns exception baseline; P0 unsafe inventory"",""producer"":""P1-W04/W05 and P0-W10"",""type_or_unit"":""EL2 system register + safe `current()` accessor""}]",yes,0,,not-recorded-in-edge-assertion-ledger,,"Consumer prerequisite names upstream package; producer output map has no matching consumer entry. Asymmetry is recorded; producer delivery, availability and verification ownership cannot be inferred from consumer row alone.","Source-document contract mapping only; no runtime proof. Planned, assumed, blocked, and asymmetric records remain at their stated admission boundaries."
P1-W04,P4-W02,P1→P4,docs/stages/p1/plans/p1-w04-el2-architectural-state-baseline.md,bf125a27560630a9f491aff72f72afd1d55a4fac,docs/stages/p1/implementation/p1-w04-el2-architectural-state-baseline/README.md,d5eb7d129aa5ae92c5d258f986581706fb86108f,[],no,docs/stages/p4/plans/p4-w02-stage2-address-space.md,9df9c006806f36ba5a2118c4b0be8ccf7460fae7,docs/stages/p4/implementation/p4-w02-stage2-address-space/README.md,beb84d79abedb5dc81f881193f09920c27916afb,"[{""contract/value"":""EL2 exception/host address environment; current pCPU context; transport framing only/no TLBI semantics"",""evidence"":""plans/designs; W14 contract absent"",""failure_or_rollback"":""fault-routing and pCPU assumptions unverified; no cross-pCPU shootdown is claimed"",""lifetime/availability"":""guest run / current pCPU only"",""owner"":""P1/P3; W02 operation semantics"",""producer"":""P1-W04/W05; P3-W04/W08/W14"",""type_or_unit"":""exception context, per-CPU ID, current-path invalidation seam""}]",yes,0,,not-recorded-in-edge-assertion-ledger,,"Consumer prerequisite names upstream package; producer output map has no matching consumer entry. Asymmetry is recorded; producer delivery, availability and verification ownership cannot be inferred from consumer row alone.","Source-document contract mapping only; no runtime proof. Planned, assumed, blocked, and asymmetric records remain at their stated admission boundaries."
P1-W04,P6-W05,P1→P6,docs/stages/p1/plans/p1-w04-el2-architectural-state-baseline.md,bf125a27560630a9f491aff72f72afd1d55a4fac,docs/stages/p1/implementation/p1-w04-el2-architectural-state-baseline/README.md,d5eb7d129aa5ae92c5d258f986581706fb86108f,[],no,docs/stages/p6/plans/p6-w05-el2-generic-timer.md,9e447a3ca4c2e1375ce92a2efa7d192cd828ef13,docs/stages/p6/implementation/p6-w05-el2-generic-timer/README.md,6439f3544a7555fe1a66a41c520a398bb139ce8a,"[{""contract/value"":""EL2 timer register access/trap posture for CNTHP/CNTPCT/CNTFRQ and IRQ entry."",""evidence"":""docs/stages/p6/implementation/p6-w05-el2-generic-timer/01-scope-and-foundations.md §§3,5; docs/stages/p6/implementation/p6-w05-el2-generic-timer/05-implementation-workflow.md §1."",""failure_or_rollback"":""Different timer surface requires design amendment; no local reprogram/trap workaround."",""lifetime/availability"":""Required; plan contract only, no delivered runtime evidence in this snapshot."",""owner"":""P1"",""producer"":""P1-W04/W05"",""type_or_unit"":""Timer sysreg baseline/exception entry""}]",yes,0,,not-recorded-in-edge-assertion-ledger,,"Consumer prerequisite names upstream package; producer output map has no matching consumer entry. Asymmetry is recorded; producer delivery, availability and verification ownership cannot be inferred from consumer row alone.","Source-document contract mapping only; no runtime proof. Planned, assumed, blocked, and asymmetric records remain at their stated admission boundaries."
P1-W04,P6-W06,P1→P6,docs/stages/p1/plans/p1-w04-el2-architectural-state-baseline.md,bf125a27560630a9f491aff72f72afd1d55a4fac,docs/stages/p1/implementation/p1-w04-el2-architectural-state-baseline/README.md,d5eb7d129aa5ae92c5d258f986581706fb86108f,[],no,docs/stages/p6/plans/p6-w06-guest-generic-timer.md,22e70c30b2becaf12b74c932be15851e7ef9e231,docs/stages/p6/implementation/p6-w06-guest-generic-timer/README.md,d96fea14f2386d05cdde192f8d8bbad58c0b7bac,"[{""contract/value"":""EL1 virtual timer untrapped, physical timer access trapped; classified syndrome/exception path for controlled Guest fault."",""evidence"":""docs/stages/p6/implementation/p6-w06-guest-generic-timer/01-scope-and-foundations.md §§3–5; docs/stages/p6/implementation/p6-w06-guest-generic-timer/04-code-contracts-expiry-and-delivery.md §§5–6."",""failure_or_rollback"":""Mismatch is P1 boundary conflict; do not locally reconfigure traps."",""lifetime/availability"":""Required; W06 does not write CNTHCTL at runtime."",""owner"":""P1"",""producer"":""P1-W04 timer trap baseline/P1-W05 exception entry"",""type_or_unit"":""CNTHCTL trap posture/exception context""}]",yes,0,,not-recorded-in-edge-assertion-ledger,,"Consumer prerequisite names upstream package; producer output map has no matching consumer entry. Asymmetry is recorded; producer delivery, availability and verification ownership cannot be inferred from consumer row alone.","Source-document contract mapping only; no runtime proof. Planned, assumed, blocked, and asymmetric records remain at their stated admission boundaries."
P1-W05,P3-W09,P1→P3,docs/stages/p1/plans/p1-w05-el2-exception-entry-baseline.md,fd76c1958d185bfd66909131eea3dbdc69782110,docs/stages/p1/implementation/p1-w05-el2-exception-entry-baseline/README.md,5d64ce2c4d629a420af5516f8d8d1b52879fec6c,[],no,docs/stages/p3/plans/p3-w09-cpu-local-exception-interrupt.md,a7a5bea259b4a10f4c0ad7e0ee24d121beba623e,docs/stages/p3/implementation/p3-w09-cpu-local-exception-interrupt/README.md,2cf646541f11fa6c4b3c9613d439aafd29b2f6a1,"[{""contract/value"":""P1 vector mechanics/saved-register layout and fatal field set/bounded non-recursive path"",""evidence"":""links/contracts only; W09 no integration evidence"",""failure_or_rollback"":""global scratch/context conflict requires architecture change request, not W09 fork"",""lifetime/availability"":""P1 baseline; contract is prerequisite"",""owner"":""P1"",""producer"":""P1-W05/W07"",""type_or_unit"":""exception entry and fatal diagnostic interface""}]",yes,0,,not-recorded-in-edge-assertion-ledger,,"Consumer prerequisite names upstream package; producer output map has no matching consumer entry. Asymmetry is recorded; producer delivery, availability and verification ownership cannot be inferred from consumer row alone.","Source-document contract mapping only; no runtime proof. Planned, assumed, blocked, and asymmetric records remain at their stated admission boundaries."
P1-W05,P6-W03,P1→P6,docs/stages/p1/plans/p1-w05-el2-exception-entry-baseline.md,fd76c1958d185bfd66909131eea3dbdc69782110,docs/stages/p1/implementation/p1-w05-el2-exception-entry-baseline/README.md,5d64ce2c4d629a420af5516f8d8d1b52879fec6c,[],no,docs/stages/p6/plans/p6-w03-physical-interrupt-lifecycle.md,f4afd07f0d5d316d6ecb4f8f06a8a5c0bde1a6b2,docs/stages/p6/implementation/p6-w03-physical-interrupt-lifecycle/README.md,b2c28e53b0a909bae72a869bb6e14685055cd798,"[{""contract/value"":""EL2 IRQ entry/stable entry context/single dispatch target; per-CPU storage and exception state; IRQ-safe lock/atomic rules."",""evidence"":""docs/stages/p6/implementation/p6-w03-physical-interrupt-lifecycle/01-scope-and-foundations.md §§1.2–1.4; docs/stages/p6/implementation/p6-w03-physical-interrupt-lifecycle/05-implementation-workflow.md §1."",""failure_or_rollback"":""No stable entry/context or P3 storage blocks; no second vector or scratch/global fallback."",""lifetime/availability"":""Assumed entry contracts; required before dispatch path."",""owner"":""P1/P3"",""producer"":""P1-W05 + P3-W04/W06/W09"",""type_or_unit"":""Exception/CPU-local/concurrency contracts""}]",yes,0,,not-recorded-in-edge-assertion-ledger,,"Consumer prerequisite names upstream package; producer output map has no matching consumer entry. Asymmetry is recorded; producer delivery, availability and verification ownership cannot be inferred from consumer row alone.","Source-document contract mapping only; no runtime proof. Planned, assumed, blocked, and asymmetric records remain at their stated admission boundaries."
P1-W05,P6-W06,P1→P6,docs/stages/p1/plans/p1-w05-el2-exception-entry-baseline.md,fd76c1958d185bfd66909131eea3dbdc69782110,docs/stages/p1/implementation/p1-w05-el2-exception-entry-baseline/README.md,5d64ce2c4d629a420af5516f8d8d1b52879fec6c,[],no,docs/stages/p6/plans/p6-w06-guest-generic-timer.md,22e70c30b2becaf12b74c932be15851e7ef9e231,docs/stages/p6/implementation/p6-w06-guest-generic-timer/README.md,d96fea14f2386d05cdde192f8d8bbad58c0b7bac,"[{""contract/value"":""EL1 virtual timer untrapped, physical timer access trapped; classified syndrome/exception path for controlled Guest fault."",""evidence"":""docs/stages/p6/implementation/p6-w06-guest-generic-timer/01-scope-and-foundations.md §§3–5; docs/stages/p6/implementation/p6-w06-guest-generic-timer/04-code-contracts-expiry-and-delivery.md §§5–6."",""failure_or_rollback"":""Mismatch is P1 boundary conflict; do not locally reconfigure traps."",""lifetime/availability"":""Required; W06 does not write CNTHCTL at runtime."",""owner"":""P1"",""producer"":""P1-W04 timer trap baseline/P1-W05 exception entry"",""type_or_unit"":""CNTHCTL trap posture/exception context""}]",yes,0,,not-recorded-in-edge-assertion-ledger,,"Consumer prerequisite names upstream package; producer output map has no matching consumer entry. Asymmetry is recorded; producer delivery, availability and verification ownership cannot be inferred from consumer row alone.","Source-document contract mapping only; no runtime proof. Planned, assumed, blocked, and asymmetric records remain at their stated admission boundaries."
P1-W07,P6-W12,P1→P6,docs/stages/p1/plans/p1-w07-fatal-crash-diagnostics.md,7dc4d5518b8d8ece3d9bcc794d05aef4c894353e,docs/stages/p1/implementation/p1-w07-fatal-crash-diagnostics/README.md,957c124ebce27100284d1cff3d283d1b41185c34,[],no,docs/stages/p6/plans/p6-w12-fault-isolation-robustness.md,5cd15962d64f9c4a06e9c4e1eab96495938c19ba,docs/stages/p6/implementation/p6-w12-fault-isolation-robustness/README.md,1d6d7cff2a6af4d606491e3071a05d563f169f1c,"[{""contract/value"":""duplicate vs orphan vs unknown-maintenance classification; fatal invariant escalation with full diagnostics"",""evidence"":""docs/stages/p6/implementation/p6-w12-fault-isolation-robustness/README.md ledger/decisions 2,6; docs/stages/p6/implementation/p6-w12-fault-isolation-robustness/01-robustness-case-matrix.md §§1,2 FI-C; docs/stages/p6/implementation/p6-w12-fault-isolation-robustness/02-workflow-and-validation.md §1"",""failure_or_rollback"":""missing or deviating boundary blocks affected FI-C case; no recovery framework or silent repair"",""lifetime/availability"":""assumed and proposed; W09 own row has ordering uncertainty on orphan physical EOI"",""owner"":""W09 classifies; P0-W14/P1-W07 escalation mechanism; W12 observes FI-C"",""producer"":""W09 + P0-W14/P1-W07 diagnostic"",""type_or_unit"":""E1–E4 containment class, snapshot, fatal path""}]",yes,0,,not-recorded-in-edge-assertion-ledger,,"Consumer prerequisite names upstream package; producer output map has no matching consumer entry. Asymmetry is recorded; producer delivery, availability and verification ownership cannot be inferred from consumer row alone.","Source-document contract mapping only; no runtime proof. Planned, assumed, blocked, and asymmetric records remain at their stated admission boundaries."
P1-W08,P2-W01,P1→P2,docs/stages/p1/plans/p1-w08-host-stage1-address-space.md,c263a903b9943139f9bd75cf92290283c7231f03,docs/stages/p1/implementation/p1-w08-host-stage1-address-space/README.md,6dd797b9621d77b251e41bfc50ede4722b7dcc62,[],no,docs/stages/p2/plans/p2-w01-boot-platform-description-intake.md,4e63ac60bec0d1bf95d885a776e5a26dcf465180,docs/stages/p2/implementation/p2-w01-boot-platform-description-intake/README.md,3a265306da827d899b1103a6899ea052b8e47bf5,"[{""contract"":""Opaque physical DTB pointer plus authoritative linker image range; no DTB length or readable mapping promised"",""evidence"":""docs/stages/p2/implementation/p2-w01-boot-platform-description-intake/00-current-baseline-amendment.md"",""failure_or_rollback"":""Reject absent/misaligned/overflow/overlap before access; no scan"",""lifetime_availability"":""Entry pointer; image persists throughout boot"",""owner"":""P1 boot/linker"",""producer"":""P1-W01/P1-W08"",""type_or_unit"":""PhysAddr, byte span""}]",yes,1,P2-W01,verified,docs/stages/p2/implementation/p2-w01-boot-platform-description-intake/00-current-baseline-amendment.md,"Consumer prerequisite names upstream package; producer output map has no matching consumer entry. Asymmetry is recorded; producer delivery, availability and verification ownership cannot be inferred from consumer row alone.","Source-document contract mapping only; no runtime proof. Planned, assumed, blocked, and asymmetric records remain at their stated admission boundaries."
P1-W08,P2-W03,P1→P2,docs/stages/p1/plans/p1-w08-host-stage1-address-space.md,c263a903b9943139f9bd75cf92290283c7231f03,docs/stages/p1/implementation/p1-w08-host-stage1-address-space/README.md,6dd797b9621d77b251e41bfc50ede4722b7dcc62,[],no,docs/stages/p2/plans/p2-w03-boot-memory-map-ownership.md,5d6a579af062c8ad03d02fdb679c7af71f8e3bd8,docs/stages/p2/implementation/p2-w03-boot-memory-map-ownership/README.md,a375fbd0b0281975e886d8ee41526cc3f5fff701,"[{""contract"":""Active DTB range and authoritative image extent including map storage/stack"",""evidence"":""docs/stages/p2/implementation/p2-w03-boot-memory-map-ownership/06-runtime-storage-and-handoff.md"",""failure_or_rollback"":""Byte conflicts before outward rounding; missing/image storage mismatch terminal"",""lifetime_availability"":""Retained for entire boot"",""owner"":""W01 window/P1 linker"",""producer"":""P2-W01/P1-W08"",""type_or_unit"":""physical bytes""}]",yes,0,,not-recorded-in-edge-assertion-ledger,,"Consumer prerequisite names upstream package; producer output map has no matching consumer entry. Asymmetry is recorded; producer delivery, availability and verification ownership cannot be inferred from consumer row alone.","Source-document contract mapping only; no runtime proof. Planned, assumed, blocked, and asymmetric records remain at their stated admission boundaries."
P1-W08,P3-W04,P1→P3,docs/stages/p1/plans/p1-w08-host-stage1-address-space.md,c263a903b9943139f9bd75cf92290283c7231f03,docs/stages/p1/implementation/p1-w08-host-stage1-address-space/README.md,6dd797b9621d77b251e41bfc50ede4722b7dcc62,[],no,docs/stages/p3/plans/p3-w04-per-cpu-runtime.md,0d0439705b6ee6def35b9ce09963cb13cb68fdb1,docs/stages/p3/implementation/p3-w04-per-cpu-runtime/README.md,6da910c0f75c666e181b4de58662efeae3e861c1,"[{""contract/value"":""aligned page and small-object allocation with OOM; allocations must be writable/addressable via Host Stage-1 map"",""evidence"":""01 §1.2; README authority and AUD-003-related boundary; no W04 verification"",""failure_or_rollback"":""OOM or bad mapping fatal/block before publication; no static array fallback; P1 map gap routes Architecture Change Request"",""lifetime/availability"":""boot CPU pre-release; areas/stacks boot-static"",""owner"":""P2 allocator, P1 mapping owner, W04 allocation flow"",""producer"":""P2-W04/W05 and P1-W08"",""type_or_unit"":""page-aligned PerCpuArea + stack and lookup table""}]",yes,1,P3-W04,blocked,docs/stages/p3/implementation/p3-w04-per-cpu-runtime/01-scope-and-foundations.md,"Consumer prerequisite names upstream package; producer output map has no matching consumer entry. Asymmetry is recorded; producer delivery, availability and verification ownership cannot be inferred from consumer row alone.","Source-document contract mapping only; no runtime proof. Planned, assumed, blocked, and asymmetric records remain at their stated admission boundaries."
P1-W10,P2-W09,P1→P2,docs/stages/p1/plans/p1-w10-qemu-boot-regression.md,57f1a8d0cebbe85a6bde47cdabe5bc2f25f67d66,docs/stages/p1/implementation/p1-w10-qemu-boot-regression/README.md,34e671b986a676101b2f5284ec17513e3f656a56,[],no,docs/stages/p2/plans/p2-w09-qemu-integration-regression.md,2282cc383a1a11004f9fb168d0b0b8eb5248fb58,docs/stages/p2/implementation/p2-w09-qemu-integration-regression/README.md,9a5e4acbab8e50057bbecc27b8749148f04adeb8,"[{""contract"":""Existing single QEMU process-owner entry and P1 recipe"",""evidence"":""docs/stages/p2/implementation/p2-w09-qemu-integration-regression/02-configuration-matrix.md"",""failure_or_rollback"":""Missing runner/environment=blocked"",""lifetime_availability"":""Pinned per run; no new parallel runner"",""owner"":""P0 interface; P1 implementation"",""producer"":""P0-W09/P1-W10"",""type_or_unit"":""command/environment/image identity""}]",yes,0,,not-recorded-in-edge-assertion-ledger,,"Consumer prerequisite names upstream package; producer output map has no matching consumer entry. Asymmetry is recorded; producer delivery, availability and verification ownership cannot be inferred from consumer row alone.","Source-document contract mapping only; no runtime proof. Planned, assumed, blocked, and asymmetric records remain at their stated admission boundaries."
P1-W11,P6-W12,P1→P6,docs/stages/p1/plans/p1-w11-negative-fault-validation.md,3b53da72a26b1c8fb1e65cb2d64634c4b4bb2ae6,docs/stages/p1/implementation/p1-w11-negative-fault-validation/README.md,4427c16bdb0a0f202e4721b1286efd9b55b63d84,[],no,docs/stages/p6/plans/p6-w12-fault-isolation-robustness.md,5cd15962d64f9c4a06e9c4e1eab96495938c19ba,docs/stages/p6/implementation/p6-w12-fault-isolation-robustness/README.md,1d6d7cff2a6af4d606491e3071a05d563f169f1c,[],no,2,P1-W11;P1-W12,blocked;verified,docs/stages/p1/implementation/p1-w11-negative-fault-validation/README.md;docs/stages/p1/implementation/p1-w12-p1-documentation-handoff/README.md,Only edge-assertion ledger names this relation; neither endpoint summary has a matching package-level row. Retain cited source and status; do not promote to delivered contract.,"Source-document contract mapping only; no runtime proof. Planned, assumed, blocked, and asymmetric records remain at their stated admission boundaries."
P2-W02,P3-W01,P2→P3,docs/stages/p2/plans/p2-w02-platform-discovery-normalization.md,ce1fe9331708513c975064fb42b016ed2f92e6b9,docs/stages/p2/implementation/p2-w02-platform-discovery-normalization/README.md,5d1c58e50331cc6963825efe23e2608979c3553c,"[{""consumers"":[""P2-W03"",""P2-W06"",""P2-W07"",""P2-W09"",""P2-W10"",""P3-W01"",""P3-W02"",""P4-W01"",""P4-W02""],""evidence"":""docs/stages/p2/verification/p2-w02-platform-discovery-normalization-verification.md"",""failure"":""Per-record nonusable states preserved; empty inventory/capacity fatal"",""item"":""PlatformInfo and Capabilities"",""lifetime"":""Caller-owned immutable copied bounded records; no raw DT references"",""owner"":""W02"",""type_or_unit"":""Fact<T> five-state values; copied CPU IDs, byte spans, interrupt and method facts"",""verification_owner"":""W02 DV01-DV10; consumer validates required capability""}]",yes,docs/stages/p3/plans/p3-w01-cpu-topology-inputs.md,438efbad3b2719e1838f695ed37f540a1c46adc2,docs/stages/p3/implementation/p3-w01-cpu-topology-inputs/README.md,2f49e365b3fee536054fa65d97519c0c00ebc54a,"[{""contract/value"":""documented semantic CPU inventory, identity and enablement facts, boot-CPU relation, PSCI start capability facts"",""evidence"":""README §Authority; 04 §2 lines 37-76; prerequisite evidence not found as a W01 record"",""failure_or_rollback"":""missing/untranslatable fact aborts intake; no default/repair; fatal boot diagnostic for allocation/intake failure"",""lifetime/availability"":""boot global initialization; immutable after TopologyInputs freeze"",""owner"":""P2 owns discovery facts; P3-W01 owns translation/intake"",""producer"":""P2-W10 / P2-W02"",""type_or_unit"":""proposed CpuInventoryFact(identity_word:u64, declared_available:bool, is_boot_candidate:bool) + StartCapabilityFacts(conduit/function IDs); P2 concrete API explicitly not frozen""}]",yes,2,P2-W02;P3-W01,assumed;planned,docs/stages/p2/implementation/p2-w10-p3-p4-handoff-contract/01-consumer-contract.md;docs/stages/p3/implementation/p3-w01-cpu-topology-inputs/04-code-contracts-topology-intake.md,"Both endpoint mapping records are present. Compare captured producer type/unit, owner, lifetime, failure, availability and verification fields against consumer prerequisites; source status controls admission.","Source-document contract mapping only; no runtime proof. Planned, assumed, blocked, and asymmetric records remain at their stated admission boundaries."
P2-W02,P3-W02,P2→P3,docs/stages/p2/plans/p2-w02-platform-discovery-normalization.md,ce1fe9331708513c975064fb42b016ed2f92e6b9,docs/stages/p2/implementation/p2-w02-platform-discovery-normalization/README.md,5d1c58e50331cc6963825efe23e2608979c3553c,"[{""consumers"":[""P2-W03"",""P2-W06"",""P2-W07"",""P2-W09"",""P2-W10"",""P3-W01"",""P3-W02"",""P4-W01"",""P4-W02""],""evidence"":""docs/stages/p2/verification/p2-w02-platform-discovery-normalization-verification.md"",""failure"":""Per-record nonusable states preserved; empty inventory/capacity fatal"",""item"":""PlatformInfo and Capabilities"",""lifetime"":""Caller-owned immutable copied bounded records; no raw DT references"",""owner"":""W02"",""type_or_unit"":""Fact<T> five-state values; copied CPU IDs, byte spans, interrupt and method facts"",""verification_owner"":""W02 DV01-DV10; consumer validates required capability""}]",yes,docs/stages/p3/plans/p3-w02-secondary-cpu-bring-up.md,b0f333d59cdc1812aa0f06a28fb4bc7a4db12ff7,docs/stages/p3/implementation/p3-w02-secondary-cpu-bring-up/README.md,c70eef43dd31653e8b74fb340a821c71c09b6273,[],no,1,P2-W02,planned,docs/stages/p2/implementation/p2-w10-p3-p4-handoff-contract/01-consumer-contract.md,Producer output names downstream package; consumer upstream map has no matching producer entry. Asymmetry is recorded; optional/feedback/stage-level semantics require source-context disposition; producer row alone does not establish consumer admission.,"Source-document contract mapping only; no runtime proof. Planned, assumed, blocked, and asymmetric records remain at their stated admission boundaries."
P2-W02,P4-W01,P2→P4,docs/stages/p2/plans/p2-w02-platform-discovery-normalization.md,ce1fe9331708513c975064fb42b016ed2f92e6b9,docs/stages/p2/implementation/p2-w02-platform-discovery-normalization/README.md,5d1c58e50331cc6963825efe23e2608979c3553c,"[{""consumers"":[""P2-W03"",""P2-W06"",""P2-W07"",""P2-W09"",""P2-W10"",""P3-W01"",""P3-W02"",""P4-W01"",""P4-W02""],""evidence"":""docs/stages/p2/verification/p2-w02-platform-discovery-normalization-verification.md"",""failure"":""Per-record nonusable states preserved; empty inventory/capacity fatal"",""item"":""PlatformInfo and Capabilities"",""lifetime"":""Caller-owned immutable copied bounded records; no raw DT references"",""owner"":""W02"",""type_or_unit"":""Fact<T> five-state values; copied CPU IDs, byte spans, interrupt and method facts"",""verification_owner"":""W02 DV01-DV10; consumer validates required capability""}]",yes,docs/stages/p4/plans/p4-w01-entry-contract-reconciliation.md,7ef7f6401544c9ec4a4b578904fe0eb1e7b54275,docs/stages/p4/implementation/p4-w01-entry-contract-reconciliation/README.md,a3f10c98ee3805c85011ea792f6c907f913aab23,[],no,1,P2-W02,planned,docs/stages/p2/implementation/p2-w10-p3-p4-handoff-contract/01-consumer-contract.md,Producer output names downstream package; consumer upstream map has no matching producer entry. Asymmetry is recorded; optional/feedback/stage-level semantics require source-context disposition; producer row alone does not establish consumer admission.,"Source-document contract mapping only; no runtime proof. Planned, assumed, blocked, and asymmetric records remain at their stated admission boundaries."
P2-W02,P4-W02,P2→P4,docs/stages/p2/plans/p2-w02-platform-discovery-normalization.md,ce1fe9331708513c975064fb42b016ed2f92e6b9,docs/stages/p2/implementation/p2-w02-platform-discovery-normalization/README.md,5d1c58e50331cc6963825efe23e2608979c3553c,"[{""consumers"":[""P2-W03"",""P2-W06"",""P2-W07"",""P2-W09"",""P2-W10"",""P3-W01"",""P3-W02"",""P4-W01"",""P4-W02""],""evidence"":""docs/stages/p2/verification/p2-w02-platform-discovery-normalization-verification.md"",""failure"":""Per-record nonusable states preserved; empty inventory/capacity fatal"",""item"":""PlatformInfo and Capabilities"",""lifetime"":""Caller-owned immutable copied bounded records; no raw DT references"",""owner"":""W02"",""type_or_unit"":""Fact<T> five-state values; copied CPU IDs, byte spans, interrupt and method facts"",""verification_owner"":""W02 DV01-DV10; consumer validates required capability""}]",yes,docs/stages/p4/plans/p4-w02-stage2-address-space.md,9df9c006806f36ba5a2118c4b0be8ccf7460fae7,docs/stages/p4/implementation/p4-w02-stage2-address-space/README.md,beb84d79abedb5dc81f881193f09920c27916afb,[],no,1,P2-W02,planned,docs/stages/p2/implementation/p2-w10-p3-p4-handoff-contract/01-consumer-contract.md,Producer output names downstream package; consumer upstream map has no matching producer entry. Asymmetry is recorded; optional/feedback/stage-level semantics require source-context disposition; producer row alone does not establish consumer admission.,"Source-document contract mapping only; no runtime proof. Planned, assumed, blocked, and asymmetric records remain at their stated admission boundaries."
P2-W02,P4-W03,P2→P4,docs/stages/p2/plans/p2-w02-platform-discovery-normalization.md,ce1fe9331708513c975064fb42b016ed2f92e6b9,docs/stages/p2/implementation/p2-w02-platform-discovery-normalization/README.md,5d1c58e50331cc6963825efe23e2608979c3553c,[],no,docs/stages/p4/plans/p4-w03-guest-memory-image.md,a478ac81980a8c40657ad4557cf3004012588c28,docs/stages/p4/implementation/p4-w03-guest-memory-image/README.md,8b349f139c3db1fdeb842c5f61022e4e5a6e6d2d,"[{""contract/value"":""normalized platform facts plus authorized console MMIO resource"",""evidence"":""W03 README §2; no concrete source contract"",""failure_or_rollback"":""missing concrete PL011 HPA/resource authorization blocks direct mapping"",""lifetime/availability"":""boot immutable facts"",""owner"":""P2"",""producer"":""P2-W02"",""type_or_unit"":""platform/resource descriptor""}]",yes,1,P4-W03,assumed,W03 README §2; no concrete source contract,"Consumer prerequisite names upstream package; producer output map has no matching consumer entry. Asymmetry is recorded; producer delivery, availability and verification ownership cannot be inferred from consumer row alone.","Source-document contract mapping only; no runtime proof. Planned, assumed, blocked, and asymmetric records remain at their stated admission boundaries."
P2-W02,P6-W01,P2→P6,docs/stages/p2/plans/p2-w02-platform-discovery-normalization.md,ce1fe9331708513c975064fb42b016ed2f92e6b9,docs/stages/p2/implementation/p2-w02-platform-discovery-normalization/README.md,5d1c58e50331cc6963825efe23e2608979c3553c,[],no,docs/stages/p6/plans/p6-w01-gic-capability-discovery.md,e2141f0e1062899da7d87a7c68b6c3f5f25cae12,docs/stages/p6/implementation/p6-w01-gic-capability-discovery/README.md,28e5901318d54e594001d4fa596d46fe518042a4,"[{""contract/value"":""Validated GICD/GICR frames and stride/affinity, declared GIC version, IRQ ranges, maintenance/timer PPIs, reservations/ownership and CPU inventory."",""evidence"":""docs/stages/p6/implementation/p6-w01-gic-capability-discovery/01-scope-and-foundations.md §§1.1,1.4; docs/stages/p6/implementation/p6-w01-gic-capability-discovery/04-implementation-workflow.md §1."",""failure_or_rollback"":""Missing/malformed/contradictory facts fail closed as findings; Platform Investigation or ADR/Architecture Change Request; no repair/default."",""lifetime/availability"":""Assumed contracts only in current P6 W01 design; runtime fact instances absent."",""owner"":""P2"",""producer"":""P2-W02/W10 PlatformInfo"",""type_or_unit"":""Platform facts, addresses/ranges/typed IDs""}]",yes,0,,not-recorded-in-edge-assertion-ledger,,"Consumer prerequisite names upstream package; producer output map has no matching consumer entry. Asymmetry is recorded; producer delivery, availability and verification ownership cannot be inferred from consumer row alone.","Source-document contract mapping only; no runtime proof. Planned, assumed, blocked, and asymmetric records remain at their stated admission boundaries."
P2-W02,P8-W04,P2→P8,docs/stages/p2/plans/p2-w02-platform-discovery-normalization.md,ce1fe9331708513c975064fb42b016ed2f92e6b9,docs/stages/p2/implementation/p2-w02-platform-discovery-normalization/README.md,5d1c58e50331cc6963825efe23e2608979c3553c,[],no,docs/stages/p8/plans/p8-w04-guest-dtb-contract.md,845499b6b084cd70eff535ccca7adcde54049143,docs/stages/p8/implementation/p8-w04-guest-dtb-contract/README.md,969b3672953c245f73f5ed641459611dad982dd0,[],no,1,P8-W04,assumed,docs/stages/p8/implementation/p8-w04-guest-dtb-contract/README.md,Only edge-assertion ledger names this relation; neither endpoint summary has a matching package-level row. Retain cited source and status; do not promote to delivered contract.,"Source-document contract mapping only; no runtime proof. Planned, assumed, blocked, and asymmetric records remain at their stated admission boundaries."
P2-W03,P4-W02,P2→P4,docs/stages/p2/plans/p2-w03-boot-memory-map-ownership.md,5d6a579af062c8ad03d02fdb679c7af71f8e3bd8,docs/stages/p2/implementation/p2-w03-boot-memory-map-ownership/README.md,a375fbd0b0281975e886d8ee41526cc3f5fff701,"[{""consumers"":[""P2-W04"",""P2-W06"",""P2-W08"",""P2-W09"",""P2-W10"",""P4-W02"",""P4-W03""],""evidence"":""docs/stages/p2/verification/p2-w03-runtime-verification.md"",""failure"":""Fresh→Building→Draft→Sealing→Sealed/Failed; never reset/reseal"",""item"":""Sealed BootMemoryMap, provenance and exact union accounting"",""lifetime"":""Immutable, storage retained until restart; facts copied"",""owner"":""W03"",""type_or_unit"":""4 KiB frames, 84 source identities; RAM=allocatable+protected"",""verification_owner"":""W03 DV01-DV10/RV01-RV05; consumers own integration""}]",yes,docs/stages/p4/plans/p4-w02-stage2-address-space.md,9df9c006806f36ba5a2118c4b0be8ccf7460fae7,docs/stages/p4/implementation/p4-w02-stage2-address-space/README.md,beb84d79abedb5dc81f881193f09920c27916afb,[],no,1,P2-W03,planned,docs/stages/p2/implementation/p2-w10-p3-p4-handoff-contract/01-consumer-contract.md,Producer output names downstream package; consumer upstream map has no matching producer entry. Asymmetry is recorded; optional/feedback/stage-level semantics require source-context disposition; producer row alone does not establish consumer admission.,"Source-document contract mapping only; no runtime proof. Planned, assumed, blocked, and asymmetric records remain at their stated admission boundaries."
P2-W03,P4-W03,P2→P4,docs/stages/p2/plans/p2-w03-boot-memory-map-ownership.md,5d6a579af062c8ad03d02fdb679c7af71f8e3bd8,docs/stages/p2/implementation/p2-w03-boot-memory-map-ownership/README.md,a375fbd0b0281975e886d8ee41526cc3f5fff701,"[{""consumers"":[""P2-W04"",""P2-W06"",""P2-W08"",""P2-W09"",""P2-W10"",""P4-W02"",""P4-W03""],""evidence"":""docs/stages/p2/verification/p2-w03-runtime-verification.md"",""failure"":""Fresh→Building→Draft→Sealing→Sealed/Failed; never reset/reseal"",""item"":""Sealed BootMemoryMap, provenance and exact union accounting"",""lifetime"":""Immutable, storage retained until restart; facts copied"",""owner"":""W03"",""type_or_unit"":""4 KiB frames, 84 source identities; RAM=allocatable+protected"",""verification_owner"":""W03 DV01-DV10/RV01-RV05; consumers own integration""}]",yes,docs/stages/p4/plans/p4-w03-guest-memory-image.md,a478ac81980a8c40657ad4557cf3004012588c28,docs/stages/p4/implementation/p4-w03-guest-memory-image/README.md,8b349f139c3db1fdeb842c5f61022e4e5a6e6d2d,[],no,1,P2-W03,planned,docs/stages/p2/implementation/p2-w10-p3-p4-handoff-contract/01-consumer-contract.md,Producer output names downstream package; consumer upstream map has no matching producer entry. Asymmetry is recorded; optional/feedback/stage-level semantics require source-context disposition; producer row alone does not establish consumer admission.,"Source-document contract mapping only; no runtime proof. Planned, assumed, blocked, and asymmetric records remain at their stated admission boundaries."
P2-W04,P3-W02,P2→P3,docs/stages/p2/plans/p2-w04-physical-page-allocation.md,f4252984929ba1e774ebd595c62c1f73d2e8a7a1,docs/stages/p2/implementation/p2-w04-physical-page-allocation/README.md,efefd6a9a56b66c38a31bc41c9568a1faf2a5df8,[],no,docs/stages/p3/plans/p3-w02-secondary-cpu-bring-up.md,b0f333d59cdc1812aa0f06a28fb4bc7a4db12ff7,docs/stages/p3/implementation/p3-w02-secondary-cpu-bring-up/README.md,c70eef43dd31653e8b74fb340a821c71c09b6273,"[{""contract/value"":""aligned boot-time pages with explicit OOM; P2 PSCI facts and CPU_ON semantics"",""evidence"":""01 §1.2; README decision 4; 03 §4"",""failure_or_rollback"":""OOM fatal boot-critical; missing capability StartUnavailable; failure/timeout stack quarantined, never freed/reused in P3"",""lifetime/availability"":""allocate stack and parameter block for every attempted CPU before first CPU_ON"",""owner"":""P2 owns allocator/platform discovery; W02 consumes"",""producer"":""P2-W04 and P2-W10"",""type_or_unit"":""provisional stack pages; conduit + function ID + MPIDR target""}]",yes,0,,not-recorded-in-edge-assertion-ledger,,"Consumer prerequisite names upstream package; producer output map has no matching consumer entry. Asymmetry is recorded; producer delivery, availability and verification ownership cannot be inferred from consumer row alone.","Source-document contract mapping only; no runtime proof. Planned, assumed, blocked, and asymmetric records remain at their stated admission boundaries."
P2-W04,P3-W04,P2→P3,docs/stages/p2/plans/p2-w04-physical-page-allocation.md,f4252984929ba1e774ebd595c62c1f73d2e8a7a1,docs/stages/p2/implementation/p2-w04-physical-page-allocation/README.md,efefd6a9a56b66c38a31bc41c9568a1faf2a5df8,"[{""consumers"":[""P2-W05"",""P2-W06"",""P2-W08"",""P2-W09"",""P2-W10"",""P3-W04"",""P3-W06"",""P4-W02"",""P4-W03""],""evidence"":""docs/stages/p2/implementation/p2-w04-physical-page-allocation/03-code-contracts-pagealloc.md"",""failure"":""Allocation error leaves full logical state; FreeFailure returns unchanged handle; metadata corruption fatal"",""item"":""PageAllocator; AllocatedFrames; AllocationStats"",""lifetime"":""Exclusive &mut calls; handle held until exact explicit release; no implicit Drop"",""owner"":""single boot owner; non-Copy handle retains allocator identity"",""type_or_unit"":""order 0..18; 4 KiB frames; max block 1 GiB"",""verification_owner"":""W04-DV01-DV09/P2-V06; W08/W09 stress/integration""}]",yes,docs/stages/p3/plans/p3-w04-per-cpu-runtime.md,0d0439705b6ee6def35b9ce09963cb13cb68fdb1,docs/stages/p3/implementation/p3-w04-per-cpu-runtime/README.md,6da910c0f75c666e181b4de58662efeae3e861c1,"[{""contract/value"":""aligned page and small-object allocation with OOM; allocations must be writable/addressable via Host Stage-1 map"",""evidence"":""01 §1.2; README authority and AUD-003-related boundary; no W04 verification"",""failure_or_rollback"":""OOM or bad mapping fatal/block before publication; no static array fallback; P1 map gap routes Architecture Change Request"",""lifetime/availability"":""boot CPU pre-release; areas/stacks boot-static"",""owner"":""P2 allocator, P1 mapping owner, W04 allocation flow"",""producer"":""P2-W04/W05 and P1-W08"",""type_or_unit"":""page-aligned PerCpuArea + stack and lookup table""}]",yes,2,P2-W04;P3-W04,blocked,docs/stages/p2/implementation/p2-w10-p3-p4-handoff-contract/01-consumer-contract.md;docs/stages/p3/implementation/p3-w04-per-cpu-runtime/01-scope-and-foundations.md,"Both endpoint mapping records are present. Compare captured producer type/unit, owner, lifetime, failure, availability and verification fields against consumer prerequisites; source status controls admission.","Source-document contract mapping only; no runtime proof. Planned, assumed, blocked, and asymmetric records remain at their stated admission boundaries."
P2-W04,P3-W06,P2→P3,docs/stages/p2/plans/p2-w04-physical-page-allocation.md,f4252984929ba1e774ebd595c62c1f73d2e8a7a1,docs/stages/p2/implementation/p2-w04-physical-page-allocation/README.md,efefd6a9a56b66c38a31bc41c9568a1faf2a5df8,"[{""consumers"":[""P2-W05"",""P2-W06"",""P2-W08"",""P2-W09"",""P2-W10"",""P3-W04"",""P3-W06"",""P4-W02"",""P4-W03""],""evidence"":""docs/stages/p2/implementation/p2-w04-physical-page-allocation/03-code-contracts-pagealloc.md"",""failure"":""Allocation error leaves full logical state; FreeFailure returns unchanged handle; metadata corruption fatal"",""item"":""PageAllocator; AllocatedFrames; AllocationStats"",""lifetime"":""Exclusive &mut calls; handle held until exact explicit release; no implicit Drop"",""owner"":""single boot owner; non-Copy handle retains allocator identity"",""type_or_unit"":""order 0..18; 4 KiB frames; max block 1 GiB"",""verification_owner"":""W04-DV01-DV09/P2-V06; W08/W09 stress/integration""}]",yes,docs/stages/p3/plans/p3-w06-concurrency-synchronization.md,1bd9621e51f955f8b046f1f204800ee0e219bed6,docs/stages/p3/implementation/p3-w06-concurrency-synchronization/README.md,ef10fd7e7eed1a5d875a7e25f78d3e38396730bd,"[{""contract/value"":""host test entry, unsafe/diagnostic governance, failure classification, allocator locking boundary"",""evidence"":""assumed design links only"",""failure_or_rollback"":""missing baseline blocks tests or unsafe review; allocator allocation-under-lock conflicts must be raised"",""lifetime/availability"":""assumed prerequisites"",""owner"":""P0/P2"",""producer"":""P0-W08/W10/W12/W13/W14; P2-W04/W05"",""type_or_unit"":""test/governance/allocator contracts""}]",yes,1,P2-W04,blocked,docs/stages/p2/implementation/p2-w10-p3-p4-handoff-contract/01-consumer-contract.md,"Both endpoint mapping records are present. Compare captured producer type/unit, owner, lifetime, failure, availability and verification fields against consumer prerequisites; source status controls admission.","Source-document contract mapping only; no runtime proof. Planned, assumed, blocked, and asymmetric records remain at their stated admission boundaries."
P2-W04,P3-W12,P2→P3,docs/stages/p2/plans/p2-w04-physical-page-allocation.md,f4252984929ba1e774ebd595c62c1f73d2e8a7a1,docs/stages/p2/implementation/p2-w04-physical-page-allocation/README.md,efefd6a9a56b66c38a31bc41c9568a1faf2a5df8,[],no,docs/stages/p3/plans/p3-w12-smp-stress-failure-tests.md,12b1ca4136f2f6da303d8c0c17afe5de17c8390b,docs/stages/p3/implementation/p3-w12-smp-stress-failure-tests/README.md,e5355513907f8c79a566a5abf4e453d7047d78bb,"[{""contract/value"":""allocator allocate/free/ownership metadata and safe concurrent operation"",""evidence"":""plans only"",""failure_or_rollback"":""missing metadata/fault seams block/reduce S1; no internal access"",""lifetime/availability"":""S1 when implementation exists"",""owner"":""P2"",""producer"":""P2-W04/W05"",""type_or_unit"":""page/small allocations and metadata""}]",yes,0,,not-recorded-in-edge-assertion-ledger,,"Consumer prerequisite names upstream package; producer output map has no matching consumer entry. Asymmetry is recorded; producer delivery, availability and verification ownership cannot be inferred from consumer row alone.","Source-document contract mapping only; no runtime proof. Planned, assumed, blocked, and asymmetric records remain at their stated admission boundaries."
P2-W04,P4-W02,P2→P4,docs/stages/p2/plans/p2-w04-physical-page-allocation.md,f4252984929ba1e774ebd595c62c1f73d2e8a7a1,docs/stages/p2/implementation/p2-w04-physical-page-allocation/README.md,efefd6a9a56b66c38a31bc41c9568a1faf2a5df8,"[{""consumers"":[""P2-W05"",""P2-W06"",""P2-W08"",""P2-W09"",""P2-W10"",""P3-W04"",""P3-W06"",""P4-W02"",""P4-W03""],""evidence"":""docs/stages/p2/implementation/p2-w04-physical-page-allocation/03-code-contracts-pagealloc.md"",""failure"":""Allocation error leaves full logical state; FreeFailure returns unchanged handle; metadata corruption fatal"",""item"":""PageAllocator; AllocatedFrames; AllocationStats"",""lifetime"":""Exclusive &mut calls; handle held until exact explicit release; no implicit Drop"",""owner"":""single boot owner; non-Copy handle retains allocator identity"",""type_or_unit"":""order 0..18; 4 KiB frames; max block 1 GiB"",""verification_owner"":""W04-DV01-DV09/P2-V06; W08/W09 stress/integration""}]",yes,docs/stages/p4/plans/p4-w02-stage2-address-space.md,9df9c006806f36ba5a2118c4b0be8ccf7460fae7,docs/stages/p4/implementation/p4-w02-stage2-address-space/README.md,beb84d79abedb5dc81f881193f09920c27916afb,"[{""contract/value"":""allocator returns nonprotected 4KiB pages; ownership tracking and guest RAM frame handover"",""evidence"":""P2 plans/P4-W03 design only"",""failure_or_rollback"":""protected page risk blocks isolation; allocator extension unresolved by P2-ACR-01"",""lifetime/availability"":""space table creation and guest mapping"",""owner"":""P2 allocator / W03 producer / W02 table ownership"",""producer"":""P2-W04/W10 and P4-W03"",""type_or_unit"":""HPA ranges/PageCount/MappingGrant""}]",yes,1,P2-W04,blocked,docs/stages/p2/implementation/p2-w10-p3-p4-handoff-contract/01-consumer-contract.md,"Both endpoint mapping records are present. Compare captured producer type/unit, owner, lifetime, failure, availability and verification fields against consumer prerequisites; source status controls admission.","Source-document contract mapping only; no runtime proof. Planned, assumed, blocked, and asymmetric records remain at their stated admission boundaries."
P2-W04,P4-W03,P2→P4,docs/stages/p2/plans/p2-w04-physical-page-allocation.md,f4252984929ba1e774ebd595c62c1f73d2e8a7a1,docs/stages/p2/implementation/p2-w04-physical-page-allocation/README.md,efefd6a9a56b66c38a31bc41c9568a1faf2a5df8,"[{""consumers"":[""P2-W05"",""P2-W06"",""P2-W08"",""P2-W09"",""P2-W10"",""P3-W04"",""P3-W06"",""P4-W02"",""P4-W03""],""evidence"":""docs/stages/p2/implementation/p2-w04-physical-page-allocation/03-code-contracts-pagealloc.md"",""failure"":""Allocation error leaves full logical state; FreeFailure returns unchanged handle; metadata corruption fatal"",""item"":""PageAllocator; AllocatedFrames; AllocationStats"",""lifetime"":""Exclusive &mut calls; handle held until exact explicit release; no implicit Drop"",""owner"":""single boot owner; non-Copy handle retains allocator identity"",""type_or_unit"":""order 0..18; 4 KiB frames; max block 1 GiB"",""verification_owner"":""W04-DV01-DV09/P2-V06; W08/W09 stress/integration""}]",yes,docs/stages/p4/plans/p4-w03-guest-memory-image.md,a478ac81980a8c40657ad4557cf3004012588c28,docs/stages/p4/implementation/p4-w03-guest-memory-image/README.md,8b349f139c3db1fdeb842c5f61022e4e5a6e6d2d,"[{""contract/value"":""P2-owned allocatable Host frame run and Guest ownership/accounting semantics"",""evidence"":""P2-W04 and P2-W10 records absent/unproven at this snapshot"",""failure_or_rollback"":""missing ownership/protected-range proof blocks; do not downgrade exact accounting"",""lifetime/availability"":""boot allocation; contract/evidence must exist before W03 starts"",""owner"":""P2"",""producer"":""P2-W04/W10"",""type_or_unit"":""pages / allocator result""}]",yes,2,P2-W04;P4-W03,assumed;blocked,P2-W04 and P2-W10 records absent/unproven at this snapshot;docs/stages/p2/implementation/p2-w10-p3-p4-handoff-contract/01-consumer-contract.md,"Both endpoint mapping records are present. Compare captured producer type/unit, owner, lifetime, failure, availability and verification fields against consumer prerequisites; source status controls admission.","Source-document contract mapping only; no runtime proof. Planned, assumed, blocked, and asymmetric records remain at their stated admission boundaries."
P2-W05,P3-W01,P2→P3,docs/stages/p2/plans/p2-w05-dynamic-small-allocation.md,9c83475df3002d6689e9976333992218413f2f28,docs/stages/p2/implementation/p2-w05-dynamic-small-allocation/README.md,477ca5d69b667cb3114767d0e9811f4e4a1d3ba6,[],no,docs/stages/p3/plans/p3-w01-cpu-topology-inputs.md,438efbad3b2719e1838f695ed37f540a1c46adc2,docs/stages/p3/implementation/p3-w01-cpu-topology-inputs/README.md,2f49e365b3fee536054fa65d97519c0c00ebc54a,"[{""contract/value"":""diagnostic/trace/newtype policy and boot-phase allocation allowance"",""evidence"":""01 §1.2; README authority section"",""failure_or_rollback"":""missing governance or allocator contract is a stop/blocker; allocation failure fatal; no private scheme"",""lifetime/availability"":""boot intake"",""owner"":""P0/P2 respectively"",""producer"":""P0-W12/W13/W15 and P2-W05"",""type_or_unit"":""governance contracts; boot small-object allocation""}]",yes,0,,not-recorded-in-edge-assertion-ledger,,"Consumer prerequisite names upstream package; producer output map has no matching consumer entry. Asymmetry is recorded; producer delivery, availability and verification ownership cannot be inferred from consumer row alone.","Source-document contract mapping only; no runtime proof. Planned, assumed, blocked, and asymmetric records remain at their stated admission boundaries."
P2-W05,P3-W03,P2→P3,docs/stages/p2/plans/p2-w05-dynamic-small-allocation.md,9c83475df3002d6689e9976333992218413f2f28,docs/stages/p2/implementation/p2-w05-dynamic-small-allocation/README.md,477ca5d69b667cb3114767d0e9811f4e4a1d3ba6,[],no,docs/stages/p3/plans/p3-w03-physical-cpu-lifecycle.md,7792c1ad25abf6e72129492f4f042d93a255205d,docs/stages/p3/implementation/p3-w03-physical-cpu-lifecycle/README.md,4341b9e0705ce21d49bc26adf64f6b284aabd542,"[{""contract/value"":""boot allocation for registry records and diagnostic/trace transport requirements"",""evidence"":""README authority; registry §2; state-machine §5"",""failure_or_rollback"":""allocation/build failure fatal before CPU start; telemetry emission failure cannot alter state transition"",""lifetime/availability"":""build before secondaries released; events on transitions/refusals"",""owner"":""P2 allocator; P0 diagnostics; W11 event catalog"",""producer"":""P2-W05 / P0-W12 / P0-W13"",""type_or_unit"":""small boot-phase allocations; transition event content""}]",yes,0,,not-recorded-in-edge-assertion-ledger,,"Consumer prerequisite names upstream package; producer output map has no matching consumer entry. Asymmetry is recorded; producer delivery, availability and verification ownership cannot be inferred from consumer row alone.","Source-document contract mapping only; no runtime proof. Planned, assumed, blocked, and asymmetric records remain at their stated admission boundaries."
P2-W05,P3-W04,P2→P3,docs/stages/p2/plans/p2-w05-dynamic-small-allocation.md,9c83475df3002d6689e9976333992218413f2f28,docs/stages/p2/implementation/p2-w05-dynamic-small-allocation/README.md,477ca5d69b667cb3114767d0e9811f4e4a1d3ba6,"[{""consumers"":[""P2-W06"",""P2-W08"",""P2-W09"",""P2-W10"",""P3-W04"",""P3-W06"",""P4-W02"",""P4-W03"",""P4-W04"",""P4-W05""],""evidence"":""docs/stages/p2/implementation/p2-w05-dynamic-small-allocation/03-code-contracts-heap.md"",""failure"":""Typed exhaustion/alignment/free errors; unchanged state guarantee; acquisition preflight; terminal mapping/release invariant failures"",""item"":""Checked Heap/AllocHandle and HeapStats"",""lifetime"":""Explicit alloc/dealloc; no shutdown; no Drop; initial pages_used=0"",""owner"":""single boot-owned Heap"",""type_or_unit"":""Layout bytes/alignment; classes16..2048; align<=4096; full block pages"",""verification_owner"":""W05-DV01-DV07/P2-V07""},{""consumers"":[""P3-W04"",""P4-W04""],""evidence"":""docs/stages/p2/implementation/p2-w05-dynamic-small-allocation/03-code-contracts-heap.md"",""failure"":""Null and infallible-caller fatal handling separate; invalid free terminal"",""item"":""GlobalAlloc adapter"",""lifetime"":""Not admitted until registration/lifetime/exclusive mutation/reentrancy design exists"",""owner"":""W05-GLOBAL"",""type_or_unit"":""pointer/null allocation boundary"",""verification_owner"":""W05-DV04""}]",yes,docs/stages/p3/plans/p3-w04-per-cpu-runtime.md,0d0439705b6ee6def35b9ce09963cb13cb68fdb1,docs/stages/p3/implementation/p3-w04-per-cpu-runtime/README.md,6da910c0f75c666e181b4de58662efeae3e861c1,[],no,1,P2-W05,blocked,docs/stages/p2/implementation/p2-w10-p3-p4-handoff-contract/01-consumer-contract.md,Producer output names downstream package; consumer upstream map has no matching producer entry. Asymmetry is recorded; optional/feedback/stage-level semantics require source-context disposition; producer row alone does not establish consumer admission.,"Source-document contract mapping only; no runtime proof. Planned, assumed, blocked, and asymmetric records remain at their stated admission boundaries."
P2-W05,P3-W06,P2→P3,docs/stages/p2/plans/p2-w05-dynamic-small-allocation.md,9c83475df3002d6689e9976333992218413f2f28,docs/stages/p2/implementation/p2-w05-dynamic-small-allocation/README.md,477ca5d69b667cb3114767d0e9811f4e4a1d3ba6,"[{""consumers"":[""P2-W06"",""P2-W08"",""P2-W09"",""P2-W10"",""P3-W04"",""P3-W06"",""P4-W02"",""P4-W03"",""P4-W04"",""P4-W05""],""evidence"":""docs/stages/p2/implementation/p2-w05-dynamic-small-allocation/03-code-contracts-heap.md"",""failure"":""Typed exhaustion/alignment/free errors; unchanged state guarantee; acquisition preflight; terminal mapping/release invariant failures"",""item"":""Checked Heap/AllocHandle and HeapStats"",""lifetime"":""Explicit alloc/dealloc; no shutdown; no Drop; initial pages_used=0"",""owner"":""single boot-owned Heap"",""type_or_unit"":""Layout bytes/alignment; classes16..2048; align<=4096; full block pages"",""verification_owner"":""W05-DV01-DV07/P2-V07""}]",yes,docs/stages/p3/plans/p3-w06-concurrency-synchronization.md,1bd9621e51f955f8b046f1f204800ee0e219bed6,docs/stages/p3/implementation/p3-w06-concurrency-synchronization/README.md,ef10fd7e7eed1a5d875a7e25f78d3e38396730bd,[],no,1,P2-W05,blocked,docs/stages/p2/implementation/p2-w10-p3-p4-handoff-contract/01-consumer-contract.md,Producer output names downstream package; consumer upstream map has no matching producer entry. Asymmetry is recorded; optional/feedback/stage-level semantics require source-context disposition; producer row alone does not establish consumer admission.,"Source-document contract mapping only; no runtime proof. Planned, assumed, blocked, and asymmetric records remain at their stated admission boundaries."
P2-W05,P4-W02,P2→P4,docs/stages/p2/plans/p2-w05-dynamic-small-allocation.md,9c83475df3002d6689e9976333992218413f2f28,docs/stages/p2/implementation/p2-w05-dynamic-small-allocation/README.md,477ca5d69b667cb3114767d0e9811f4e4a1d3ba6,"[{""consumers"":[""P2-W06"",""P2-W08"",""P2-W09"",""P2-W10"",""P3-W04"",""P3-W06"",""P4-W02"",""P4-W03"",""P4-W04"",""P4-W05""],""evidence"":""docs/stages/p2/implementation/p2-w05-dynamic-small-allocation/03-code-contracts-heap.md"",""failure"":""Typed exhaustion/alignment/free errors; unchanged state guarantee; acquisition preflight; terminal mapping/release invariant failures"",""item"":""Checked Heap/AllocHandle and HeapStats"",""lifetime"":""Explicit alloc/dealloc; no shutdown; no Drop; initial pages_used=0"",""owner"":""single boot-owned Heap"",""type_or_unit"":""Layout bytes/alignment; classes16..2048; align<=4096; full block pages"",""verification_owner"":""W05-DV01-DV07/P2-V07""}]",yes,docs/stages/p4/plans/p4-w02-stage2-address-space.md,9df9c006806f36ba5a2118c4b0be8ccf7460fae7,docs/stages/p4/implementation/p4-w02-stage2-address-space/README.md,beb84d79abedb5dc81f881193f09920c27916afb,[],no,1,P2-W05,blocked,docs/stages/p2/implementation/p2-w10-p3-p4-handoff-contract/01-consumer-contract.md,Producer output names downstream package; consumer upstream map has no matching producer entry. Asymmetry is recorded; optional/feedback/stage-level semantics require source-context disposition; producer row alone does not establish consumer admission.,"Source-document contract mapping only; no runtime proof. Planned, assumed, blocked, and asymmetric records remain at their stated admission boundaries."
P2-W05,P4-W03,P2→P4,docs/stages/p2/plans/p2-w05-dynamic-small-allocation.md,9c83475df3002d6689e9976333992218413f2f28,docs/stages/p2/implementation/p2-w05-dynamic-small-allocation/README.md,477ca5d69b667cb3114767d0e9811f4e4a1d3ba6,"[{""consumers"":[""P2-W06"",""P2-W08"",""P2-W09"",""P2-W10"",""P3-W04"",""P3-W06"",""P4-W02"",""P4-W03"",""P4-W04"",""P4-W05""],""evidence"":""docs/stages/p2/implementation/p2-w05-dynamic-small-allocation/03-code-contracts-heap.md"",""failure"":""Typed exhaustion/alignment/free errors; unchanged state guarantee; acquisition preflight; terminal mapping/release invariant failures"",""item"":""Checked Heap/AllocHandle and HeapStats"",""lifetime"":""Explicit alloc/dealloc; no shutdown; no Drop; initial pages_used=0"",""owner"":""single boot-owned Heap"",""type_or_unit"":""Layout bytes/alignment; classes16..2048; align<=4096; full block pages"",""verification_owner"":""W05-DV01-DV07/P2-V07""}]",yes,docs/stages/p4/plans/p4-w03-guest-memory-image.md,a478ac81980a8c40657ad4557cf3004012588c28,docs/stages/p4/implementation/p4-w03-guest-memory-image/README.md,8b349f139c3db1fdeb842c5f61022e4e5a6e6d2d,[],no,1,P2-W05,blocked,docs/stages/p2/implementation/p2-w10-p3-p4-handoff-contract/01-consumer-contract.md,Producer output names downstream package; consumer upstream map has no matching producer entry. Asymmetry is recorded; optional/feedback/stage-level semantics require source-context disposition; producer row alone does not establish consumer admission.,"Source-document contract mapping only; no runtime proof. Planned, assumed, blocked, and asymmetric records remain at their stated admission boundaries."
P2-W05,P4-W04,P2→P4,docs/stages/p2/plans/p2-w05-dynamic-small-allocation.md,9c83475df3002d6689e9976333992218413f2f28,docs/stages/p2/implementation/p2-w05-dynamic-small-allocation/README.md,477ca5d69b667cb3114767d0e9811f4e4a1d3ba6,"[{""consumers"":[""P2-W06"",""P2-W08"",""P2-W09"",""P2-W10"",""P3-W04"",""P3-W06"",""P4-W02"",""P4-W03"",""P4-W04"",""P4-W05""],""evidence"":""docs/stages/p2/implementation/p2-w05-dynamic-small-allocation/03-code-contracts-heap.md"",""failure"":""Typed exhaustion/alignment/free errors; unchanged state guarantee; acquisition preflight; terminal mapping/release invariant failures"",""item"":""Checked Heap/AllocHandle and HeapStats"",""lifetime"":""Explicit alloc/dealloc; no shutdown; no Drop; initial pages_used=0"",""owner"":""single boot-owned Heap"",""type_or_unit"":""Layout bytes/alignment; classes16..2048; align<=4096; full block pages"",""verification_owner"":""W05-DV01-DV07/P2-V07""},{""consumers"":[""P3-W04"",""P4-W04""],""evidence"":""docs/stages/p2/implementation/p2-w05-dynamic-small-allocation/03-code-contracts-heap.md"",""failure"":""Null and infallible-caller fatal handling separate; invalid free terminal"",""item"":""GlobalAlloc adapter"",""lifetime"":""Not admitted until registration/lifetime/exclusive mutation/reentrancy design exists"",""owner"":""W05-GLOBAL"",""type_or_unit"":""pointer/null allocation boundary"",""verification_owner"":""W05-DV04""}]",yes,docs/stages/p4/plans/p4-w04-vcpu-entry-exit.md,7950452e34e537a8514e2d7d946389eb43b309ec,docs/stages/p4/implementation/p4-w04-vcpu-entry-exit/README.md,abf5f2e3ddca8fea33bba91a5f27f77eea6acc96,[],no,1,P2-W05,blocked,docs/stages/p2/implementation/p2-w10-p3-p4-handoff-contract/01-consumer-contract.md,Producer output names downstream package; consumer upstream map has no matching producer entry. Asymmetry is recorded; optional/feedback/stage-level semantics require source-context disposition; producer row alone does not establish consumer admission.,"Source-document contract mapping only; no runtime proof. Planned, assumed, blocked, and asymmetric records remain at their stated admission boundaries."
P2-W05,P4-W05,P2→P4,docs/stages/p2/plans/p2-w05-dynamic-small-allocation.md,9c83475df3002d6689e9976333992218413f2f28,docs/stages/p2/implementation/p2-w05-dynamic-small-allocation/README.md,477ca5d69b667cb3114767d0e9811f4e4a1d3ba6,"[{""consumers"":[""P2-W06"",""P2-W08"",""P2-W09"",""P2-W10"",""P3-W04"",""P3-W06"",""P4-W02"",""P4-W03"",""P4-W04"",""P4-W05""],""evidence"":""docs/stages/p2/implementation/p2-w05-dynamic-small-allocation/03-code-contracts-heap.md"",""failure"":""Typed exhaustion/alignment/free errors; unchanged state guarantee; acquisition preflight; terminal mapping/release invariant failures"",""item"":""Checked Heap/AllocHandle and HeapStats"",""lifetime"":""Explicit alloc/dealloc; no shutdown; no Drop; initial pages_used=0"",""owner"":""single boot-owned Heap"",""type_or_unit"":""Layout bytes/alignment; classes16..2048; align<=4096; full block pages"",""verification_owner"":""W05-DV01-DV07/P2-V07""}]",yes,docs/stages/p4/plans/p4-w05-validation-guest.md,9b0e08f2210b1e331db0fad9c6fab90b49405d8b,docs/stages/p4/implementation/p4-w05-validation-guest/README.md,581c48a53689e0af6ca2d75d3241f77874612fa8,[],no,1,P2-W05,blocked,docs/stages/p2/implementation/p2-w10-p3-p4-handoff-contract/01-consumer-contract.md,Producer output names downstream package; consumer upstream map has no matching producer entry. Asymmetry is recorded; optional/feedback/stage-level semantics require source-context disposition; producer row alone does not establish consumer admission.,"Source-document contract mapping only; no runtime proof. Planned, assumed, blocked, and asymmetric records remain at their stated admission boundaries."
P2-W08,P3-W12,P2→P3,docs/stages/p2/plans/p2-w08-host-robustness-regression.md,5e72b765502e0237eb986b9d99e39c55e0fddf7b,docs/stages/p2/implementation/p2-w08-host-robustness-regression/README.md,45b8cdf1aa96626a9e83c2fe48a4133979b84cf2,"[{""consumers"":[""P2-W09"",""P2-W10"",""P3-W12"",""P4-W08""],""evidence"":""docs/stages/p2/implementation/p2-w08-host-robustness-regression/04-automation-and-evidence.md"",""failure"":""All five groups must pass; missing upstream blocked; partial rows not-run; no waivers"",""item"":""S1xx-S5xx regression suite and per-row records"",""lifetime"":""Append dated runs; fixed seeds/scales; retained failed runs"",""owner"":""W08 harness; source package owns oracle"",""type_or_unit"":""scenario ID, seed, params, command, status, environment, owner"",""verification_owner"":""W08-DV01-DV06 and executed scenarios/P2-V10""}]",yes,docs/stages/p3/plans/p3-w12-smp-stress-failure-tests.md,12b1ca4136f2f6da303d8c0c17afe5de17c8390b,docs/stages/p3/implementation/p3-w12-smp-stress-failure-tests/README.md,e5355513907f8c79a566a5abf4e453d7047d78bb,[],no,1,P2-W08,planned,docs/stages/p2/implementation/p2-w10-p3-p4-handoff-contract/01-consumer-contract.md,Producer output names downstream package; consumer upstream map has no matching producer entry. Asymmetry is recorded; optional/feedback/stage-level semantics require source-context disposition; producer row alone does not establish consumer admission.,"Source-document contract mapping only; no runtime proof. Planned, assumed, blocked, and asymmetric records remain at their stated admission boundaries."
P2-W08,P4-W08,P2→P4,docs/stages/p2/plans/p2-w08-host-robustness-regression.md,5e72b765502e0237eb986b9d99e39c55e0fddf7b,docs/stages/p2/implementation/p2-w08-host-robustness-regression/README.md,45b8cdf1aa96626a9e83c2fe48a4133979b84cf2,"[{""consumers"":[""P2-W09"",""P2-W10"",""P3-W12"",""P4-W08""],""evidence"":""docs/stages/p2/implementation/p2-w08-host-robustness-regression/04-automation-and-evidence.md"",""failure"":""All five groups must pass; missing upstream blocked; partial rows not-run; no waivers"",""item"":""S1xx-S5xx regression suite and per-row records"",""lifetime"":""Append dated runs; fixed seeds/scales; retained failed runs"",""owner"":""W08 harness; source package owns oracle"",""type_or_unit"":""scenario ID, seed, params, command, status, environment, owner"",""verification_owner"":""W08-DV01-DV06 and executed scenarios/P2-V10""}]",yes,docs/stages/p4/plans/p4-w08-qemu-integration-regression.md,bb7fd9c4550d609c1ee396f6cd0d2ad9e9d46225,docs/stages/p4/implementation/p4-w08-qemu-integration-regression/README.md,e5bae43e74a4d9e5eea9a7b609586c94dad83745,[],no,1,P2-W08,planned,docs/stages/p2/implementation/p2-w10-p3-p4-handoff-contract/01-consumer-contract.md,Producer output names downstream package; consumer upstream map has no matching producer entry. Asymmetry is recorded; optional/feedback/stage-level semantics require source-context disposition; producer row alone does not establish consumer admission.,"Source-document contract mapping only; no runtime proof. Planned, assumed, blocked, and asymmetric records remain at their stated admission boundaries."
P2-W09,P3-W13,P2→P3,docs/stages/p2/plans/p2-w09-qemu-integration-regression.md,2282cc383a1a11004f9fb168d0b0b8eb5248fb58,docs/stages/p2/implementation/p2-w09-qemu-integration-regression/README.md,9a5e4acbab8e50057bbecc27b8749148f04adeb8,"[{""consumers"":[""P2-W10"",""P2-W07"",""P3-W13"",""P4-W08""],""evidence"":""docs/stages/p2/implementation/p2-w09-qemu-integration-regression/04-validation-and-handoff.md"",""failure"":""failed vs blocked vs not-run explicit; pin from actual dumps; no loosened accounting"",""item"":""Five-cell reference-QEMU integration records"",""lifetime"":""Exact QEMU/loader/image/expectation version retained per run"",""owner"":""W09"",""type_or_unit"":""CPU1/2/4 baseline and CPU1 512MiB/2GiB; repetitions5/2/2/2/2"",""verification_owner"":""W09-DV01-DV06/scenarios C1-C7/P2-V11""}]",yes,docs/stages/p3/plans/p3-w13-qemu-smp-regression.md,acde52c69c73727d75dc37f9a0f7315ba08c414b,docs/stages/p3/implementation/p3-w13-qemu-smp-regression/README.md,7bd68146c2753990b0f99b8e589f4162cd26f5b8,[],no,1,P2-W09,planned,docs/stages/p2/implementation/p2-w10-p3-p4-handoff-contract/01-consumer-contract.md,Producer output names downstream package; consumer upstream map has no matching producer entry. Asymmetry is recorded; optional/feedback/stage-level semantics require source-context disposition; producer row alone does not establish consumer admission.,"Source-document contract mapping only; no runtime proof. Planned, assumed, blocked, and asymmetric records remain at their stated admission boundaries."
P2-W09,P4-W08,P2→P4,docs/stages/p2/plans/p2-w09-qemu-integration-regression.md,2282cc383a1a11004f9fb168d0b0b8eb5248fb58,docs/stages/p2/implementation/p2-w09-qemu-integration-regression/README.md,9a5e4acbab8e50057bbecc27b8749148f04adeb8,"[{""consumers"":[""P2-W10"",""P2-W07"",""P3-W13"",""P4-W08""],""evidence"":""docs/stages/p2/implementation/p2-w09-qemu-integration-regression/04-validation-and-handoff.md"",""failure"":""failed vs blocked vs not-run explicit; pin from actual dumps; no loosened accounting"",""item"":""Five-cell reference-QEMU integration records"",""lifetime"":""Exact QEMU/loader/image/expectation version retained per run"",""owner"":""W09"",""type_or_unit"":""CPU1/2/4 baseline and CPU1 512MiB/2GiB; repetitions5/2/2/2/2"",""verification_owner"":""W09-DV01-DV06/scenarios C1-C7/P2-V11""}]",yes,docs/stages/p4/plans/p4-w08-qemu-integration-regression.md,bb7fd9c4550d609c1ee396f6cd0d2ad9e9d46225,docs/stages/p4/implementation/p4-w08-qemu-integration-regression/README.md,e5bae43e74a4d9e5eea9a7b609586c94dad83745,[],no,1,P2-W09,planned,docs/stages/p2/implementation/p2-w10-p3-p4-handoff-contract/01-consumer-contract.md,Producer output names downstream package; consumer upstream map has no matching producer entry. Asymmetry is recorded; optional/feedback/stage-level semantics require source-context disposition; producer row alone does not establish consumer admission.,"Source-document contract mapping only; no runtime proof. Planned, assumed, blocked, and asymmetric records remain at their stated admission boundaries."
P2-W10,P3-W01,P2→P3,docs/stages/p2/plans/p2-w10-p3-p4-handoff-contract.md,a7d38192de2b852eb3962e40bc97cc4bbede963c,docs/stages/p2/implementation/p2-w10-p3-p4-handoff-contract/README.md,7ebc939e74832a95668d27379ac6b1faadefac3a,"[{""consumers"":[""P3-W01"",""P3-W02"",""P3-W04"",""P3-W06"",""P3-W11"",""P3-W13"",""P3-W14"",""P4-W01"",""P4-W02"",""P4-W03"",""P4-W04"",""P4-W05"",""P4-W08"",""P2 completion reviewer""],""evidence"":""docs/stages/p2/implementation/p2-w10-p3-p4-handoff-contract/02-evidence-map-and-gates.md"",""failure"":""No completion while any gate missing; P2-ACR-01 explicitly ADR Required"",""item"":""P3/P4 consumer catalog D-01-D-09 and P2 gate map"",""lifetime"":""Dated change notes; consumers must recheck real availability"",""owner"":""W10 publication owner; source packages remain normative"",""type_or_unit"":""semantic contract+evidence references; P2-V01-V13 statuses"",""verification_owner"":""W10-DV01-DV06/P2-V12/V13""}]",yes,docs/stages/p3/plans/p3-w01-cpu-topology-inputs.md,438efbad3b2719e1838f695ed37f540a1c46adc2,docs/stages/p3/implementation/p3-w01-cpu-topology-inputs/README.md,2f49e365b3fee536054fa65d97519c0c00ebc54a,"[{""contract/value"":""documented semantic CPU inventory, identity and enablement facts, boot-CPU relation, PSCI start capability facts"",""evidence"":""README §Authority; 04 §2 lines 37-76; prerequisite evidence not found as a W01 record"",""failure_or_rollback"":""missing/untranslatable fact aborts intake; no default/repair; fatal boot diagnostic for allocation/intake failure"",""lifetime/availability"":""boot global initialization; immutable after TopologyInputs freeze"",""owner"":""P2 owns discovery facts; P3-W01 owns translation/intake"",""producer"":""P2-W10 / P2-W02"",""type_or_unit"":""proposed CpuInventoryFact(identity_word:u64, declared_available:bool, is_boot_candidate:bool) + StartCapabilityFacts(conduit/function IDs); P2 concrete API explicitly not frozen""}]",yes,2,P2-W10;P3-W01,assumed;planned,docs/stages/p2/implementation/p2-w10-p3-p4-handoff-contract/02-evidence-map-and-gates.md;docs/stages/p3/implementation/p3-w01-cpu-topology-inputs/04-code-contracts-topology-intake.md,"Both endpoint mapping records are present. Compare captured producer type/unit, owner, lifetime, failure, availability and verification fields against consumer prerequisites; source status controls admission.","Source-document contract mapping only; no runtime proof. Planned, assumed, blocked, and asymmetric records remain at their stated admission boundaries."
P2-W10,P3-W02,P2→P3,docs/stages/p2/plans/p2-w10-p3-p4-handoff-contract.md,a7d38192de2b852eb3962e40bc97cc4bbede963c,docs/stages/p2/implementation/p2-w10-p3-p4-handoff-contract/README.md,7ebc939e74832a95668d27379ac6b1faadefac3a,"[{""consumers"":[""P3-W01"",""P3-W02"",""P3-W04"",""P3-W06"",""P3-W11"",""P3-W13"",""P3-W14"",""P4-W01"",""P4-W02"",""P4-W03"",""P4-W04"",""P4-W05"",""P4-W08"",""P2 completion reviewer""],""evidence"":""docs/stages/p2/implementation/p2-w10-p3-p4-handoff-contract/02-evidence-map-and-gates.md"",""failure"":""No completion while any gate missing; P2-ACR-01 explicitly ADR Required"",""item"":""P3/P4 consumer catalog D-01-D-09 and P2 gate map"",""lifetime"":""Dated change notes; consumers must recheck real availability"",""owner"":""W10 publication owner; source packages remain normative"",""type_or_unit"":""semantic contract+evidence references; P2-V01-V13 statuses"",""verification_owner"":""W10-DV01-DV06/P2-V12/V13""}]",yes,docs/stages/p3/plans/p3-w02-secondary-cpu-bring-up.md,b0f333d59cdc1812aa0f06a28fb4bc7a4db12ff7,docs/stages/p3/implementation/p3-w02-secondary-cpu-bring-up/README.md,c70eef43dd31653e8b74fb340a821c71c09b6273,"[{""contract/value"":""Present-class topology candidates; boot identity; PSCI CPU_ON conduit and function facts"",""evidence"":""README §Authority, prerequisite table, requester contract §5; no runtime evidence"",""failure_or_rollback"":""missing/unusable capability fails closed before any dispatch; no guessed PSCI ID or platform switch"",""lifetime/availability"":""boot only; starts happen once after W05 GlobalInitPublished"",""owner"":""W01 owns frozen topology; P2 owns platform facts"",""producer"":""P3-W01, sourced from P2-W10/W02"",""type_or_unit"":""TopologyInputs; HardwareCpuId/MpidrValue/LogicalCpuId; StartCapabilityFacts""},{""contract/value"":""aligned boot-time pages with explicit OOM; P2 PSCI facts and CPU_ON semantics"",""evidence"":""01 §1.2; README decision 4; 03 §4"",""failure_or_rollback"":""OOM fatal boot-critical; missing capability StartUnavailable; failure/timeout stack quarantined, never freed/reused in P3"",""lifetime/availability"":""allocate stack and parameter block for every attempted CPU before first CPU_ON"",""owner"":""P2 owns allocator/platform discovery; W02 consumes"",""producer"":""P2-W04 and P2-W10"",""type_or_unit"":""provisional stack pages; conduit + function ID + MPIDR target""}]",yes,2,P2-W10;P3-W02,assumed;planned,docs/stages/p2/implementation/p2-w10-p3-p4-handoff-contract/02-evidence-map-and-gates.md;docs/stages/p3/implementation/p3-w02-secondary-cpu-bring-up/README.md,"Both endpoint mapping records are present. Compare captured producer type/unit, owner, lifetime, failure, availability and verification fields against consumer prerequisites; source status controls admission.","Source-document contract mapping only; no runtime proof. Planned, assumed, blocked, and asymmetric records remain at their stated admission boundaries."
P2-W10,P3-W04,P2→P3,docs/stages/p2/plans/p2-w10-p3-p4-handoff-contract.md,a7d38192de2b852eb3962e40bc97cc4bbede963c,docs/stages/p2/implementation/p2-w10-p3-p4-handoff-contract/README.md,7ebc939e74832a95668d27379ac6b1faadefac3a,"[{""consumers"":[""P3-W01"",""P3-W02"",""P3-W04"",""P3-W06"",""P3-W11"",""P3-W13"",""P3-W14"",""P4-W01"",""P4-W02"",""P4-W03"",""P4-W04"",""P4-W05"",""P4-W08"",""P2 completion reviewer""],""evidence"":""docs/stages/p2/implementation/p2-w10-p3-p4-handoff-contract/02-evidence-map-and-gates.md"",""failure"":""No completion while any gate missing; P2-ACR-01 explicitly ADR Required"",""item"":""P3/P4 consumer catalog D-01-D-09 and P2 gate map"",""lifetime"":""Dated change notes; consumers must recheck real availability"",""owner"":""W10 publication owner; source packages remain normative"",""type_or_unit"":""semantic contract+evidence references; P2-V01-V13 statuses"",""verification_owner"":""W10-DV01-DV06/P2-V12/V13""}]",yes,docs/stages/p3/plans/p3-w04-per-cpu-runtime.md,0d0439705b6ee6def35b9ce09963cb13cb68fdb1,docs/stages/p3/implementation/p3-w04-per-cpu-runtime/README.md,6da910c0f75c666e181b4de58662efeae3e861c1,[],no,1,P2-W10,planned,docs/stages/p2/implementation/p2-w10-p3-p4-handoff-contract/02-evidence-map-and-gates.md,Producer output names downstream package; consumer upstream map has no matching producer entry. Asymmetry is recorded; optional/feedback/stage-level semantics require source-context disposition; producer row alone does not establish consumer admission.,"Source-document contract mapping only; no runtime proof. Planned, assumed, blocked, and asymmetric records remain at their stated admission boundaries."
P2-W10,P3-W06,P2→P3,docs/stages/p2/plans/p2-w10-p3-p4-handoff-contract.md,a7d38192de2b852eb3962e40bc97cc4bbede963c,docs/stages/p2/implementation/p2-w10-p3-p4-handoff-contract/README.md,7ebc939e74832a95668d27379ac6b1faadefac3a,"[{""consumers"":[""P3-W01"",""P3-W02"",""P3-W04"",""P3-W06"",""P3-W11"",""P3-W13"",""P3-W14"",""P4-W01"",""P4-W02"",""P4-W03"",""P4-W04"",""P4-W05"",""P4-W08"",""P2 completion reviewer""],""evidence"":""docs/stages/p2/implementation/p2-w10-p3-p4-handoff-contract/02-evidence-map-and-gates.md"",""failure"":""No completion while any gate missing; P2-ACR-01 explicitly ADR Required"",""item"":""P3/P4 consumer catalog D-01-D-09 and P2 gate map"",""lifetime"":""Dated change notes; consumers must recheck real availability"",""owner"":""W10 publication owner; source packages remain normative"",""type_or_unit"":""semantic contract+evidence references; P2-V01-V13 statuses"",""verification_owner"":""W10-DV01-DV06/P2-V12/V13""}]",yes,docs/stages/p3/plans/p3-w06-concurrency-synchronization.md,1bd9621e51f955f8b046f1f204800ee0e219bed6,docs/stages/p3/implementation/p3-w06-concurrency-synchronization/README.md,ef10fd7e7eed1a5d875a7e25f78d3e38396730bd,[],no,1,P2-W10,planned,docs/stages/p2/implementation/p2-w10-p3-p4-handoff-contract/02-evidence-map-and-gates.md,Producer output names downstream package; consumer upstream map has no matching producer entry. Asymmetry is recorded; optional/feedback/stage-level semantics require source-context disposition; producer row alone does not establish consumer admission.,"Source-document contract mapping only; no runtime proof. Planned, assumed, blocked, and asymmetric records remain at their stated admission boundaries."
P2-W10,P3-W11,P2→P3,docs/stages/p2/plans/p2-w10-p3-p4-handoff-contract.md,a7d38192de2b852eb3962e40bc97cc4bbede963c,docs/stages/p2/implementation/p2-w10-p3-p4-handoff-contract/README.md,7ebc939e74832a95668d27379ac6b1faadefac3a,"[{""consumers"":[""P3-W01"",""P3-W02"",""P3-W04"",""P3-W06"",""P3-W11"",""P3-W13"",""P3-W14"",""P4-W01"",""P4-W02"",""P4-W03"",""P4-W04"",""P4-W05"",""P4-W08"",""P2 completion reviewer""],""evidence"":""docs/stages/p2/implementation/p2-w10-p3-p4-handoff-contract/02-evidence-map-and-gates.md"",""failure"":""No completion while any gate missing; P2-ACR-01 explicitly ADR Required"",""item"":""P3/P4 consumer catalog D-01-D-09 and P2 gate map"",""lifetime"":""Dated change notes; consumers must recheck real availability"",""owner"":""W10 publication owner; source packages remain normative"",""type_or_unit"":""semantic contract+evidence references; P2-V01-V13 statuses"",""verification_owner"":""W10-DV01-DV06/P2-V12/V13""}]",yes,docs/stages/p3/plans/p3-w11-smp-observability.md,0c2ff2d1ec211335ba7733afb0df004418cfc08b,docs/stages/p3/implementation/p3-w11-smp-observability/README.md,296296222fd635a26c640828c50ca22805eb4825,[],no,1,P2-W10,planned,docs/stages/p2/implementation/p2-w10-p3-p4-handoff-contract/02-evidence-map-and-gates.md,Producer output names downstream package; consumer upstream map has no matching producer entry. Asymmetry is recorded; optional/feedback/stage-level semantics require source-context disposition; producer row alone does not establish consumer admission.,"Source-document contract mapping only; no runtime proof. Planned, assumed, blocked, and asymmetric records remain at their stated admission boundaries."
P2-W10,P3-W13,P2→P3,docs/stages/p2/plans/p2-w10-p3-p4-handoff-contract.md,a7d38192de2b852eb3962e40bc97cc4bbede963c,docs/stages/p2/implementation/p2-w10-p3-p4-handoff-contract/README.md,7ebc939e74832a95668d27379ac6b1faadefac3a,"[{""consumers"":[""P3-W01"",""P3-W02"",""P3-W04"",""P3-W06"",""P3-W11"",""P3-W13"",""P3-W14"",""P4-W01"",""P4-W02"",""P4-W03"",""P4-W04"",""P4-W05"",""P4-W08"",""P2 completion reviewer""],""evidence"":""docs/stages/p2/implementation/p2-w10-p3-p4-handoff-contract/02-evidence-map-and-gates.md"",""failure"":""No completion while any gate missing; P2-ACR-01 explicitly ADR Required"",""item"":""P3/P4 consumer catalog D-01-D-09 and P2 gate map"",""lifetime"":""Dated change notes; consumers must recheck real availability"",""owner"":""W10 publication owner; source packages remain normative"",""type_or_unit"":""semantic contract+evidence references; P2-V01-V13 statuses"",""verification_owner"":""W10-DV01-DV06/P2-V12/V13""}]",yes,docs/stages/p3/plans/p3-w13-qemu-smp-regression.md,acde52c69c73727d75dc37f9a0f7315ba08c414b,docs/stages/p3/implementation/p3-w13-qemu-smp-regression/README.md,7bd68146c2753990b0f99b8e589f4162cd26f5b8,[],no,1,P2-W10,planned,docs/stages/p2/implementation/p2-w10-p3-p4-handoff-contract/02-evidence-map-and-gates.md,Producer output names downstream package; consumer upstream map has no matching producer entry. Asymmetry is recorded; optional/feedback/stage-level semantics require source-context disposition; producer row alone does not establish consumer admission.,"Source-document contract mapping only; no runtime proof. Planned, assumed, blocked, and asymmetric records remain at their stated admission boundaries."
P2-W10,P3-W14,P2→P3,docs/stages/p2/plans/p2-w10-p3-p4-handoff-contract.md,a7d38192de2b852eb3962e40bc97cc4bbede963c,docs/stages/p2/implementation/p2-w10-p3-p4-handoff-contract/README.md,7ebc939e74832a95668d27379ac6b1faadefac3a,"[{""consumers"":[""P3-W01"",""P3-W02"",""P3-W04"",""P3-W06"",""P3-W11"",""P3-W13"",""P3-W14"",""P4-W01"",""P4-W02"",""P4-W03"",""P4-W04"",""P4-W05"",""P4-W08"",""P2 completion reviewer""],""evidence"":""docs/stages/p2/implementation/p2-w10-p3-p4-handoff-contract/02-evidence-map-and-gates.md"",""failure"":""No completion while any gate missing; P2-ACR-01 explicitly ADR Required"",""item"":""P3/P4 consumer catalog D-01-D-09 and P2 gate map"",""lifetime"":""Dated change notes; consumers must recheck real availability"",""owner"":""W10 publication owner; source packages remain normative"",""type_or_unit"":""semantic contract+evidence references; P2-V01-V13 statuses"",""verification_owner"":""W10-DV01-DV06/P2-V12/V13""}]",yes,docs/stages/p3/plans/p3-w14-p4-smp-handoff.md,5441dd112b7e09716e3c1a345a635717c9f20abf,docs/stages/p3/implementation/p3-w14-p4-smp-handoff/README.md,45c59d7a0d016a4645bfed7dbed04f7c8882e9ba,"[{""contract/value"":""P2→P3→P4 inventory/capability/allocator contract and inherited P2-ACR-01 limitations"",""evidence"":""plan link only"",""failure_or_rollback"":""divergence listed as inherited unresolved item"",""lifetime/availability"":""inherited into contract"",""owner"":""P2"",""producer"":""P2-W10"",""type_or_unit"":""handoff constraints""}]",yes,1,P2-W10,planned,docs/stages/p2/implementation/p2-w10-p3-p4-handoff-contract/02-evidence-map-and-gates.md,"Both endpoint mapping records are present. Compare captured producer type/unit, owner, lifetime, failure, availability and verification fields against consumer prerequisites; source status controls admission.","Source-document contract mapping only; no runtime proof. Planned, assumed, blocked, and asymmetric records remain at their stated admission boundaries."
P2-W10,P4-W01,P2→P4,docs/stages/p2/plans/p2-w10-p3-p4-handoff-contract.md,a7d38192de2b852eb3962e40bc97cc4bbede963c,docs/stages/p2/implementation/p2-w10-p3-p4-handoff-contract/README.md,7ebc939e74832a95668d27379ac6b1faadefac3a,"[{""consumers"":[""P3-W01"",""P3-W02"",""P3-W04"",""P3-W06"",""P3-W11"",""P3-W13"",""P3-W14"",""P4-W01"",""P4-W02"",""P4-W03"",""P4-W04"",""P4-W05"",""P4-W08"",""P2 completion reviewer""],""evidence"":""docs/stages/p2/implementation/p2-w10-p3-p4-handoff-contract/02-evidence-map-and-gates.md"",""failure"":""No completion while any gate missing; P2-ACR-01 explicitly ADR Required"",""item"":""P3/P4 consumer catalog D-01-D-09 and P2 gate map"",""lifetime"":""Dated change notes; consumers must recheck real availability"",""owner"":""W10 publication owner; source packages remain normative"",""type_or_unit"":""semantic contract+evidence references; P2-V01-V13 statuses"",""verification_owner"":""W10-DV01-DV06/P2-V12/V13""}]",yes,docs/stages/p4/plans/p4-w01-entry-contract-reconciliation.md,7ef7f6401544c9ec4a4b578904fe0eb1e7b54275,docs/stages/p4/implementation/p4-w01-entry-contract-reconciliation/README.md,a3f10c98ee3805c85011ea792f6c907f913aab23,"[{""contract/value"":""P2 consumer handoff including P2-ACR-01; Host SMP foundations and limits"",""evidence"":""P2/P3 plans; P3 handoff contract absent"",""failure_or_rollback"":""absence blocks inherited guarantees; P2-ACR-01 stays unresolved"",""lifetime/availability"":""all P4 packages"",""owner"":""P2-W10/P3-W14"",""producer"":""P2-W10/P3-W14"",""type_or_unit"":""stage handoff record""}]",yes,1,P2-W10,planned,docs/stages/p2/implementation/p2-w10-p3-p4-handoff-contract/02-evidence-map-and-gates.md,"Both endpoint mapping records are present. Compare captured producer type/unit, owner, lifetime, failure, availability and verification fields against consumer prerequisites; source status controls admission.","Source-document contract mapping only; no runtime proof. Planned, assumed, blocked, and asymmetric records remain at their stated admission boundaries."
P2-W10,P4-W02,P2→P4,docs/stages/p2/plans/p2-w10-p3-p4-handoff-contract.md,a7d38192de2b852eb3962e40bc97cc4bbede963c,docs/stages/p2/implementation/p2-w10-p3-p4-handoff-contract/README.md,7ebc939e74832a95668d27379ac6b1faadefac3a,"[{""consumers"":[""P3-W01"",""P3-W02"",""P3-W04"",""P3-W06"",""P3-W11"",""P3-W13"",""P3-W14"",""P4-W01"",""P4-W02"",""P4-W03"",""P4-W04"",""P4-W05"",""P4-W08"",""P2 completion reviewer""],""evidence"":""docs/stages/p2/implementation/p2-w10-p3-p4-handoff-contract/02-evidence-map-and-gates.md"",""failure"":""No completion while any gate missing; P2-ACR-01 explicitly ADR Required"",""item"":""P3/P4 consumer catalog D-01-D-09 and P2 gate map"",""lifetime"":""Dated change notes; consumers must recheck real availability"",""owner"":""W10 publication owner; source packages remain normative"",""type_or_unit"":""semantic contract+evidence references; P2-V01-V13 statuses"",""verification_owner"":""W10-DV01-DV06/P2-V12/V13""}]",yes,docs/stages/p4/plans/p4-w02-stage2-address-space.md,9df9c006806f36ba5a2118c4b0be8ccf7460fae7,docs/stages/p4/implementation/p4-w02-stage2-address-space/README.md,beb84d79abedb5dc81f881193f09920c27916afb,[],no,1,P2-W10,planned,docs/stages/p2/implementation/p2-w10-p3-p4-handoff-contract/02-evidence-map-and-gates.md,Producer output names downstream package; consumer upstream map has no matching producer entry. Asymmetry is recorded; optional/feedback/stage-level semantics require source-context disposition; producer row alone does not establish consumer admission.,"Source-document contract mapping only; no runtime proof. Planned, assumed, blocked, and asymmetric records remain at their stated admission boundaries."
P2-W10,P4-W03,P2→P4,docs/stages/p2/plans/p2-w10-p3-p4-handoff-contract.md,a7d38192de2b852eb3962e40bc97cc4bbede963c,docs/stages/p2/implementation/p2-w10-p3-p4-handoff-contract/README.md,7ebc939e74832a95668d27379ac6b1faadefac3a,"[{""consumers"":[""P3-W01"",""P3-W02"",""P3-W04"",""P3-W06"",""P3-W11"",""P3-W13"",""P3-W14"",""P4-W01"",""P4-W02"",""P4-W03"",""P4-W04"",""P4-W05"",""P4-W08"",""P2 completion reviewer""],""evidence"":""docs/stages/p2/implementation/p2-w10-p3-p4-handoff-contract/02-evidence-map-and-gates.md"",""failure"":""No completion while any gate missing; P2-ACR-01 explicitly ADR Required"",""item"":""P3/P4 consumer catalog D-01-D-09 and P2 gate map"",""lifetime"":""Dated change notes; consumers must recheck real availability"",""owner"":""W10 publication owner; source packages remain normative"",""type_or_unit"":""semantic contract+evidence references; P2-V01-V13 statuses"",""verification_owner"":""W10-DV01-DV06/P2-V12/V13""}]",yes,docs/stages/p4/plans/p4-w03-guest-memory-image.md,a478ac81980a8c40657ad4557cf3004012588c28,docs/stages/p4/implementation/p4-w03-guest-memory-image/README.md,8b349f139c3db1fdeb842c5f61022e4e5a6e6d2d,[],no,1,P2-W10,planned,docs/stages/p2/implementation/p2-w10-p3-p4-handoff-contract/02-evidence-map-and-gates.md,Producer output names downstream package; consumer upstream map has no matching producer entry. Asymmetry is recorded; optional/feedback/stage-level semantics require source-context disposition; producer row alone does not establish consumer admission.,"Source-document contract mapping only; no runtime proof. Planned, assumed, blocked, and asymmetric records remain at their stated admission boundaries."
P2-W10,P4-W04,P2→P4,docs/stages/p2/plans/p2-w10-p3-p4-handoff-contract.md,a7d38192de2b852eb3962e40bc97cc4bbede963c,docs/stages/p2/implementation/p2-w10-p3-p4-handoff-contract/README.md,7ebc939e74832a95668d27379ac6b1faadefac3a,"[{""consumers"":[""P3-W01"",""P3-W02"",""P3-W04"",""P3-W06"",""P3-W11"",""P3-W13"",""P3-W14"",""P4-W01"",""P4-W02"",""P4-W03"",""P4-W04"",""P4-W05"",""P4-W08"",""P2 completion reviewer""],""evidence"":""docs/stages/p2/implementation/p2-w10-p3-p4-handoff-contract/02-evidence-map-and-gates.md"",""failure"":""No completion while any gate missing; P2-ACR-01 explicitly ADR Required"",""item"":""P3/P4 consumer catalog D-01-D-09 and P2 gate map"",""lifetime"":""Dated change notes; consumers must recheck real availability"",""owner"":""W10 publication owner; source packages remain normative"",""type_or_unit"":""semantic contract+evidence references; P2-V01-V13 statuses"",""verification_owner"":""W10-DV01-DV06/P2-V12/V13""}]",yes,docs/stages/p4/plans/p4-w04-vcpu-entry-exit.md,7950452e34e537a8514e2d7d946389eb43b309ec,docs/stages/p4/implementation/p4-w04-vcpu-entry-exit/README.md,abf5f2e3ddca8fea33bba91a5f27f77eea6acc96,[],no,1,P2-W10,planned,docs/stages/p2/implementation/p2-w10-p3-p4-handoff-contract/02-evidence-map-and-gates.md,Producer output names downstream package; consumer upstream map has no matching producer entry. Asymmetry is recorded; optional/feedback/stage-level semantics require source-context disposition; producer row alone does not establish consumer admission.,"Source-document contract mapping only; no runtime proof. Planned, assumed, blocked, and asymmetric records remain at their stated admission boundaries."
P2-W10,P4-W05,P2→P4,docs/stages/p2/plans/p2-w10-p3-p4-handoff-contract.md,a7d38192de2b852eb3962e40bc97cc4bbede963c,docs/stages/p2/implementation/p2-w10-p3-p4-handoff-contract/README.md,7ebc939e74832a95668d27379ac6b1faadefac3a,"[{""consumers"":[""P3-W01"",""P3-W02"",""P3-W04"",""P3-W06"",""P3-W11"",""P3-W13"",""P3-W14"",""P4-W01"",""P4-W02"",""P4-W03"",""P4-W04"",""P4-W05"",""P4-W08"",""P2 completion reviewer""],""evidence"":""docs/stages/p2/implementation/p2-w10-p3-p4-handoff-contract/02-evidence-map-and-gates.md"",""failure"":""No completion while any gate missing; P2-ACR-01 explicitly ADR Required"",""item"":""P3/P4 consumer catalog D-01-D-09 and P2 gate map"",""lifetime"":""Dated change notes; consumers must recheck real availability"",""owner"":""W10 publication owner; source packages remain normative"",""type_or_unit"":""semantic contract+evidence references; P2-V01-V13 statuses"",""verification_owner"":""W10-DV01-DV06/P2-V12/V13""}]",yes,docs/stages/p4/plans/p4-w05-validation-guest.md,9b0e08f2210b1e331db0fad9c6fab90b49405d8b,docs/stages/p4/implementation/p4-w05-validation-guest/README.md,581c48a53689e0af6ca2d75d3241f77874612fa8,[],no,1,P2-W10,planned,docs/stages/p2/implementation/p2-w10-p3-p4-handoff-contract/02-evidence-map-and-gates.md,Producer output names downstream package; consumer upstream map has no matching producer entry. Asymmetry is recorded; optional/feedback/stage-level semantics require source-context disposition; producer row alone does not establish consumer admission.,"Source-document contract mapping only; no runtime proof. Planned, assumed, blocked, and asymmetric records remain at their stated admission boundaries."
P2-W10,P4-W08,P2→P4,docs/stages/p2/plans/p2-w10-p3-p4-handoff-contract.md,a7d38192de2b852eb3962e40bc97cc4bbede963c,docs/stages/p2/implementation/p2-w10-p3-p4-handoff-contract/README.md,7ebc939e74832a95668d27379ac6b1faadefac3a,"[{""consumers"":[""P3-W01"",""P3-W02"",""P3-W04"",""P3-W06"",""P3-W11"",""P3-W13"",""P3-W14"",""P4-W01"",""P4-W02"",""P4-W03"",""P4-W04"",""P4-W05"",""P4-W08"",""P2 completion reviewer""],""evidence"":""docs/stages/p2/implementation/p2-w10-p3-p4-handoff-contract/02-evidence-map-and-gates.md"",""failure"":""No completion while any gate missing; P2-ACR-01 explicitly ADR Required"",""item"":""P3/P4 consumer catalog D-01-D-09 and P2 gate map"",""lifetime"":""Dated change notes; consumers must recheck real availability"",""owner"":""W10 publication owner; source packages remain normative"",""type_or_unit"":""semantic contract+evidence references; P2-V01-V13 statuses"",""verification_owner"":""W10-DV01-DV06/P2-V12/V13""}]",yes,docs/stages/p4/plans/p4-w08-qemu-integration-regression.md,bb7fd9c4550d609c1ee396f6cd0d2ad9e9d46225,docs/stages/p4/implementation/p4-w08-qemu-integration-regression/README.md,e5bae43e74a4d9e5eea9a7b609586c94dad83745,[],no,1,P2-W10,planned,docs/stages/p2/implementation/p2-w10-p3-p4-handoff-contract/02-evidence-map-and-gates.md,Producer output names downstream package; consumer upstream map has no matching producer entry. Asymmetry is recorded; optional/feedback/stage-level semantics require source-context disposition; producer row alone does not establish consumer admission.,"Source-document contract mapping only; no runtime proof. Planned, assumed, blocked, and asymmetric records remain at their stated admission boundaries."
P2-W10,P8-W12,P2→P8,docs/stages/p2/plans/p2-w10-p3-p4-handoff-contract.md,a7d38192de2b852eb3962e40bc97cc4bbede963c,docs/stages/p2/implementation/p2-w10-p3-p4-handoff-contract/README.md,7ebc939e74832a95668d27379ac6b1faadefac3a,[],no,docs/stages/p8/plans/p8-w12-linux-memory-model.md,d38cfb1a04f6cb7efd682bfde0e79394d294d98b,docs/stages/p8/implementation/p8-w12-linux-memory-model/README.md,7ba01e62ecce5ceeed15e794d7f73bdc3481f629,"[{""contract/value"":""Per-page ownership/allocation, Stage-2 address-space operations, fault context and Host/protected range exclusion."",""evidence"":""01 §1; 02 §§1–3"",""failure_or_rollback"":""P2DependencyIssue/P4DependencyIssue; affected ownership or isolation rows blocked, never simulated"",""lifetime/availability"":""Assumed contracts, not independently evidenced here"",""owner"":""P2/P4 owners"",""producer"":""P2-W10 / P4-W02,W06,W09 via handoffs"",""type_or_unit"":""Ownership ledger and address-space/fault-query facts""}]",yes,0,,not-recorded-in-edge-assertion-ledger,,"Consumer prerequisite names upstream package; producer output map has no matching consumer entry. Asymmetry is recorded; producer delivery, availability and verification ownership cannot be inferred from consumer row alone.","Source-document contract mapping only; no runtime proof. Planned, assumed, blocked, and asymmetric records remain at their stated admission boundaries."
P3-W01,P4-W04,P3→P4,docs/stages/p3/plans/p3-w01-cpu-topology-inputs.md,438efbad3b2719e1838f695ed37f540a1c46adc2,docs/stages/p3/implementation/p3-w01-cpu-topology-inputs/README.md,2f49e365b3fee536054fa65d97519c0c00ebc54a,[],no,docs/stages/p4/plans/p4-w04-vcpu-entry-exit.md,7950452e34e537a8514e2d7d946389eb43b309ec,docs/stages/p4/implementation/p4-w04-vcpu-entry-exit/README.md,abf5f2e3ddca8fea33bba91a5f27f77eea6acc96,"[{""contract/value"":""pCPU affinity/identity and per-CPU runtime facts"",""evidence"":""P3 future evidence"",""failure_or_rollback"":""no migration assumption without scheduling proof"",""lifetime/availability"":""run interval"",""owner"":""P3"",""producer"":""P3-W01/W02/W04"",""type_or_unit"":""CPU identity, pinned one-vCPU execution""}]",yes,1,P4-W04,assumed,P3 future evidence,"Consumer prerequisite names upstream package; producer output map has no matching consumer entry. Asymmetry is recorded; producer delivery, availability and verification ownership cannot be inferred from consumer row alone.","Source-document contract mapping only; no runtime proof. Planned, assumed, blocked, and asymmetric records remain at their stated admission boundaries."
P3-W01,P6-W01,P3→P6,docs/stages/p3/plans/p3-w01-cpu-topology-inputs.md,438efbad3b2719e1838f695ed37f540a1c46adc2,docs/stages/p3/implementation/p3-w01-cpu-topology-inputs/README.md,2f49e365b3fee536054fa65d97519c0c00ebc54a,[],no,docs/stages/p6/plans/p6-w01-gic-capability-discovery.md,e2141f0e1062899da7d87a7c68b6c3f5f25cae12,docs/stages/p6/implementation/p6-w01-gic-capability-discovery/README.md,28e5901318d54e594001d4fa596d46fe518042a4,"[{""contract/value"":""Possible physical CPUs P3 may online, with affinities; GICR coverage must cover possible set, not merely runtime online CPUs."",""evidence"":""docs/stages/p6/implementation/p6-w01-gic-capability-discovery/01-scope-and-foundations.md §1.3, CAP-03; docs/stages/p6/implementation/p6-w01-gic-capability-discovery/02-architecture-and-state.md §2.1."",""failure_or_rollback"":""Any missing GICR frame yields Incomplete/rejected; no deriving missing CPU/frame locally."",""lifetime/availability"":""Assumed; needed before capability reconciliation."",""owner"":""P3"",""producer"":""P3-W01/W03 possible-pCPU set"",""type_or_unit"":""CPU affinity set""}]",yes,0,,not-recorded-in-edge-assertion-ledger,,"Consumer prerequisite names upstream package; producer output map has no matching consumer entry. Asymmetry is recorded; producer delivery, availability and verification ownership cannot be inferred from consumer row alone.","Source-document contract mapping only; no runtime proof. Planned, assumed, blocked, and asymmetric records remain at their stated admission boundaries."
P3-W01,P8-W06,P3→P8,docs/stages/p3/plans/p3-w01-cpu-topology-inputs.md,438efbad3b2719e1838f695ed37f540a1c46adc2,docs/stages/p3/implementation/p3-w01-cpu-topology-inputs/README.md,2f49e365b3fee536054fa65d97519c0c00ebc54a,[],no,docs/stages/p8/plans/p8-w06-psci-virtualization.md,6a9441706889e1216170acb1bb6dc7b00623e83f,docs/stages/p8/implementation/p8-w06-psci-virtualization/README.md,6ff1b1931f0fa6c117df953b0a30bee461f92e3a,[],no,1,P8-W06,assumed,docs/stages/p8/implementation/p8-w06-psci-virtualization/README.md,Only edge-assertion ledger names this relation; neither endpoint summary has a matching package-level row. Retain cited source and status; do not promote to delivered contract.,"Source-document contract mapping only; no runtime proof. Planned, assumed, blocked, and asymmetric records remain at their stated admission boundaries."
P3-W01,P8-W10,P3→P8,docs/stages/p3/plans/p3-w01-cpu-topology-inputs.md,438efbad3b2719e1838f695ed37f540a1c46adc2,docs/stages/p3/implementation/p3-w01-cpu-topology-inputs/README.md,2f49e365b3fee536054fa65d97519c0c00ebc54a,[],no,docs/stages/p8/plans/p8-w10-linux-smp-bringup.md,0ff7b9680051cdded7a90f726b0d5082a71859f4,docs/stages/p8/implementation/p8-w10-linux-smp-bringup/README.md,98c477cbc80800259c639726266cba1122d9d4f1,[],no,1,P8-W10,assumed,docs/stages/p8/implementation/p8-w10-linux-smp-bringup/README.md,Only edge-assertion ledger names this relation; neither endpoint summary has a matching package-level row. Retain cited source and status; do not promote to delivered contract.,"Source-document contract mapping only; no runtime proof. Planned, assumed, blocked, and asymmetric records remain at their stated admission boundaries."
P3-W03,P6-W02,P3→P6,docs/stages/p3/plans/p3-w03-physical-cpu-lifecycle.md,7792c1ad25abf6e72129492f4f042d93a255205d,docs/stages/p3/implementation/p3-w03-physical-cpu-lifecycle/README.md,4341b9e0705ce21d49bc26adf64f6b284aabd542,[],no,docs/stages/p6/plans/p6-w02-physical-gic-bring-up.md,5f5c5a686afee99a15b041e5020b2ddf276fd2bc,docs/stages/p6/implementation/p6-w02-physical-gic-bring-up/README.md,15215aceb80369c9006e553fa40e9f1bf03ccf3e,"[{""contract/value"":""Online/failed lifecycle; per-CPU state; local-init hook; rendezvous; synchronization/atomics."",""evidence"":""docs/stages/p6/implementation/p6-w02-physical-gic-bring-up/01-scope-and-foundations.md §1.2; docs/stages/p6/implementation/p6-w02-physical-gic-bring-up/06-implementation-workflow.md §§1,5."",""failure_or_rollback"":""Missing hook or local storage blocks; no W02 global fallback."",""lifetime/availability"":""Assumed, required for each local phase/publication."",""owner"":""P3"",""producer"":""P3-W03..W06"",""type_or_unit"":""Lifecycle and concurrency contracts""}]",yes,0,,not-recorded-in-edge-assertion-ledger,,"Consumer prerequisite names upstream package; producer output map has no matching consumer entry. Asymmetry is recorded; producer delivery, availability and verification ownership cannot be inferred from consumer row alone.","Source-document contract mapping only; no runtime proof. Planned, assumed, blocked, and asymmetric records remain at their stated admission boundaries."
P3-W03,P6-W04,P3→P6,docs/stages/p3/plans/p3-w03-physical-cpu-lifecycle.md,7792c1ad25abf6e72129492f4f042d93a255205d,docs/stages/p3/implementation/p3-w03-physical-cpu-lifecycle/README.md,4341b9e0705ce21d49bc26adf64f6b284aabd542,[],no,docs/stages/p6/plans/p6-w04-smp-interrupt-routing-sgi.md,44aece53438440d65c2c45af1063fc035580bd7b,docs/stages/p6/implementation/p6-w04-smp-interrupt-routing-sgi/README.md,064ff69a4d71728c335a477f717a2d9e57b1051e,"[{""contract/value"":""Online/failed pCPU set; notification primitive/SGI ownership range; lock/atomic semantics; no W04 TLB semantics; PcpuId↔MPIDR affinities."",""evidence"":""docs/stages/p6/implementation/p6-w04-smp-interrupt-routing-sgi/01-scope-and-foundations.md §1.3 and §4; docs/stages/p6/implementation/p6-w04-smp-interrupt-routing-sgi/05-implementation-workflow.md §1 step 1."",""failure_or_rollback"":""P3 range conflict: P3 contract wins; record conflict, no local renumber. Polling transport returns IDs to pool only by reviewed design revision."",""lifetime/availability"":""Assumed; partition must be reconciled against actual P3 handoff."",""owner"":""P3/P2"",""producer"":""P3-W03/W06/W07/W08 and P2 affinity facts"",""type_or_unit"":""CPU lifecycle, transport, concurrency, affinity mapping""}]",yes,0,,not-recorded-in-edge-assertion-ledger,,"Consumer prerequisite names upstream package; producer output map has no matching consumer entry. Asymmetry is recorded; producer delivery, availability and verification ownership cannot be inferred from consumer row alone.","Source-document contract mapping only; no runtime proof. Planned, assumed, blocked, and asymmetric records remain at their stated admission boundaries."
P3-W04,P4-W02,P3→P4,docs/stages/p3/plans/p3-w04-per-cpu-runtime.md,0d0439705b6ee6def35b9ce09963cb13cb68fdb1,docs/stages/p3/implementation/p3-w04-per-cpu-runtime/README.md,6da910c0f75c666e181b4de58662efeae3e861c1,[],no,docs/stages/p4/plans/p4-w02-stage2-address-space.md,9df9c006806f36ba5a2118c4b0be8ccf7460fae7,docs/stages/p4/implementation/p4-w02-stage2-address-space/README.md,beb84d79abedb5dc81f881193f09920c27916afb,"[{""contract/value"":""EL2 exception/host address environment; current pCPU context; transport framing only/no TLBI semantics"",""evidence"":""plans/designs; W14 contract absent"",""failure_or_rollback"":""fault-routing and pCPU assumptions unverified; no cross-pCPU shootdown is claimed"",""lifetime/availability"":""guest run / current pCPU only"",""owner"":""P1/P3; W02 operation semantics"",""producer"":""P1-W04/W05; P3-W04/W08/W14"",""type_or_unit"":""exception context, per-CPU ID, current-path invalidation seam""}]",yes,0,,not-recorded-in-edge-assertion-ledger,,"Consumer prerequisite names upstream package; producer output map has no matching consumer entry. Asymmetry is recorded; producer delivery, availability and verification ownership cannot be inferred from consumer row alone.","Source-document contract mapping only; no runtime proof. Planned, assumed, blocked, and asymmetric records remain at their stated admission boundaries."
P3-W04,P6-W03,P3→P6,docs/stages/p3/plans/p3-w04-per-cpu-runtime.md,0d0439705b6ee6def35b9ce09963cb13cb68fdb1,docs/stages/p3/implementation/p3-w04-per-cpu-runtime/README.md,6da910c0f75c666e181b4de58662efeae3e861c1,[],no,docs/stages/p6/plans/p6-w03-physical-interrupt-lifecycle.md,f4afd07f0d5d316d6ecb4f8f06a8a5c0bde1a6b2,docs/stages/p6/implementation/p6-w03-physical-interrupt-lifecycle/README.md,b2c28e53b0a909bae72a869bb6e14685055cd798,"[{""contract/value"":""EL2 IRQ entry/stable entry context/single dispatch target; per-CPU storage and exception state; IRQ-safe lock/atomic rules."",""evidence"":""docs/stages/p6/implementation/p6-w03-physical-interrupt-lifecycle/01-scope-and-foundations.md §§1.2–1.4; docs/stages/p6/implementation/p6-w03-physical-interrupt-lifecycle/05-implementation-workflow.md §1."",""failure_or_rollback"":""No stable entry/context or P3 storage blocks; no second vector or scratch/global fallback."",""lifetime/availability"":""Assumed entry contracts; required before dispatch path."",""owner"":""P1/P3"",""producer"":""P1-W05 + P3-W04/W06/W09"",""type_or_unit"":""Exception/CPU-local/concurrency contracts""}]",yes,0,,not-recorded-in-edge-assertion-ledger,,"Consumer prerequisite names upstream package; producer output map has no matching consumer entry. Asymmetry is recorded; producer delivery, availability and verification ownership cannot be inferred from consumer row alone.","Source-document contract mapping only; no runtime proof. Planned, assumed, blocked, and asymmetric records remain at their stated admission boundaries."
P3-W04,P7-W08,P3→P7,docs/stages/p3/plans/p3-w04-per-cpu-runtime.md,0d0439705b6ee6def35b9ce09963cb13cb68fdb1,docs/stages/p3/implementation/p3-w04-per-cpu-runtime/README.md,6da910c0f75c666e181b4de58662efeae3e861c1,[],no,docs/stages/p7/plans/p7-w08-smp-reschedule-idle.md,ec2202aeb0878ee88a9fdc6242eee68a94e3622e,docs/stages/p7/implementation/p7-w08-smp-reschedule-idle/README.md,286932be6e6782ec60d5e34a3f9b6e13460fd7dd,"[{""contract/value"":""per-CPU context, synchronization/ordering authority, targeted notification and target-attributed Host SGI send/receipt/completion"",""evidence"":""01 §2 PC-1..PC-4; 02 R-1/R-2; 04 §1; prior P6-W04 package finding: SGI send/receipt units need reconciliation"",""failure_or_rollback"":""04 §1 says stop if P3-W07 surface cannot provide scheduler-class targeted delivery/offline outcomes; no W08 replacement transport"",""lifetime/availability"":""assumed in W08; source contracts/evidence not certified by W08 design itself; P6-W04 send/receipt/completion unit ambiguity is a counterevidence/blocker"",""owner"":""P3 owns foundation/synchronization/primitive; P6 owns evidenced Host SGI mechanism"",""producer"":""P3-W04/W06/W07 and P6-W04"",""type_or_unit"":""per-pCPU scheduler context; release/acquire pairings; notification signal""}]",yes,0,,not-recorded-in-edge-assertion-ledger,,"Consumer prerequisite names upstream package; producer output map has no matching consumer entry. Asymmetry is recorded; producer delivery, availability and verification ownership cannot be inferred from consumer row alone.","Source-document contract mapping only; no runtime proof. Planned, assumed, blocked, and asymmetric records remain at their stated admission boundaries."
P3-W04,P8-W06,P3→P8,docs/stages/p3/plans/p3-w04-per-cpu-runtime.md,0d0439705b6ee6def35b9ce09963cb13cb68fdb1,docs/stages/p3/implementation/p3-w04-per-cpu-runtime/README.md,6da910c0f75c666e181b4de58662efeae3e861c1,[],no,docs/stages/p8/plans/p8-w06-psci-virtualization.md,6a9441706889e1216170acb1bb6dc7b00623e83f,docs/stages/p8/implementation/p8-w06-psci-virtualization/README.md,6ff1b1931f0fa6c117df953b0a30bee461f92e3a,[],no,1,P8-W06,assumed,docs/stages/p8/implementation/p8-w06-psci-virtualization/README.md,Only edge-assertion ledger names this relation; neither endpoint summary has a matching package-level row. Retain cited source and status; do not promote to delivered contract.,"Source-document contract mapping only; no runtime proof. Planned, assumed, blocked, and asymmetric records remain at their stated admission boundaries."
P3-W04,P8-W10,P3→P8,docs/stages/p3/plans/p3-w04-per-cpu-runtime.md,0d0439705b6ee6def35b9ce09963cb13cb68fdb1,docs/stages/p3/implementation/p3-w04-per-cpu-runtime/README.md,6da910c0f75c666e181b4de58662efeae3e861c1,[],no,docs/stages/p8/plans/p8-w10-linux-smp-bringup.md,0ff7b9680051cdded7a90f726b0d5082a71859f4,docs/stages/p8/implementation/p8-w10-linux-smp-bringup/README.md,98c477cbc80800259c639726266cba1122d9d4f1,[],no,1,P8-W10,assumed,docs/stages/p8/implementation/p8-w10-linux-smp-bringup/README.md,Only edge-assertion ledger names this relation; neither endpoint summary has a matching package-level row. Retain cited source and status; do not promote to delivered contract.,"Source-document contract mapping only; no runtime proof. Planned, assumed, blocked, and asymmetric records remain at their stated admission boundaries."
P3-W08,P8-W10,P3→P8,docs/stages/p3/plans/p3-w08-tlb-shootdown-transport.md,dea8fcc3d48914d2dc4129747bcf4c009f47edaa,docs/stages/p3/implementation/p3-w08-tlb-shootdown-transport/README.md,408942cefc2135d3609936564803a3dceb7e5fa1,[],no,docs/stages/p8/plans/p8-w10-linux-smp-bringup.md,0ff7b9680051cdded7a90f726b0d5082a71859f4,docs/stages/p8/implementation/p8-w10-linux-smp-bringup/README.md,98c477cbc80800259c639726266cba1122d9d4f1,[],no,1,P8-W10,assumed,docs/stages/p8/implementation/p8-w10-linux-smp-bringup/README.md,Only edge-assertion ledger names this relation; neither endpoint summary has a matching package-level row. Retain cited source and status; do not promote to delivered contract.,"Source-document contract mapping only; no runtime proof. Planned, assumed, blocked, and asymmetric records remain at their stated admission boundaries."
P3-W11,P7-W09,P3→P7,docs/stages/p3/plans/p3-w11-smp-observability.md,0c2ff2d1ec211335ba7733afb0df004418cfc08b,docs/stages/p3/implementation/p3-w11-smp-observability/README.md,296296222fd635a26c640828c50ca22805eb4825,[],no,docs/stages/p7/plans/p7-w09-accounting-diagnostics.md,0175c520e5cc1e8580156391a2fa48deff179917,docs/stages/p7/implementation/p7-w09-accounting-diagnostics/README.md,3f47b51fc276544a2fd143e002ac4a64e2dbce28,"[{""contract/value"":""Monotonic per-pCPU timer basis and CPU attribution; P6 IRQ-to-wake correlation limits."",""evidence"":""01-accounting-model.md §§2,4; W09 README §97-119."",""failure_or_rollback"":""Durations and correlation block if source or attribution contract is absent/contradictory; no substitute clock."",""lifetime/availability"":""Assumed upstream inputs in accounting model T-3/T-4/T-7, not proven by this pass."",""owner"":""P6/P3"",""producer"":""P6-W05/P6-W13 and P3-W11"",""type_or_unit"":""Timestamp/attribution convention""}]",yes,1,P7-W09,assumed,docs/stages/p7/implementation/p7-w09-accounting-diagnostics/01-accounting-model.md,"Consumer prerequisite names upstream package; producer output map has no matching consumer entry. Asymmetry is recorded; producer delivery, availability and verification ownership cannot be inferred from consumer row alone.","Source-document contract mapping only; no runtime proof. Planned, assumed, blocked, and asymmetric records remain at their stated admission boundaries."
P3-W13,P0-W20,P3→P0,docs/stages/p3/plans/p3-w13-qemu-smp-regression.md,acde52c69c73727d75dc37f9a0f7315ba08c414b,docs/stages/p3/implementation/p3-w13-qemu-smp-regression/README.md,7bd68146c2753990b0f99b8e589f4162cd26f5b8,"[{""consumer(s)"":""W14/P4/W15/P15/P0-W20"",""evidence"":""proposed /02 only"",""failure"":""run-failed on any divergent boot; blocked if automation/mechanism absent; not-run if deferred/vacuous"",""item"":""R1-R8 QEMU regression rows × count axis"",""lifetime"":""per campaign/count/cold boot"",""owner"":""W13 matrix; assertion meanings remain owning packages"",""type_or_unit"":""boot/readiness, online, isolation, observability, stress, events, allocator, failure assertions"",""verification_owner"":""W13-DV01..07 absent""}]",yes,docs/stages/p0/plans/p0-w20-ci-baseline.md,7873b5fd4c9147c76c287b6c1bf3bf99d5ae1764,docs/stages/p0/implementation/p0-w20-ci-baseline/README.md,b07055c68bafb118ee29f364a34129a88905f0d2,[],no,0,,not-recorded-in-edge-assertion-ledger,,Producer output names downstream package; consumer upstream map has no matching producer entry. Asymmetry is recorded; optional/feedback/stage-level semantics require source-context disposition; producer row alone does not establish consumer admission.,"Source-document contract mapping only; no runtime proof. Planned, assumed, blocked, and asymmetric records remain at their stated admission boundaries."
P3-W14,P4-W01,P3→P4,docs/stages/p3/plans/p3-w14-p4-smp-handoff.md,5441dd112b7e09716e3c1a345a635717c9f20abf,docs/stages/p3/implementation/p3-w14-p4-smp-handoff/README.md,45c59d7a0d016a4645bfed7dbed04f7c8882e9ba,"[{""consumer(s)"":""P4-W01..W09; W15; P15"",""evidence"":""structure only in 02; artifact absent"",""failure"":""unevidenced guarantee forbidden; conflict labeled ADR Required/Architecture Change Request"",""item"":""P3-W14 contract artifact, R1-R9 limitations/register/independent-design list"",""lifetime"":""handoff version; reissue after approved P3 changes"",""owner"":""W14"",""type_or_unit"":""versioned Markdown evidence-referenced Host SMP handoff"",""verification_owner"":""W14-DV01..06 absent""}]",yes,docs/stages/p4/plans/p4-w01-entry-contract-reconciliation.md,7ef7f6401544c9ec4a4b578904fe0eb1e7b54275,docs/stages/p4/implementation/p4-w01-entry-contract-reconciliation/README.md,a3f10c98ee3805c85011ea792f6c907f913aab23,"[{""contract/value"":""P2 consumer handoff including P2-ACR-01; Host SMP foundations and limits"",""evidence"":""P2/P3 plans; P3 handoff contract absent"",""failure_or_rollback"":""absence blocks inherited guarantees; P2-ACR-01 stays unresolved"",""lifetime/availability"":""all P4 packages"",""owner"":""P2-W10/P3-W14"",""producer"":""P2-W10/P3-W14"",""type_or_unit"":""stage handoff record""}]",yes,0,,not-recorded-in-edge-assertion-ledger,,"Both endpoint mapping records are present. Compare captured producer type/unit, owner, lifetime, failure, availability and verification fields against consumer prerequisites; source status controls admission.","Source-document contract mapping only; no runtime proof. Planned, assumed, blocked, and asymmetric records remain at their stated admission boundaries."
P3-W14,P5-W08,P3→P5,docs/stages/p3/plans/p3-w14-p4-smp-handoff.md,5441dd112b7e09716e3c1a345a635717c9f20abf,docs/stages/p3/implementation/p3-w14-p4-smp-handoff/README.md,45c59d7a0d016a4645bfed7dbed04f7c8882e9ba,[],no,docs/stages/p5/plans/p5-w08-host-fuzz-stress-smp-baseline.md,22a7659ea64263a1969c0704f1e424bb6823f54e,docs/stages/p5/implementation/p5-w08-host-fuzz-stress-smp-baseline/README.md,8b5baa969ed508bf600b40570b8833a5320bb247,"[{""contract/value"":""two online pCPU evidence and SMP synchronization foundation"",""evidence"":""P3 handoff referenced"",""failure_or_rollback"":""without completed/evidenced foundation, SMP rows blocked"",""lifetime/availability"":""stress run"",""owner"":""P3"",""producer"":""P3-W14/P3 QEMU"",""type_or_unit"":""pCPU concurrency environment""}]",yes,1,P5-W08,planned,P3 handoff referenced,"Consumer prerequisite names upstream package; producer output map has no matching consumer entry. Asymmetry is recorded; producer delivery, availability and verification ownership cannot be inferred from consumer row alone.","Source-document contract mapping only; no runtime proof. Planned, assumed, blocked, and asymmetric records remain at their stated admission boundaries."
P3-W14,P6-W11,P3→P6,docs/stages/p3/plans/p3-w14-p4-smp-handoff.md,5441dd112b7e09716e3c1a345a635717c9f20abf,docs/stages/p3/implementation/p3-w14-p4-smp-handoff/README.md,45c59d7a0d016a4645bfed7dbed04f7c8882e9ba,[],no,docs/stages/p6/plans/p6-w11-validation-guest-interrupt-suite.md,e9e3f295f6175e1068692e3785d0663bbda24335,docs/stages/p6/implementation/p6-w11-validation-guest-interrupt-suite/README.md,3088e071549e808f7f446569628e55026186bcd0,"[{""contract/value"":""evidenced multi-vCPU contract plus P4 isolation before SMP scenarios"",""evidence"":""docs/stages/p6/implementation/p6-w11-validation-guest-interrupt-suite/README.md decisions 4 / ledger; docs/stages/p6/implementation/p6-w11-validation-guest-interrupt-suite/01-scenario-matrix.md VG-SMP-01/02; docs/stages/p6/implementation/p6-w11-validation-guest-interrupt-suite/02-harness-and-workflow.md §1"",""failure_or_rollback"":""two-vCPU rows blocked until prerequisite proven"",""lifetime/availability"":""conditional; absent evidence => recorded BLOCKED, not skip/pass"",""owner"":""P3/P4"",""producer"":""P3-W14/P4 multi-vCPU isolation"",""type_or_unit"":""multi-vCPU execution capability""}]",yes,0,,not-recorded-in-edge-assertion-ledger,,"Consumer prerequisite names upstream package; producer output map has no matching consumer entry. Asymmetry is recorded; producer delivery, availability and verification ownership cannot be inferred from consumer row alone.","Source-document contract mapping only; no runtime proof. Planned, assumed, blocked, and asymmetric records remain at their stated admission boundaries."
P3-W15,P4-W01,P3→P4,docs/stages/p3/plans/p3-w15-stage-documentation-acceptance.md,e720037d367ad3fbaa153d3994dfe592b2af74d8,docs/stages/p3/implementation/p3-w15-stage-documentation-acceptance/README.md,f1c854c57565a0836157d669f8e32b0ea912d203,"[{""consumer(s)"":""P3 closure reviewer/P4-W01"",""evidence"":""design templates only"",""failure"":""coverage/status/link/layer gaps recorded with owner; no fabricated evidence"",""item"":""traceability matrix/evidence-location map/checks log/open-issue register"",""lifetime"":""dated document-set snapshot, regenerate on change"",""owner"":""W15"",""type_or_unit"":""per outcome+validation mapping, per package actual/ABSENT paths, C1-C8 dated results, owner+status issues"",""verification_owner"":""W15-DV01..05 absent""}]",yes,docs/stages/p4/plans/p4-w01-entry-contract-reconciliation.md,7ef7f6401544c9ec4a4b578904fe0eb1e7b54275,docs/stages/p4/implementation/p4-w01-entry-contract-reconciliation/README.md,a3f10c98ee3805c85011ea792f6c907f913aab23,[],no,0,,not-recorded-in-edge-assertion-ledger,,Producer output names downstream package; consumer upstream map has no matching producer entry. Asymmetry is recorded; optional/feedback/stage-level semantics require source-context disposition; producer row alone does not establish consumer admission.,"Source-document contract mapping only; no runtime proof. Planned, assumed, blocked, and asymmetric records remain at their stated admission boundaries."
P4-W01,P8-W06,P4→P8,docs/stages/p4/plans/p4-w01-entry-contract-reconciliation.md,7ef7f6401544c9ec4a4b578904fe0eb1e7b54275,docs/stages/p4/implementation/p4-w01-entry-contract-reconciliation/README.md,a3f10c98ee3805c85011ea792f6c907f913aab23,[],no,docs/stages/p8/plans/p8-w06-psci-virtualization.md,6a9441706889e1216170acb1bb6dc7b00623e83f,docs/stages/p8/implementation/p8-w06-psci-virtualization/README.md,6ff1b1931f0fa6c117df953b0a30bee461f92e3a,[],no,1,P8-W06,assumed,docs/stages/p8/implementation/p8-w06-psci-virtualization/README.md,Only edge-assertion ledger names this relation; neither endpoint summary has a matching package-level row. Retain cited source and status; do not promote to delivered contract.,"Source-document contract mapping only; no runtime proof. Planned, assumed, blocked, and asymmetric records remain at their stated admission boundaries."
P4-W02,P8-W05,P4→P8,docs/stages/p4/plans/p4-w02-stage2-address-space.md,9df9c006806f36ba5a2118c4b0be8ccf7460fae7,docs/stages/p4/implementation/p4-w02-stage2-address-space/README.md,beb84d79abedb5dc81f881193f09920c27916afb,[],no,docs/stages/p8/plans/p8-w05-linux-cpu-virtualization.md,9603ebd9b5d45b1373a57057f75b6e744fd99a52,docs/stages/p8/implementation/p8-w05-linux-cpu-virtualization/README.md,df83333763a3534e09635816481170ce8beecc65,[],no,1,P8-W05,assumed,docs/stages/p8/implementation/p8-w05-linux-cpu-virtualization/README.md,Only edge-assertion ledger names this relation; neither endpoint summary has a matching package-level row. Retain cited source and status; do not promote to delivered contract.,"Source-document contract mapping only; no runtime proof. Planned, assumed, blocked, and asymmetric records remain at their stated admission boundaries."
P4-W02,P8-W07,P4→P8,docs/stages/p4/plans/p4-w02-stage2-address-space.md,9df9c006806f36ba5a2118c4b0be8ccf7460fae7,docs/stages/p4/implementation/p4-w02-stage2-address-space/README.md,beb84d79abedb5dc81f881193f09920c27916afb,[],no,docs/stages/p8/plans/p8-w07-linux-vgicv3.md,b5f31a208bbdf26efc393f0209b604a2a8157774,docs/stages/p8/implementation/p8-w07-linux-vgicv3/README.md,c924a644e11c73c918261e3a5c01b26a9eeb5d8a,[],no,1,P8-W07,assumed,docs/stages/p8/implementation/p8-w07-linux-vgicv3/README.md,Only edge-assertion ledger names this relation; neither endpoint summary has a matching package-level row. Retain cited source and status; do not promote to delivered contract.,"Source-document contract mapping only; no runtime proof. Planned, assumed, blocked, and asymmetric records remain at their stated admission boundaries."
P4-W02,P8-W09,P4→P8,docs/stages/p4/plans/p4-w02-stage2-address-space.md,9df9c006806f36ba5a2118c4b0be8ccf7460fae7,docs/stages/p4/implementation/p4-w02-stage2-address-space/README.md,beb84d79abedb5dc81f881193f09920c27916afb,[],no,docs/stages/p8/plans/p8-w09-virtual-console-single-cpu-linux.md,71e46a15592d77766c689d5168b27e69e72719ab,docs/stages/p8/implementation/p8-w09-virtual-console-single-cpu-linux/README.md,f1ce54e559f1dc793d545066d062fc57d4f5a375,[],no,1,P8-W09,assumed,docs/stages/p8/implementation/p8-w09-virtual-console-single-cpu-linux/README.md,Only edge-assertion ledger names this relation; neither endpoint summary has a matching package-level row. Retain cited source and status; do not promote to delivered contract.,"Source-document contract mapping only; no runtime proof. Planned, assumed, blocked, and asymmetric records remain at their stated admission boundaries."
P4-W02,P8-W12,P4→P8,docs/stages/p4/plans/p4-w02-stage2-address-space.md,9df9c006806f36ba5a2118c4b0be8ccf7460fae7,docs/stages/p4/implementation/p4-w02-stage2-address-space/README.md,beb84d79abedb5dc81f881193f09920c27916afb,[],no,docs/stages/p8/plans/p8-w12-linux-memory-model.md,d38cfb1a04f6cb7efd682bfde0e79394d294d98b,docs/stages/p8/implementation/p8-w12-linux-memory-model/README.md,7ba01e62ecce5ceeed15e794d7f73bdc3481f629,"[{""contract/value"":""Per-page ownership/allocation, Stage-2 address-space operations, fault context and Host/protected range exclusion."",""evidence"":""01 §1; 02 §§1–3"",""failure_or_rollback"":""P2DependencyIssue/P4DependencyIssue; affected ownership or isolation rows blocked, never simulated"",""lifetime/availability"":""Assumed contracts, not independently evidenced here"",""owner"":""P2/P4 owners"",""producer"":""P2-W10 / P4-W02,W06,W09 via handoffs"",""type_or_unit"":""Ownership ledger and address-space/fault-query facts""}]",yes,0,,not-recorded-in-edge-assertion-ledger,,"Consumer prerequisite names upstream package; producer output map has no matching consumer entry. Asymmetry is recorded; producer delivery, availability and verification ownership cannot be inferred from consumer row alone.","Source-document contract mapping only; no runtime proof. Planned, assumed, blocked, and asymmetric records remain at their stated admission boundaries."
P4-W03,P5-W03,P4→P5,docs/stages/p4/plans/p4-w03-guest-memory-image.md,a478ac81980a8c40657ad4557cf3004012588c28,docs/stages/p4/implementation/p4-w03-guest-memory-image/README.md,8b349f139c3db1fdeb842c5f61022e4e5a6e6d2d,[],no,docs/stages/p5/plans/p5-w03-guest-data-safety.md,36781fe8d2d77e4a718ea387975026fbd25d156f,docs/stages/p5/implementation/p5-w03-guest-data-safety/README.md,bf4328038690a265be5629e0ea913ebe38defc60,"[{""contract/value"":""mapped Guest IPA access and active vCPU behavior"",""evidence"":""current P4 path unimplemented"",""failure_or_rollback"":""only captured/validated mappings used"",""lifetime/availability"":""during HVC"",""owner"":""P4"",""producer"":""P4-W03/W04"",""type_or_unit"":""translation/accessor contract""}]",yes,1,P5-W03,assumed,current P4 path unimplemented,"Consumer prerequisite names upstream package; producer output map has no matching consumer entry. Asymmetry is recorded; producer delivery, availability and verification ownership cannot be inferred from consumer row alone.","Source-document contract mapping only; no runtime proof. Planned, assumed, blocked, and asymmetric records remain at their stated admission boundaries."
P4-W03,P7-W10,P4→P7,docs/stages/p4/plans/p4-w03-guest-memory-image.md,a478ac81980a8c40657ad4557cf3004012588c28,docs/stages/p4/implementation/p4-w03-guest-memory-image/README.md,8b349f139c3db1fdeb842c5f61022e4e5a6e6d2d,[],no,docs/stages/p7/plans/p7-w10-validation-guest-suite.md,3832b46c597550e76a2ee5d3b75779c352f92874,docs/stages/p7/implementation/p7-w10-validation-guest-suite/README.md,32c124cdc14f456aedccdfd81a52e68d0a9f3cc5,"[{""contract/value"":""Maintained no_std Validation Guest, inherited VG-001–VG-012, loader/debug channel and controlled fault triggers."",""evidence"":""02-guest-test-asset-contract.md G-1/G-2; README §§100-115."",""failure_or_rollback"":""Absent/changed inherited asset blocks affected scenario; W10 cannot rebuild or redefine the Guest."",""lifetime/availability"":""Assumed; design states no asset exists in baseline."",""owner"":""P4 Guest asset"",""producer"":""P4-W05/P4-W03"",""type_or_unit"":""Test asset and output convention""}]",yes,1,P7-W10,assumed,docs/stages/p7/implementation/p7-w10-validation-guest-suite/02-guest-test-asset-contract.md,"Consumer prerequisite names upstream package; producer output map has no matching consumer entry. Asymmetry is recorded; producer delivery, availability and verification ownership cannot be inferred from consumer row alone.","Source-document contract mapping only; no runtime proof. Planned, assumed, blocked, and asymmetric records remain at their stated admission boundaries."
P4-W04,P5-W02,P4→P5,docs/stages/p4/plans/p4-w04-vcpu-entry-exit.md,7950452e34e537a8514e2d7d946389eb43b309ec,docs/stages/p4/implementation/p4-w04-vcpu-entry-exit/README.md,abf5f2e3ddca8fea33bba91a5f27f77eea6acc96,[],no,docs/stages/p5/plans/p5-w02-hypercall-abi-error-boundary.md,e4be56f546f0bff93b1754c3d37a2b4705dd592a,docs/stages/p5/implementation/p5-w02-hypercall-abi-error-boundary/README.md,fc824dd33687a90c61c01acfc9ced7977c7f305a,"[{""contract/value"":""evidenced EL2 exit and HVC routing boundary"",""evidence"":""P4 evidence absent"",""failure_or_rollback"":""not proven by proposed W04 alone"",""lifetime/availability"":""dispatch design"",""owner"":""P4"",""producer"":""P4-W04/W09"",""type_or_unit"":""exit vocabulary/HVC behavior""}]",yes,1,P5-W02,assumed,P4 evidence absent,"Consumer prerequisite names upstream package; producer output map has no matching consumer entry. Asymmetry is recorded; producer delivery, availability and verification ownership cannot be inferred from consumer row alone.","Source-document contract mapping only; no runtime proof. Planned, assumed, blocked, and asymmetric records remain at their stated admission boundaries."
P4-W05,P5-W07,P4→P5,docs/stages/p4/plans/p4-w05-validation-guest.md,9b0e08f2210b1e331db0fad9c6fab90b49405d8b,docs/stages/p4/implementation/p4-w05-validation-guest/README.md,581c48a53689e0af6ca2d75d3241f77874612fa8,[],no,docs/stages/p5/plans/p5-w07-validation-guest-isolation-suite.md,2c84317e404dbd45dc2d459de940c3524f2f7f7f,docs/stages/p5/implementation/p5-w07-validation-guest-isolation-suite/README.md,6798da69fb7ac6ed82b23c214e4ce08fcd0692ab,"[{""contract/value"":""bootable Validation Guest and QEMU run path"",""evidence"":""P4 artifacts proposed"",""failure_or_rollback"":""P4 evidence absent blocks integration claim"",""lifetime/availability"":""guest test run"",""owner"":""P4"",""producer"":""P4-W05/W04/W08"",""type_or_unit"":""binary/console/EL1 execution""}]",yes,1,P5-W07,assumed,P4 artifacts proposed,"Consumer prerequisite names upstream package; producer output map has no matching consumer entry. Asymmetry is recorded; producer delivery, availability and verification ownership cannot be inferred from consumer row alone.","Source-document contract mapping only; no runtime proof. Planned, assumed, blocked, and asymmetric records remain at their stated admission boundaries."
P4-W05,P7-W10,P4→P7,docs/stages/p4/plans/p4-w05-validation-guest.md,9b0e08f2210b1e331db0fad9c6fab90b49405d8b,docs/stages/p4/implementation/p4-w05-validation-guest/README.md,581c48a53689e0af6ca2d75d3241f77874612fa8,[],no,docs/stages/p7/plans/p7-w10-validation-guest-suite.md,3832b46c597550e76a2ee5d3b75779c352f92874,docs/stages/p7/implementation/p7-w10-validation-guest-suite/README.md,32c124cdc14f456aedccdfd81a52e68d0a9f3cc5,"[{""contract/value"":""Maintained no_std Validation Guest, inherited VG-001–VG-012, loader/debug channel and controlled fault triggers."",""evidence"":""02-guest-test-asset-contract.md G-1/G-2; README §§100-115."",""failure_or_rollback"":""Absent/changed inherited asset blocks affected scenario; W10 cannot rebuild or redefine the Guest."",""lifetime/availability"":""Assumed; design states no asset exists in baseline."",""owner"":""P4 Guest asset"",""producer"":""P4-W05/P4-W03"",""type_or_unit"":""Test asset and output convention""}]",yes,0,,not-recorded-in-edge-assertion-ledger,,"Consumer prerequisite names upstream package; producer output map has no matching consumer entry. Asymmetry is recorded; producer delivery, availability and verification ownership cannot be inferred from consumer row alone.","Source-document contract mapping only; no runtime proof. Planned, assumed, blocked, and asymmetric records remain at their stated admission boundaries."
P4-W05,P8-W19,P4→P8,docs/stages/p4/plans/p4-w05-validation-guest.md,9b0e08f2210b1e331db0fad9c6fab90b49405d8b,docs/stages/p4/implementation/p4-w05-validation-guest/README.md,581c48a53689e0af6ca2d75d3241f77874612fa8,[],no,docs/stages/p8/plans/p8-w19-validation-guest-dual-track.md,76740002a588f56bb0879e29350b9867af32d3d1,docs/stages/p8/implementation/p8-w19-validation-guest-dual-track/README.md,c43ea9225e8a9d434f77df5c404351d8ae130880,"[{""contract/value"":""Source-owned VG scenarios/observables for HVC, Stage-2, authority, timer, SGI/vIRQ, MMIO, SMP, scheduler; records must establish evidenced vs placeholder."",""evidence"":""docs/stages/p8/implementation/p8-w19-validation-guest-dual-track/01-dual-track-scenario-matrix.md §§2–3; docs/stages/p8/implementation/p8-w19-validation-guest-dual-track/02-coexistence-and-workflow.md §1."",""failure_or_rollback"":""Missing evidence makes explicit blocked:<owner> placeholder; no restating/redefining or dropping."",""lifetime/availability"":""Inherited; W19 statuses derive from W01 reconciliation and source records."",""owner"":""Source package owners"",""producer"":""P4-W05/P5-W07/P6-W11/P7-W10 and P4/P5/P6/P7 closeouts"",""type_or_unit"":""Mechanism-suite scenario semantics/evidence""}]",yes,0,,not-recorded-in-edge-assertion-ledger,,"Consumer prerequisite names upstream package; producer output map has no matching consumer entry. Asymmetry is recorded; producer delivery, availability and verification ownership cannot be inferred from consumer row alone.","Source-document contract mapping only; no runtime proof. Planned, assumed, blocked, and asymmetric records remain at their stated admission boundaries."
P4-W06,P8-W13,P4→P8,docs/stages/p4/plans/p4-w06-fault-isolation-diagnostics.md,c3b53ee5caf25f5c8b41f88dccfa1fe9af9117bf,docs/stages/p4/implementation/p4-w06-fault-isolation-diagnostics/README.md,b255f3b7b7994ee4f711c2caa5d5bc46545be874,[],no,docs/stages/p8/plans/p8-w13-guest-fault-diagnostics.md,949f7059e97412dd57e1435df2df6c2b8301b2da,docs/stages/p8/implementation/p8-w13-guest-fault-diagnostics/README.md,081eaee6b9bed424de9a1289aaaec4e52b71841e,"[{""contract/value"":""Captured exit/mapping query facts, diagnostic identity/trace semantics, and invariant-vs-Guest/environment failure distinction."",""evidence"":""01 §1; 02 §§2–5"",""failure_or_rollback"":""P4/P0DependencyIssue; context/classification blocked; never fabricate fields or absorb EL2 invariant"",""lifetime/availability"":""Assumed until records/evidence"",""owner"":""P4/P0 owners"",""producer"":""P4-W06; P0-W12/W14"",""type_or_unit"":""Stage-2 fault/event capture; log/trace identity; failure taxonomy""}]",yes,0,,not-recorded-in-edge-assertion-ledger,,"Consumer prerequisite names upstream package; producer output map has no matching consumer entry. Asymmetry is recorded; producer delivery, availability and verification ownership cannot be inferred from consumer row alone.","Source-document contract mapping only; no runtime proof. Planned, assumed, blocked, and asymmetric records remain at their stated admission boundaries."
P4-W08,P5-W09,P4→P5,docs/stages/p4/plans/p4-w08-qemu-integration-regression.md,bb7fd9c4550d609c1ee396f6cd0d2ad9e9d46225,docs/stages/p4/implementation/p4-w08-qemu-integration-regression/README.md,e5bae43e74a4d9e5eea9a7b609586c94dad83745,"[{""consumer(s)"":""P5-W09"",""evidence"":""P5 design dependency"",""failure"":""retain inputs and environment identity"",""item"":""preserved P4 regression set"",""lifetime"":""later regression"",""owner"":""W08 -> P5"",""type_or_unit"":""reproducible P4 cases"",""verification_owner"":""P5-W09""}]",yes,docs/stages/p5/plans/p5-w09-telemetry-safe-logging-regression.md,b69a75b5f13cae17973e451bd1a9f82f8b816162,docs/stages/p5/implementation/p5-w09-telemetry-safe-logging-regression/README.md,7d8ae3e321fc5f185b2bfe1ba7d53638d746c21b,"[{""contract/value"":""P4 QEMU baseline cases and evidence"",""evidence"":""P4 verification absent"",""failure_or_rollback"":""identity and environment pinned; QEMU-limited claim"",""lifetime/availability"":""each regression run"",""owner"":""P4"",""producer"":""P4-W08/W09"",""type_or_unit"":""preserved P4 regression inputs""}]",yes,2,P4-W08;P5-W09,assumed;planned,P4 verification absent;P5 design dependency,"Both endpoint mapping records are present. Compare captured producer type/unit, owner, lifetime, failure, availability and verification fields against consumer prerequisites; source status controls admission.","Source-document contract mapping only; no runtime proof. Planned, assumed, blocked, and asymmetric records remain at their stated admission boundaries."
P4-W09,P5-W01,P4→P5,docs/stages/p4/plans/p4-w09-closeout-p5-handoff.md,9ccbf9a5a0be516a4f1e75796cdf92be9019f298,docs/stages/p4/implementation/p4-w09-closeout-p5-handoff/README.md,a0e9affb5308af2c54c34f1caa044bbf4f2087f6,"[{""consumer(s)"":""P5-W01"",""evidence"":""P5 plan handoff"",""failure"":""unproven facts excluded from inherited contract"",""item"":""proven P4 entry, memory, exit/fault boundaries and limitations"",""lifetime"":""P5 planning and implementation gate"",""owner"":""W09 -> P5-W01"",""type_or_unit"":""evidence-backed consumer contract"",""verification_owner"":""P5-W01""}]",yes,docs/stages/p5/plans/p5-w01-entry-contract-reconciliation.md,a1db83d816357f651388d24f3032191930fdb209,docs/stages/p5/implementation/p5-w01-entry-contract-reconciliation/README.md,0218839afdab24e37cf4adae57e883d5d62e587e,"[{""contract/value"":""P4 handoff contracts, real verification and explicit gaps"",""evidence"":""P4 documents are proposed, verification absent"",""failure_or_rollback"":""missing prerequisite blocks dependent claims"",""lifetime/availability"":""P5 entry"",""owner"":""P4"",""producer"":""P4-W09 and P4 delivered packages"",""type_or_unit"":""evidence-backed handoff""}]",yes,2,P4-W09;P5-W01,assumed;planned,"P4 documents are proposed, verification absent;P5 plan handoff","Both endpoint mapping records are present. Compare captured producer type/unit, owner, lifetime, failure, availability and verification fields against consumer prerequisites; source status controls admission.","Source-document contract mapping only; no runtime proof. Planned, assumed, blocked, and asymmetric records remain at their stated admission boundaries."
P4-W09,P8-W03,P4→P8,docs/stages/p4/plans/p4-w09-closeout-p5-handoff.md,9ccbf9a5a0be516a4f1e75796cdf92be9019f298,docs/stages/p4/implementation/p4-w09-closeout-p5-handoff/README.md,a0e9affb5308af2c54c34f1caa044bbf4f2087f6,[],no,docs/stages/p8/plans/p8-w03-linux-boot-contract.md,ab6a098cc88d1ce812690e9927ff543c0d710626,docs/stages/p8/implementation/p8-w03-linux-boot-contract/README.md,e635ceccb24439553f16db3ac5a2a6927c9c22a8,[],no,1,P8-W03,assumed,docs/stages/p8/implementation/p8-w03-linux-boot-contract/README.md,Only edge-assertion ledger names this relation; neither endpoint summary has a matching package-level row. Retain cited source and status; do not promote to delivered contract.,"Source-document contract mapping only; no runtime proof. Planned, assumed, blocked, and asymmetric records remain at their stated admission boundaries."
P4-W09,P8-W04,P4→P8,docs/stages/p4/plans/p4-w09-closeout-p5-handoff.md,9ccbf9a5a0be516a4f1e75796cdf92be9019f298,docs/stages/p4/implementation/p4-w09-closeout-p5-handoff/README.md,a0e9affb5308af2c54c34f1caa044bbf4f2087f6,[],no,docs/stages/p8/plans/p8-w04-guest-dtb-contract.md,845499b6b084cd70eff535ccca7adcde54049143,docs/stages/p8/implementation/p8-w04-guest-dtb-contract/README.md,969b3672953c245f73f5ed641459611dad982dd0,[],no,1,P8-W04,assumed,docs/stages/p8/implementation/p8-w04-guest-dtb-contract/README.md,Only edge-assertion ledger names this relation; neither endpoint summary has a matching package-level row. Retain cited source and status; do not promote to delivered contract.,"Source-document contract mapping only; no runtime proof. Planned, assumed, blocked, and asymmetric records remain at their stated admission boundaries."
P5-W02,P7-W10,P5→P7,docs/stages/p5/plans/p5-w02-hypercall-abi-error-boundary.md,e4be56f546f0bff93b1754c3d37a2b4705dd592a,docs/stages/p5/implementation/p5-w02-hypercall-abi-error-boundary/README.md,fc824dd33687a90c61c01acfc9ced7977c7f305a,[],no,docs/stages/p7/plans/p7-w10-validation-guest-suite.md,3832b46c597550e76a2ee5d3b75779c352f92874,docs/stages/p7/implementation/p7-w10-validation-guest-suite/README.md,32c124cdc14f456aedccdfd81a52e68d0a9f3cc5,"[{""contract/value"":""HVC result classes/two-context control, guest timer+SGI path, scheduler lifecycle/preemption/block/wake/pause/SMP and telemetry."",""evidence"":""02-guest-test-asset-contract.md G-3..G-6, §§4-5; 01-scenario-suite.md §§2-4."",""failure_or_rollback"":""No scenario may invent interfaces; missing W09 telemetry blocks telemetry-authority assertions."",""lifetime/availability"":""Assumed inputs; scenarios block independently where prerequisite absent."",""owner"":""P5/P6/P7 producer packages"",""producer"":""P5-W02/W07; P6-W06/W11; P7-W04..W09"",""type_or_unit"":""Guest-visible and scheduler behavior assumptions""}]",yes,1,P7-W10,assumed,docs/stages/p7/implementation/p7-w10-validation-guest-suite/02-guest-test-asset-contract.md,"Consumer prerequisite names upstream package; producer output map has no matching consumer entry. Asymmetry is recorded; producer delivery, availability and verification ownership cannot be inferred from consumer row alone.","Source-document contract mapping only; no runtime proof. Planned, assumed, blocked, and asymmetric records remain at their stated admission boundaries."
P5-W07,P8-W19,P5→P8,docs/stages/p5/plans/p5-w07-validation-guest-isolation-suite.md,2c84317e404dbd45dc2d459de940c3524f2f7f7f,docs/stages/p5/implementation/p5-w07-validation-guest-isolation-suite/README.md,6798da69fb7ac6ed82b23c214e4ce08fcd0692ab,[],no,docs/stages/p8/plans/p8-w19-validation-guest-dual-track.md,76740002a588f56bb0879e29350b9867af32d3d1,docs/stages/p8/implementation/p8-w19-validation-guest-dual-track/README.md,c43ea9225e8a9d434f77df5c404351d8ae130880,"[{""contract/value"":""Source-owned VG scenarios/observables for HVC, Stage-2, authority, timer, SGI/vIRQ, MMIO, SMP, scheduler; records must establish evidenced vs placeholder."",""evidence"":""docs/stages/p8/implementation/p8-w19-validation-guest-dual-track/01-dual-track-scenario-matrix.md §§2–3; docs/stages/p8/implementation/p8-w19-validation-guest-dual-track/02-coexistence-and-workflow.md §1."",""failure_or_rollback"":""Missing evidence makes explicit blocked:<owner> placeholder; no restating/redefining or dropping."",""lifetime/availability"":""Inherited; W19 statuses derive from W01 reconciliation and source records."",""owner"":""Source package owners"",""producer"":""P4-W05/P5-W07/P6-W11/P7-W10 and P4/P5/P6/P7 closeouts"",""type_or_unit"":""Mechanism-suite scenario semantics/evidence""}]",yes,0,,not-recorded-in-edge-assertion-ledger,,"Consumer prerequisite names upstream package; producer output map has no matching consumer entry. Asymmetry is recorded; producer delivery, availability and verification ownership cannot be inferred from consumer row alone.","Source-document contract mapping only; no runtime proof. Planned, assumed, blocked, and asymmetric records remain at their stated admission boundaries."
P5-W10,P6-W01,P5→P6,docs/stages/p5/plans/p5-w10-closeout-p6-handoff.md,7a48a98d614e29a41087898fb3d770df62e014ea,docs/stages/p5/implementation/p5-w10-closeout-p6-handoff/README.md,a7121da52de479a05d734681064042f4d2683a9d,"[{""consumer(s)"":""P6-W01..Wxx"",""evidence"":""P5-V17"",""failure"":""unknown or unverified contract is withheld/open"",""item"":""evidenced P5 ABI/authority/guest-data/telemetry behaviors and limitations"",""lifetime"":""P6 entry gate"",""owner"":""W10 -> P6"",""type_or_unit"":""versioned factual handoff"",""verification_owner"":""P6-W01..Wxx""}]",yes,docs/stages/p6/plans/p6-w01-gic-capability-discovery.md,e2141f0e1062899da7d87a7c68b6c3f5f25cae12,docs/stages/p6/implementation/p6-w01-gic-capability-discovery/README.md,28e5901318d54e594001d4fa596d46fe518042a4,[],no,1,P5-W10,planned,P5-V17,Producer output names downstream package; consumer upstream map has no matching producer entry. Asymmetry is recorded; optional/feedback/stage-level semantics require source-context disposition; producer row alone does not establish consumer admission.,"Source-document contract mapping only; no runtime proof. Planned, assumed, blocked, and asymmetric records remain at their stated admission boundaries."
P5-W10,P6-W13,P5→P6,docs/stages/p5/plans/p5-w10-closeout-p6-handoff.md,7a48a98d614e29a41087898fb3d770df62e014ea,docs/stages/p5/implementation/p5-w10-closeout-p6-handoff/README.md,a7121da52de479a05d734681064042f4d2683a9d,[],no,docs/stages/p6/plans/p6-w13-telemetry-regression-handoff.md,a71e43724aba47472915c62edaf85254c88b81f4,docs/stages/p6/implementation/p6-w13-telemetry-regression-handoff/README.md,90dc7a60234693afcadd10332d05d325f09e598c,"[{""contract/value"":""authoritative P0–P5 regression inventory and CI/QEMU execution method"",""evidence"":""docs/stages/p6/implementation/p6-w13-telemetry-regression-handoff/01-telemetry-and-evidence-map.md §4; docs/stages/p6/implementation/p6-w13-telemetry-regression-handoff/02-workflow-and-handoff.md §§1,4"",""failure_or_rollback"":""must not reconstruct inventory from plan text or memory"",""lifetime/availability"":""assumed; absent/unevidenced => P6-V23 blocked"",""owner"":""P5-W10 inventory; P0 CI/QEMU; W13 runner/composer"",""producer"":""P5-W10 + P0-W20/P0-W09"",""type_or_unit"":""determinate inventory rows and run evidence""}]",yes,0,,not-recorded-in-edge-assertion-ledger,,"Consumer prerequisite names upstream package; producer output map has no matching consumer entry. Asymmetry is recorded; producer delivery, availability and verification ownership cannot be inferred from consumer row alone.","Source-document contract mapping only; no runtime proof. Planned, assumed, blocked, and asymmetric records remain at their stated admission boundaries."
P5-W10,P8-W03,P5→P8,docs/stages/p5/plans/p5-w10-closeout-p6-handoff.md,7a48a98d614e29a41087898fb3d770df62e014ea,docs/stages/p5/implementation/p5-w10-closeout-p6-handoff/README.md,a7121da52de479a05d734681064042f4d2683a9d,[],no,docs/stages/p8/plans/p8-w03-linux-boot-contract.md,ab6a098cc88d1ce812690e9927ff543c0d710626,docs/stages/p8/implementation/p8-w03-linux-boot-contract/README.md,e635ceccb24439553f16db3ac5a2a6927c9c22a8,[],no,1,P8-W03,assumed,docs/stages/p8/implementation/p8-w03-linux-boot-contract/README.md,Only edge-assertion ledger names this relation; neither endpoint summary has a matching package-level row. Retain cited source and status; do not promote to delivered contract.,"Source-document contract mapping only; no runtime proof. Planned, assumed, blocked, and asymmetric records remain at their stated admission boundaries."
P5-W10,P8-W05,P5→P8,docs/stages/p5/plans/p5-w10-closeout-p6-handoff.md,7a48a98d614e29a41087898fb3d770df62e014ea,docs/stages/p5/implementation/p5-w10-closeout-p6-handoff/README.md,a7121da52de479a05d734681064042f4d2683a9d,[],no,docs/stages/p8/plans/p8-w05-linux-cpu-virtualization.md,9603ebd9b5d45b1373a57057f75b6e744fd99a52,docs/stages/p8/implementation/p8-w05-linux-cpu-virtualization/README.md,df83333763a3534e09635816481170ce8beecc65,[],no,1,P8-W05,assumed,docs/stages/p8/implementation/p8-w05-linux-cpu-virtualization/README.md,Only edge-assertion ledger names this relation; neither endpoint summary has a matching package-level row. Retain cited source and status; do not promote to delivered contract.,"Source-document contract mapping only; no runtime proof. Planned, assumed, blocked, and asymmetric records remain at their stated admission boundaries."
P5-W10,P8-W09,P5→P8,docs/stages/p5/plans/p5-w10-closeout-p6-handoff.md,7a48a98d614e29a41087898fb3d770df62e014ea,docs/stages/p5/implementation/p5-w10-closeout-p6-handoff/README.md,a7121da52de479a05d734681064042f4d2683a9d,[],no,docs/stages/p8/plans/p8-w09-virtual-console-single-cpu-linux.md,71e46a15592d77766c689d5168b27e69e72719ab,docs/stages/p8/implementation/p8-w09-virtual-console-single-cpu-linux/README.md,f1ce54e559f1dc793d545066d062fc57d4f5a375,[],no,1,P8-W09,assumed,docs/stages/p8/implementation/p8-w09-virtual-console-single-cpu-linux/README.md,Only edge-assertion ledger names this relation; neither endpoint summary has a matching package-level row. Retain cited source and status; do not promote to delivered contract.,"Source-document contract mapping only; no runtime proof. Planned, assumed, blocked, and asymmetric records remain at their stated admission boundaries."
P6-W03,P8-W07,P6→P8,docs/stages/p6/plans/p6-w03-physical-interrupt-lifecycle.md,f4afd07f0d5d316d6ecb4f8f06a8a5c0bde1a6b2,docs/stages/p6/implementation/p6-w03-physical-interrupt-lifecycle/README.md,b2c28e53b0a909bae72a869bb6e14685055cd798,[],no,docs/stages/p8/plans/p8-w07-linux-vgicv3.md,b5f31a208bbdf26efc393f0209b604a2a8157774,docs/stages/p8/implementation/p8-w07-linux-vgicv3/README.md,c924a644e11c73c918261e3a5c01b26a9eeb5d8a,[],no,1,P8-W07,assumed,docs/stages/p8/implementation/p8-w07-linux-vgicv3/README.md,Only edge-assertion ledger names this relation; neither endpoint summary has a matching package-level row. Retain cited source and status; do not promote to delivered contract.,"Source-document contract mapping only; no runtime proof. Planned, assumed, blocked, and asymmetric records remain at their stated admission boundaries."
P6-W04,P7-W08,P6→P7,docs/stages/p6/plans/p6-w04-smp-interrupt-routing-sgi.md,44aece53438440d65c2c45af1063fc035580bd7b,docs/stages/p6/implementation/p6-w04-smp-interrupt-routing-sgi/README.md,064ff69a4d71728c335a477f717a2d9e57b1051e,[],no,docs/stages/p7/plans/p7-w08-smp-reschedule-idle.md,ec2202aeb0878ee88a9fdc6242eee68a94e3622e,docs/stages/p7/implementation/p7-w08-smp-reschedule-idle/README.md,286932be6e6782ec60d5e34a3f9b6e13460fd7dd,"[{""contract/value"":""per-CPU context, synchronization/ordering authority, targeted notification and target-attributed Host SGI send/receipt/completion"",""evidence"":""01 §2 PC-1..PC-4; 02 R-1/R-2; 04 §1; prior P6-W04 package finding: SGI send/receipt units need reconciliation"",""failure_or_rollback"":""04 §1 says stop if P3-W07 surface cannot provide scheduler-class targeted delivery/offline outcomes; no W08 replacement transport"",""lifetime/availability"":""assumed in W08; source contracts/evidence not certified by W08 design itself; P6-W04 send/receipt/completion unit ambiguity is a counterevidence/blocker"",""owner"":""P3 owns foundation/synchronization/primitive; P6 owns evidenced Host SGI mechanism"",""producer"":""P3-W04/W06/W07 and P6-W04"",""type_or_unit"":""per-pCPU scheduler context; release/acquire pairings; notification signal""}]",yes,0,,not-recorded-in-edge-assertion-ledger,,"Consumer prerequisite names upstream package; producer output map has no matching consumer entry. Asymmetry is recorded; producer delivery, availability and verification ownership cannot be inferred from consumer row alone.","Source-document contract mapping only; no runtime proof. Planned, assumed, blocked, and asymmetric records remain at their stated admission boundaries."
P6-W04,P8-W10,P6→P8,docs/stages/p6/plans/p6-w04-smp-interrupt-routing-sgi.md,44aece53438440d65c2c45af1063fc035580bd7b,docs/stages/p6/implementation/p6-w04-smp-interrupt-routing-sgi/README.md,064ff69a4d71728c335a477f717a2d9e57b1051e,[],no,docs/stages/p8/plans/p8-w10-linux-smp-bringup.md,0ff7b9680051cdded7a90f726b0d5082a71859f4,docs/stages/p8/implementation/p8-w10-linux-smp-bringup/README.md,98c477cbc80800259c639726266cba1122d9d4f1,[],no,1,P8-W10,assumed,docs/stages/p8/implementation/p8-w10-linux-smp-bringup/README.md,Only edge-assertion ledger names this relation; neither endpoint summary has a matching package-level row. Retain cited source and status; do not promote to delivered contract.,"Source-document contract mapping only; no runtime proof. Planned, assumed, blocked, and asymmetric records remain at their stated admission boundaries."
P6-W05,P7-W04,P6→P7,docs/stages/p6/plans/p6-w05-el2-generic-timer.md,9e447a3ca4c2e1375ce92a2efa7d192cd828ef13,docs/stages/p6/implementation/p6-w05-el2-generic-timer/README.md,6439f3544a7555fe1a66a41c520a398bb139ce8a,[],no,docs/stages/p7/plans/p7-w04-preemption-context-switch.md,04bfec3991efa6f71e550973a84cb0cc16df8377,docs/stages/p7/implementation/p7-w04-preemption-context-switch/README.md,a7380552eaa84fd93bca480e177d94bcd212aeba,"[{""contract/value"":""armable per-pCPU monotonic time/deadline event, arm/cancel/rearm and event result"",""evidence"":""docs/stages/p7/implementation/p7-w04-preemption-context-switch/README.md §Authority and ledger; §Decisions 1,4"",""failure_or_rollback"":""missing armable per-pCPU timer blocks P7-V08; W04 cannot program timer itself"",""lifetime/availability"":""assumed; W05 evidence record not established here"",""owner"":""P6 timer mechanism; W04 deadline policy/bookkeeping"",""producer"":""P6-W05 timer / P7-IN-07"",""type_or_unit"":""one-shot deadline token/time units""}]",yes,0,,not-recorded-in-edge-assertion-ledger,,"Consumer prerequisite names upstream package; producer output map has no matching consumer entry. Asymmetry is recorded; producer delivery, availability and verification ownership cannot be inferred from consumer row alone.","Source-document contract mapping only; no runtime proof. Planned, assumed, blocked, and asymmetric records remain at their stated admission boundaries."
P6-W05,P7-W06,P6→P7,docs/stages/p6/plans/p6-w05-el2-generic-timer.md,9e447a3ca4c2e1375ce92a2efa7d192cd828ef13,docs/stages/p6/implementation/p6-w05-el2-generic-timer/README.md,6439f3544a7555fe1a66a41c520a398bb139ce8a,[],no,docs/stages/p7/plans/p7-w06-block-wakeup.md,28df6b8e46c6d358aa389dedd2f6a0254e1ea21f,docs/stages/p7/implementation/p7-w06-block-wakeup/README.md,fdd3ffb334b53e9ab7e42fc3d7056f82396dc0c6,"[{""contract/value"":""vCPU guest-timer deadline, per-pCPU host deadline arm/rearm/monotonic clock, blocked timer deadline folding to last-home pCPU"",""evidence"":""docs/stages/p7/implementation/p7-w06-block-wakeup/01-block-wakeup-architecture.md §§2,5,7; docs/stages/p7/implementation/p7-w06-block-wakeup/02-code-contracts-block-path.md §B-4"",""failure_or_rollback"":""unobservable fold blocks home idle; P6 deadline surface that cannot express earliest obligation blocks; no timer programming in W06"",""lifetime/availability"":""assumed; W03/W06 source completion conflict blocks guest timer path"",""owner"":""P6 timer state/programming; W06 folds/wakes; W04 deadline also uses per-pCPU timer"",""producer"":""P6-W05/W06 timer"",""type_or_unit"":""vCPU deadline and home-pCPU earliest obligation""}]",yes,0,,not-recorded-in-edge-assertion-ledger,,"Consumer prerequisite names upstream package; producer output map has no matching consumer entry. Asymmetry is recorded; producer delivery, availability and verification ownership cannot be inferred from consumer row alone.","Source-document contract mapping only; no runtime proof. Planned, assumed, blocked, and asymmetric records remain at their stated admission boundaries."
P6-W05,P7-W08,P6→P7,docs/stages/p6/plans/p6-w05-el2-generic-timer.md,9e447a3ca4c2e1375ce92a2efa7d192cd828ef13,docs/stages/p6/implementation/p6-w05-el2-generic-timer/README.md,6439f3544a7555fe1a66a41c520a398bb139ce8a,[],no,docs/stages/p7/plans/p7-w08-smp-reschedule-idle.md,ec2202aeb0878ee88a9fdc6242eee68a94e3622e,docs/stages/p7/implementation/p7-w08-smp-reschedule-idle/README.md,286932be6e6782ec60d5e34a3f9b6e13460fd7dd,"[{""contract/value"":""per-pCPU timer arm/cancel/rearm and fold earliest scheduler tick plus blocked-vCPU deadline obligations"",""evidence"":""01 §2 PC-5/W6-2; 03 I-1/I-2; 04 §1; P6-W04/05 findings in package ledger"",""failure_or_rollback"":""deadline-fold failure refuses idle; 04 §1 blocks if earliest-obligation surface absent"",""lifetime/availability"":""assumed; timer arbitration contract and evidence unverified"",""owner"":""P6-W05 timer; P7-W04 scheduler tick; P7-W06 deadline home; W08 idle fold consumer"",""producer"":""P6-W05 timer and P7-W04/W06 deadline producers"",""type_or_unit"":""deadline obligation / host timer""}]",yes,0,,not-recorded-in-edge-assertion-ledger,,"Consumer prerequisite names upstream package; producer output map has no matching consumer entry. Asymmetry is recorded; producer delivery, availability and verification ownership cannot be inferred from consumer row alone.","Source-document contract mapping only; no runtime proof. Planned, assumed, blocked, and asymmetric records remain at their stated admission boundaries."
P6-W05,P7-W09,P6→P7,docs/stages/p6/plans/p6-w05-el2-generic-timer.md,9e447a3ca4c2e1375ce92a2efa7d192cd828ef13,docs/stages/p6/implementation/p6-w05-el2-generic-timer/README.md,6439f3544a7555fe1a66a41c520a398bb139ce8a,[],no,docs/stages/p7/plans/p7-w09-accounting-diagnostics.md,0175c520e5cc1e8580156391a2fa48deff179917,docs/stages/p7/implementation/p7-w09-accounting-diagnostics/README.md,3f47b51fc276544a2fd143e002ac4a64e2dbce28,"[{""contract/value"":""Monotonic per-pCPU timer basis and CPU attribution; P6 IRQ-to-wake correlation limits."",""evidence"":""01-accounting-model.md §§2,4; W09 README §97-119."",""failure_or_rollback"":""Durations and correlation block if source or attribution contract is absent/contradictory; no substitute clock."",""lifetime/availability"":""Assumed upstream inputs in accounting model T-3/T-4/T-7, not proven by this pass."",""owner"":""P6/P3"",""producer"":""P6-W05/P6-W13 and P3-W11"",""type_or_unit"":""Timestamp/attribution convention""}]",yes,1,P7-W09,assumed,docs/stages/p7/implementation/p7-w09-accounting-diagnostics/01-accounting-model.md,"Consumer prerequisite names upstream package; producer output map has no matching consumer entry. Asymmetry is recorded; producer delivery, availability and verification ownership cannot be inferred from consumer row alone.","Source-document contract mapping only; no runtime proof. Planned, assumed, blocked, and asymmetric records remain at their stated admission boundaries."
P6-W05,P7-W13,P6→P7,docs/stages/p6/plans/p6-w05-el2-generic-timer.md,9e447a3ca4c2e1375ce92a2efa7d192cd828ef13,docs/stages/p6/implementation/p6-w05-el2-generic-timer/README.md,6439f3544a7555fe1a66a41c520a398bb139ce8a,[],no,docs/stages/p7/plans/p7-w13-performance-baseline.md,8414cbe834060b0665e4c7b95517786727ddd99f,docs/stages/p7/implementation/p7-w13-performance-baseline/README.md,7e8095a2f168a48081378354c2f8e9bd7f035a9a,"[{""contract/value"":""W09 event/counter semantics and scheduler timestamp; P6 latency terminology/correlation limits; P0 trace governance."",""evidence"":""01-measurement-method.md §§1-3; README §§42-90."",""failure_or_rollback"":""No new events, timer selection, guest timer reads or guessed clock."",""lifetime/availability"":""Assumed until producer evidence; each metric blocks if its W09 pair is unavailable."",""owner"":""W09/P6/P0"",""producer"":""P7-W09/P0-W13 and P6-W05/W13"",""type_or_unit"":""Observable event pairs/counts and monotonic per-pCPU time""}]",yes,1,P7-W13,assumed,docs/stages/p7/implementation/p7-w13-performance-baseline/01-measurement-method.md,"Consumer prerequisite names upstream package; producer output map has no matching consumer entry. Asymmetry is recorded; producer delivery, availability and verification ownership cannot be inferred from consumer row alone.","Source-document contract mapping only; no runtime proof. Planned, assumed, blocked, and asymmetric records remain at their stated admission boundaries."
P6-W05,P8-W08,P6→P8,docs/stages/p6/plans/p6-w05-el2-generic-timer.md,9e447a3ca4c2e1375ce92a2efa7d192cd828ef13,docs/stages/p6/implementation/p6-w05-el2-generic-timer/README.md,6439f3544a7555fe1a66a41c520a398bb139ce8a,[],no,docs/stages/p8/plans/p8-w08-linux-timer-integration.md,7ea492ed8180ac4451602b1cdfa80acfad5106ca,docs/stages/p8/implementation/p8-w08-linux-timer-integration/README.md,7aefac5e52dbc820bb74f59ec443cfd92b169752,[],no,1,P8-W08,assumed,docs/stages/p8/implementation/p8-w08-linux-timer-integration/README.md,Only edge-assertion ledger names this relation; neither endpoint summary has a matching package-level row. Retain cited source and status; do not promote to delivered contract.,"Source-document contract mapping only; no runtime proof. Planned, assumed, blocked, and asymmetric records remain at their stated admission boundaries."
P6-W05,P8-W10,P6→P8,docs/stages/p6/plans/p6-w05-el2-generic-timer.md,9e447a3ca4c2e1375ce92a2efa7d192cd828ef13,docs/stages/p6/implementation/p6-w05-el2-generic-timer/README.md,6439f3544a7555fe1a66a41c520a398bb139ce8a,[],no,docs/stages/p8/plans/p8-w10-linux-smp-bringup.md,0ff7b9680051cdded7a90f726b0d5082a71859f4,docs/stages/p8/implementation/p8-w10-linux-smp-bringup/README.md,98c477cbc80800259c639726266cba1122d9d4f1,[],no,1,P8-W10,assumed,docs/stages/p8/implementation/p8-w10-linux-smp-bringup/README.md,Only edge-assertion ledger names this relation; neither endpoint summary has a matching package-level row. Retain cited source and status; do not promote to delivered contract.,"Source-document contract mapping only; no runtime proof. Planned, assumed, blocked, and asymmetric records remain at their stated admission boundaries."
P6-W06,P7-W10,P6→P7,docs/stages/p6/plans/p6-w06-guest-generic-timer.md,22e70c30b2becaf12b74c932be15851e7ef9e231,docs/stages/p6/implementation/p6-w06-guest-generic-timer/README.md,d96fea14f2386d05cdde192f8d8bbad58c0b7bac,[],no,docs/stages/p7/plans/p7-w10-validation-guest-suite.md,3832b46c597550e76a2ee5d3b75779c352f92874,docs/stages/p7/implementation/p7-w10-validation-guest-suite/README.md,32c124cdc14f456aedccdfd81a52e68d0a9f3cc5,"[{""contract/value"":""HVC result classes/two-context control, guest timer+SGI path, scheduler lifecycle/preemption/block/wake/pause/SMP and telemetry."",""evidence"":""02-guest-test-asset-contract.md G-3..G-6, §§4-5; 01-scenario-suite.md §§2-4."",""failure_or_rollback"":""No scenario may invent interfaces; missing W09 telemetry blocks telemetry-authority assertions."",""lifetime/availability"":""Assumed inputs; scenarios block independently where prerequisite absent."",""owner"":""P5/P6/P7 producer packages"",""producer"":""P5-W02/W07; P6-W06/W11; P7-W04..W09"",""type_or_unit"":""Guest-visible and scheduler behavior assumptions""}]",yes,1,P7-W10,assumed,docs/stages/p7/implementation/p7-w10-validation-guest-suite/02-guest-test-asset-contract.md,"Consumer prerequisite names upstream package; producer output map has no matching consumer entry. Asymmetry is recorded; producer delivery, availability and verification ownership cannot be inferred from consumer row alone.","Source-document contract mapping only; no runtime proof. Planned, assumed, blocked, and asymmetric records remain at their stated admission boundaries."
P6-W06,P8-W08,P6→P8,docs/stages/p6/plans/p6-w06-guest-generic-timer.md,22e70c30b2becaf12b74c932be15851e7ef9e231,docs/stages/p6/implementation/p6-w06-guest-generic-timer/README.md,d96fea14f2386d05cdde192f8d8bbad58c0b7bac,[],no,docs/stages/p8/plans/p8-w08-linux-timer-integration.md,7ea492ed8180ac4451602b1cdfa80acfad5106ca,docs/stages/p8/implementation/p8-w08-linux-timer-integration/README.md,7aefac5e52dbc820bb74f59ec443cfd92b169752,[],no,1,P8-W08,assumed,docs/stages/p8/implementation/p8-w08-linux-timer-integration/README.md,Only edge-assertion ledger names this relation; neither endpoint summary has a matching package-level row. Retain cited source and status; do not promote to delivered contract.,"Source-document contract mapping only; no runtime proof. Planned, assumed, blocked, and asymmetric records remain at their stated admission boundaries."
P6-W07,P7-W06,P6→P7,docs/stages/p6/plans/p6-w07-virtual-interrupt-core.md,10f2e18fd49c9bd8ce429f1973dd2c09e85d2a99,docs/stages/p6/implementation/p6-w07-virtual-interrupt-core/README.md,14b4e066f4de0becc42c6f6d7346c27c9cd25276,[],no,docs/stages/p7/plans/p7-w06-block-wakeup.md,28df6b8e46c6d358aa389dedd2f6a0254e1ea21f,docs/stages/p7/implementation/p7-w06-block-wakeup/README.md,fdd3ffb334b53e9ab7e42fc3d7056f82396dc0c6,"[{""contract/value"":""authorized target-vCPU pending vIRQ; adapter posts VirtualIrq wake event after P6 acceptance"",""evidence"":""docs/stages/p7/implementation/p7-w06-block-wakeup/README.md Authority; docs/stages/p7/implementation/p7-w06-block-wakeup/03-code-contracts-wakeup-path.md W-4"",""failure_or_rollback"":""no W06-invented injection; event must remain recorded and only eligible state wakes"",""lifetime/availability"":""assumed and P6 W07 design only; W03/W06 conflict affects timer only; P6 host producer gaps remain for validation hooks"",""owner"":""P6-W07 injection; W06 wake reaction"",""producer"":""P6-W07 vIRQ"",""type_or_unit"":""per-vCPU pending event and source flag""}]",yes,0,,not-recorded-in-edge-assertion-ledger,,"Consumer prerequisite names upstream package; producer output map has no matching consumer entry. Asymmetry is recorded; producer delivery, availability and verification ownership cannot be inferred from consumer row alone.","Source-document contract mapping only; no runtime proof. Planned, assumed, blocked, and asymmetric records remain at their stated admission boundaries."
P6-W07,P8-W05,P6→P8,docs/stages/p6/plans/p6-w07-virtual-interrupt-core.md,10f2e18fd49c9bd8ce429f1973dd2c09e85d2a99,docs/stages/p6/implementation/p6-w07-virtual-interrupt-core/README.md,14b4e066f4de0becc42c6f6d7346c27c9cd25276,[],no,docs/stages/p8/plans/p8-w05-linux-cpu-virtualization.md,9603ebd9b5d45b1373a57057f75b6e744fd99a52,docs/stages/p8/implementation/p8-w05-linux-cpu-virtualization/README.md,df83333763a3534e09635816481170ce8beecc65,[],no,1,P8-W05,assumed,docs/stages/p8/implementation/p8-w05-linux-cpu-virtualization/README.md,Only edge-assertion ledger names this relation; neither endpoint summary has a matching package-level row. Retain cited source and status; do not promote to delivered contract.,"Source-document contract mapping only; no runtime proof. Planned, assumed, blocked, and asymmetric records remain at their stated admission boundaries."
P6-W07,P8-W07,P6→P8,docs/stages/p6/plans/p6-w07-virtual-interrupt-core.md,10f2e18fd49c9bd8ce429f1973dd2c09e85d2a99,docs/stages/p6/implementation/p6-w07-virtual-interrupt-core/README.md,14b4e066f4de0becc42c6f6d7346c27c9cd25276,[],no,docs/stages/p8/plans/p8-w07-linux-vgicv3.md,b5f31a208bbdf26efc393f0209b604a2a8157774,docs/stages/p8/implementation/p8-w07-linux-vgicv3/README.md,c924a644e11c73c918261e3a5c01b26a9eeb5d8a,[],no,1,P8-W07,assumed,docs/stages/p8/implementation/p8-w07-linux-vgicv3/README.md,Only edge-assertion ledger names this relation; neither endpoint summary has a matching package-level row. Retain cited source and status; do not promote to delivered contract.,"Source-document contract mapping only; no runtime proof. Planned, assumed, blocked, and asymmetric records remain at their stated admission boundaries."
P6-W07,P8-W08,P6→P8,docs/stages/p6/plans/p6-w07-virtual-interrupt-core.md,10f2e18fd49c9bd8ce429f1973dd2c09e85d2a99,docs/stages/p6/implementation/p6-w07-virtual-interrupt-core/README.md,14b4e066f4de0becc42c6f6d7346c27c9cd25276,[],no,docs/stages/p8/plans/p8-w08-linux-timer-integration.md,7ea492ed8180ac4451602b1cdfa80acfad5106ca,docs/stages/p8/implementation/p8-w08-linux-timer-integration/README.md,7aefac5e52dbc820bb74f59ec443cfd92b169752,[],no,1,P8-W08,assumed,docs/stages/p8/implementation/p8-w08-linux-timer-integration/README.md,Only edge-assertion ledger names this relation; neither endpoint summary has a matching package-level row. Retain cited source and status; do not promote to delivered contract.,"Source-document contract mapping only; no runtime proof. Planned, assumed, blocked, and asymmetric records remain at their stated admission boundaries."
P6-W08,P8-W07,P6→P8,docs/stages/p6/plans/p6-w08-gic-virtualization-interface.md,b8aa3f68cf423ab10ad9900ed408b981f64cfca0,docs/stages/p6/implementation/p6-w08-gic-virtualization-interface/README.md,af5cbbeeb39bf51876485d8ebe01430948c43c0f,[],no,docs/stages/p8/plans/p8-w07-linux-vgicv3.md,b5f31a208bbdf26efc393f0209b604a2a8157774,docs/stages/p8/implementation/p8-w07-linux-vgicv3/README.md,c924a644e11c73c918261e3a5c01b26a9eeb5d8a,[],no,1,P8-W07,assumed,docs/stages/p8/implementation/p8-w07-linux-vgicv3/README.md,Only edge-assertion ledger names this relation; neither endpoint summary has a matching package-level row. Retain cited source and status; do not promote to delivered contract.,"Source-document contract mapping only; no runtime proof. Planned, assumed, blocked, and asymmetric records remain at their stated admission boundaries."
P6-W11,P8-W19,P6→P8,docs/stages/p6/plans/p6-w11-validation-guest-interrupt-suite.md,e9e3f295f6175e1068692e3785d0663bbda24335,docs/stages/p6/implementation/p6-w11-validation-guest-interrupt-suite/README.md,3088e071549e808f7f446569628e55026186bcd0,[],no,docs/stages/p8/plans/p8-w19-validation-guest-dual-track.md,76740002a588f56bb0879e29350b9867af32d3d1,docs/stages/p8/implementation/p8-w19-validation-guest-dual-track/README.md,c43ea9225e8a9d434f77df5c404351d8ae130880,"[{""contract/value"":""Source-owned VG scenarios/observables for HVC, Stage-2, authority, timer, SGI/vIRQ, MMIO, SMP, scheduler; records must establish evidenced vs placeholder."",""evidence"":""docs/stages/p8/implementation/p8-w19-validation-guest-dual-track/01-dual-track-scenario-matrix.md §§2–3; docs/stages/p8/implementation/p8-w19-validation-guest-dual-track/02-coexistence-and-workflow.md §1."",""failure_or_rollback"":""Missing evidence makes explicit blocked:<owner> placeholder; no restating/redefining or dropping."",""lifetime/availability"":""Inherited; W19 statuses derive from W01 reconciliation and source records."",""owner"":""Source package owners"",""producer"":""P4-W05/P5-W07/P6-W11/P7-W10 and P4/P5/P6/P7 closeouts"",""type_or_unit"":""Mechanism-suite scenario semantics/evidence""}]",yes,0,,not-recorded-in-edge-assertion-ledger,,"Consumer prerequisite names upstream package; producer output map has no matching consumer entry. Asymmetry is recorded; producer delivery, availability and verification ownership cannot be inferred from consumer row alone.","Source-document contract mapping only; no runtime proof. Planned, assumed, blocked, and asymmetric records remain at their stated admission boundaries."
P6-W13,P7-W09,P6→P7,docs/stages/p6/plans/p6-w13-telemetry-regression-handoff.md,a71e43724aba47472915c62edaf85254c88b81f4,docs/stages/p6/implementation/p6-w13-telemetry-regression-handoff/README.md,90dc7a60234693afcadd10332d05d325f09e598c,[],no,docs/stages/p7/plans/p7-w09-accounting-diagnostics.md,0175c520e5cc1e8580156391a2fa48deff179917,docs/stages/p7/implementation/p7-w09-accounting-diagnostics/README.md,3f47b51fc276544a2fd143e002ac4a64e2dbce28,"[{""contract/value"":""Monotonic per-pCPU timer basis and CPU attribution; P6 IRQ-to-wake correlation limits."",""evidence"":""01-accounting-model.md §§2,4; W09 README §97-119."",""failure_or_rollback"":""Durations and correlation block if source or attribution contract is absent/contradictory; no substitute clock."",""lifetime/availability"":""Assumed upstream inputs in accounting model T-3/T-4/T-7, not proven by this pass."",""owner"":""P6/P3"",""producer"":""P6-W05/P6-W13 and P3-W11"",""type_or_unit"":""Timestamp/attribution convention""}]",yes,0,,not-recorded-in-edge-assertion-ledger,,"Consumer prerequisite names upstream package; producer output map has no matching consumer entry. Asymmetry is recorded; producer delivery, availability and verification ownership cannot be inferred from consumer row alone.","Source-document contract mapping only; no runtime proof. Planned, assumed, blocked, and asymmetric records remain at their stated admission boundaries."
P6-W13,P8-W11,P6→P8,docs/stages/p6/plans/p6-w13-telemetry-regression-handoff.md,a71e43724aba47472915c62edaf85254c88b81f4,docs/stages/p6/implementation/p6-w13-telemetry-regression-handoff/README.md,90dc7a60234693afcadd10332d05d325f09e598c,[],no,docs/stages/p8/plans/p8-w11-scheduler-linux-integration.md,1c001b3f75ac0971b2897d9d1103be040add8755,docs/stages/p8/implementation/p8-w11-scheduler-linux-integration/README.md,ef09191869469ee7ff785b20952bddcc23ffe26d,"[{""contract/value"":""Timer/vIRQ semantics and latency limits for timer-preservation verdicts."",""evidence"":""01 §1; 02 §3"",""failure_or_rollback"":""Missing evidence degrades timer verdicts or blocks dependency; no substitute semantics"",""lifetime/availability"":""Assumed pending evidenced handoff"",""owner"":""P6-W13"",""producer"":""P6-W13"",""type_or_unit"":""vTimer/vIRQ event contract and optional latency reference""}]",yes,0,,not-recorded-in-edge-assertion-ledger,,"Consumer prerequisite names upstream package; producer output map has no matching consumer entry. Asymmetry is recorded; producer delivery, availability and verification ownership cannot be inferred from consumer row alone.","Source-document contract mapping only; no runtime proof. Planned, assumed, blocked, and asymmetric records remain at their stated admission boundaries."
P6-W13,P8-W17,P6→P8,docs/stages/p6/plans/p6-w13-telemetry-regression-handoff.md,a71e43724aba47472915c62edaf85254c88b81f4,docs/stages/p6/implementation/p6-w13-telemetry-regression-handoff/README.md,90dc7a60234693afcadd10332d05d325f09e598c,[],no,docs/stages/p8/plans/p8-w17-linux-performance-baseline.md,4090e66a42d06a760541dee3095e1df14332bd8e,docs/stages/p8/implementation/p8-w17-linux-performance-baseline/README.md,bdcf25e0ca38a985bba6ecbd97044379e78d7b5c,"[{""contract/value"":""Physical IRQ to vIRQ latency method, consumed unchanged for M7."",""evidence"":""01 §2; README ledger"",""failure_or_rollback"":""M7 blocked if no handoff method"",""lifetime/availability"":""Assumed; no local substitute allowed"",""owner"":""P6-W13"",""producer"":""P6-W13"",""type_or_unit"":""Latency sample method and domain""}]",yes,0,,not-recorded-in-edge-assertion-ledger,,"Consumer prerequisite names upstream package; producer output map has no matching consumer entry. Asymmetry is recorded; producer delivery, availability and verification ownership cannot be inferred from consumer row alone.","Source-document contract mapping only; no runtime proof. Planned, assumed, blocked, and asymmetric records remain at their stated admission boundaries."
P7-W02,P8-W06,P7→P8,docs/stages/p7/plans/p7-w02-scheduler-admission-lifecycle.md,d8f48fbe3ab422f9c776b430f17865675ea33be3,docs/stages/p7/implementation/p7-w02-scheduler-admission-lifecycle/README.md,9430c0cc932e94bdcdec31024fe3047c5da393f4,[],no,docs/stages/p8/plans/p8-w06-psci-virtualization.md,6a9441706889e1216170acb1bb6dc7b00623e83f,docs/stages/p8/implementation/p8-w06-psci-virtualization/README.md,6ff1b1931f0fa6c117df953b0a30bee461f92e3a,[],no,1,P8-W06,assumed,docs/stages/p8/implementation/p8-w06-psci-virtualization/README.md,Only edge-assertion ledger names this relation; neither endpoint summary has a matching package-level row. Retain cited source and status; do not promote to delivered contract.,"Source-document contract mapping only; no runtime proof. Planned, assumed, blocked, and asymmetric records remain at their stated admission boundaries."
P7-W02,P8-W08,P7→P8,docs/stages/p7/plans/p7-w02-scheduler-admission-lifecycle.md,d8f48fbe3ab422f9c776b430f17865675ea33be3,docs/stages/p7/implementation/p7-w02-scheduler-admission-lifecycle/README.md,9430c0cc932e94bdcdec31024fe3047c5da393f4,[],no,docs/stages/p8/plans/p8-w08-linux-timer-integration.md,7ea492ed8180ac4451602b1cdfa80acfad5106ca,docs/stages/p8/implementation/p8-w08-linux-timer-integration/README.md,7aefac5e52dbc820bb74f59ec443cfd92b169752,[],no,1,P8-W08,assumed,docs/stages/p8/implementation/p8-w08-linux-timer-integration/README.md,Only edge-assertion ledger names this relation; neither endpoint summary has a matching package-level row. Retain cited source and status; do not promote to delivered contract.,"Source-document contract mapping only; no runtime proof. Planned, assumed, blocked, and asymmetric records remain at their stated admission boundaries."
P7-W02,P8-W10,P7→P8,docs/stages/p7/plans/p7-w02-scheduler-admission-lifecycle.md,d8f48fbe3ab422f9c776b430f17865675ea33be3,docs/stages/p7/implementation/p7-w02-scheduler-admission-lifecycle/README.md,9430c0cc932e94bdcdec31024fe3047c5da393f4,[],no,docs/stages/p8/plans/p8-w10-linux-smp-bringup.md,0ff7b9680051cdded7a90f726b0d5082a71859f4,docs/stages/p8/implementation/p8-w10-linux-smp-bringup/README.md,98c477cbc80800259c639726266cba1122d9d4f1,[],no,1,P8-W10,assumed,docs/stages/p8/implementation/p8-w10-linux-smp-bringup/README.md,Only edge-assertion ledger names this relation; neither endpoint summary has a matching package-level row. Retain cited source and status; do not promote to delivered contract.,"Source-document contract mapping only; no runtime proof. Planned, assumed, blocked, and asymmetric records remain at their stated admission boundaries."
P7-W02,P8-W11,P7→P8,docs/stages/p7/plans/p7-w02-scheduler-admission-lifecycle.md,d8f48fbe3ab422f9c776b430f17865675ea33be3,docs/stages/p7/implementation/p7-w02-scheduler-admission-lifecycle/README.md,9430c0cc932e94bdcdec31024fe3047c5da393f4,[],no,docs/stages/p8/plans/p8-w11-scheduler-linux-integration.md,1c001b3f75ac0971b2897d9d1103be040add8755,docs/stages/p8/implementation/p8-w11-scheduler-linux-integration/README.md,ef09191869469ee7ff785b20952bddcc23ffe26d,"[{""contract/value"":""Lifecycle, placement, preemption/context isolation, M:N, block/wakeup, pause/stop containment, remote reschedule/idle, and accounting/trace semantics; design requires evidence, not plans."",""evidence"":""01 §1; README current-state ledger; workflow §1–2"",""failure_or_rollback"":""P7DependencyIssue; block scenario; no new W11 instrumentation or repair"",""lifetime/availability"":""Assumed only; P7-W14 evidence/handoff absent in audited tree"",""owner"":""P7 owners; P8-W11 consumes"",""producer"":""P7-W02..W09 via P7-W14"",""type_or_unit"":""Scheduler contracts, state transitions, per-vCPU/pCPU/VM counters and trace fields""}]",yes,0,,not-recorded-in-edge-assertion-ledger,,"Consumer prerequisite names upstream package; producer output map has no matching consumer entry. Asymmetry is recorded; producer delivery, availability and verification ownership cannot be inferred from consumer row alone.","Source-document contract mapping only; no runtime proof. Planned, assumed, blocked, and asymmetric records remain at their stated admission boundaries."
P7-W02,P8-W13,P7→P8,docs/stages/p7/plans/p7-w02-scheduler-admission-lifecycle.md,d8f48fbe3ab422f9c776b430f17865675ea33be3,docs/stages/p7/implementation/p7-w02-scheduler-admission-lifecycle/README.md,9430c0cc932e94bdcdec31024fe3047c5da393f4,[],no,docs/stages/p8/plans/p8-w13-guest-fault-diagnostics.md,949f7059e97412dd57e1435df2df6c2b8301b2da,docs/stages/p8/implementation/p8-w13-guest-fault-diagnostics/README.md,081eaee6b9bed424de9a1289aaaec4e52b71841e,"[{""contract/value"":""CPU-operation classification; PSCI/vGIC/timer violation surfaces; lifecycle/containment/shutdown; console panic; Stage-2 boundary probes; scheduler anomalies."",""evidence"":""01 §§1,3–7"",""failure_or_rollback"":""Class lacking a declared source surface is Unclassified/block; no new source APIs are introduced"",""lifetime/availability"":""Proposed, depend on owning designs and evidence"",""owner"":""W05-W09, P7, W03, W11/W12"",""producer"":""P8-W05..W09; P7-W02/W07; W03; W11/W12"",""type_or_unit"":""Owning contracts and induced/observed event facts""}]",yes,0,,not-recorded-in-edge-assertion-ledger,,"Consumer prerequisite names upstream package; producer output map has no matching consumer entry. Asymmetry is recorded; producer delivery, availability and verification ownership cannot be inferred from consumer row alone.","Source-document contract mapping only; no runtime proof. Planned, assumed, blocked, and asymmetric records remain at their stated admission boundaries."
P7-W06,P8-W05,P7→P8,docs/stages/p7/plans/p7-w06-block-wakeup.md,28df6b8e46c6d358aa389dedd2f6a0254e1ea21f,docs/stages/p7/implementation/p7-w06-block-wakeup/README.md,fdd3ffb334b53e9ab7e42fc3d7056f82396dc0c6,[],no,docs/stages/p8/plans/p8-w05-linux-cpu-virtualization.md,9603ebd9b5d45b1373a57057f75b6e744fd99a52,docs/stages/p8/implementation/p8-w05-linux-cpu-virtualization/README.md,df83333763a3534e09635816481170ce8beecc65,[],no,1,P8-W05,assumed,docs/stages/p8/implementation/p8-w05-linux-cpu-virtualization/README.md,Only edge-assertion ledger names this relation; neither endpoint summary has a matching package-level row. Retain cited source and status; do not promote to delivered contract.,"Source-document contract mapping only; no runtime proof. Planned, assumed, blocked, and asymmetric records remain at their stated admission boundaries."
P7-W06,P8-W08,P7→P8,docs/stages/p7/plans/p7-w06-block-wakeup.md,28df6b8e46c6d358aa389dedd2f6a0254e1ea21f,docs/stages/p7/implementation/p7-w06-block-wakeup/README.md,fdd3ffb334b53e9ab7e42fc3d7056f82396dc0c6,[],no,docs/stages/p8/plans/p8-w08-linux-timer-integration.md,7ea492ed8180ac4451602b1cdfa80acfad5106ca,docs/stages/p8/implementation/p8-w08-linux-timer-integration/README.md,7aefac5e52dbc820bb74f59ec443cfd92b169752,[],no,1,P8-W08,assumed,docs/stages/p8/implementation/p8-w08-linux-timer-integration/README.md,Only edge-assertion ledger names this relation; neither endpoint summary has a matching package-level row. Retain cited source and status; do not promote to delivered contract.,"Source-document contract mapping only; no runtime proof. Planned, assumed, blocked, and asymmetric records remain at their stated admission boundaries."
P7-W09,P8-W10,P7→P8,docs/stages/p7/plans/p7-w09-accounting-diagnostics.md,0175c520e5cc1e8580156391a2fa48deff179917,docs/stages/p7/implementation/p7-w09-accounting-diagnostics/README.md,3f47b51fc276544a2fd143e002ac4a64e2dbce28,[],no,docs/stages/p8/plans/p8-w10-linux-smp-bringup.md,0ff7b9680051cdded7a90f726b0d5082a71859f4,docs/stages/p8/implementation/p8-w10-linux-smp-bringup/README.md,98c477cbc80800259c639726266cba1122d9d4f1,[],no,1,P8-W10,assumed,docs/stages/p8/implementation/p8-w10-linux-smp-bringup/README.md,Only edge-assertion ledger names this relation; neither endpoint summary has a matching package-level row. Retain cited source and status; do not promote to delivered contract.,"Source-document contract mapping only; no runtime proof. Planned, assumed, blocked, and asymmetric records remain at their stated admission boundaries."
P7-W10,P8-W19,P7→P8,docs/stages/p7/plans/p7-w10-validation-guest-suite.md,3832b46c597550e76a2ee5d3b75779c352f92874,docs/stages/p7/implementation/p7-w10-validation-guest-suite/README.md,32c124cdc14f456aedccdfd81a52e68d0a9f3cc5,"[{""consumer(s)"":""W11 stress; W12 automated matrix; W14; P8-W19 mediated"",""evidence"":""01-scenario-suite.md §§2-4; 02-guest-test-asset-contract.md §§3-5."",""failure"":""Unavailable prerequisite, marker/telemetry mismatch, or telemetry trimming produces blocked/failed status with both sides retained."",""item"":""VG-001..012 unchanged single-vCPU regression declaration and VG-SCHED-01..08 workload catalog"",""lifetime"":""P7 mechanism suite; stable IDs for test automation, not ABI"",""owner"":""W10 scenario catalog; P4 asset owner for actual Guest workload"",""type_or_unit"":""Guest scenarios, topology, markers, expected outcomes"",""verification_owner"":""W10 per-scenario V22/V23 evidence""}]",yes,docs/stages/p8/plans/p8-w19-validation-guest-dual-track.md,76740002a588f56bb0879e29350b9867af32d3d1,docs/stages/p8/implementation/p8-w19-validation-guest-dual-track/README.md,c43ea9225e8a9d434f77df5c404351d8ae130880,"[{""contract/value"":""Source-owned VG scenarios/observables for HVC, Stage-2, authority, timer, SGI/vIRQ, MMIO, SMP, scheduler; records must establish evidenced vs placeholder."",""evidence"":""docs/stages/p8/implementation/p8-w19-validation-guest-dual-track/01-dual-track-scenario-matrix.md §§2–3; docs/stages/p8/implementation/p8-w19-validation-guest-dual-track/02-coexistence-and-workflow.md §1."",""failure_or_rollback"":""Missing evidence makes explicit blocked:<owner> placeholder; no restating/redefining or dropping."",""lifetime/availability"":""Inherited; W19 statuses derive from W01 reconciliation and source records."",""owner"":""Source package owners"",""producer"":""P4-W05/P5-W07/P6-W11/P7-W10 and P4/P5/P6/P7 closeouts"",""type_or_unit"":""Mechanism-suite scenario semantics/evidence""}]",yes,1,P7-W10,planned,docs/stages/p7/implementation/p7-w10-validation-guest-suite/README.md,"Both endpoint mapping records are present. Compare captured producer type/unit, owner, lifetime, failure, availability and verification fields against consumer prerequisites; source status controls admission.","Source-document contract mapping only; no runtime proof. Planned, assumed, blocked, and asymmetric records remain at their stated admission boundaries."
P7-W12,P8-W11,P7→P8,docs/stages/p7/plans/p7-w12-qemu-regression.md,1246b7bec9918319ea99b26da518c978eeb9c5f2,docs/stages/p7/implementation/p7-w12-qemu-regression/README.md,e5d80b556094f616588584127f19ebb9b3b5fe97,"[{""consumer(s)"":""W14 closure index; P8-W16 mediated via P8-W11/W14"",""evidence"":""01-regression-matrix-and-runner-contract.md §§2-6."",""failure"":""PASS/FAIL/INFRA-BLOCKED/NOT-RUN with environment and artifacts; timeout is not silently skipped."",""item"":""R-01..R-14 QEMU scheduler case matrix"",""lifetime"":""Repeatable regression entry points; reference QEMU only"",""owner"":""W12 case declaration; runner executes"",""type_or_unit"":""Per-case topology, placement, payloads, controls, markers, F-signals, timeout class, repetitions, artifacts"",""verification_owner"":""W12 P7-V28""}]",yes,docs/stages/p8/plans/p8-w11-scheduler-linux-integration.md,1c001b3f75ac0971b2897d9d1103be040add8755,docs/stages/p8/implementation/p8-w11-scheduler-linux-integration/README.md,ef09191869469ee7ff785b20952bddcc23ffe26d,[],no,0,,not-recorded-in-edge-assertion-ledger,,Producer output names downstream package; consumer upstream map has no matching producer entry. Asymmetry is recorded; optional/feedback/stage-level semantics require source-context disposition; producer row alone does not establish consumer admission.,"Source-document contract mapping only; no runtime proof. Planned, assumed, blocked, and asymmetric records remain at their stated admission boundaries."
P7-W12,P8-W16,P7→P8,docs/stages/p7/plans/p7-w12-qemu-regression.md,1246b7bec9918319ea99b26da518c978eeb9c5f2,docs/stages/p7/implementation/p7-w12-qemu-regression/README.md,e5d80b556094f616588584127f19ebb9b3b5fe97,"[{""consumer(s)"":""W14 closure index; P8-W16 mediated via P8-W11/W14"",""evidence"":""01-regression-matrix-and-runner-contract.md §§2-6."",""failure"":""PASS/FAIL/INFRA-BLOCKED/NOT-RUN with environment and artifacts; timeout is not silently skipped."",""item"":""R-01..R-14 QEMU scheduler case matrix"",""lifetime"":""Repeatable regression entry points; reference QEMU only"",""owner"":""W12 case declaration; runner executes"",""type_or_unit"":""Per-case topology, placement, payloads, controls, markers, F-signals, timeout class, repetitions, artifacts"",""verification_owner"":""W12 P7-V28""}]",yes,docs/stages/p8/plans/p8-w16-automated-linux-regression.md,b95a7729517162ad11e881183a385e583506b1cd,docs/stages/p8/implementation/p8-w16-automated-linux-regression/README.md,3cee3a3ba8e856924a25cb22795115e8bd5f2b36,[],no,1,P7-W12,planned,docs/stages/p7/implementation/p7-w12-qemu-regression/README.md,Producer output names downstream package; consumer upstream map has no matching producer entry. Asymmetry is recorded; optional/feedback/stage-level semantics require source-context disposition; producer row alone does not establish consumer admission.,"Source-document contract mapping only; no runtime proof. Planned, assumed, blocked, and asymmetric records remain at their stated admission boundaries."
P7-W13,P8-W17,P7→P8,docs/stages/p7/plans/p7-w13-performance-baseline.md,8414cbe834060b0665e4c7b95517786727ddd99f,docs/stages/p7/implementation/p7-w13-performance-baseline/README.md,7e8095a2f168a48081378354c2f8e9bd7f035a9a,"[{""consumer(s)"":""W14 closeout; P8-W17 may reuse method/limits only via handoff"",""evidence"":""01-measurement-method.md §§2-6; 02-scenarios-and-comparison.md §§2-5."",""failure"":""Ambiguous pair/source or incomplete environment invalidates metric/run; do not add instrumentation."",""item"":""M-01..M-05 scheduler measurements and M-06 paired static-vs-scheduled delta"",""lifetime"":""Per declared environment/session/workload/configuration"",""owner"":""W13 binds/extracts; W09 owns source events"",""type_or_unit"":""Same-domain event-pair durations or switches/s; median/min/max/sample count, raw repetitions"",""verification_owner"":""W13 P7-V29""},{""consumer(s)"":""W14; P8-W17 prior art only"",""evidence"":""README §§114-157; 03-workflow-and-acceptance.md §§1-5."",""failure"":""No ranking, policy conclusion, CI threshold or hardware claim; method erosion invalidates results."",""item"":""Method, environment declaration, no-KPI and QEMU limits"",""lifetime"":""Each baseline record; TCG/KVM separated"",""owner"":""W13 design"",""type_or_unit"":""Evidence protocol and factual comparisons"",""verification_owner"":""W13 DV matrix and W14 review""}]",yes,docs/stages/p8/plans/p8-w17-linux-performance-baseline.md,4090e66a42d06a760541dee3095e1df14332bd8e,docs/stages/p8/implementation/p8-w17-linux-performance-baseline/README.md,bdcf25e0ca38a985bba6ecbd97044379e78d7b5c,"[{""contract/value"":""Governed counter/event namespace, diagnostic identity, quality gates, accounting fields and compatible baseline vocabulary."",""evidence"":""01 §§1–4; 02 §1"",""failure_or_rollback"":""M2–M5 blocked for absent namespace/evidence; terminology conflict is escalated"",""lifetime/availability"":""Assumed only; no current evidence in W17 design"",""owner"":""P0/P7 owners"",""producer"":""P0-W13/P0-W12/P0-W07; P7 accounting and P7-W13 terms"",""type_or_unit"":""Telemetry names/accounting facts/environment-limit terminology""}]",yes,1,P7-W13,planned,docs/stages/p7/implementation/p7-w13-performance-baseline/README.md,"Both endpoint mapping records are present. Compare captured producer type/unit, owner, lifetime, failure, availability and verification fields against consumer prerequisites; source status controls admission.","Source-document contract mapping only; no runtime proof. Planned, assumed, blocked, and asymmetric records remain at their stated admission boundaries."
P7-W14,P8-W01,P7→P8,docs/stages/p7/plans/p7-w14-documentation-p8-handoff.md,a9bea2aaaddb01a8b5e071c8f781d5c0f3d9423b,docs/stages/p7/implementation/p7-w14-documentation-p8-handoff/README.md,65989b8b48a047861d3b329a3fa93165b498afa4,"[{""consumer(s)"":""P8-W01 and W20 directly; other P8 rows only as mediated in P8 graph"",""evidence"":""01-closure-and-handoff-workflow.md §§2.1,3.2."",""failure"":""Unlinked facts reclassified as planned or removed; no P8 mechanism, ABI or completion claim."",""item"":""P7 scheduler behavior fact/limitation/planned record"",""lifetime"":""P7 behavior route and downstream handoff"",""owner"":""W14; source facts owned by W02-W13 records"",""type_or_unit"":""Evidence-linked factual documentation"",""verification_owner"":""W14-DV02 / P7-V30""},{""consumer(s)"":""P8-W01/W20; direct-vs-mediated rows per P8 plan index/task book"",""evidence"":""README §§125-140,173-208; workflow §§2.2-2.3,3-6."",""failure"":""Missing/contradictory entries remain explicit; cannot declare P7 complete without all gate evidence."",""item"":""P7-V01..V30 complete status/evidence index, closeout/unsafe/dependency inventory and P8 consumer mapping"",""lifetime"":""P7 closure and P8 entry input"",""owner"":""W14 indexing; package records own evidence"",""type_or_unit"":""One row per validation ID; passed/failed/blocked/not run with evidence or reason"",""verification_owner"":""W14-DV01..DV05 / P7-V30""}]",yes,docs/stages/p8/plans/p8-w01-entry-contract-reconciliation.md,f54b5d85161de96d5e9a12cf7b054967aa05333f,docs/stages/p8/implementation/p8-w01-entry-contract-reconciliation/README.md,62231c9760b780698a02a9d615d99652178edf84,[],no,1,P7-W14,planned,docs/stages/p7/implementation/p7-w14-documentation-p8-handoff/README.md,Producer output names downstream package; consumer upstream map has no matching producer entry. Asymmetry is recorded; optional/feedback/stage-level semantics require source-context disposition; producer row alone does not establish consumer admission.,"Source-document contract mapping only; no runtime proof. Planned, assumed, blocked, and asymmetric records remain at their stated admission boundaries."
P7-W14,P8-W05,P7→P8,docs/stages/p7/plans/p7-w14-documentation-p8-handoff.md,a9bea2aaaddb01a8b5e071c8f781d5c0f3d9423b,docs/stages/p7/implementation/p7-w14-documentation-p8-handoff/README.md,65989b8b48a047861d3b329a3fa93165b498afa4,[],no,docs/stages/p8/plans/p8-w05-linux-cpu-virtualization.md,9603ebd9b5d45b1373a57057f75b6e744fd99a52,docs/stages/p8/implementation/p8-w05-linux-cpu-virtualization/README.md,df83333763a3534e09635816481170ce8beecc65,[],no,1,P7-W14,planned,docs/stages/p7/implementation/p7-w14-documentation-p8-handoff/README.md,Only edge-assertion ledger names this relation; neither endpoint summary has a matching package-level row. Retain cited source and status; do not promote to delivered contract.,"Source-document contract mapping only; no runtime proof. Planned, assumed, blocked, and asymmetric records remain at their stated admission boundaries."
P7-W14,P8-W11,P7→P8,docs/stages/p7/plans/p7-w14-documentation-p8-handoff.md,a9bea2aaaddb01a8b5e071c8f781d5c0f3d9423b,docs/stages/p7/implementation/p7-w14-documentation-p8-handoff/README.md,65989b8b48a047861d3b329a3fa93165b498afa4,[],no,docs/stages/p8/plans/p8-w11-scheduler-linux-integration.md,1c001b3f75ac0971b2897d9d1103be040add8755,docs/stages/p8/implementation/p8-w11-scheduler-linux-integration/README.md,ef09191869469ee7ff785b20952bddcc23ffe26d,"[{""contract/value"":""Lifecycle, placement, preemption/context isolation, M:N, block/wakeup, pause/stop containment, remote reschedule/idle, and accounting/trace semantics; design requires evidence, not plans."",""evidence"":""01 §1; README current-state ledger; workflow §1–2"",""failure_or_rollback"":""P7DependencyIssue; block scenario; no new W11 instrumentation or repair"",""lifetime/availability"":""Assumed only; P7-W14 evidence/handoff absent in audited tree"",""owner"":""P7 owners; P8-W11 consumes"",""producer"":""P7-W02..W09 via P7-W14"",""type_or_unit"":""Scheduler contracts, state transitions, per-vCPU/pCPU/VM counters and trace fields""}]",yes,0,,not-recorded-in-edge-assertion-ledger,,"Consumer prerequisite names upstream package; producer output map has no matching consumer entry. Asymmetry is recorded; producer delivery, availability and verification ownership cannot be inferred from consumer row alone.","Source-document contract mapping only; no runtime proof. Planned, assumed, blocked, and asymmetric records remain at their stated admission boundaries."
P8-W01,P7-W14,P8→P7,docs/stages/p8/plans/p8-w01-entry-contract-reconciliation.md,f54b5d85161de96d5e9a12cf7b054967aa05333f,docs/stages/p8/implementation/p8-w01-entry-contract-reconciliation/README.md,62231c9760b780698a02a9d615d99652178edf84,[],no,docs/stages/p7/plans/p7-w14-documentation-p8-handoff.md,a9bea2aaaddb01a8b5e071c8f781d5c0f3d9423b,docs/stages/p7/implementation/p7-w14-documentation-p8-handoff/README.md,65989b8b48a047861d3b329a3fa93165b498afa4,"[{""contract/value"":""P7 exit/evidence boundary, P8-specific ownership of machine ABI/Linux/guest SMP, and P8 entry/closeout mediation."",""evidence"":""README §§34-54,173-208; workflow §§4-5."",""failure_or_rollback"":""Void any row that transfers unevidenced fact or P8-owned decision; QEMU cannot transfer hardware semantics."",""lifetime/availability"":""Governs handoff rows at closeout; only evidenced facts transferable."",""owner"":""P7 task book/ADR; P8 W01/W20 judge consumption"",""producer"":""P7 task book §7; ADR-024/040; P8-W01/W20"",""type_or_unit"":""Normative handoff boundary""}]",yes,0,,not-recorded-in-edge-assertion-ledger,,"Consumer prerequisite names upstream package; producer output map has no matching consumer entry. Asymmetry is recorded; producer delivery, availability and verification ownership cannot be inferred from consumer row alone.","Source-document contract mapping only; no runtime proof. Planned, assumed, blocked, and asymmetric records remain at their stated admission boundaries."
P8-W03,P4-W09,P8→P4,docs/stages/p8/plans/p8-w03-linux-boot-contract.md,ab6a098cc88d1ce812690e9927ff543c0d710626,docs/stages/p8/implementation/p8-w03-linux-boot-contract/README.md,e635ceccb24439553f16db3ac5a2a6927c9c22a8,"[{""consumers"":[""P8-W04"",""P8-W06"",""P8-W09"",""P8-W10"",""P8-W15"",""P8-W16"",""P4-W09"",""P5-W10""],""evidence"":""docs/stages/p8/implementation/p8-w03-linux-boot-contract/README.md"",""failure"":""No implementation published; unresolved input routes to W02/owner ADR or architecture review"",""item"":""B1-B8 fact catalog; Linux boot input and shutdown evidence criteria"",""lifetime"":""Proposed design lifetime; consumers must not treat as approved/frozen"",""owner"":""P8 package owner; machine values W02 gate"",""type_or_unit"":""Versioned machine-facing facts, behavior classes, or scenario IDs as described; no code ABI"",""verification_owner"":""P8-W03 verification owner""}]",yes,docs/stages/p4/plans/p4-w09-closeout-p5-handoff.md,9ccbf9a5a0be516a4f1e75796cdf92be9019f298,docs/stages/p4/implementation/p4-w09-closeout-p5-handoff/README.md,a0e9affb5308af2c54c34f1caa044bbf4f2087f6,[],no,0,,not-recorded-in-edge-assertion-ledger,,Producer output names downstream package; consumer upstream map has no matching producer entry. Asymmetry is recorded; optional/feedback/stage-level semantics require source-context disposition; producer row alone does not establish consumer admission.,"Source-document contract mapping only; no runtime proof. Planned, assumed, blocked, and asymmetric records remain at their stated admission boundaries."
P8-W03,P5-W10,P8→P5,docs/stages/p8/plans/p8-w03-linux-boot-contract.md,ab6a098cc88d1ce812690e9927ff543c0d710626,docs/stages/p8/implementation/p8-w03-linux-boot-contract/README.md,e635ceccb24439553f16db3ac5a2a6927c9c22a8,"[{""consumers"":[""P8-W04"",""P8-W06"",""P8-W09"",""P8-W10"",""P8-W15"",""P8-W16"",""P4-W09"",""P5-W10""],""evidence"":""docs/stages/p8/implementation/p8-w03-linux-boot-contract/README.md"",""failure"":""No implementation published; unresolved input routes to W02/owner ADR or architecture review"",""item"":""B1-B8 fact catalog; Linux boot input and shutdown evidence criteria"",""lifetime"":""Proposed design lifetime; consumers must not treat as approved/frozen"",""owner"":""P8 package owner; machine values W02 gate"",""type_or_unit"":""Versioned machine-facing facts, behavior classes, or scenario IDs as described; no code ABI"",""verification_owner"":""P8-W03 verification owner""}]",yes,docs/stages/p5/plans/p5-w10-closeout-p6-handoff.md,7a48a98d614e29a41087898fb3d770df62e014ea,docs/stages/p5/implementation/p5-w10-closeout-p6-handoff/README.md,a7121da52de479a05d734681064042f4d2683a9d,[],no,0,,not-recorded-in-edge-assertion-ledger,,Producer output names downstream package; consumer upstream map has no matching producer entry. Asymmetry is recorded; optional/feedback/stage-level semantics require source-context disposition; producer row alone does not establish consumer admission.,"Source-document contract mapping only; no runtime proof. Planned, assumed, blocked, and asymmetric records remain at their stated admission boundaries."
P8-W04,P2-W02,P8→P2,docs/stages/p8/plans/p8-w04-guest-dtb-contract.md,845499b6b084cd70eff535ccca7adcde54049143,docs/stages/p8/implementation/p8-w04-guest-dtb-contract/README.md,969b3672953c245f73f5ed641459611dad982dd0,"[{""consumers"":[""P8-W03"",""P8-W06"",""P8-W07"",""P8-W08"",""P8-W09"",""P8-W10"",""P8-W14"",""P8-W15"",""P8-W16"",""P2-W02"",""P4-W09""],""evidence"":""docs/stages/p8/implementation/p8-w04-guest-dtb-contract/README.md"",""failure"":""No implementation published; unresolved input routes to W02/owner ADR or architecture review"",""item"":""Guest-only DTB fact/source catalog D1-D10 plus consistency and host-leakage review"",""lifetime"":""Proposed design lifetime; consumers must not treat as approved/frozen"",""owner"":""P8 package owner; machine values W02 gate"",""type_or_unit"":""Versioned machine-facing facts, behavior classes, or scenario IDs as described; no code ABI"",""verification_owner"":""P8-W04 verification owner""}]",yes,docs/stages/p2/plans/p2-w02-platform-discovery-normalization.md,ce1fe9331708513c975064fb42b016ed2f92e6b9,docs/stages/p2/implementation/p2-w02-platform-discovery-normalization/README.md,5d1c58e50331cc6963825efe23e2608979c3553c,[],no,0,,not-recorded-in-edge-assertion-ledger,,Producer output names downstream package; consumer upstream map has no matching producer entry. Asymmetry is recorded; optional/feedback/stage-level semantics require source-context disposition; producer row alone does not establish consumer admission.,"Source-document contract mapping only; no runtime proof. Planned, assumed, blocked, and asymmetric records remain at their stated admission boundaries."
P8-W04,P4-W09,P8→P4,docs/stages/p8/plans/p8-w04-guest-dtb-contract.md,845499b6b084cd70eff535ccca7adcde54049143,docs/stages/p8/implementation/p8-w04-guest-dtb-contract/README.md,969b3672953c245f73f5ed641459611dad982dd0,"[{""consumers"":[""P8-W03"",""P8-W06"",""P8-W07"",""P8-W08"",""P8-W09"",""P8-W10"",""P8-W14"",""P8-W15"",""P8-W16"",""P2-W02"",""P4-W09""],""evidence"":""docs/stages/p8/implementation/p8-w04-guest-dtb-contract/README.md"",""failure"":""No implementation published; unresolved input routes to W02/owner ADR or architecture review"",""item"":""Guest-only DTB fact/source catalog D1-D10 plus consistency and host-leakage review"",""lifetime"":""Proposed design lifetime; consumers must not treat as approved/frozen"",""owner"":""P8 package owner; machine values W02 gate"",""type_or_unit"":""Versioned machine-facing facts, behavior classes, or scenario IDs as described; no code ABI"",""verification_owner"":""P8-W04 verification owner""}]",yes,docs/stages/p4/plans/p4-w09-closeout-p5-handoff.md,9ccbf9a5a0be516a4f1e75796cdf92be9019f298,docs/stages/p4/implementation/p4-w09-closeout-p5-handoff/README.md,a0e9affb5308af2c54c34f1caa044bbf4f2087f6,[],no,0,,not-recorded-in-edge-assertion-ledger,,Producer output names downstream package; consumer upstream map has no matching producer entry. Asymmetry is recorded; optional/feedback/stage-level semantics require source-context disposition; producer row alone does not establish consumer admission.,"Source-document contract mapping only; no runtime proof. Planned, assumed, blocked, and asymmetric records remain at their stated admission boundaries."
P8-W05,P4-W02,P8→P4,docs/stages/p8/plans/p8-w05-linux-cpu-virtualization.md,9603ebd9b5d45b1373a57057f75b6e744fd99a52,docs/stages/p8/implementation/p8-w05-linux-cpu-virtualization/README.md,df83333763a3534e09635816481170ce8beecc65,"[{""consumers"":[""P8-W06"",""P8-W07"",""P8-W08"",""P8-W09"",""P8-W10"",""P8-W13"",""P8-W18"",""P4-W02"",""P5-W10"",""P6-W07"",""P7-W06""],""evidence"":""docs/stages/p8/implementation/p8-w05-linux-cpu-virtualization/README.md"",""failure"":""No implementation published; unresolved input routes to W02/owner ADR or architecture review"",""item"":""Direct/Emulate/Reject/Hidden/Unsupported classification and fail-closed route model"",""lifetime"":""Proposed design lifetime; consumers must not treat as approved/frozen"",""owner"":""P8 package owner; machine values W02 gate"",""type_or_unit"":""Versioned machine-facing facts, behavior classes, or scenario IDs as described; no code ABI"",""verification_owner"":""P8-W05 verification owner""}]",yes,docs/stages/p4/plans/p4-w02-stage2-address-space.md,9df9c006806f36ba5a2118c4b0be8ccf7460fae7,docs/stages/p4/implementation/p4-w02-stage2-address-space/README.md,beb84d79abedb5dc81f881193f09920c27916afb,[],no,0,,not-recorded-in-edge-assertion-ledger,,Producer output names downstream package; consumer upstream map has no matching producer entry. Asymmetry is recorded; optional/feedback/stage-level semantics require source-context disposition; producer row alone does not establish consumer admission.,"Source-document contract mapping only; no runtime proof. Planned, assumed, blocked, and asymmetric records remain at their stated admission boundaries."
P8-W05,P5-W10,P8→P5,docs/stages/p8/plans/p8-w05-linux-cpu-virtualization.md,9603ebd9b5d45b1373a57057f75b6e744fd99a52,docs/stages/p8/implementation/p8-w05-linux-cpu-virtualization/README.md,df83333763a3534e09635816481170ce8beecc65,"[{""consumers"":[""P8-W06"",""P8-W07"",""P8-W08"",""P8-W09"",""P8-W10"",""P8-W13"",""P8-W18"",""P4-W02"",""P5-W10"",""P6-W07"",""P7-W06""],""evidence"":""docs/stages/p8/implementation/p8-w05-linux-cpu-virtualization/README.md"",""failure"":""No implementation published; unresolved input routes to W02/owner ADR or architecture review"",""item"":""Direct/Emulate/Reject/Hidden/Unsupported classification and fail-closed route model"",""lifetime"":""Proposed design lifetime; consumers must not treat as approved/frozen"",""owner"":""P8 package owner; machine values W02 gate"",""type_or_unit"":""Versioned machine-facing facts, behavior classes, or scenario IDs as described; no code ABI"",""verification_owner"":""P8-W05 verification owner""}]",yes,docs/stages/p5/plans/p5-w10-closeout-p6-handoff.md,7a48a98d614e29a41087898fb3d770df62e014ea,docs/stages/p5/implementation/p5-w10-closeout-p6-handoff/README.md,a7121da52de479a05d734681064042f4d2683a9d,[],no,0,,not-recorded-in-edge-assertion-ledger,,Producer output names downstream package; consumer upstream map has no matching producer entry. Asymmetry is recorded; optional/feedback/stage-level semantics require source-context disposition; producer row alone does not establish consumer admission.,"Source-document contract mapping only; no runtime proof. Planned, assumed, blocked, and asymmetric records remain at their stated admission boundaries."
P8-W05,P6-W07,P8→P6,docs/stages/p8/plans/p8-w05-linux-cpu-virtualization.md,9603ebd9b5d45b1373a57057f75b6e744fd99a52,docs/stages/p8/implementation/p8-w05-linux-cpu-virtualization/README.md,df83333763a3534e09635816481170ce8beecc65,"[{""consumers"":[""P8-W06"",""P8-W07"",""P8-W08"",""P8-W09"",""P8-W10"",""P8-W13"",""P8-W18"",""P4-W02"",""P5-W10"",""P6-W07"",""P7-W06""],""evidence"":""docs/stages/p8/implementation/p8-w05-linux-cpu-virtualization/README.md"",""failure"":""No implementation published; unresolved input routes to W02/owner ADR or architecture review"",""item"":""Direct/Emulate/Reject/Hidden/Unsupported classification and fail-closed route model"",""lifetime"":""Proposed design lifetime; consumers must not treat as approved/frozen"",""owner"":""P8 package owner; machine values W02 gate"",""type_or_unit"":""Versioned machine-facing facts, behavior classes, or scenario IDs as described; no code ABI"",""verification_owner"":""P8-W05 verification owner""}]",yes,docs/stages/p6/plans/p6-w07-virtual-interrupt-core.md,10f2e18fd49c9bd8ce429f1973dd2c09e85d2a99,docs/stages/p6/implementation/p6-w07-virtual-interrupt-core/README.md,14b4e066f4de0becc42c6f6d7346c27c9cd25276,[],no,0,,not-recorded-in-edge-assertion-ledger,,Producer output names downstream package; consumer upstream map has no matching producer entry. Asymmetry is recorded; optional/feedback/stage-level semantics require source-context disposition; producer row alone does not establish consumer admission.,"Source-document contract mapping only; no runtime proof. Planned, assumed, blocked, and asymmetric records remain at their stated admission boundaries."
P8-W05,P7-W06,P8→P7,docs/stages/p8/plans/p8-w05-linux-cpu-virtualization.md,9603ebd9b5d45b1373a57057f75b6e744fd99a52,docs/stages/p8/implementation/p8-w05-linux-cpu-virtualization/README.md,df83333763a3534e09635816481170ce8beecc65,"[{""consumers"":[""P8-W06"",""P8-W07"",""P8-W08"",""P8-W09"",""P8-W10"",""P8-W13"",""P8-W18"",""P4-W02"",""P5-W10"",""P6-W07"",""P7-W06""],""evidence"":""docs/stages/p8/implementation/p8-w05-linux-cpu-virtualization/README.md"",""failure"":""No implementation published; unresolved input routes to W02/owner ADR or architecture review"",""item"":""Direct/Emulate/Reject/Hidden/Unsupported classification and fail-closed route model"",""lifetime"":""Proposed design lifetime; consumers must not treat as approved/frozen"",""owner"":""P8 package owner; machine values W02 gate"",""type_or_unit"":""Versioned machine-facing facts, behavior classes, or scenario IDs as described; no code ABI"",""verification_owner"":""P8-W05 verification owner""}]",yes,docs/stages/p7/plans/p7-w06-block-wakeup.md,28df6b8e46c6d358aa389dedd2f6a0254e1ea21f,docs/stages/p7/implementation/p7-w06-block-wakeup/README.md,fdd3ffb334b53e9ab7e42fc3d7056f82396dc0c6,[],no,0,,not-recorded-in-edge-assertion-ledger,,Producer output names downstream package; consumer upstream map has no matching producer entry. Asymmetry is recorded; optional/feedback/stage-level semantics require source-context disposition; producer row alone does not establish consumer admission.,"Source-document contract mapping only; no runtime proof. Planned, assumed, blocked, and asymmetric records remain at their stated admission boundaries."
P8-W06,P3-W01,P8→P3,docs/stages/p8/plans/p8-w06-psci-virtualization.md,6a9441706889e1216170acb1bb6dc7b00623e83f,docs/stages/p8/implementation/p8-w06-psci-virtualization/README.md,6ff1b1931f0fa6c117df953b0a30bee461f92e3a,"[{""consumers"":[""P8-W03"",""P8-W04"",""P8-W05"",""P8-W10"",""P8-W14"",""P8-W16"",""P3-W01"",""P3-W04"",""P4-W01"",""P7-W02""],""evidence"":""docs/stages/p8/implementation/p8-w06-psci-virtualization/README.md"",""failure"":""No implementation published; unresolved input routes to W02/owner ADR or architecture review"",""item"":""Standard PSCI semantic categories, state transitions and malformed-parameter outcomes"",""lifetime"":""Proposed design lifetime; consumers must not treat as approved/frozen"",""owner"":""P8 package owner; machine values W02 gate"",""type_or_unit"":""Versioned machine-facing facts, behavior classes, or scenario IDs as described; no code ABI"",""verification_owner"":""P8-W06 verification owner""}]",yes,docs/stages/p3/plans/p3-w01-cpu-topology-inputs.md,438efbad3b2719e1838f695ed37f540a1c46adc2,docs/stages/p3/implementation/p3-w01-cpu-topology-inputs/README.md,2f49e365b3fee536054fa65d97519c0c00ebc54a,[],no,0,,not-recorded-in-edge-assertion-ledger,,Producer output names downstream package; consumer upstream map has no matching producer entry. Asymmetry is recorded; optional/feedback/stage-level semantics require source-context disposition; producer row alone does not establish consumer admission.,"Source-document contract mapping only; no runtime proof. Planned, assumed, blocked, and asymmetric records remain at their stated admission boundaries."
P8-W06,P3-W04,P8→P3,docs/stages/p8/plans/p8-w06-psci-virtualization.md,6a9441706889e1216170acb1bb6dc7b00623e83f,docs/stages/p8/implementation/p8-w06-psci-virtualization/README.md,6ff1b1931f0fa6c117df953b0a30bee461f92e3a,"[{""consumers"":[""P8-W03"",""P8-W04"",""P8-W05"",""P8-W10"",""P8-W14"",""P8-W16"",""P3-W01"",""P3-W04"",""P4-W01"",""P7-W02""],""evidence"":""docs/stages/p8/implementation/p8-w06-psci-virtualization/README.md"",""failure"":""No implementation published; unresolved input routes to W02/owner ADR or architecture review"",""item"":""Standard PSCI semantic categories, state transitions and malformed-parameter outcomes"",""lifetime"":""Proposed design lifetime; consumers must not treat as approved/frozen"",""owner"":""P8 package owner; machine values W02 gate"",""type_or_unit"":""Versioned machine-facing facts, behavior classes, or scenario IDs as described; no code ABI"",""verification_owner"":""P8-W06 verification owner""}]",yes,docs/stages/p3/plans/p3-w04-per-cpu-runtime.md,0d0439705b6ee6def35b9ce09963cb13cb68fdb1,docs/stages/p3/implementation/p3-w04-per-cpu-runtime/README.md,6da910c0f75c666e181b4de58662efeae3e861c1,[],no,0,,not-recorded-in-edge-assertion-ledger,,Producer output names downstream package; consumer upstream map has no matching producer entry. Asymmetry is recorded; optional/feedback/stage-level semantics require source-context disposition; producer row alone does not establish consumer admission.,"Source-document contract mapping only; no runtime proof. Planned, assumed, blocked, and asymmetric records remain at their stated admission boundaries."
P8-W06,P4-W01,P8→P4,docs/stages/p8/plans/p8-w06-psci-virtualization.md,6a9441706889e1216170acb1bb6dc7b00623e83f,docs/stages/p8/implementation/p8-w06-psci-virtualization/README.md,6ff1b1931f0fa6c117df953b0a30bee461f92e3a,"[{""consumers"":[""P8-W03"",""P8-W04"",""P8-W05"",""P8-W10"",""P8-W14"",""P8-W16"",""P3-W01"",""P3-W04"",""P4-W01"",""P7-W02""],""evidence"":""docs/stages/p8/implementation/p8-w06-psci-virtualization/README.md"",""failure"":""No implementation published; unresolved input routes to W02/owner ADR or architecture review"",""item"":""Standard PSCI semantic categories, state transitions and malformed-parameter outcomes"",""lifetime"":""Proposed design lifetime; consumers must not treat as approved/frozen"",""owner"":""P8 package owner; machine values W02 gate"",""type_or_unit"":""Versioned machine-facing facts, behavior classes, or scenario IDs as described; no code ABI"",""verification_owner"":""P8-W06 verification owner""}]",yes,docs/stages/p4/plans/p4-w01-entry-contract-reconciliation.md,7ef7f6401544c9ec4a4b578904fe0eb1e7b54275,docs/stages/p4/implementation/p4-w01-entry-contract-reconciliation/README.md,a3f10c98ee3805c85011ea792f6c907f913aab23,[],no,0,,not-recorded-in-edge-assertion-ledger,,Producer output names downstream package; consumer upstream map has no matching producer entry. Asymmetry is recorded; optional/feedback/stage-level semantics require source-context disposition; producer row alone does not establish consumer admission.,"Source-document contract mapping only; no runtime proof. Planned, assumed, blocked, and asymmetric records remain at their stated admission boundaries."
P8-W06,P7-W02,P8→P7,docs/stages/p8/plans/p8-w06-psci-virtualization.md,6a9441706889e1216170acb1bb6dc7b00623e83f,docs/stages/p8/implementation/p8-w06-psci-virtualization/README.md,6ff1b1931f0fa6c117df953b0a30bee461f92e3a,"[{""consumers"":[""P8-W03"",""P8-W04"",""P8-W05"",""P8-W10"",""P8-W14"",""P8-W16"",""P3-W01"",""P3-W04"",""P4-W01"",""P7-W02""],""evidence"":""docs/stages/p8/implementation/p8-w06-psci-virtualization/README.md"",""failure"":""No implementation published; unresolved input routes to W02/owner ADR or architecture review"",""item"":""Standard PSCI semantic categories, state transitions and malformed-parameter outcomes"",""lifetime"":""Proposed design lifetime; consumers must not treat as approved/frozen"",""owner"":""P8 package owner; machine values W02 gate"",""type_or_unit"":""Versioned machine-facing facts, behavior classes, or scenario IDs as described; no code ABI"",""verification_owner"":""P8-W06 verification owner""}]",yes,docs/stages/p7/plans/p7-w02-scheduler-admission-lifecycle.md,d8f48fbe3ab422f9c776b430f17865675ea33be3,docs/stages/p7/implementation/p7-w02-scheduler-admission-lifecycle/README.md,9430c0cc932e94bdcdec31024fe3047c5da393f4,[],no,0,,not-recorded-in-edge-assertion-ledger,,Producer output names downstream package; consumer upstream map has no matching producer entry. Asymmetry is recorded; optional/feedback/stage-level semantics require source-context disposition; producer row alone does not establish consumer admission.,"Source-document contract mapping only; no runtime proof. Planned, assumed, blocked, and asymmetric records remain at their stated admission boundaries."
P8-W07,P4-W02,P8→P4,docs/stages/p8/plans/p8-w07-linux-vgicv3.md,b5f31a208bbdf26efc393f0209b604a2a8157774,docs/stages/p8/implementation/p8-w07-linux-vgicv3/README.md,c924a644e11c73c918261e3a5c01b26a9eeb5d8a,"[{""consumers"":[""P8-W04"",""P8-W08"",""P8-W09"",""P8-W10"",""P8-W16"",""P8-W18"",""P6-W03"",""P6-W07"",""P6-W08"",""P4-W02""],""evidence"":""docs/stages/p8/implementation/p8-w07-linux-vgicv3/README.md"",""failure"":""No implementation published; unresolved input routes to W02/owner ADR or architecture review"",""item"":""Linux GICv3-visible MMIO, SGI/PPI/SPI flows, interrupt matrix"",""lifetime"":""Proposed design lifetime; consumers must not treat as approved/frozen"",""owner"":""P8 package owner; machine values W02 gate"",""type_or_unit"":""Versioned machine-facing facts, behavior classes, or scenario IDs as described; no code ABI"",""verification_owner"":""P8-W07 verification owner""}]",yes,docs/stages/p4/plans/p4-w02-stage2-address-space.md,9df9c006806f36ba5a2118c4b0be8ccf7460fae7,docs/stages/p4/implementation/p4-w02-stage2-address-space/README.md,beb84d79abedb5dc81f881193f09920c27916afb,[],no,0,,not-recorded-in-edge-assertion-ledger,,Producer output names downstream package; consumer upstream map has no matching producer entry. Asymmetry is recorded; optional/feedback/stage-level semantics require source-context disposition; producer row alone does not establish consumer admission.,"Source-document contract mapping only; no runtime proof. Planned, assumed, blocked, and asymmetric records remain at their stated admission boundaries."
P8-W07,P6-W03,P8→P6,docs/stages/p8/plans/p8-w07-linux-vgicv3.md,b5f31a208bbdf26efc393f0209b604a2a8157774,docs/stages/p8/implementation/p8-w07-linux-vgicv3/README.md,c924a644e11c73c918261e3a5c01b26a9eeb5d8a,"[{""consumers"":[""P8-W04"",""P8-W08"",""P8-W09"",""P8-W10"",""P8-W16"",""P8-W18"",""P6-W03"",""P6-W07"",""P6-W08"",""P4-W02""],""evidence"":""docs/stages/p8/implementation/p8-w07-linux-vgicv3/README.md"",""failure"":""No implementation published; unresolved input routes to W02/owner ADR or architecture review"",""item"":""Linux GICv3-visible MMIO, SGI/PPI/SPI flows, interrupt matrix"",""lifetime"":""Proposed design lifetime; consumers must not treat as approved/frozen"",""owner"":""P8 package owner; machine values W02 gate"",""type_or_unit"":""Versioned machine-facing facts, behavior classes, or scenario IDs as described; no code ABI"",""verification_owner"":""P8-W07 verification owner""}]",yes,docs/stages/p6/plans/p6-w03-physical-interrupt-lifecycle.md,f4afd07f0d5d316d6ecb4f8f06a8a5c0bde1a6b2,docs/stages/p6/implementation/p6-w03-physical-interrupt-lifecycle/README.md,b2c28e53b0a909bae72a869bb6e14685055cd798,[],no,0,,not-recorded-in-edge-assertion-ledger,,Producer output names downstream package; consumer upstream map has no matching producer entry. Asymmetry is recorded; optional/feedback/stage-level semantics require source-context disposition; producer row alone does not establish consumer admission.,"Source-document contract mapping only; no runtime proof. Planned, assumed, blocked, and asymmetric records remain at their stated admission boundaries."
P8-W07,P6-W07,P8→P6,docs/stages/p8/plans/p8-w07-linux-vgicv3.md,b5f31a208bbdf26efc393f0209b604a2a8157774,docs/stages/p8/implementation/p8-w07-linux-vgicv3/README.md,c924a644e11c73c918261e3a5c01b26a9eeb5d8a,"[{""consumers"":[""P8-W04"",""P8-W08"",""P8-W09"",""P8-W10"",""P8-W16"",""P8-W18"",""P6-W03"",""P6-W07"",""P6-W08"",""P4-W02""],""evidence"":""docs/stages/p8/implementation/p8-w07-linux-vgicv3/README.md"",""failure"":""No implementation published; unresolved input routes to W02/owner ADR or architecture review"",""item"":""Linux GICv3-visible MMIO, SGI/PPI/SPI flows, interrupt matrix"",""lifetime"":""Proposed design lifetime; consumers must not treat as approved/frozen"",""owner"":""P8 package owner; machine values W02 gate"",""type_or_unit"":""Versioned machine-facing facts, behavior classes, or scenario IDs as described; no code ABI"",""verification_owner"":""P8-W07 verification owner""}]",yes,docs/stages/p6/plans/p6-w07-virtual-interrupt-core.md,10f2e18fd49c9bd8ce429f1973dd2c09e85d2a99,docs/stages/p6/implementation/p6-w07-virtual-interrupt-core/README.md,14b4e066f4de0becc42c6f6d7346c27c9cd25276,[],no,0,,not-recorded-in-edge-assertion-ledger,,Producer output names downstream package; consumer upstream map has no matching producer entry. Asymmetry is recorded; optional/feedback/stage-level semantics require source-context disposition; producer row alone does not establish consumer admission.,"Source-document contract mapping only; no runtime proof. Planned, assumed, blocked, and asymmetric records remain at their stated admission boundaries."
P8-W07,P6-W08,P8→P6,docs/stages/p8/plans/p8-w07-linux-vgicv3.md,b5f31a208bbdf26efc393f0209b604a2a8157774,docs/stages/p8/implementation/p8-w07-linux-vgicv3/README.md,c924a644e11c73c918261e3a5c01b26a9eeb5d8a,"[{""consumers"":[""P8-W04"",""P8-W08"",""P8-W09"",""P8-W10"",""P8-W16"",""P8-W18"",""P6-W03"",""P6-W07"",""P6-W08"",""P4-W02""],""evidence"":""docs/stages/p8/implementation/p8-w07-linux-vgicv3/README.md"",""failure"":""No implementation published; unresolved input routes to W02/owner ADR or architecture review"",""item"":""Linux GICv3-visible MMIO, SGI/PPI/SPI flows, interrupt matrix"",""lifetime"":""Proposed design lifetime; consumers must not treat as approved/frozen"",""owner"":""P8 package owner; machine values W02 gate"",""type_or_unit"":""Versioned machine-facing facts, behavior classes, or scenario IDs as described; no code ABI"",""verification_owner"":""P8-W07 verification owner""}]",yes,docs/stages/p6/plans/p6-w08-gic-virtualization-interface.md,b8aa3f68cf423ab10ad9900ed408b981f64cfca0,docs/stages/p6/implementation/p6-w08-gic-virtualization-interface/README.md,af5cbbeeb39bf51876485d8ebe01430948c43c0f,[],no,0,,not-recorded-in-edge-assertion-ledger,,Producer output names downstream package; consumer upstream map has no matching producer entry. Asymmetry is recorded; optional/feedback/stage-level semantics require source-context disposition; producer row alone does not establish consumer admission.,"Source-document contract mapping only; no runtime proof. Planned, assumed, blocked, and asymmetric records remain at their stated admission boundaries."
P8-W08,P6-W05,P8→P6,docs/stages/p8/plans/p8-w08-linux-timer-integration.md,7ea492ed8180ac4451602b1cdfa80acfad5106ca,docs/stages/p8/implementation/p8-w08-linux-timer-integration/README.md,7aefac5e52dbc820bb74f59ec443cfd92b169752,"[{""consumers"":[""P8-W04"",""P8-W09"",""P8-W10"",""P8-W11"",""P8-W16"",""P8-W18"",""P6-W05"",""P6-W06"",""P6-W07"",""P7-W02"",""P7-W06""],""evidence"":""docs/stages/p8/implementation/p8-w08-linux-timer-integration/README.md"",""failure"":""No implementation published; unresolved input routes to W02/owner ADR or architecture review"",""item"":""Linux virtual counter and per-vCPU timer semantics; delivery/rearm/wakeup scenarios"",""lifetime"":""Proposed design lifetime; consumers must not treat as approved/frozen"",""owner"":""P8 package owner; machine values W02 gate"",""type_or_unit"":""Versioned machine-facing facts, behavior classes, or scenario IDs as described; no code ABI"",""verification_owner"":""P8-W08 verification owner""}]",yes,docs/stages/p6/plans/p6-w05-el2-generic-timer.md,9e447a3ca4c2e1375ce92a2efa7d192cd828ef13,docs/stages/p6/implementation/p6-w05-el2-generic-timer/README.md,6439f3544a7555fe1a66a41c520a398bb139ce8a,[],no,0,,not-recorded-in-edge-assertion-ledger,,Producer output names downstream package; consumer upstream map has no matching producer entry. Asymmetry is recorded; optional/feedback/stage-level semantics require source-context disposition; producer row alone does not establish consumer admission.,"Source-document contract mapping only; no runtime proof. Planned, assumed, blocked, and asymmetric records remain at their stated admission boundaries."
P8-W08,P6-W06,P8→P6,docs/stages/p8/plans/p8-w08-linux-timer-integration.md,7ea492ed8180ac4451602b1cdfa80acfad5106ca,docs/stages/p8/implementation/p8-w08-linux-timer-integration/README.md,7aefac5e52dbc820bb74f59ec443cfd92b169752,"[{""consumers"":[""P8-W04"",""P8-W09"",""P8-W10"",""P8-W11"",""P8-W16"",""P8-W18"",""P6-W05"",""P6-W06"",""P6-W07"",""P7-W02"",""P7-W06""],""evidence"":""docs/stages/p8/implementation/p8-w08-linux-timer-integration/README.md"",""failure"":""No implementation published; unresolved input routes to W02/owner ADR or architecture review"",""item"":""Linux virtual counter and per-vCPU timer semantics; delivery/rearm/wakeup scenarios"",""lifetime"":""Proposed design lifetime; consumers must not treat as approved/frozen"",""owner"":""P8 package owner; machine values W02 gate"",""type_or_unit"":""Versioned machine-facing facts, behavior classes, or scenario IDs as described; no code ABI"",""verification_owner"":""P8-W08 verification owner""}]",yes,docs/stages/p6/plans/p6-w06-guest-generic-timer.md,22e70c30b2becaf12b74c932be15851e7ef9e231,docs/stages/p6/implementation/p6-w06-guest-generic-timer/README.md,d96fea14f2386d05cdde192f8d8bbad58c0b7bac,[],no,0,,not-recorded-in-edge-assertion-ledger,,Producer output names downstream package; consumer upstream map has no matching producer entry. Asymmetry is recorded; optional/feedback/stage-level semantics require source-context disposition; producer row alone does not establish consumer admission.,"Source-document contract mapping only; no runtime proof. Planned, assumed, blocked, and asymmetric records remain at their stated admission boundaries."
P8-W08,P6-W07,P8→P6,docs/stages/p8/plans/p8-w08-linux-timer-integration.md,7ea492ed8180ac4451602b1cdfa80acfad5106ca,docs/stages/p8/implementation/p8-w08-linux-timer-integration/README.md,7aefac5e52dbc820bb74f59ec443cfd92b169752,"[{""consumers"":[""P8-W04"",""P8-W09"",""P8-W10"",""P8-W11"",""P8-W16"",""P8-W18"",""P6-W05"",""P6-W06"",""P6-W07"",""P7-W02"",""P7-W06""],""evidence"":""docs/stages/p8/implementation/p8-w08-linux-timer-integration/README.md"",""failure"":""No implementation published; unresolved input routes to W02/owner ADR or architecture review"",""item"":""Linux virtual counter and per-vCPU timer semantics; delivery/rearm/wakeup scenarios"",""lifetime"":""Proposed design lifetime; consumers must not treat as approved/frozen"",""owner"":""P8 package owner; machine values W02 gate"",""type_or_unit"":""Versioned machine-facing facts, behavior classes, or scenario IDs as described; no code ABI"",""verification_owner"":""P8-W08 verification owner""}]",yes,docs/stages/p6/plans/p6-w07-virtual-interrupt-core.md,10f2e18fd49c9bd8ce429f1973dd2c09e85d2a99,docs/stages/p6/implementation/p6-w07-virtual-interrupt-core/README.md,14b4e066f4de0becc42c6f6d7346c27c9cd25276,[],no,0,,not-recorded-in-edge-assertion-ledger,,Producer output names downstream package; consumer upstream map has no matching producer entry. Asymmetry is recorded; optional/feedback/stage-level semantics require source-context disposition; producer row alone does not establish consumer admission.,"Source-document contract mapping only; no runtime proof. Planned, assumed, blocked, and asymmetric records remain at their stated admission boundaries."
P8-W08,P7-W02,P8→P7,docs/stages/p8/plans/p8-w08-linux-timer-integration.md,7ea492ed8180ac4451602b1cdfa80acfad5106ca,docs/stages/p8/implementation/p8-w08-linux-timer-integration/README.md,7aefac5e52dbc820bb74f59ec443cfd92b169752,"[{""consumers"":[""P8-W04"",""P8-W09"",""P8-W10"",""P8-W11"",""P8-W16"",""P8-W18"",""P6-W05"",""P6-W06"",""P6-W07"",""P7-W02"",""P7-W06""],""evidence"":""docs/stages/p8/implementation/p8-w08-linux-timer-integration/README.md"",""failure"":""No implementation published; unresolved input routes to W02/owner ADR or architecture review"",""item"":""Linux virtual counter and per-vCPU timer semantics; delivery/rearm/wakeup scenarios"",""lifetime"":""Proposed design lifetime; consumers must not treat as approved/frozen"",""owner"":""P8 package owner; machine values W02 gate"",""type_or_unit"":""Versioned machine-facing facts, behavior classes, or scenario IDs as described; no code ABI"",""verification_owner"":""P8-W08 verification owner""}]",yes,docs/stages/p7/plans/p7-w02-scheduler-admission-lifecycle.md,d8f48fbe3ab422f9c776b430f17865675ea33be3,docs/stages/p7/implementation/p7-w02-scheduler-admission-lifecycle/README.md,9430c0cc932e94bdcdec31024fe3047c5da393f4,[],no,0,,not-recorded-in-edge-assertion-ledger,,Producer output names downstream package; consumer upstream map has no matching producer entry. Asymmetry is recorded; optional/feedback/stage-level semantics require source-context disposition; producer row alone does not establish consumer admission.,"Source-document contract mapping only; no runtime proof. Planned, assumed, blocked, and asymmetric records remain at their stated admission boundaries."
P8-W08,P7-W06,P8→P7,docs/stages/p8/plans/p8-w08-linux-timer-integration.md,7ea492ed8180ac4451602b1cdfa80acfad5106ca,docs/stages/p8/implementation/p8-w08-linux-timer-integration/README.md,7aefac5e52dbc820bb74f59ec443cfd92b169752,"[{""consumers"":[""P8-W04"",""P8-W09"",""P8-W10"",""P8-W11"",""P8-W16"",""P8-W18"",""P6-W05"",""P6-W06"",""P6-W07"",""P7-W02"",""P7-W06""],""evidence"":""docs/stages/p8/implementation/p8-w08-linux-timer-integration/README.md"",""failure"":""No implementation published; unresolved input routes to W02/owner ADR or architecture review"",""item"":""Linux virtual counter and per-vCPU timer semantics; delivery/rearm/wakeup scenarios"",""lifetime"":""Proposed design lifetime; consumers must not treat as approved/frozen"",""owner"":""P8 package owner; machine values W02 gate"",""type_or_unit"":""Versioned machine-facing facts, behavior classes, or scenario IDs as described; no code ABI"",""verification_owner"":""P8-W08 verification owner""}]",yes,docs/stages/p7/plans/p7-w06-block-wakeup.md,28df6b8e46c6d358aa389dedd2f6a0254e1ea21f,docs/stages/p7/implementation/p7-w06-block-wakeup/README.md,fdd3ffb334b53e9ab7e42fc3d7056f82396dc0c6,[],no,0,,not-recorded-in-edge-assertion-ledger,,Producer output names downstream package; consumer upstream map has no matching producer entry. Asymmetry is recorded; optional/feedback/stage-level semantics require source-context disposition; producer row alone does not establish consumer admission.,"Source-document contract mapping only; no runtime proof. Planned, assumed, blocked, and asymmetric records remain at their stated admission boundaries."
P8-W09,P4-W02,P8→P4,docs/stages/p8/plans/p8-w09-virtual-console-single-cpu-linux.md,71e46a15592d77766c689d5168b27e69e72719ab,docs/stages/p8/implementation/p8-w09-virtual-console-single-cpu-linux/README.md,f1ce54e559f1dc793d545066d062fc57d4f5a375,"[{""consumers"":[""P8-W03"",""P8-W04"",""P8-W07"",""P8-W08"",""P8-W15"",""P8-W16"",""P8-W18"",""P9 future"",""P4-W02"",""P5-W10""],""evidence"":""docs/stages/p8/implementation/p8-w09-virtual-console-single-cpu-linux/README.md"",""failure"":""No implementation published; unresolved input routes to W02/owner ADR or architecture review"",""item"":""Non-Virtio console contract, host/guest IO separation, one-vCPU Linux shell path and boot markers"",""lifetime"":""Proposed design lifetime; consumers must not treat as approved/frozen"",""owner"":""P8 package owner; machine values W02 gate"",""type_or_unit"":""Versioned machine-facing facts, behavior classes, or scenario IDs as described; no code ABI"",""verification_owner"":""P8-W09 verification owner""}]",yes,docs/stages/p4/plans/p4-w02-stage2-address-space.md,9df9c006806f36ba5a2118c4b0be8ccf7460fae7,docs/stages/p4/implementation/p4-w02-stage2-address-space/README.md,beb84d79abedb5dc81f881193f09920c27916afb,[],no,0,,not-recorded-in-edge-assertion-ledger,,Producer output names downstream package; consumer upstream map has no matching producer entry. Asymmetry is recorded; optional/feedback/stage-level semantics require source-context disposition; producer row alone does not establish consumer admission.,"Source-document contract mapping only; no runtime proof. Planned, assumed, blocked, and asymmetric records remain at their stated admission boundaries."
P8-W09,P5-W10,P8→P5,docs/stages/p8/plans/p8-w09-virtual-console-single-cpu-linux.md,71e46a15592d77766c689d5168b27e69e72719ab,docs/stages/p8/implementation/p8-w09-virtual-console-single-cpu-linux/README.md,f1ce54e559f1dc793d545066d062fc57d4f5a375,"[{""consumers"":[""P8-W03"",""P8-W04"",""P8-W07"",""P8-W08"",""P8-W15"",""P8-W16"",""P8-W18"",""P9 future"",""P4-W02"",""P5-W10""],""evidence"":""docs/stages/p8/implementation/p8-w09-virtual-console-single-cpu-linux/README.md"",""failure"":""No implementation published; unresolved input routes to W02/owner ADR or architecture review"",""item"":""Non-Virtio console contract, host/guest IO separation, one-vCPU Linux shell path and boot markers"",""lifetime"":""Proposed design lifetime; consumers must not treat as approved/frozen"",""owner"":""P8 package owner; machine values W02 gate"",""type_or_unit"":""Versioned machine-facing facts, behavior classes, or scenario IDs as described; no code ABI"",""verification_owner"":""P8-W09 verification owner""}]",yes,docs/stages/p5/plans/p5-w10-closeout-p6-handoff.md,7a48a98d614e29a41087898fb3d770df62e014ea,docs/stages/p5/implementation/p5-w10-closeout-p6-handoff/README.md,a7121da52de479a05d734681064042f4d2683a9d,[],no,0,,not-recorded-in-edge-assertion-ledger,,Producer output names downstream package; consumer upstream map has no matching producer entry. Asymmetry is recorded; optional/feedback/stage-level semantics require source-context disposition; producer row alone does not establish consumer admission.,"Source-document contract mapping only; no runtime proof. Planned, assumed, blocked, and asymmetric records remain at their stated admission boundaries."
P8-W10,P3-W01,P8→P3,docs/stages/p8/plans/p8-w10-linux-smp-bringup.md,0ff7b9680051cdded7a90f726b0d5082a71859f4,docs/stages/p8/implementation/p8-w10-linux-smp-bringup/README.md,98c477cbc80800259c639726266cba1122d9d4f1,"[{""consumers"":[""P8-W04"",""P8-W06"",""P8-W07"",""P8-W08"",""P8-W09"",""P8-W11"",""P8-W13"",""P8-W14"",""P8-W15"",""P8-W16"",""P3-W01"",""P3-W04"",""P3-W08"",""P6-W04"",""P6-W05"",""P7-W02"",""P7-W09""],""evidence"":""docs/stages/p8/implementation/p8-w10-linux-smp-bringup/README.md"",""failure"":""No implementation published; unresolved input routes to W02/owner ADR or architecture review"",""item"":""2/4-vCPU Linux bringup and named stability scenario semantics; no stress runner"",""lifetime"":""Proposed design lifetime; consumers must not treat as approved/frozen"",""owner"":""P8 package owner; machine values W02 gate"",""type_or_unit"":""Versioned machine-facing facts, behavior classes, or scenario IDs as described; no code ABI"",""verification_owner"":""P8-W10 verification owner""}]",yes,docs/stages/p3/plans/p3-w01-cpu-topology-inputs.md,438efbad3b2719e1838f695ed37f540a1c46adc2,docs/stages/p3/implementation/p3-w01-cpu-topology-inputs/README.md,2f49e365b3fee536054fa65d97519c0c00ebc54a,[],no,0,,not-recorded-in-edge-assertion-ledger,,Producer output names downstream package; consumer upstream map has no matching producer entry. Asymmetry is recorded; optional/feedback/stage-level semantics require source-context disposition; producer row alone does not establish consumer admission.,"Source-document contract mapping only; no runtime proof. Planned, assumed, blocked, and asymmetric records remain at their stated admission boundaries."
P8-W10,P3-W04,P8→P3,docs/stages/p8/plans/p8-w10-linux-smp-bringup.md,0ff7b9680051cdded7a90f726b0d5082a71859f4,docs/stages/p8/implementation/p8-w10-linux-smp-bringup/README.md,98c477cbc80800259c639726266cba1122d9d4f1,"[{""consumers"":[""P8-W04"",""P8-W06"",""P8-W07"",""P8-W08"",""P8-W09"",""P8-W11"",""P8-W13"",""P8-W14"",""P8-W15"",""P8-W16"",""P3-W01"",""P3-W04"",""P3-W08"",""P6-W04"",""P6-W05"",""P7-W02"",""P7-W09""],""evidence"":""docs/stages/p8/implementation/p8-w10-linux-smp-bringup/README.md"",""failure"":""No implementation published; unresolved input routes to W02/owner ADR or architecture review"",""item"":""2/4-vCPU Linux bringup and named stability scenario semantics; no stress runner"",""lifetime"":""Proposed design lifetime; consumers must not treat as approved/frozen"",""owner"":""P8 package owner; machine values W02 gate"",""type_or_unit"":""Versioned machine-facing facts, behavior classes, or scenario IDs as described; no code ABI"",""verification_owner"":""P8-W10 verification owner""}]",yes,docs/stages/p3/plans/p3-w04-per-cpu-runtime.md,0d0439705b6ee6def35b9ce09963cb13cb68fdb1,docs/stages/p3/implementation/p3-w04-per-cpu-runtime/README.md,6da910c0f75c666e181b4de58662efeae3e861c1,[],no,0,,not-recorded-in-edge-assertion-ledger,,Producer output names downstream package; consumer upstream map has no matching producer entry. Asymmetry is recorded; optional/feedback/stage-level semantics require source-context disposition; producer row alone does not establish consumer admission.,"Source-document contract mapping only; no runtime proof. Planned, assumed, blocked, and asymmetric records remain at their stated admission boundaries."
P8-W10,P3-W08,P8→P3,docs/stages/p8/plans/p8-w10-linux-smp-bringup.md,0ff7b9680051cdded7a90f726b0d5082a71859f4,docs/stages/p8/implementation/p8-w10-linux-smp-bringup/README.md,98c477cbc80800259c639726266cba1122d9d4f1,"[{""consumers"":[""P8-W04"",""P8-W06"",""P8-W07"",""P8-W08"",""P8-W09"",""P8-W11"",""P8-W13"",""P8-W14"",""P8-W15"",""P8-W16"",""P3-W01"",""P3-W04"",""P3-W08"",""P6-W04"",""P6-W05"",""P7-W02"",""P7-W09""],""evidence"":""docs/stages/p8/implementation/p8-w10-linux-smp-bringup/README.md"",""failure"":""No implementation published; unresolved input routes to W02/owner ADR or architecture review"",""item"":""2/4-vCPU Linux bringup and named stability scenario semantics; no stress runner"",""lifetime"":""Proposed design lifetime; consumers must not treat as approved/frozen"",""owner"":""P8 package owner; machine values W02 gate"",""type_or_unit"":""Versioned machine-facing facts, behavior classes, or scenario IDs as described; no code ABI"",""verification_owner"":""P8-W10 verification owner""}]",yes,docs/stages/p3/plans/p3-w08-tlb-shootdown-transport.md,dea8fcc3d48914d2dc4129747bcf4c009f47edaa,docs/stages/p3/implementation/p3-w08-tlb-shootdown-transport/README.md,408942cefc2135d3609936564803a3dceb7e5fa1,[],no,0,,not-recorded-in-edge-assertion-ledger,,Producer output names downstream package; consumer upstream map has no matching producer entry. Asymmetry is recorded; optional/feedback/stage-level semantics require source-context disposition; producer row alone does not establish consumer admission.,"Source-document contract mapping only; no runtime proof. Planned, assumed, blocked, and asymmetric records remain at their stated admission boundaries."
P8-W10,P6-W04,P8→P6,docs/stages/p8/plans/p8-w10-linux-smp-bringup.md,0ff7b9680051cdded7a90f726b0d5082a71859f4,docs/stages/p8/implementation/p8-w10-linux-smp-bringup/README.md,98c477cbc80800259c639726266cba1122d9d4f1,"[{""consumers"":[""P8-W04"",""P8-W06"",""P8-W07"",""P8-W08"",""P8-W09"",""P8-W11"",""P8-W13"",""P8-W14"",""P8-W15"",""P8-W16"",""P3-W01"",""P3-W04"",""P3-W08"",""P6-W04"",""P6-W05"",""P7-W02"",""P7-W09""],""evidence"":""docs/stages/p8/implementation/p8-w10-linux-smp-bringup/README.md"",""failure"":""No implementation published; unresolved input routes to W02/owner ADR or architecture review"",""item"":""2/4-vCPU Linux bringup and named stability scenario semantics; no stress runner"",""lifetime"":""Proposed design lifetime; consumers must not treat as approved/frozen"",""owner"":""P8 package owner; machine values W02 gate"",""type_or_unit"":""Versioned machine-facing facts, behavior classes, or scenario IDs as described; no code ABI"",""verification_owner"":""P8-W10 verification owner""}]",yes,docs/stages/p6/plans/p6-w04-smp-interrupt-routing-sgi.md,44aece53438440d65c2c45af1063fc035580bd7b,docs/stages/p6/implementation/p6-w04-smp-interrupt-routing-sgi/README.md,064ff69a4d71728c335a477f717a2d9e57b1051e,[],no,0,,not-recorded-in-edge-assertion-ledger,,Producer output names downstream package; consumer upstream map has no matching producer entry. Asymmetry is recorded; optional/feedback/stage-level semantics require source-context disposition; producer row alone does not establish consumer admission.,"Source-document contract mapping only; no runtime proof. Planned, assumed, blocked, and asymmetric records remain at their stated admission boundaries."
P8-W10,P6-W05,P8→P6,docs/stages/p8/plans/p8-w10-linux-smp-bringup.md,0ff7b9680051cdded7a90f726b0d5082a71859f4,docs/stages/p8/implementation/p8-w10-linux-smp-bringup/README.md,98c477cbc80800259c639726266cba1122d9d4f1,"[{""consumers"":[""P8-W04"",""P8-W06"",""P8-W07"",""P8-W08"",""P8-W09"",""P8-W11"",""P8-W13"",""P8-W14"",""P8-W15"",""P8-W16"",""P3-W01"",""P3-W04"",""P3-W08"",""P6-W04"",""P6-W05"",""P7-W02"",""P7-W09""],""evidence"":""docs/stages/p8/implementation/p8-w10-linux-smp-bringup/README.md"",""failure"":""No implementation published; unresolved input routes to W02/owner ADR or architecture review"",""item"":""2/4-vCPU Linux bringup and named stability scenario semantics; no stress runner"",""lifetime"":""Proposed design lifetime; consumers must not treat as approved/frozen"",""owner"":""P8 package owner; machine values W02 gate"",""type_or_unit"":""Versioned machine-facing facts, behavior classes, or scenario IDs as described; no code ABI"",""verification_owner"":""P8-W10 verification owner""}]",yes,docs/stages/p6/plans/p6-w05-el2-generic-timer.md,9e447a3ca4c2e1375ce92a2efa7d192cd828ef13,docs/stages/p6/implementation/p6-w05-el2-generic-timer/README.md,6439f3544a7555fe1a66a41c520a398bb139ce8a,[],no,0,,not-recorded-in-edge-assertion-ledger,,Producer output names downstream package; consumer upstream map has no matching producer entry. Asymmetry is recorded; optional/feedback/stage-level semantics require source-context disposition; producer row alone does not establish consumer admission.,"Source-document contract mapping only; no runtime proof. Planned, assumed, blocked, and asymmetric records remain at their stated admission boundaries."
P8-W10,P7-W02,P8→P7,docs/stages/p8/plans/p8-w10-linux-smp-bringup.md,0ff7b9680051cdded7a90f726b0d5082a71859f4,docs/stages/p8/implementation/p8-w10-linux-smp-bringup/README.md,98c477cbc80800259c639726266cba1122d9d4f1,"[{""consumers"":[""P8-W04"",""P8-W06"",""P8-W07"",""P8-W08"",""P8-W09"",""P8-W11"",""P8-W13"",""P8-W14"",""P8-W15"",""P8-W16"",""P3-W01"",""P3-W04"",""P3-W08"",""P6-W04"",""P6-W05"",""P7-W02"",""P7-W09""],""evidence"":""docs/stages/p8/implementation/p8-w10-linux-smp-bringup/README.md"",""failure"":""No implementation published; unresolved input routes to W02/owner ADR or architecture review"",""item"":""2/4-vCPU Linux bringup and named stability scenario semantics; no stress runner"",""lifetime"":""Proposed design lifetime; consumers must not treat as approved/frozen"",""owner"":""P8 package owner; machine values W02 gate"",""type_or_unit"":""Versioned machine-facing facts, behavior classes, or scenario IDs as described; no code ABI"",""verification_owner"":""P8-W10 verification owner""}]",yes,docs/stages/p7/plans/p7-w02-scheduler-admission-lifecycle.md,d8f48fbe3ab422f9c776b430f17865675ea33be3,docs/stages/p7/implementation/p7-w02-scheduler-admission-lifecycle/README.md,9430c0cc932e94bdcdec31024fe3047c5da393f4,[],no,0,,not-recorded-in-edge-assertion-ledger,,Producer output names downstream package; consumer upstream map has no matching producer entry. Asymmetry is recorded; optional/feedback/stage-level semantics require source-context disposition; producer row alone does not establish consumer admission.,"Source-document contract mapping only; no runtime proof. Planned, assumed, blocked, and asymmetric records remain at their stated admission boundaries."
P8-W10,P7-W09,P8→P7,docs/stages/p8/plans/p8-w10-linux-smp-bringup.md,0ff7b9680051cdded7a90f726b0d5082a71859f4,docs/stages/p8/implementation/p8-w10-linux-smp-bringup/README.md,98c477cbc80800259c639726266cba1122d9d4f1,"[{""consumers"":[""P8-W04"",""P8-W06"",""P8-W07"",""P8-W08"",""P8-W09"",""P8-W11"",""P8-W13"",""P8-W14"",""P8-W15"",""P8-W16"",""P3-W01"",""P3-W04"",""P3-W08"",""P6-W04"",""P6-W05"",""P7-W02"",""P7-W09""],""evidence"":""docs/stages/p8/implementation/p8-w10-linux-smp-bringup/README.md"",""failure"":""No implementation published; unresolved input routes to W02/owner ADR or architecture review"",""item"":""2/4-vCPU Linux bringup and named stability scenario semantics; no stress runner"",""lifetime"":""Proposed design lifetime; consumers must not treat as approved/frozen"",""owner"":""P8 package owner; machine values W02 gate"",""type_or_unit"":""Versioned machine-facing facts, behavior classes, or scenario IDs as described; no code ABI"",""verification_owner"":""P8-W10 verification owner""}]",yes,docs/stages/p7/plans/p7-w09-accounting-diagnostics.md,0175c520e5cc1e8580156391a2fa48deff179917,docs/stages/p7/implementation/p7-w09-accounting-diagnostics/README.md,3f47b51fc276544a2fd143e002ac4a64e2dbce28,[],no,0,,not-recorded-in-edge-assertion-ledger,,Producer output names downstream package; consumer upstream map has no matching producer entry. Asymmetry is recorded; optional/feedback/stage-level semantics require source-context disposition; producer row alone does not establish consumer admission.,"Source-document contract mapping only; no runtime proof. Planned, assumed, blocked, and asymmetric records remain at their stated admission boundaries."
