_package,_edge_number,producer,consumer,edge_status,contract,section/line,section,source_path,source_refs
P0-W01,1,project owner,P0-W01,verified,,§2.5 and §2.1,,docs/stages/p0/implementation/p0-w01-repository-baseline/01-artifact-contract.md,"[""docs/stages/p0/implementation/p0-w01-repository-baseline/01-artifact-contract.md""]"
P0-W01,2,P0-W01 root navigation/layout,P0-W02,implemented,,Handoff,,docs/stages/p0/plans/p0-w01-repository-baseline.md,"[""docs/stages/p0/plans/p0-w01-repository-baseline.md""]"
P0-W01,3,P0-W01 root navigation/layout,P0-W05,implemented,,Handoff,,docs/stages/p0/plans/p0-w01-repository-baseline.md,"[""docs/stages/p0/plans/p0-w01-repository-baseline.md""]"
P0-W01,4,P0-W01 root navigation/layout,P0-W19,implemented,,Handoff,,docs/stages/p0/plans/p0-w01-repository-baseline.md,"[""docs/stages/p0/plans/p0-w01-repository-baseline.md""]"
P0-W01,5,P0-W01 root navigation/layout,P0-W20,implemented,,Handoff,,docs/stages/p0/plans/p0-w01-repository-baseline.md,"[""docs/stages/p0/plans/p0-w01-repository-baseline.md""]"
P0-W02,1,P0-W01 repository baseline,P0-W02,implemented,,§1 Preconditions,,docs/stages/p0/implementation/p0-w02-rust-toolchain-baseline/02-implementation-and-review.md,"[""docs/stages/p0/implementation/p0-w02-rust-toolchain-baseline/02-implementation-and-review.md""]"
P0-W02,2,P0-W02 manifest targets mechanism,P0-W03,implemented,,Downstream handoff,,docs/stages/p0/implementation/p0-w02-rust-toolchain-baseline/README.md,"[""docs/stages/p0/implementation/p0-w02-rust-toolchain-baseline/README.md""]"
P0-W02,3,P0-W02 rustfmt/clippy presence guarantee,P0-W07,verified,,Downstream handoff,,docs/stages/p0/implementation/p0-w02-rust-toolchain-baseline/README.md,"[""docs/stages/p0/implementation/p0-w02-rust-toolchain-baseline/README.md""]"
P0-W02,4,P0-W02 restoration steps,P0-W19,verified,,Downstream handoff,,docs/stages/p0/implementation/p0-w02-rust-toolchain-baseline/README.md,"[""docs/stages/p0/implementation/p0-w02-rust-toolchain-baseline/README.md""]"
P0-W02,5,P0-W02 single-source parity policy,P0-W20,planned,,Downstream handoff,,docs/stages/p0/implementation/p0-w02-rust-toolchain-baseline/README.md,"[""docs/stages/p0/implementation/p0-w02-rust-toolchain-baseline/README.md""]"
P0-W02,6,P0-W02 baseline toolchain,P0-W08/W09,planned,,Downstream handoff final paragraph,,docs/stages/p0/implementation/p0-w02-rust-toolchain-baseline/README.md,"[""docs/stages/p0/implementation/p0-w02-rust-toolchain-baseline/README.md""]"
P0-W03,1,P0-W02 toolchain target-list mechanism,P0-W03,verified,,§2,,docs/stages/p0/implementation/p0-w03-aarch64-build-target-baseline/01-target-baseline-contract.md,"[""docs/stages/p0/implementation/p0-w03-aarch64-build-target-baseline/01-target-baseline-contract.md""]"
P0-W03,2,P0-W03 target build path,P0-W07,planned,,Handoff notes,,docs/stages/p0/implementation/p0-w03-aarch64-build-target-baseline-record.md,"[""docs/stages/p0/implementation/p0-w03-aarch64-build-target-baseline-record.md""]"
P0-W03,3,P0-W03 generated target artifact,P0-W09,planned,,Handoff notes,,docs/stages/p0/implementation/p0-w03-aarch64-build-target-baseline-record.md,"[""docs/stages/p0/implementation/p0-w03-aarch64-build-target-baseline-record.md""]"
P0-W03,4,P0-W03 identity dimensions (triple/profile/version placeholder),P0-W16/W17,planned,,Handoff notes,,docs/stages/p0/implementation/p0-w03-aarch64-build-target-baseline-record.md,"[""docs/stages/p0/implementation/p0-w03-aarch64-build-target-baseline-record.md""]"
P0-W03,5,P0-W03 build path,P0-W19/W20,planned,,Handoff notes,,docs/stages/p0/implementation/p0-w03-aarch64-build-target-baseline-record.md,"[""docs/stages/p0/implementation/p0-w03-aarch64-build-target-baseline-record.md""]"
P0-W03,6,P0-W03 placeholder extension positions,P1,planned,,Handoff notes,,docs/stages/p0/implementation/p0-w03-aarch64-build-target-baseline-record.md,"[""docs/stages/p0/implementation/p0-w03-aarch64-build-target-baseline-record.md""]"
P0-W04,1,ADR-047/037/046 profile and config semantics,P0-W04 governance,verified,,§§2-8,,docs/stages/p0/implementation/p0-w04-build-profile-feature-governance/01-governance-contract.md,"[""docs/stages/p0/implementation/p0-w04-build-profile-feature-governance/01-governance-contract.md""]"
P0-W04,2,P0-W04 switch class vocabulary,P0-W03,verified,,Handoff notes,,docs/stages/p0/implementation/p0-w04-build-profile-feature-governance-record.md,"[""docs/stages/p0/implementation/p0-w04-build-profile-feature-governance-record.md""]"
P0-W04,3,P0-W04 switch class vocabulary,P0-W07,planned,,Handoff notes,,docs/stages/p0/implementation/p0-w04-build-profile-feature-governance-record.md,"[""docs/stages/p0/implementation/p0-w04-build-profile-feature-governance-record.md""]"
P0-W04,4,P0-W04 profile semantics,P0-W16,planned,,Handoff notes,,docs/stages/p0/implementation/p0-w04-build-profile-feature-governance-record.md,"[""docs/stages/p0/implementation/p0-w04-build-profile-feature-governance-record.md""]"
P0-W04,5,P0-W04 profile/visibility boundary,P0-W12,planned,,Handoff notes,,docs/stages/p0/implementation/p0-w04-build-profile-feature-governance-record.md,"[""docs/stages/p0/implementation/p0-w04-build-profile-feature-governance-record.md""]"
P0-W04,6,P0-W04 classification procedure,P1+,planned,,Handoff notes,,docs/stages/p0/implementation/p0-w04-build-profile-feature-governance-record.md,"[""docs/stages/p0/implementation/p0-w04-build-profile-feature-governance-record.md""]"
P0-W05,1,P0-W01 documentation tree/root headers,P0-W05,implemented,,§2,,docs/stages/p0/implementation/p0-w05-documentation-baseline/01-taxonomy-and-baseline-contract.md,"[""docs/stages/p0/implementation/p0-w05-documentation-baseline/01-taxonomy-and-baseline-contract.md""]"
P0-W05,2,P0-W05 document taxonomy/header and stage locations,P0-W06,planned,,Handoff notes,,docs/stages/p0/implementation/p0-w05-documentation-baseline-record.md,"[""docs/stages/p0/implementation/p0-w05-documentation-baseline-record.md""]"
P0-W05,3,P0-W05 coherence rules,P0-W07/W20,planned,,Handoff notes,,docs/stages/p0/implementation/p0-w05-documentation-baseline-record.md,"[""docs/stages/p0/implementation/p0-w05-documentation-baseline-record.md""]"
P0-W05,4,P0-W05 stage sublocations,P0-W21,planned,,Handoff notes,,docs/stages/p0/implementation/p0-w05-documentation-baseline-record.md,"[""docs/stages/p0/implementation/p0-w05-documentation-baseline-record.md""]"
P0-W05,5,P0-W05 referencability/class inventory,P0-W10..W22 and P1+,planned,,Downstream handoff,,docs/stages/p0/implementation/p0-w05-documentation-baseline/README.md,"[""docs/stages/p0/implementation/p0-w05-documentation-baseline/README.md""]"
P0-W06,1,P0-W05 header/taxonomy convention,P0-W06 ADR docs,implemented,,§2,,docs/stages/p0/implementation/p0-w06-adr-governance/01-adr-lifecycle-contract.md,"[""docs/stages/p0/implementation/p0-w06-adr-governance/01-adr-lifecycle-contract.md""]"
P0-W06,2,P0-W06 ADR Required / Architecture Change Request path,P0-W21,planned,,Handoff notes,,docs/stages/p0/implementation/p0-w06-adr-governance-record.md,"[""docs/stages/p0/implementation/p0-w06-adr-governance-record.md""]"
P0-W06,3,P0-W06 ADR class mechanics,P0-W05,planned,,Handoff notes,,docs/stages/p0/implementation/p0-w06-adr-governance-record.md,"[""docs/stages/p0/implementation/p0-w06-adr-governance-record.md""]"
P0-W06,4,P0-W06 thresholds/ADR process,P0-W02/W03/W04/W10/W11/W14/W15/W18/W20 and later stages,planned,,Downstream handoff,,docs/stages/p0/implementation/p0-w06-adr-governance/README.md,"[""docs/stages/p0/implementation/p0-w06-adr-governance/README.md""]"
P0-W07,1,P0-W02 toolchain/components,P0-W07 QG-FMT/LINT,verified,,Prerequisite surfaces/Recorded spellings,,docs/stages/p0/implementation/p0-w07-development-quality-gates-record.md,"[""docs/stages/p0/implementation/p0-w07-development-quality-gates-record.md""]"
P0-W07,2,P0-W03 target-build entry,P0-W07 QG-BUILD-TARGET/WARN,verified,,Recorded spellings,,docs/stages/p0/implementation/p0-w07-development-quality-gates-record.md,"[""docs/stages/p0/implementation/p0-w07-development-quality-gates-record.md""]"
P0-W07,3,P0-W08 host-test entry,P0-W07 QG-TEST-HOST,verified,,QG-TEST-HOST dry run,,docs/stages/p0/verification/p0-w07-development-quality-gates-verification.md,"[""docs/stages/p0/verification/p0-w07-development-quality-gates-verification.md""]"
P0-W07,4,P0-W07 register semantics/required gate labels,P0-W20,planned,,Handoff notes,,docs/stages/p0/implementation/p0-w07-development-quality-gates-record.md,"[""docs/stages/p0/implementation/p0-w07-development-quality-gates-record.md""]"
P0-W07,5,P0-W07 dev/integration minimum sets,P0-W19,planned,,Downstream handoff,,docs/stages/p0/implementation/p0-w07-development-quality-gates/README.md,"[""docs/stages/p0/implementation/p0-w07-development-quality-gates/README.md""]"
P0-W07,6,P0-W07 future-class promotion route,"P0-W09/P1, W10, W18",planned,,Handoff notes,,docs/stages/p0/implementation/p0-w07-development-quality-gates-record.md,"[""docs/stages/p0/implementation/p0-w07-development-quality-gates-record.md""]"
P0-W08,1,P0-W03 workspace and target classes,P0-W08 host member,implemented,,Placement decision,,docs/stages/p0/implementation/p0-w08-host-side-testing-baseline-record.md,"[""docs/stages/p0/implementation/p0-w08-host-side-testing-baseline-record.md""]"
P0-W08,2,P0-W08 test entry,P0-W07 QG-TEST-HOST,verified,,W08-DV07 and test command result,,docs/stages/p0/verification/p0-w08-host-side-testing-baseline-verification.md,"[""docs/stages/p0/verification/p0-w08-host-side-testing-baseline-verification.md""]"
P0-W08,3,P0-W08 entry/proof boundary,P0-W19,planned,,Handoff notes,,docs/stages/p0/implementation/p0-w08-host-side-testing-baseline-record.md,"[""docs/stages/p0/implementation/p0-w08-host-side-testing-baseline-record.md""]"
P0-W08,4,P0-W08 entry,P0-W20,planned,,Handoff notes,,docs/stages/p0/implementation/p0-w08-host-side-testing-baseline-record.md,"[""docs/stages/p0/implementation/p0-w08-host-side-testing-baseline-record.md""]"
P0-W08,5,P0-W08 category map/non-substitution rule,P1+ modules and W09,planned,,Downstream handoff,,docs/stages/p0/implementation/p0-w08-host-side-testing-baseline/README.md,"[""docs/stages/p0/implementation/p0-w08-host-side-testing-baseline/README.md""]"
P0-W09,1,P0-W03 AArch64 artifact path,P0-W09 runner contract,implemented,,Current-state ledger / Downstream handoff,,docs/stages/p0/implementation/p0-w09-qemu-automation-entry-baseline/README.md,"[""docs/stages/p0/implementation/p0-w09-qemu-automation-entry-baseline/README.md""]"
P0-W09,2,P0-W09 invocation grammar/exit taxonomy/evidence contract,P1-W10,planned,,Downstream handoff,,docs/stages/p0/implementation/p0-w09-qemu-automation-entry-baseline/README.md,"[""docs/stages/p0/implementation/p0-w09-qemu-automation-entry-baseline/README.md""]"
P0-W09,3,P0-W09 placeholder/QEMU entry,P0-W19,planned,,Handoff notes,,docs/stages/p0/implementation/p0-w09-qemu-automation-entry-baseline-record.md,"[""docs/stages/p0/implementation/p0-w09-qemu-automation-entry-baseline-record.md""]"
P0-W09,4,P0-W09 future/non-P0 status,P0-W20,planned,,Handoff notes,,docs/stages/p0/implementation/p0-w09-qemu-automation-entry-baseline-record.md,"[""docs/stages/p0/implementation/p0-w09-qemu-automation-entry-baseline-record.md""]"
P0-W09,5,P0-W17 artifact naming rules,P0-W09 evidence naming,planned,,§7,,docs/stages/p0/implementation/p0-w09-qemu-automation-entry-baseline/01-runner-entry-contract.md,"[""docs/stages/p0/implementation/p0-w09-qemu-automation-entry-baseline/01-runner-entry-contract.md""]"
P0-W09,6,P0-W07 future-class promotion,future QEMU gate,planned,,Downstream handoff,,docs/stages/p0/implementation/p0-w09-qemu-automation-entry-baseline/README.md,"[""docs/stages/p0/implementation/p0-w09-qemu-automation-entry-baseline/README.md""]"
P0-W10,1,ADR-006 concentration constraints,P0-W10 policy,verified,,§5,,docs/stages/p0/implementation/p0-w10-unsafe-rust-governance/01-unsafe-policy-contract.md,"[""docs/stages/p0/implementation/p0-w10-unsafe-rust-governance/01-unsafe-policy-contract.md""]"
P0-W10,2,P0-W10 policy and inventory schema,P1 low-level unsafe changes,planned,,Handoff notes,,docs/stages/p0/implementation/p0-w10-unsafe-rust-governance-record.md,"[""docs/stages/p0/implementation/p0-w10-unsafe-rust-governance-record.md""]"
P0-W10,3,P0-W10 bidirectional consistency predicate,P0-W07/W20 future gate,planned,,Handoff notes,,docs/stages/p0/implementation/p0-w10-unsafe-rust-governance-record.md,"[""docs/stages/p0/implementation/p0-w10-unsafe-rust-governance-record.md""]"
P0-W10,4,P0-W10 first-party/third-party split,P0-W18 dependency intake,planned,,Handoff notes,,docs/stages/p0/implementation/p0-w10-unsafe-rust-governance-record.md,"[""docs/stages/p0/implementation/p0-w10-unsafe-rust-governance-record.md""]"
P0-W10,5,P0-W11 placement constraints,P0-W10 unsafe categories,planned,,Resolved design decisions #4 / W11 hook,,docs/stages/p0/implementation/p0-w10-unsafe-rust-governance/README.md,"[""docs/stages/p0/implementation/p0-w10-unsafe-rust-governance/README.md""]"
P0-W10,6,P0-W14 failure taxonomy,P0-W10 SAFETY/inventory failure-class field,planned,,Handoff notes,,docs/stages/p0/implementation/p0-w10-unsafe-rust-governance-record.md,"[""docs/stages/p0/implementation/p0-w10-unsafe-rust-governance-record.md""]"
P0-W11,1,ADR layering and platform-identity constraints,P0-W11 portability rules,verified,,§§2.1-2.9,,docs/stages/p0/implementation/p0-w11-platform-portability-guardrails/01-portability-rules-contract.md,"[""docs/stages/p0/implementation/p0-w11-platform-portability-guardrails/01-portability-rules-contract.md""]"
P0-W11,2,P0-W11 layer-placement rules,P0-W10 unsafe category placement,implemented,,Handoff notes,,docs/stages/p0/implementation/p0-w11-platform-portability-guardrails-record.md,"[""docs/stages/p0/implementation/p0-w11-platform-portability-guardrails-record.md""]"
P0-W11,3,P0-W11 platform-identity containment predicate,P0-W07/W20 future mechanical check,planned,,Handoff notes,,docs/stages/p0/implementation/p0-w11-platform-portability-guardrails-record.md,"[""docs/stages/p0/implementation/p0-w11-platform-portability-guardrails-record.md""]"
P0-W11,4,P0-W11 capability/normalized-description redlines,P1/P2 platform and memory/IRQ designs,planned,,W11-DV06,,docs/stages/p0/verification/p0-w11-platform-portability-guardrails-verification.md,"[""docs/stages/p0/verification/p0-w11-platform-portability-guardrails-verification.md""]"
P0-W11,5,P0-W15 address/identifier typing rules,W11 review checklist R6,planned,,§2.6 R6,,docs/stages/p0/implementation/p0-w11-platform-portability-guardrails/01-portability-rules-contract.md,"[""docs/stages/p0/implementation/p0-w11-platform-portability-guardrails/01-portability-rules-contract.md""]"
P0-W12,1,P0-W04 feature/profile policy,P0-W12 trimming classes,implemented,,§4,,docs/stages/p0/implementation/p0-w12-logging-diagnostic-baseline/01-diagnostic-channels-and-levels.md,"[""docs/stages/p0/implementation/p0-w12-logging-diagnostic-baseline/01-diagnostic-channels-and-levels.md""]"
P0-W12,2,P0-W12 channel boundaries / one-fact-one-name,P0-W13 trace namespace,planned,,Boundary with W13; W13 handoff,,docs/stages/p0/implementation/p0-w12-logging-diagnostic-baseline/README.md,"[""docs/stages/p0/implementation/p0-w12-logging-diagnostic-baseline/README.md""]"
P0-W12,3,P0-W14 failure classes,P0-W12 fatal channel/minimum,planned,,"§§1,4",,docs/stages/p0/implementation/p0-w12-logging-diagnostic-baseline/02-crash-identity-and-consumer-constraints.md,"[""docs/stages/p0/implementation/p0-w12-logging-diagnostic-baseline/02-crash-identity-and-consumer-constraints.md""]"
P0-W12,4,P0-W16 identity minimum,P0-W12 diagnostic association,planned,,§2,,docs/stages/p0/implementation/p0-w12-logging-diagnostic-baseline/02-crash-identity-and-consumer-constraints.md,"[""docs/stages/p0/implementation/p0-w12-logging-diagnostic-baseline/02-crash-identity-and-consumer-constraints.md""]"
P0-W12,5,P0-W12 channel/identity requirements,P1-W06/P1-W07,planned,,Handoff notes,,docs/stages/p0/implementation/p0-w12-logging-diagnostic-baseline-record.md,"[""docs/stages/p0/implementation/p0-w12-logging-diagnostic-baseline-record.md""]"
P0-W13,1,P0-W12 channel semantics/one-fact-one-name,P0-W13 event namespace,verified,,Handoff notes,,docs/stages/p0/implementation/p0-w13-trace-event-namespace-baseline-record.md,"[""docs/stages/p0/implementation/p0-w13-trace-event-namespace-baseline-record.md""]"
P0-W13,2,P0-W11 identity prohibition,P0-W13 canonical name grammar,verified,,§4,,docs/stages/p0/implementation/p0-w13-trace-event-namespace-baseline/01-namespace-contract.md,"[""docs/stages/p0/implementation/p0-w13-trace-event-namespace-baseline/01-namespace-contract.md""]"
P0-W13,3,P0-W13 canonical names/domain rules,P1+ telemetry event designs,planned,,Downstream handoff,,docs/stages/p0/implementation/p0-w13-trace-event-namespace-baseline/README.md,"[""docs/stages/p0/implementation/p0-w13-trace-event-namespace-baseline/README.md""]"
P0-W13,4,P0-W13 registry consistency predicate,P0-W07/W20 future check,planned,,Downstream handoff,,docs/stages/p0/implementation/p0-w13-trace-event-namespace-baseline/README.md,"[""docs/stages/p0/implementation/p0-w13-trace-event-namespace-baseline/README.md""]"
P0-W13,5,P0-W13 event names,P0-W12 trace channel identity,verified,,§7,,docs/stages/p0/implementation/p0-w13-trace-event-namespace-baseline/01-namespace-contract.md,"[""docs/stages/p0/implementation/p0-w13-trace-event-namespace-baseline/01-namespace-contract.md""]"
P0-W14,1,P0-W10 unsafe policy placeholder,P0-W14 failure taxonomy,implemented,,Deviations from the design; Handoff notes,,docs/stages/p0/implementation/p0-w14-panic-failure-classification-record.md,"[""docs/stages/p0/implementation/p0-w14-panic-failure-classification-record.md""]"
P0-W14,2,P0-W14 class permissions,P0-W12 channel content minimums/fatal reservation,implemented,,"§§1.1-1.5, 3-4",,docs/security/failure-classification.md,"[""docs/security/failure-classification.md""]"
P0-W14,3,P0-W13 event namespace,P0-W14 nonfatal trace/metric facts,implemented,,Handoff notes,,docs/stages/p0/implementation/p0-w14-panic-failure-classification-record.md,"[""docs/stages/p0/implementation/p0-w14-panic-failure-classification-record.md""]"
P0-W14,4,P0-W14 taxonomy,P1+ failure-path classification/review,planned,,§2; §4 D1-D4/C1-C4,,docs/security/failure-classification.md,"[""docs/security/failure-classification.md""]"
P0-W14,5,P0-W14 input-source rule,P5 management ABI error-boundary classification,planned,,§2 input-source rule,,docs/security/failure-classification.md,"[""docs/security/failure-classification.md""]"
P0-W15,1,P0-W15 address semantics/red lines,P1 address-space and fault-report designs,planned,,Handoff notes: P1 address-space authors,,docs/stages/p0/implementation/p0-w15-address-identifier-type-safety-record.md,"[""docs/stages/p0/implementation/p0-w15-address-identifier-type-safety-record.md""]"
P0-W15,2,P0-W15 HPA validity/reserved memory-object IDs,P2 allocator/memory-object designs,planned,,Handoff notes: P2 allocator authors,,docs/stages/p0/implementation/p0-w15-address-identifier-type-safety-record.md,"[""docs/stages/p0/implementation/p0-w15-address-identifier-type-safety-record.md""]"
P0-W15,3,P0-W15 capability-handle semantic,P5 handle lifecycle,planned,,Handoff notes: P5 handle authors,,docs/stages/p0/implementation/p0-w15-address-identifier-type-safety-record.md,"[""docs/stages/p0/implementation/p0-w15-address-identifier-type-safety-record.md""]"
P0-W15,4,P0-W15 physical/virtual interrupt distinction,P6 interrupt binding designs,planned,,Handoff notes: P6 interrupt authors,,docs/stages/p0/implementation/p0-w15-address-identifier-type-safety-record.md,"[""docs/stages/p0/implementation/p0-w15-address-identifier-type-safety-record.md""]"
P0-W15,5,P0-W15 semantic baseline,P0-W11 portability review checklist R6,implemented,,Handoff notes: W11,,docs/stages/p0/implementation/p0-w15-address-identifier-type-safety-record.md,"[""docs/stages/p0/implementation/p0-w15-address-identifier-type-safety-record.md""]"
P0-W15,6,P0-W15 CR4 candidate search,W07/W20 future gate classes,planned,,§4 CR4,,docs/development/address-identifier-type-safety.md,"[""docs/development/address-identifier-type-safety.md""]"
P0-W16,1,P0-W16 five-field diagnostic identity minimum,P0-W12 diagnostic association,verified,,§5.1,,docs/development/version-build-metadata.md,"[""docs/development/version-build-metadata.md""]"
P0-W16,2,P0-W16 identity field schema,P0-W17 artifact-name subset mapping,planned,,§5.2,,docs/development/version-build-metadata.md,"[""docs/development/version-build-metadata.md""]"
P0-W16,3,P0-W16 clean-tree/dirty rules,P0-W19 documented evidence workflow,planned,,Handoff notes: W19,,docs/stages/p0/implementation/p0-w16-version-build-metadata-baseline-record.md,"[""docs/stages/p0/implementation/p0-w16-version-build-metadata-baseline-record.md""]"
P0-W16,4,P0-W16 clean CI/identity association rules,P0-W20 CI baseline,planned,,Handoff notes: W20,,docs/stages/p0/implementation/p0-w16-version-build-metadata-baseline-record.md,"[""docs/stages/p0/implementation/p0-w16-version-build-metadata-baseline-record.md""]"
P0-W16,5,P0-W16 minimum identity set,P1 fatal diagnostics,planned,,Handoff notes: P1 crash/logging designs,,docs/stages/p0/implementation/p0-w16-version-build-metadata-baseline-record.md,"[""docs/stages/p0/implementation/p0-w16-version-build-metadata-baseline-record.md""]"
P0-W17,1,P0-W16 identity schema,P0-W17 mapping table,verified,,§5 mapping table,,docs/development/artifact-naming.md,"[""docs/development/artifact-naming.md""]"
P0-W17,2,P0-W03/W04 target and profile governance,P0-W17 platform/profile vocabulary,implemented,,Prerequisite status assumptions,,docs/stages/p0/implementation/p0-w17-artifact-naming-baseline-record.md,"[""docs/stages/p0/implementation/p0-w17-artifact-naming-baseline-record.md""]"
P0-W17,3,P0-W17 governed name contract,P0-W09/P1 runner outputs,implemented,,"header Supersedes; §§1,6",,docs/development/artifact-naming.md,"[""docs/development/artifact-naming.md""]"
P0-W17,4,P0-W17 evidence-name and +dirty rules,P0-W19/W20 evidence output,planned,,Handoff notes: W19/W20,,docs/stages/p0/implementation/p0-w17-artifact-naming-baseline-record.md,"[""docs/stages/p0/implementation/p0-w17-artifact-naming-baseline-record.md""]"
P0-W17,5,P0-W17 P0-required hypervisor category,P0-W03 first produced target artifact,planned,,§6 hypervisor row,,docs/development/artifact-naming.md,"[""docs/development/artifact-naming.md""]"
P0-W18,1,P0-W10 unsafe categories,P0-W18 dependency unsafe checklist,verified,,§5.2,,docs/development/dependency-governance.md,"[""docs/development/dependency-governance.md""]"
P0-W18,2,P0-W18 register approval,Cargo manifest dependency use,planned,,"§§4.1,5.1",,docs/development/dependency-governance.md,"[""docs/development/dependency-governance.md""]"
P0-W18,3,P0-W03 manifest/lockfile,W18 register consistency/version traceability,implemented,,"§§5.1,5.3; W18 implementation record prerequisites",,docs/development/dependency-governance.md,"[""docs/development/dependency-governance.md""]"
P0-W18,4,P0-W18 register-manifest predicate,W07/W20 future check,planned,,Handoff notes: W07/W20,,docs/stages/p0/implementation/p0-w18-dependency-governance-record.md,"[""docs/stages/p0/implementation/p0-w18-dependency-governance-record.md""]"
P0-W19,1,P0-W01/W02/W03/W07/W08/W09/W16/W17,P0-W19 S0-S5 assembly,implemented,,§§2-3,,docs/development/contributor-workflow.md,"[""docs/development/contributor-workflow.md""]"
P0-W19,2,P0-W19 branch/PR contributor route,integration policy and W20 enforcement,implemented,,"§§3.4,4",,docs/development/contributor-workflow.md,"[""docs/development/contributor-workflow.md""]"
P0-W19,3,P0-W20 configured required checks/branch protection (as claimed by current W19 text),contributor-facing current enforcement status,implemented,,§3.4,,docs/development/contributor-workflow.md,"[""docs/development/contributor-workflow.md""]"
P0-W19,4,P0-W09 placeholder QEMU entry,P1-W10 runner implementation,planned,,Handoff notes: P1-W10,,docs/stages/p0/implementation/p0-w19-reproducible-development-workflow-record.md,"[""docs/stages/p0/implementation/p0-w19-reproducible-development-workflow-record.md""]"
P0-W20,1,P0-W07 gate register,P0-W20 six CI jobs,implemented,,"§§2,4",,docs/development/ci-baseline.md,"[""docs/development/ci-baseline.md""]"
P0-W20,2,P0-W20 configured CI checks/protection,P0-W19 current enforcement-status and PR route,verified,,Same-change reconciliations; W20 DV08,,docs/stages/p0/implementation/p0-w20-ci-baseline-record.md,"[""docs/stages/p0/implementation/p0-w20-ci-baseline-record.md""]"
P0-W20,3,P0-W02/W03/W08 delivered build/toolchain/test entries,W20 workflow check execution,implemented,,§4; workflow YAML,,docs/development/ci-baseline.md,"[""docs/development/ci-baseline.md""]"
P0-W20,4,P0-W17 governed artifact naming,W20 failure log naming/retention claims,implemented,,§6,,docs/development/ci-baseline.md,"[""docs/development/ci-baseline.md""]"
P0-W20,5,W20 future-class table,P1/P8/QEMU/hardware owners seeking later check promotion,planned,,§5,,docs/development/ci-baseline.md,"[""docs/development/ci-baseline.md""]"
P0-W21,1,ADR/W05/W06/plan and coding authority rules,P0-W21 layer and admission map,implemented,,§§1-5,,docs/development/stage-workflow.md,"[""docs/development/stage-workflow.md""]"
P0-W21,2,P0-W19 failure-attribution workflow,P0-W21 blocked/failed owner rule,implemented,,§4 rule 7,,docs/development/stage-workflow.md,"[""docs/development/stage-workflow.md""]"
P0-W21,3,P0-W20 configured required-check enforcement,P0-W21 merge and integration admission,implemented,,§3 merge and integration row,,docs/development/stage-workflow.md,"[""docs/development/stage-workflow.md""]"
P0-W21,4,P0-W21 handoff rule,P0-W22 P0 dependency map,implemented,,Handoff notes: W22,,docs/stages/p0/implementation/p0-w21-stage-plan-implementation-workflow-record.md,"[""docs/stages/p0/implementation/p0-w21-stage-plan-implementation-workflow-record.md""]"
P0-W21,5,P0-W21 traceability/admission baseline,P1 package planning/admission,planned,,Handoff notes: P1 planners,,docs/stages/p0/implementation/p0-w21-stage-plan-implementation-workflow-record.md,"[""docs/stages/p0/implementation/p0-w21-stage-plan-implementation-workflow-record.md""]"
P0-W22,1,P0-W21 process and link-never-copy rule,P0-W22 map/completion report,implemented,,§5; W21 rule pointer,,docs/stages/p0/p0-handoff-map.md,"[""docs/stages/p0/p0-handoff-map.md""]"
P0-W22,2,P0-W01-W21 package evidence,P0-W22 delivered register,verified,,Status audit at authoring time,,docs/stages/p0/implementation/p0-w22-stage-dependency-map-record.md,"[""docs/stages/p0/implementation/p0-w22-stage-dependency-map-record.md""]"
P0-W22,3,P0-W20 enforcement / W07 gates / W08 test / W09 placeholder,P1 boot bring-up supply list,implemented,,§4.1 CI/QEMU rows,,docs/stages/p0/p0-handoff-map.md,"[""docs/stages/p0/p0-handoff-map.md""]"
P0-W22,4,P0-W16/W17 identity and naming governance,P1 artifact identification,planned,,§4.1 version/build metadata row; p0-completion-report.md §2 item 5,,docs/stages/p0/p0-handoff-map.md,"[""docs/stages/p0/p0-handoff-map.md""]"
P0-W22,5,P0-W22 map/register,P0 completion/L7 and P1 planner handoff,implemented,,§§3-5,,docs/stages/p0/p0-handoff-map.md,"[""docs/stages/p0/p0-handoff-map.md""]"
P1-W01,1,P0-W03,P1-W01,planned,,target build class/entry assumptions,,docs/stages/p1/implementation/p1-w01-reference-boot-contract/README.md,"[""docs/stages/p1/implementation/p1-w01-reference-boot-contract/README.md""]"
P1-W01,2,P0-W09,P1-W01,planned,,single runner contract,,docs/stages/p1/implementation/p1-w01-reference-boot-contract/README.md,"[""docs/stages/p1/implementation/p1-w01-reference-boot-contract/README.md""]"
P1-W01,3,P1-W01,P1-W02,implemented,,entry-state assumptions and transfer state,,docs/stages/p1/implementation/p1-w01-reference-boot-contract/README.md,"[""docs/stages/p1/implementation/p1-w01-reference-boot-contract/README.md""]"
P1-W01,4,P1-W01,P1-W09,planned,,boot entry prerequisites,,docs/stages/p1/implementation/p1-w01-reference-boot-contract/README.md,"[""docs/stages/p1/implementation/p1-w01-reference-boot-contract/README.md""]"
P1-W01,5,P1-W01,P1-W11 NC1/NC2,planned,,unsupported environment and required capability negative execution,,docs/stages/p1/implementation/p1-w01-reference-boot-contract/README.md,"[""docs/stages/p1/implementation/p1-w01-reference-boot-contract/README.md""]"
P1-W02,1,P1-W01,P1-W02,implemented,,boot contract and EL2 entry-state table,,docs/stages/p1/implementation/p1-w02-minimal-rust-el2-runtime/README.md,"[""docs/stages/p1/implementation/p1-w02-minimal-rust-el2-runtime/README.md""]"
P1-W02,2,P1-W02,P1-W09,implemented,,deferred phase 5/6/9–12 sequencer seam,,docs/stages/p1/implementation/p1-w02-minimal-rust-el2-runtime/README.md,"[""docs/stages/p1/implementation/p1-w02-minimal-rust-el2-runtime/README.md""]"
P1-W02,3,P1-W02,P1-W06/W07,planned,,panic/identity/output dependencies,,docs/stages/p1/implementation/p1-w02-minimal-rust-el2-runtime/README.md,"[""docs/stages/p1/implementation/p1-w02-minimal-rust-el2-runtime/README.md""]"
P1-W02,4,P1-W02,P1-W12,planned,,boot-stack overflow limitation handoff,,docs/stages/p1/implementation/p1-w02-minimal-rust-el2-runtime/README.md,"[""docs/stages/p1/implementation/p1-w02-minimal-rust-el2-runtime/README.md""]"
P1-W03,1,P1-W02,P1-W03,implemented,,EL2 facts readable at entry/report,,docs/stages/p1/implementation/p1-w03-aarch64-capability-inventory/README.md,"[""docs/stages/p1/implementation/p1-w03-aarch64-capability-inventory/README.md""]"
P1-W03,2,P1-W03,P1-W04,implemented,,optional VHE/timer capability guard queries,,docs/stages/p1/implementation/p1-w03-aarch64-capability-inventory/README.md,"[""docs/stages/p1/implementation/p1-w03-aarch64-capability-inventory/README.md""]"
P1-W03,3,P1-W03,P1-W08,planned,,region/translation facts consumed by mapping,,docs/stages/p1/implementation/p1-w03-aarch64-capability-inventory/README.md,"[""docs/stages/p1/implementation/p1-w03-aarch64-capability-inventory/README.md""]"
P1-W03,4,P1-W03,P1-W09/W10/W11,planned,,"report publication, QEMU and negative-run evidence",,docs/stages/p1/implementation/p1-w03-aarch64-capability-inventory/README.md,"[""docs/stages/p1/implementation/p1-w03-aarch64-capability-inventory/README.md""]"
P1-W03,5,P1-W03,P2,planned,,consumed capability facts; no P2 discovery API,,docs/stages/p1/implementation/p1-w03-aarch64-capability-inventory/README.md,"[""docs/stages/p1/implementation/p1-w03-aarch64-capability-inventory/README.md""]"
P1-W04,1,P1-W03,P1-W04,implemented,,capability existence/optional guard facts,,docs/stages/p1/implementation/p1-w04-el2-architectural-state-baseline/README.md,"[""docs/stages/p1/implementation/p1-w04-el2-architectural-state-baseline/README.md""]"
P1-W04,2,P1-W04,P1-W05,planned,,vector controls/VBAR install surface,,docs/stages/p1/implementation/p1-w04-el2-architectural-state-baseline/README.md,"[""docs/stages/p1/implementation/p1-w04-el2-architectural-state-baseline/README.md""]"
P1-W04,3,P1-W04,P1-W08,planned,,translation control and W08 activation,,docs/stages/p1/implementation/p1-w04-el2-architectural-state-baseline/README.md,"[""docs/stages/p1/implementation/p1-w04-el2-architectural-state-baseline/README.md""]"
P1-W04,4,P1-W04,P1-W09,planned,,ordered initialization stage,,docs/stages/p1/implementation/p1-w04-el2-architectural-state-baseline/README.md,"[""docs/stages/p1/implementation/p1-w04-el2-architectural-state-baseline/README.md""]"
P1-W05,1,P1-W02,P1-W05,implemented,,entry stack and panic route,,docs/stages/p1/implementation/p1-w05-el2-exception-entry-baseline/README.md,"[""docs/stages/p1/implementation/p1-w05-el2-exception-entry-baseline/README.md""]"
P1-W05,2,P1-W04,P1-W05,implemented,,VBAR installation and control-write ordering,,docs/stages/p1/implementation/p1-w05-el2-exception-entry-baseline/README.md,"[""docs/stages/p1/implementation/p1-w05-el2-exception-entry-baseline/README.md""]"
P1-W05,3,P1-W05,P1-W06/W07,planned,,exception diagnostic transport and fatal path,,docs/stages/p1/implementation/p1-w05-el2-exception-entry-baseline/README.md,"[""docs/stages/p1/implementation/p1-w05-el2-exception-entry-baseline/README.md""]"
P1-W05,4,P1-W05,P1-W11,planned,,NC3/NC6 fault test definitions,,docs/stages/p1/implementation/p1-w05-el2-exception-entry-baseline/README.md,"[""docs/stages/p1/implementation/p1-w05-el2-exception-entry-baseline/README.md""]"
P1-W06,1,P0-W12/W13/W14,P1-W06,implemented,,channel/event/failure semantics,,docs/stages/p1/implementation/p1-w06-early-console-logging/README.md,"[""docs/stages/p1/implementation/p1-w06-early-console-logging/README.md""]"
P1-W06,2,P1-W02,P1-W06,implemented,,BuildIdentity and early writer,,docs/stages/p1/implementation/p1-w06-early-console-logging/README.md,"[""docs/stages/p1/implementation/p1-w06-early-console-logging/README.md""]"
P1-W06,3,P1-W05,P1-W06,planned,,guarded exception output seam,,docs/stages/p1/implementation/p1-w06-early-console-logging/README.md,"[""docs/stages/p1/implementation/p1-w06-early-console-logging/README.md""]"
P1-W06,4,P1-W06,P1-W07/W09,planned,,fatal reporter and bring-up phase outputs,,docs/stages/p1/implementation/p1-w06-early-console-logging/README.md,"[""docs/stages/p1/implementation/p1-w06-early-console-logging/README.md""]"
P1-W06,5,P1-W06,P1-W10,planned,,marker/console evidence,,docs/stages/p1/implementation/p1-w06-early-console-logging/README.md,"[""docs/stages/p1/implementation/p1-w06-early-console-logging/README.md""]"
P1-W07,1,P0-W12/W14/W16,P1-W07,implemented,,diagnostic minimums/fatal eligibility/build identity,,docs/stages/p1/implementation/p1-w07-fatal-crash-diagnostics/README.md,"[""docs/stages/p1/implementation/p1-w07-fatal-crash-diagnostics/README.md""]"
P1-W07,2,P1-W05,P1-W07,planned,,captured synchronous exception context,,docs/stages/p1/implementation/p1-w07-fatal-crash-diagnostics/README.md,"[""docs/stages/p1/implementation/p1-w07-fatal-crash-diagnostics/README.md""]"
P1-W07,3,P1-W06,P1-W07,implemented,,writer/output route,,docs/stages/p1/implementation/p1-w07-fatal-crash-diagnostics/README.md,"[""docs/stages/p1/implementation/p1-w07-fatal-crash-diagnostics/README.md""]"
P1-W07,4,P1-W08/W09,P1-W07,planned,,post-MMU phase/availability,,docs/stages/p1/implementation/p1-w07-fatal-crash-diagnostics/README.md,"[""docs/stages/p1/implementation/p1-w07-fatal-crash-diagnostics/README.md""]"
P1-W07,5,P1-W07,P1-W11,planned,,fatal-report acceptance for NC4/NC5,,docs/stages/p1/implementation/p1-w07-fatal-crash-diagnostics/README.md,"[""docs/stages/p1/implementation/p1-w07-fatal-crash-diagnostics/README.md""]"
P1-W08,1,P1-W03,P1-W08,planned,,translation/capability report inputs,,docs/stages/p1/implementation/p1-w08-host-stage1-address-space/README.md,"[""docs/stages/p1/implementation/p1-w08-host-stage1-address-space/README.md""]"
P1-W08,2,P1-W04,P1-W08,implemented,,translation control writes,,docs/stages/p1/implementation/p1-w08-host-stage1-address-space/README.md,"[""docs/stages/p1/implementation/p1-w08-host-stage1-address-space/README.md""]"
P1-W08,3,P1-W05/W06/W07,P1-W08,planned,,vectors/console/fatal continuity obligations,,docs/stages/p1/implementation/p1-w08-host-stage1-address-space/README.md,"[""docs/stages/p1/implementation/p1-w08-host-stage1-address-space/README.md""]"
P1-W08,4,P1-W08,P1-W09,implemented,,MMU activation phase,,docs/stages/p1/implementation/p1-w08-host-stage1-address-space/README.md,"[""docs/stages/p1/implementation/p1-w08-host-stage1-address-space/README.md""]"
P1-W08,5,P1-W08,P2,planned,,future input/memory mapping consumer,,docs/stages/p1/implementation/p1-w08-host-stage1-address-space/README.md,"[""docs/stages/p1/implementation/p1-w08-host-stage1-address-space/README.md""]"
P1-W09,1,P1-W01-W08,P1-W09,implemented,,stage readiness facts and transition owners,,docs/stages/p1/implementation/p1-w09-initialization-sequencing/README.md,"[""docs/stages/p1/implementation/p1-w09-initialization-sequencing/README.md""]"
P1-W09,2,P1-W09,P1-W10,verified,,integrated boot stable marker for bounded regression,,docs/stages/p1/implementation/p1-w09-initialization-sequencing/README.md,"[""docs/stages/p1/implementation/p1-w09-initialization-sequencing/README.md""]"
P1-W09,3,P1-W09,P1-W11,planned,,fault triggers after integration,,docs/stages/p1/implementation/p1-w09-initialization-sequencing/README.md,"[""docs/stages/p1/implementation/p1-w09-initialization-sequencing/README.md""]"
P1-W09,4,P1-W09,P2,planned,,shared sequencing/consumer precedent,,docs/stages/p1/implementation/p1-w09-initialization-sequencing/README.md,"[""docs/stages/p1/implementation/p1-w09-initialization-sequencing/README.md""]"
P1-W10,1,P0-W09,P1-W10,implemented,,single QEMU runner interface contract,,docs/stages/p1/implementation/p1-w10-qemu-boot-regression/README.md,"[""docs/stages/p1/implementation/p1-w10-qemu-boot-regression/README.md""]"
P1-W10,2,P0-W17,P1-W10,implemented,,artifact/evidence naming policy,,docs/stages/p1/implementation/p1-w10-qemu-boot-regression/README.md,"[""docs/stages/p1/implementation/p1-w10-qemu-boot-regression/README.md""]"
P1-W10,3,P1-W01/W09,P1-W10,verified,,boot recipe and stable-stage marker,,docs/stages/p1/implementation/p1-w10-qemu-boot-regression/README.md,"[""docs/stages/p1/implementation/p1-w10-qemu-boot-regression/README.md""]"
P1-W10,4,P1-W10,P1-W11,implemented,,NC execution and retained paired evidence,,docs/stages/p1/implementation/p1-w10-qemu-boot-regression/README.md,"[""docs/stages/p1/implementation/p1-w10-qemu-boot-regression/README.md""]"
P1-W10,5,P1-W10,P2 W09,planned,,runner integration precedent,,docs/stages/p1/implementation/p1-w10-qemu-boot-regression/README.md,"[""docs/stages/p1/implementation/p1-w10-qemu-boot-regression/README.md""]"
P1-W11,1,P1-W05-W10,P1-W11,implemented,,integrated fault/diagnostic trigger interfaces,,docs/stages/p1/implementation/p1-w11-negative-fault-validation/README.md,"[""docs/stages/p1/implementation/p1-w11-negative-fault-validation/README.md""]"
P1-W11,2,P1-W01,P1-W11,implemented,,NC1/NC2 exact unsupported/capability cases,,docs/stages/p1/implementation/p1-w11-negative-fault-validation/README.md,"[""docs/stages/p1/implementation/p1-w11-negative-fault-validation/README.md""]"
P1-W11,3,P1-W10,P1-W11,verified,,paired reference-QEMU runs/evidence,,docs/stages/p1/implementation/p1-w11-negative-fault-validation/README.md,"[""docs/stages/p1/implementation/p1-w11-negative-fault-validation/README.md""]"
P1-W11,4,P1-W11 NC6,P6-W12/P6-V29,blocked,,genuine asynchronous unexpected-vector execution,,docs/stages/p1/implementation/p1-w11-negative-fault-validation/README.md,"[""docs/stages/p1/implementation/p1-w11-negative-fault-validation/README.md""]"
P1-W11,5,P1-W11,P1-W12,implemented,,"results, evidence map and unresolved NC6 transfer",,docs/stages/p1/implementation/p1-w11-negative-fault-validation/README.md,"[""docs/stages/p1/implementation/p1-w11-negative-fault-validation/README.md""]"
P1-W12,1,P1-W01-W11,P1-W12,implemented,,"contracts, verification records and limitations",,docs/stages/p1/implementation/p1-w12-p1-documentation-handoff/README.md,"[""docs/stages/p1/implementation/p1-w12-p1-documentation-handoff/README.md""]"
P1-W12,2,P1-W12,P2,verified,,"handoff contracts, scope and consumers",,docs/stages/p1/implementation/p1-w12-p1-documentation-handoff/README.md,"[""docs/stages/p1/implementation/p1-w12-p1-documentation-handoff/README.md""]"
P1-W12,3,P1-W02,P1-W12,blocked,,boot-stack overflow limitation,,docs/stages/p1/implementation/p1-w12-p1-documentation-handoff/README.md,"[""docs/stages/p1/implementation/p1-w12-p1-documentation-handoff/README.md""]"
P1-W12,4,P1-W11 NC6,P6-W12/P6-V29,verified,,later-stage execution ownership,,docs/stages/p1/implementation/p1-w12-p1-documentation-handoff/README.md,"[""docs/stages/p1/implementation/p1-w12-p1-documentation-handoff/README.md""]"
P2-W01,1,P1-W01,P2-W01,verified,pointer/image handoff,,Ownership and scope,docs/stages/p2/implementation/p2-w01-boot-platform-description-intake/00-current-baseline-amendment.md,"[""docs/stages/p2/implementation/p2-w01-boot-platform-description-intake/00-current-baseline-amendment.md""]"
P2-W01,2,P1-W08,P2-W01,verified,fixed Stage-1 baseline extended by W01,,Input and access contract,docs/stages/p2/implementation/p2-w01-boot-platform-description-intake/00-current-baseline-amendment.md,"[""docs/stages/p2/implementation/p2-w01-boot-platform-description-intake/00-current-baseline-amendment.md""]"
P2-W01,3,P2-W01,P2-W02,verified,certified cursor,,W01-DV10,docs/stages/p2/verification/p2-w01-boot-platform-description-intake-verification.md,"[""docs/stages/p2/verification/p2-w01-boot-platform-description-intake-verification.md""]"
P2-W01,4,P2-W01,P2-W03,verified,active DTB range,,3,docs/stages/p2/implementation/p2-w03-boot-memory-map-ownership/06-runtime-storage-and-handoff.md,"[""docs/stages/p2/implementation/p2-w03-boot-memory-map-ownership/06-runtime-storage-and-handoff.md""]"
P2-W01,5,P2-W01,P2-W07,blocked,offline placement adapter,,3 W07-ADAPTER,docs/stages/p2/implementation/p2-w07-offline-dtb-compatibility/01-scope-and-foundations.md,"[""docs/stages/p2/implementation/p2-w07-offline-dtb-compatibility/01-scope-and-foundations.md""]"
P2-W01,6,P2-W01,P2-W08,planned,diagnostic fixtures,,A1,docs/stages/p2/implementation/p2-w08-host-robustness-regression/01-scope-and-foundations.md,"[""docs/stages/p2/implementation/p2-w08-host-robustness-regression/01-scope-and-foundations.md""]"
P2-W01,7,P2-W01,P2-W09,blocked,large-RAM DTB placement/access,,2,docs/stages/p2/implementation/p2-w09-qemu-integration-regression/02-configuration-matrix.md,"[""docs/stages/p2/implementation/p2-w09-qemu-integration-regression/02-configuration-matrix.md""]"
P2-W02,1,P2-W01,P2-W02,verified,cursor normalization,,W02 evidence map,docs/stages/p2/verification/p2-w02-platform-discovery-normalization-verification.md,"[""docs/stages/p2/verification/p2-w02-platform-discovery-normalization-verification.md""]"
P2-W02,2,P2-W02,P2-W03,verified,sole RAM/reservation facts,,3,docs/stages/p2/implementation/p2-w03-boot-memory-map-ownership/06-runtime-storage-and-handoff.md,"[""docs/stages/p2/implementation/p2-w03-boot-memory-map-ownership/06-runtime-storage-and-handoff.md""]"
P2-W02,3,P2-W02,P2-W06,planned,"immutable semantic facts, no device activation",,D-01/D-02,docs/stages/p2/implementation/p2-w10-p3-p4-handoff-contract/01-consumer-contract.md,"[""docs/stages/p2/implementation/p2-w10-p3-p4-handoff-contract/01-consumer-contract.md""]"
P2-W02,4,P2-W02,P2-W07,planned,"immutable semantic facts, no device activation",,D-01/D-02,docs/stages/p2/implementation/p2-w10-p3-p4-handoff-contract/01-consumer-contract.md,"[""docs/stages/p2/implementation/p2-w10-p3-p4-handoff-contract/01-consumer-contract.md""]"
P2-W02,5,P2-W02,P2-W09,planned,"immutable semantic facts, no device activation",,D-01/D-02,docs/stages/p2/implementation/p2-w10-p3-p4-handoff-contract/01-consumer-contract.md,"[""docs/stages/p2/implementation/p2-w10-p3-p4-handoff-contract/01-consumer-contract.md""]"
P2-W02,6,P2-W02,P2-W10,planned,"immutable semantic facts, no device activation",,D-01/D-02,docs/stages/p2/implementation/p2-w10-p3-p4-handoff-contract/01-consumer-contract.md,"[""docs/stages/p2/implementation/p2-w10-p3-p4-handoff-contract/01-consumer-contract.md""]"
P2-W02,7,P2-W02,P3-W01,planned,"immutable semantic facts, no device activation",,D-01/D-02,docs/stages/p2/implementation/p2-w10-p3-p4-handoff-contract/01-consumer-contract.md,"[""docs/stages/p2/implementation/p2-w10-p3-p4-handoff-contract/01-consumer-contract.md""]"
P2-W02,8,P2-W02,P3-W02,planned,"immutable semantic facts, no device activation",,D-01/D-02,docs/stages/p2/implementation/p2-w10-p3-p4-handoff-contract/01-consumer-contract.md,"[""docs/stages/p2/implementation/p2-w10-p3-p4-handoff-contract/01-consumer-contract.md""]"
P2-W02,9,P2-W02,P4-W01,planned,"immutable semantic facts, no device activation",,D-01/D-02,docs/stages/p2/implementation/p2-w10-p3-p4-handoff-contract/01-consumer-contract.md,"[""docs/stages/p2/implementation/p2-w10-p3-p4-handoff-contract/01-consumer-contract.md""]"
P2-W02,10,P2-W02,P4-W02,planned,"immutable semantic facts, no device activation",,D-01/D-02,docs/stages/p2/implementation/p2-w10-p3-p4-handoff-contract/01-consumer-contract.md,"[""docs/stages/p2/implementation/p2-w10-p3-p4-handoff-contract/01-consumer-contract.md""]"
P2-W03,1,P2-W02,P2-W03,verified,real normalized facts,,3/5,docs/stages/p2/verification/p2-w03-runtime-verification.md,"[""docs/stages/p2/verification/p2-w03-runtime-verification.md""]"
P2-W03,2,P2-W01,P2-W03,verified,DTB/image window lifetime,,3/5,docs/stages/p2/verification/p2-w03-runtime-verification.md,"[""docs/stages/p2/verification/p2-w03-runtime-verification.md""]"
P2-W03,3,P2-W03,P2-W04,planned,live draft and sealed interface; W04 not implemented,,3/5,docs/stages/p2/implementation/p2-w03-boot-memory-map-ownership/06-runtime-storage-and-handoff.md,"[""docs/stages/p2/implementation/p2-w03-boot-memory-map-ownership/06-runtime-storage-and-handoff.md""]"
P2-W03,4,P2-W04,P2-W03,planned,metadata extent projection required before seal,,2/3,docs/stages/p2/implementation/p2-w04-physical-page-allocation/03-code-contracts-pagealloc.md,"[""docs/stages/p2/implementation/p2-w04-physical-page-allocation/03-code-contracts-pagealloc.md""]"
P2-W03,5,P2-W03,P2-W06,planned,immutable protected domain and accounting,,D-03,docs/stages/p2/implementation/p2-w10-p3-p4-handoff-contract/01-consumer-contract.md,"[""docs/stages/p2/implementation/p2-w10-p3-p4-handoff-contract/01-consumer-contract.md""]"
P2-W03,6,P2-W03,P2-W08,planned,immutable protected domain and accounting,,D-03,docs/stages/p2/implementation/p2-w10-p3-p4-handoff-contract/01-consumer-contract.md,"[""docs/stages/p2/implementation/p2-w10-p3-p4-handoff-contract/01-consumer-contract.md""]"
P2-W03,7,P2-W03,P2-W09,planned,immutable protected domain and accounting,,D-03,docs/stages/p2/implementation/p2-w10-p3-p4-handoff-contract/01-consumer-contract.md,"[""docs/stages/p2/implementation/p2-w10-p3-p4-handoff-contract/01-consumer-contract.md""]"
P2-W03,8,P2-W03,P2-W10,planned,immutable protected domain and accounting,,D-03,docs/stages/p2/implementation/p2-w10-p3-p4-handoff-contract/01-consumer-contract.md,"[""docs/stages/p2/implementation/p2-w10-p3-p4-handoff-contract/01-consumer-contract.md""]"
P2-W03,9,P2-W03,P4-W02,planned,immutable protected domain and accounting,,D-03,docs/stages/p2/implementation/p2-w10-p3-p4-handoff-contract/01-consumer-contract.md,"[""docs/stages/p2/implementation/p2-w10-p3-p4-handoff-contract/01-consumer-contract.md""]"
P2-W03,10,P2-W03,P4-W03,planned,immutable protected domain and accounting,,D-03,docs/stages/p2/implementation/p2-w10-p3-p4-handoff-contract/01-consumer-contract.md,"[""docs/stages/p2/implementation/p2-w10-p3-p4-handoff-contract/01-consumer-contract.md""]"
P2-W04,1,P2-W03,P2-W04,planned,draft/sealed domain,,1-3,docs/stages/p2/implementation/p2-w04-physical-page-allocation/03-code-contracts-pagealloc.md,"[""docs/stages/p2/implementation/p2-w04-physical-page-allocation/03-code-contracts-pagealloc.md""]"
P2-W04,2,P2-W04,P2-W03,planned,pure metadata plan before seal,,2,docs/stages/p2/implementation/p2-w04-physical-page-allocation/03-code-contracts-pagealloc.md,"[""docs/stages/p2/implementation/p2-w04-physical-page-allocation/03-code-contracts-pagealloc.md""]"
P2-W04,3,P2-W04,P2-W05,blocked,allocator not implemented and metadata mapping/layout gates open,,D-04,docs/stages/p2/implementation/p2-w10-p3-p4-handoff-contract/01-consumer-contract.md,"[""docs/stages/p2/implementation/p2-w10-p3-p4-handoff-contract/01-consumer-contract.md""]"
P2-W04,4,P2-W04,P2-W06,blocked,allocator not implemented and metadata mapping/layout gates open,,D-04,docs/stages/p2/implementation/p2-w10-p3-p4-handoff-contract/01-consumer-contract.md,"[""docs/stages/p2/implementation/p2-w10-p3-p4-handoff-contract/01-consumer-contract.md""]"
P2-W04,5,P2-W04,P2-W08,blocked,allocator not implemented and metadata mapping/layout gates open,,D-04,docs/stages/p2/implementation/p2-w10-p3-p4-handoff-contract/01-consumer-contract.md,"[""docs/stages/p2/implementation/p2-w10-p3-p4-handoff-contract/01-consumer-contract.md""]"
P2-W04,6,P2-W04,P2-W09,blocked,allocator not implemented and metadata mapping/layout gates open,,D-04,docs/stages/p2/implementation/p2-w10-p3-p4-handoff-contract/01-consumer-contract.md,"[""docs/stages/p2/implementation/p2-w10-p3-p4-handoff-contract/01-consumer-contract.md""]"
P2-W04,7,P2-W04,P2-W10,blocked,allocator not implemented and metadata mapping/layout gates open,,D-04,docs/stages/p2/implementation/p2-w10-p3-p4-handoff-contract/01-consumer-contract.md,"[""docs/stages/p2/implementation/p2-w10-p3-p4-handoff-contract/01-consumer-contract.md""]"
P2-W04,8,P2-W04,P3-W04,blocked,allocator not implemented and metadata mapping/layout gates open,,D-04,docs/stages/p2/implementation/p2-w10-p3-p4-handoff-contract/01-consumer-contract.md,"[""docs/stages/p2/implementation/p2-w10-p3-p4-handoff-contract/01-consumer-contract.md""]"
P2-W04,9,P2-W04,P3-W06,blocked,allocator not implemented and metadata mapping/layout gates open,,D-04,docs/stages/p2/implementation/p2-w10-p3-p4-handoff-contract/01-consumer-contract.md,"[""docs/stages/p2/implementation/p2-w10-p3-p4-handoff-contract/01-consumer-contract.md""]"
P2-W04,10,P2-W04,P4-W02,blocked,allocator not implemented and metadata mapping/layout gates open,,D-04,docs/stages/p2/implementation/p2-w10-p3-p4-handoff-contract/01-consumer-contract.md,"[""docs/stages/p2/implementation/p2-w10-p3-p4-handoff-contract/01-consumer-contract.md""]"
P2-W04,11,P2-W04,P4-W03,blocked,allocator not implemented and metadata mapping/layout gates open,,D-04,docs/stages/p2/implementation/p2-w10-p3-p4-handoff-contract/01-consumer-contract.md,"[""docs/stages/p2/implementation/p2-w10-p3-p4-handoff-contract/01-consumer-contract.md""]"
P2-W05,1,P2-W04,P2-W05,blocked,page allocator/mapped backing not available,,4/6,docs/stages/p2/implementation/p2-w05-dynamic-small-allocation/02-architecture-and-state.md,"[""docs/stages/p2/implementation/p2-w05-dynamic-small-allocation/02-architecture-and-state.md""]"
P2-W05,2,P2-W05,P2-W06,blocked,heap unavailable; consumers must preserve ownership/concurrency limits,,D-05,docs/stages/p2/implementation/p2-w10-p3-p4-handoff-contract/01-consumer-contract.md,"[""docs/stages/p2/implementation/p2-w10-p3-p4-handoff-contract/01-consumer-contract.md""]"
P2-W05,3,P2-W05,P2-W08,blocked,heap unavailable; consumers must preserve ownership/concurrency limits,,D-05,docs/stages/p2/implementation/p2-w10-p3-p4-handoff-contract/01-consumer-contract.md,"[""docs/stages/p2/implementation/p2-w10-p3-p4-handoff-contract/01-consumer-contract.md""]"
P2-W05,4,P2-W05,P2-W09,blocked,heap unavailable; consumers must preserve ownership/concurrency limits,,D-05,docs/stages/p2/implementation/p2-w10-p3-p4-handoff-contract/01-consumer-contract.md,"[""docs/stages/p2/implementation/p2-w10-p3-p4-handoff-contract/01-consumer-contract.md""]"
P2-W05,5,P2-W05,P2-W10,blocked,heap unavailable; consumers must preserve ownership/concurrency limits,,D-05,docs/stages/p2/implementation/p2-w10-p3-p4-handoff-contract/01-consumer-contract.md,"[""docs/stages/p2/implementation/p2-w10-p3-p4-handoff-contract/01-consumer-contract.md""]"
P2-W05,6,P2-W05,P3-W04,blocked,heap unavailable; consumers must preserve ownership/concurrency limits,,D-05,docs/stages/p2/implementation/p2-w10-p3-p4-handoff-contract/01-consumer-contract.md,"[""docs/stages/p2/implementation/p2-w10-p3-p4-handoff-contract/01-consumer-contract.md""]"
P2-W05,7,P2-W05,P3-W06,blocked,heap unavailable; consumers must preserve ownership/concurrency limits,,D-05,docs/stages/p2/implementation/p2-w10-p3-p4-handoff-contract/01-consumer-contract.md,"[""docs/stages/p2/implementation/p2-w10-p3-p4-handoff-contract/01-consumer-contract.md""]"
P2-W05,8,P2-W05,P4-W02,blocked,heap unavailable; consumers must preserve ownership/concurrency limits,,D-05,docs/stages/p2/implementation/p2-w10-p3-p4-handoff-contract/01-consumer-contract.md,"[""docs/stages/p2/implementation/p2-w10-p3-p4-handoff-contract/01-consumer-contract.md""]"
P2-W05,9,P2-W05,P4-W03,blocked,heap unavailable; consumers must preserve ownership/concurrency limits,,D-05,docs/stages/p2/implementation/p2-w10-p3-p4-handoff-contract/01-consumer-contract.md,"[""docs/stages/p2/implementation/p2-w10-p3-p4-handoff-contract/01-consumer-contract.md""]"
P2-W05,10,P2-W05,P4-W04,blocked,heap unavailable; consumers must preserve ownership/concurrency limits,,D-05,docs/stages/p2/implementation/p2-w10-p3-p4-handoff-contract/01-consumer-contract.md,"[""docs/stages/p2/implementation/p2-w10-p3-p4-handoff-contract/01-consumer-contract.md""]"
P2-W05,11,P2-W05,P4-W05,blocked,heap unavailable; consumers must preserve ownership/concurrency limits,,D-05,docs/stages/p2/implementation/p2-w10-p3-p4-handoff-contract/01-consumer-contract.md,"[""docs/stages/p2/implementation/p2-w10-p3-p4-handoff-contract/01-consumer-contract.md""]"
P2-W06,1,P2-W02,P2-W06,planned,read-only live state,,2/4,docs/stages/p2/implementation/p2-w06-platform-memory-inspection/03-code-contracts-inspection.md,"[""docs/stages/p2/implementation/p2-w06-platform-memory-inspection/03-code-contracts-inspection.md""]"
P2-W06,2,P2-W03,P2-W06,planned,read-only live state,,2/4,docs/stages/p2/implementation/p2-w06-platform-memory-inspection/03-code-contracts-inspection.md,"[""docs/stages/p2/implementation/p2-w06-platform-memory-inspection/03-code-contracts-inspection.md""]"
P2-W06,3,P2-W04,P2-W06,blocked,read-only live state,,2/4,docs/stages/p2/implementation/p2-w06-platform-memory-inspection/03-code-contracts-inspection.md,"[""docs/stages/p2/implementation/p2-w06-platform-memory-inspection/03-code-contracts-inspection.md""]"
P2-W06,4,P2-W05,P2-W06,blocked,read-only live state,,2/4,docs/stages/p2/implementation/p2-w06-platform-memory-inspection/03-code-contracts-inspection.md,"[""docs/stages/p2/implementation/p2-w06-platform-memory-inspection/03-code-contracts-inspection.md""]"
P2-W06,5,P2-W06,P2-W08,planned,render/check IDs; no control hooks,,2/5/7,docs/stages/p2/implementation/p2-w06-platform-memory-inspection/03-code-contracts-inspection.md,"[""docs/stages/p2/implementation/p2-w06-platform-memory-inspection/03-code-contracts-inspection.md""]"
P2-W06,6,P2-W06,P2-W09,planned,render/check IDs; no control hooks,,2/5/7,docs/stages/p2/implementation/p2-w06-platform-memory-inspection/03-code-contracts-inspection.md,"[""docs/stages/p2/implementation/p2-w06-platform-memory-inspection/03-code-contracts-inspection.md""]"
P2-W06,7,P2-W06,P2-W10,planned,render/check IDs; no control hooks,,2/5/7,docs/stages/p2/implementation/p2-w06-platform-memory-inspection/03-code-contracts-inspection.md,"[""docs/stages/p2/implementation/p2-w06-platform-memory-inspection/03-code-contracts-inspection.md""]"
P2-W07,1,P2-W01,P2-W07,blocked,synthetic placement adapter,,3,docs/stages/p2/implementation/p2-w07-offline-dtb-compatibility/01-scope-and-foundations.md,"[""docs/stages/p2/implementation/p2-w07-offline-dtb-compatibility/01-scope-and-foundations.md""]"
P2-W07,2,P2-W02,P2-W07,planned,same normalization,,2,docs/stages/p2/implementation/p2-w07-offline-dtb-compatibility/01-scope-and-foundations.md,"[""docs/stages/p2/implementation/p2-w07-offline-dtb-compatibility/01-scope-and-foundations.md""]"
P2-W07,3,P2-W07,P2-W08,planned,fixture report and expected semantics,,2-5,docs/stages/p2/implementation/p2-w07-offline-dtb-compatibility/02-readiness-report-model.md,"[""docs/stages/p2/implementation/p2-w07-offline-dtb-compatibility/02-readiness-report-model.md""]"
P2-W07,4,P2-W07,P2-W09,planned,fixture report and expected semantics,,2-5,docs/stages/p2/implementation/p2-w07-offline-dtb-compatibility/02-readiness-report-model.md,"[""docs/stages/p2/implementation/p2-w07-offline-dtb-compatibility/02-readiness-report-model.md""]"
P2-W07,5,P2-W07,P2-W10,planned,fixture report and expected semantics,,2-5,docs/stages/p2/implementation/p2-w07-offline-dtb-compatibility/02-readiness-report-model.md,"[""docs/stages/p2/implementation/p2-w07-offline-dtb-compatibility/02-readiness-report-model.md""]"
P2-W07,6,P2-W09,P2-W07,planned,C7 executed cross-check feedback; not prerequisite to initial checker,,4,docs/stages/p2/implementation/p2-w09-qemu-integration-regression/04-validation-and-handoff.md,"[""docs/stages/p2/implementation/p2-w09-qemu-integration-regression/04-validation-and-handoff.md""]"
P2-W08,1,P2-W01,P2-W08,planned,published scenario oracle/test seam,,2,docs/stages/p2/implementation/p2-w08-host-robustness-regression/01-scope-and-foundations.md,"[""docs/stages/p2/implementation/p2-w08-host-robustness-regression/01-scope-and-foundations.md""]"
P2-W08,2,P2-W02,P2-W08,planned,published scenario oracle/test seam,,2,docs/stages/p2/implementation/p2-w08-host-robustness-regression/01-scope-and-foundations.md,"[""docs/stages/p2/implementation/p2-w08-host-robustness-regression/01-scope-and-foundations.md""]"
P2-W08,3,P2-W03,P2-W08,planned,published scenario oracle/test seam,,2,docs/stages/p2/implementation/p2-w08-host-robustness-regression/01-scope-and-foundations.md,"[""docs/stages/p2/implementation/p2-w08-host-robustness-regression/01-scope-and-foundations.md""]"
P2-W08,4,P2-W04,P2-W08,blocked,published scenario oracle/test seam,,2,docs/stages/p2/implementation/p2-w08-host-robustness-regression/01-scope-and-foundations.md,"[""docs/stages/p2/implementation/p2-w08-host-robustness-regression/01-scope-and-foundations.md""]"
P2-W08,5,P2-W05,P2-W08,blocked,published scenario oracle/test seam,,2,docs/stages/p2/implementation/p2-w08-host-robustness-regression/01-scope-and-foundations.md,"[""docs/stages/p2/implementation/p2-w08-host-robustness-regression/01-scope-and-foundations.md""]"
P2-W08,6,P2-W06,P2-W08,blocked,published scenario oracle/test seam,,2,docs/stages/p2/implementation/p2-w08-host-robustness-regression/01-scope-and-foundations.md,"[""docs/stages/p2/implementation/p2-w08-host-robustness-regression/01-scope-and-foundations.md""]"
P2-W08,7,P2-W07,P2-W08,blocked,published scenario oracle/test seam,,2,docs/stages/p2/implementation/p2-w08-host-robustness-regression/01-scope-and-foundations.md,"[""docs/stages/p2/implementation/p2-w08-host-robustness-regression/01-scope-and-foundations.md""]"
P2-W08,8,P2-W08,P2-W09,planned,host evidence; no runtime proof,,D-08,docs/stages/p2/implementation/p2-w10-p3-p4-handoff-contract/01-consumer-contract.md,"[""docs/stages/p2/implementation/p2-w10-p3-p4-handoff-contract/01-consumer-contract.md""]"
P2-W08,9,P2-W08,P2-W10,planned,host evidence; no runtime proof,,D-08,docs/stages/p2/implementation/p2-w10-p3-p4-handoff-contract/01-consumer-contract.md,"[""docs/stages/p2/implementation/p2-w10-p3-p4-handoff-contract/01-consumer-contract.md""]"
P2-W08,10,P2-W08,P3-W12,planned,host evidence; no runtime proof,,D-08,docs/stages/p2/implementation/p2-w10-p3-p4-handoff-contract/01-consumer-contract.md,"[""docs/stages/p2/implementation/p2-w10-p3-p4-handoff-contract/01-consumer-contract.md""]"
P2-W08,11,P2-W08,P4-W08,planned,host evidence; no runtime proof,,D-08,docs/stages/p2/implementation/p2-w10-p3-p4-handoff-contract/01-consumer-contract.md,"[""docs/stages/p2/implementation/p2-w10-p3-p4-handoff-contract/01-consumer-contract.md""]"
P2-W09,1,P2-W01,P2-W09,blocked,large-RAM placement/access,,2,docs/stages/p2/implementation/p2-w09-qemu-integration-regression/02-configuration-matrix.md,"[""docs/stages/p2/implementation/p2-w09-qemu-integration-regression/02-configuration-matrix.md""]"
P2-W09,2,P2-W04,P2-W09,blocked,full active-state pipeline,,4,docs/stages/p2/implementation/p2-w09-qemu-integration-regression/02-configuration-matrix.md,"[""docs/stages/p2/implementation/p2-w09-qemu-integration-regression/02-configuration-matrix.md""]"
P2-W09,3,P2-W05,P2-W09,blocked,full active-state pipeline,,4,docs/stages/p2/implementation/p2-w09-qemu-integration-regression/02-configuration-matrix.md,"[""docs/stages/p2/implementation/p2-w09-qemu-integration-regression/02-configuration-matrix.md""]"
P2-W09,4,P2-W06,P2-W09,blocked,full active-state pipeline,,4,docs/stages/p2/implementation/p2-w09-qemu-integration-regression/02-configuration-matrix.md,"[""docs/stages/p2/implementation/p2-w09-qemu-integration-regression/02-configuration-matrix.md""]"
P2-W09,5,P2-W08,P2-W09,blocked,full active-state pipeline,,4,docs/stages/p2/implementation/p2-w09-qemu-integration-regression/02-configuration-matrix.md,"[""docs/stages/p2/implementation/p2-w09-qemu-integration-regression/02-configuration-matrix.md""]"
P2-W09,6,P2-W07,P2-W09,planned,fixture expectations,,4,docs/stages/p2/implementation/p2-w09-qemu-integration-regression/02-configuration-matrix.md,"[""docs/stages/p2/implementation/p2-w09-qemu-integration-regression/02-configuration-matrix.md""]"
P2-W09,7,P2-W09,P2-W10,planned,reference integration evidence,,D-09,docs/stages/p2/implementation/p2-w10-p3-p4-handoff-contract/01-consumer-contract.md,"[""docs/stages/p2/implementation/p2-w10-p3-p4-handoff-contract/01-consumer-contract.md""]"
P2-W09,8,P2-W09,P3-W13,planned,reference integration evidence,,D-09,docs/stages/p2/implementation/p2-w10-p3-p4-handoff-contract/01-consumer-contract.md,"[""docs/stages/p2/implementation/p2-w10-p3-p4-handoff-contract/01-consumer-contract.md""]"
P2-W09,9,P2-W09,P4-W08,planned,reference integration evidence,,D-09,docs/stages/p2/implementation/p2-w10-p3-p4-handoff-contract/01-consumer-contract.md,"[""docs/stages/p2/implementation/p2-w10-p3-p4-handoff-contract/01-consumer-contract.md""]"
P2-W09,10,P2-W09,P2-W07,planned,C7 cross-check result,,4,docs/stages/p2/implementation/p2-w09-qemu-integration-regression/04-validation-and-handoff.md,"[""docs/stages/p2/implementation/p2-w09-qemu-integration-regression/04-validation-and-handoff.md""]"
P2-W10,1,P2-W01,P2-W10,planned,contract/evidence publication,,2 catalog,docs/stages/p2/implementation/p2-w10-p3-p4-handoff-contract/01-consumer-contract.md,"[""docs/stages/p2/implementation/p2-w10-p3-p4-handoff-contract/01-consumer-contract.md""]"
P2-W10,2,P2-W02,P2-W10,planned,contract/evidence publication,,2 catalog,docs/stages/p2/implementation/p2-w10-p3-p4-handoff-contract/01-consumer-contract.md,"[""docs/stages/p2/implementation/p2-w10-p3-p4-handoff-contract/01-consumer-contract.md""]"
P2-W10,3,P2-W03,P2-W10,planned,contract/evidence publication,,2 catalog,docs/stages/p2/implementation/p2-w10-p3-p4-handoff-contract/01-consumer-contract.md,"[""docs/stages/p2/implementation/p2-w10-p3-p4-handoff-contract/01-consumer-contract.md""]"
P2-W10,4,P2-W04,P2-W10,planned,contract/evidence publication,,2 catalog,docs/stages/p2/implementation/p2-w10-p3-p4-handoff-contract/01-consumer-contract.md,"[""docs/stages/p2/implementation/p2-w10-p3-p4-handoff-contract/01-consumer-contract.md""]"
P2-W10,5,P2-W05,P2-W10,planned,contract/evidence publication,,2 catalog,docs/stages/p2/implementation/p2-w10-p3-p4-handoff-contract/01-consumer-contract.md,"[""docs/stages/p2/implementation/p2-w10-p3-p4-handoff-contract/01-consumer-contract.md""]"
P2-W10,6,P2-W06,P2-W10,planned,contract/evidence publication,,2 catalog,docs/stages/p2/implementation/p2-w10-p3-p4-handoff-contract/01-consumer-contract.md,"[""docs/stages/p2/implementation/p2-w10-p3-p4-handoff-contract/01-consumer-contract.md""]"
P2-W10,7,P2-W07,P2-W10,planned,contract/evidence publication,,2 catalog,docs/stages/p2/implementation/p2-w10-p3-p4-handoff-contract/01-consumer-contract.md,"[""docs/stages/p2/implementation/p2-w10-p3-p4-handoff-contract/01-consumer-contract.md""]"
P2-W10,8,P2-W08,P2-W10,planned,contract/evidence publication,,2 catalog,docs/stages/p2/implementation/p2-w10-p3-p4-handoff-contract/01-consumer-contract.md,"[""docs/stages/p2/implementation/p2-w10-p3-p4-handoff-contract/01-consumer-contract.md""]"
P2-W10,9,P2-W09,P2-W10,planned,contract/evidence publication,,2 catalog,docs/stages/p2/implementation/p2-w10-p3-p4-handoff-contract/01-consumer-contract.md,"[""docs/stages/p2/implementation/p2-w10-p3-p4-handoff-contract/01-consumer-contract.md""]"
P2-W10,10,P2-W10,P3-W01,planned,formal consumer handoff not published,,5,docs/stages/p2/implementation/p2-w10-p3-p4-handoff-contract/02-evidence-map-and-gates.md,"[""docs/stages/p2/implementation/p2-w10-p3-p4-handoff-contract/02-evidence-map-and-gates.md""]"
P2-W10,11,P2-W10,P3-W02,planned,formal consumer handoff not published,,5,docs/stages/p2/implementation/p2-w10-p3-p4-handoff-contract/02-evidence-map-and-gates.md,"[""docs/stages/p2/implementation/p2-w10-p3-p4-handoff-contract/02-evidence-map-and-gates.md""]"
P2-W10,12,P2-W10,P3-W04,planned,formal consumer handoff not published,,5,docs/stages/p2/implementation/p2-w10-p3-p4-handoff-contract/02-evidence-map-and-gates.md,"[""docs/stages/p2/implementation/p2-w10-p3-p4-handoff-contract/02-evidence-map-and-gates.md""]"
P2-W10,13,P2-W10,P3-W06,planned,formal consumer handoff not published,,5,docs/stages/p2/implementation/p2-w10-p3-p4-handoff-contract/02-evidence-map-and-gates.md,"[""docs/stages/p2/implementation/p2-w10-p3-p4-handoff-contract/02-evidence-map-and-gates.md""]"
P2-W10,14,P2-W10,P3-W11,planned,formal consumer handoff not published,,5,docs/stages/p2/implementation/p2-w10-p3-p4-handoff-contract/02-evidence-map-and-gates.md,"[""docs/stages/p2/implementation/p2-w10-p3-p4-handoff-contract/02-evidence-map-and-gates.md""]"
P2-W10,15,P2-W10,P3-W13,planned,formal consumer handoff not published,,5,docs/stages/p2/implementation/p2-w10-p3-p4-handoff-contract/02-evidence-map-and-gates.md,"[""docs/stages/p2/implementation/p2-w10-p3-p4-handoff-contract/02-evidence-map-and-gates.md""]"
P2-W10,16,P2-W10,P3-W14,planned,formal consumer handoff not published,,5,docs/stages/p2/implementation/p2-w10-p3-p4-handoff-contract/02-evidence-map-and-gates.md,"[""docs/stages/p2/implementation/p2-w10-p3-p4-handoff-contract/02-evidence-map-and-gates.md""]"
P2-W10,17,P2-W10,P4-W01,planned,formal consumer handoff not published,,5,docs/stages/p2/implementation/p2-w10-p3-p4-handoff-contract/02-evidence-map-and-gates.md,"[""docs/stages/p2/implementation/p2-w10-p3-p4-handoff-contract/02-evidence-map-and-gates.md""]"
P2-W10,18,P2-W10,P4-W02,planned,formal consumer handoff not published,,5,docs/stages/p2/implementation/p2-w10-p3-p4-handoff-contract/02-evidence-map-and-gates.md,"[""docs/stages/p2/implementation/p2-w10-p3-p4-handoff-contract/02-evidence-map-and-gates.md""]"
P2-W10,19,P2-W10,P4-W03,planned,formal consumer handoff not published,,5,docs/stages/p2/implementation/p2-w10-p3-p4-handoff-contract/02-evidence-map-and-gates.md,"[""docs/stages/p2/implementation/p2-w10-p3-p4-handoff-contract/02-evidence-map-and-gates.md""]"
P2-W10,20,P2-W10,P4-W04,planned,formal consumer handoff not published,,5,docs/stages/p2/implementation/p2-w10-p3-p4-handoff-contract/02-evidence-map-and-gates.md,"[""docs/stages/p2/implementation/p2-w10-p3-p4-handoff-contract/02-evidence-map-and-gates.md""]"
P2-W10,21,P2-W10,P4-W05,planned,formal consumer handoff not published,,5,docs/stages/p2/implementation/p2-w10-p3-p4-handoff-contract/02-evidence-map-and-gates.md,"[""docs/stages/p2/implementation/p2-w10-p3-p4-handoff-contract/02-evidence-map-and-gates.md""]"
P2-W10,22,P2-W10,P4-W08,planned,formal consumer handoff not published,,5,docs/stages/p2/implementation/p2-w10-p3-p4-handoff-contract/02-evidence-map-and-gates.md,"[""docs/stages/p2/implementation/p2-w10-p3-p4-handoff-contract/02-evidence-map-and-gates.md""]"
P3-W01,1,P2-W10/P2-W02,P3-W01,assumed,,"§2, lines 37–76",,docs/stages/p3/implementation/p3-w01-cpu-topology-inputs/04-code-contracts-topology-intake.md,"[""docs/stages/p3/implementation/p3-w01-cpu-topology-inputs/04-code-contracts-topology-intake.md""]"
P3-W01,2,P1-W01/W03,P3-W01,assumed,,§2; README §Resolved decision 4,,docs/stages/p3/implementation/p3-w01-cpu-topology-inputs/03-code-contracts-cpu-identity.md,"[""docs/stages/p3/implementation/p3-w01-cpu-topology-inputs/03-code-contracts-cpu-identity.md""]"
P3-W01,3,P3-W01,P3-W02/W03/W04/W05,planned,,Downstream handoff,,docs/stages/p3/implementation/p3-w01-cpu-topology-inputs/README.md,"[""docs/stages/p3/implementation/p3-w01-cpu-topology-inputs/README.md""]"
P3-W01,4,P3-W01,P4 via P3-W14,planned,,Downstream handoff,,docs/stages/p3/implementation/p3-w01-cpu-topology-inputs/README.md,"[""docs/stages/p3/implementation/p3-w01-cpu-topology-inputs/README.md""]"
P3-W02,1,P3-W01/P2-W10,P3-W02,assumed,,"§Current-state findings, resolved decisions 1 and 6",,docs/stages/p3/implementation/p3-w02-secondary-cpu-bring-up/README.md,"[""docs/stages/p3/implementation/p3-w02-secondary-cpu-bring-up/README.md""]"
P3-W02,2,P3-W02,P3-W03,planned,,§5 lines 131-170; W03 report_failure called on timeout,,docs/stages/p3/implementation/p3-w02-secondary-cpu-bring-up/04-code-contracts-start-requester.md,"[""docs/stages/p3/implementation/p3-w02-secondary-cpu-bring-up/04-code-contracts-start-requester.md""]"
P3-W02,3,P3-W02,P3-W05,planned,,Downstream handoff; requester §5,,docs/stages/p3/implementation/p3-w02-secondary-cpu-bring-up/README.md,"[""docs/stages/p3/implementation/p3-w02-secondary-cpu-bring-up/README.md""]"
P3-W02,4,P3-W02,P3-W04,planned,,§4 provisional environment,,docs/stages/p3/implementation/p3-w02-secondary-cpu-bring-up/03-code-contracts-secondary-entry.md,"[""docs/stages/p3/implementation/p3-w02-secondary-cpu-bring-up/03-code-contracts-secondary-entry.md""]"
P3-W02,5,P3-W02,P3-W13,planned,,DV06-DV07 and W13 matrix deferral,,docs/stages/p3/implementation/p3-w02-secondary-cpu-bring-up/06-validation-and-handoff.md,"[""docs/stages/p3/implementation/p3-w02-secondary-cpu-bring-up/06-validation-and-handoff.md""]"
P3-W03,1,P3-W01,P3-W03,planned,,resolved decision 7; build mapping in state-machine §2,,docs/stages/p3/implementation/p3-w03-physical-cpu-lifecycle/README.md,"[""docs/stages/p3/implementation/p3-w03-physical-cpu-lifecycle/README.md""]"
P3-W03,2,P3-W02,P3-W03,blocked,,§2 edge table and refusal rules,,docs/stages/p3/implementation/p3-w03-physical-cpu-lifecycle/02-architecture-and-state.md,"[""docs/stages/p3/implementation/p3-w03-physical-cpu-lifecycle/02-architecture-and-state.md""]"
P3-W03,3,P3-W03,P3-W04/W05/W07/W08/W09/W10-W14,planned,,Downstream handoff; architecture §6,,docs/stages/p3/implementation/p3-w03-physical-cpu-lifecycle/README.md,"[""docs/stages/p3/implementation/p3-w03-physical-cpu-lifecycle/README.md""]"
P3-W04,1,P1-W08/P2-W04,P3-W04,blocked,,"§1.2, mapped-area prerequisite",,docs/stages/p3/implementation/p3-w04-per-cpu-runtime/01-scope-and-foundations.md,"[""docs/stages/p3/implementation/p3-w04-per-cpu-runtime/01-scope-and-foundations.md""]"
P3-W04,2,P3-W03,P3-W04,planned,,§3 install gate,,docs/stages/p3/implementation/p3-w04-per-cpu-runtime/04-code-contracts-cpu-local-access.md,"[""docs/stages/p3/implementation/p3-w04-per-cpu-runtime/04-code-contracts-cpu-local-access.md""]"
P3-W04,3,P3-W04,P3-W05,planned,,Downstream handoff; signal last step,,docs/stages/p3/implementation/p3-w04-per-cpu-runtime/README.md,"[""docs/stages/p3/implementation/p3-w04-per-cpu-runtime/README.md""]"
P3-W04,4,P3-W04,P3-W07/W08/W09/W11,planned,,§5 typed slots,,docs/stages/p3/implementation/p3-w04-per-cpu-runtime/03-code-contracts-percpu-area.md,"[""docs/stages/p3/implementation/p3-w04-per-cpu-runtime/03-code-contracts-percpu-area.md""]"
P3-W04,5,P3-W04,P4 via W14,planned,,"decision 3, handoff",,docs/stages/p3/implementation/p3-w04-per-cpu-runtime/README.md,"[""docs/stages/p3/implementation/p3-w04-per-cpu-runtime/README.md""]"
P3-W05,1,W02,W05,planned,,"§2, §4; global gate then terminal outcome map",,docs/stages/p3/implementation/p3-w05-smp-boot-synchronization/03-code-contracts-boot-rendezvous.md,"[""docs/stages/p3/implementation/p3-w05-smp-boot-synchronization/03-code-contracts-boot-rendezvous.md""]"
P3-W05,2,W04,W05,planned,,§3 ready signal,,docs/stages/p3/implementation/p3-w05-smp-boot-synchronization/03-code-contracts-boot-rendezvous.md,"[""docs/stages/p3/implementation/p3-w05-smp-boot-synchronization/03-code-contracts-boot-rendezvous.md""]"
P3-W05,3,W05,W03,planned,,§4 coordinator calls admit_online,,docs/stages/p3/implementation/p3-w05-smp-boot-synchronization/03-code-contracts-boot-rendezvous.md,"[""docs/stages/p3/implementation/p3-w05-smp-boot-synchronization/03-code-contracts-boot-rendezvous.md""]"
P3-W05,4,W05,W12/W13/W15,planned,,Downstream handoff,,docs/stages/p3/implementation/p3-w05-smp-boot-synchronization/README.md,"[""docs/stages/p3/implementation/p3-w05-smp-boot-synchronization/README.md""]"
P3-W06,1,W02-W05,W06 policy,planned,,§3 AP-1..5; §4,,docs/stages/p3/implementation/p3-w06-concurrency-synchronization/04-code-contracts-atomic-and-ordering-policy.md,"[""docs/stages/p3/implementation/p3-w06-concurrency-synchronization/04-code-contracts-atomic-and-ordering-policy.md""]"
P3-W06,2,W06,W07 notification,planned,,Downstream handoff; 02 §6,,docs/stages/p3/implementation/p3-w06-concurrency-synchronization/README.md,"[""docs/stages/p3/implementation/p3-w06-concurrency-synchronization/README.md""]"
P3-W06,3,W06,W08 TLB transport,planned,,Downstream handoff; 02 §6; 04 §4-5,,docs/stages/p3/implementation/p3-w06-concurrency-synchronization/README.md,"[""docs/stages/p3/implementation/p3-w06-concurrency-synchronization/README.md""]"
P3-W06,4,W06,W09 exception/interrupt,planned,,Downstream handoff; 02 §6; 04 §2,,docs/stages/p3/implementation/p3-w06-concurrency-synchronization/README.md,"[""docs/stages/p3/implementation/p3-w06-concurrency-synchronization/README.md""]"
P3-W06,5,W06,W10 safety audit,planned,,Downstream handoff; 04 §6,,docs/stages/p3/implementation/p3-w06-concurrency-synchronization/README.md,"[""docs/stages/p3/implementation/p3-w06-concurrency-synchronization/README.md""]"
P3-W06,6,W06,W11 observability,planned,,Downstream handoff; 04 §3-4,,docs/stages/p3/implementation/p3-w06-concurrency-synchronization/README.md,"[""docs/stages/p3/implementation/p3-w06-concurrency-synchronization/README.md""]"
P3-W07,1,W04,W07 slot content,planned,,§2-3,,docs/stages/p3/implementation/p3-w07-cross-cpu-notification/03-code-contracts-notification-slot.md,"[""docs/stages/p3/implementation/p3-w07-cross-cpu-notification/03-code-contracts-notification-slot.md""]"
P3-W07,2,W03 + W05,W07 notify gates,planned,,§2,,docs/stages/p3/implementation/p3-w07-cross-cpu-notification/04-code-contracts-notification-api.md,"[""docs/stages/p3/implementation/p3-w07-cross-cpu-notification/04-code-contracts-notification-api.md""]"
P3-W07,3,W06,W07 ordering/wait,planned,,Authority; decision 5,,docs/stages/p3/implementation/p3-w07-cross-cpu-notification/README.md,"[""docs/stages/p3/implementation/p3-w07-cross-cpu-notification/README.md""]"
P3-W07,4,W07,W08 TLB transport,planned,,Downstream handoff; kind 1,,docs/stages/p3/implementation/p3-w07-cross-cpu-notification/README.md,"[""docs/stages/p3/implementation/p3-w07-cross-cpu-notification/README.md""]"
P3-W07,5,W07,W11/W12/W13,planned,,Downstream handoff,,docs/stages/p3/implementation/p3-w07-cross-cpu-notification/README.md,"[""docs/stages/p3/implementation/p3-w07-cross-cpu-notification/README.md""]"
P3-W07,6,W07,P6 SGI carrier,planned,,Authority; reserved extension,,docs/stages/p3/implementation/p3-w07-cross-cpu-notification/README.md,"[""docs/stages/p3/implementation/p3-w07-cross-cpu-notification/README.md""]"
P3-W08,1,W04,W08 slot,planned,,§3-4,,docs/stages/p3/implementation/p3-w08-tlb-shootdown-transport/03-code-contracts-transport-request.md,"[""docs/stages/p3/implementation/p3-w08-tlb-shootdown-transport/03-code-contracts-transport-request.md""]"
P3-W08,2,W07,W08 wake and kind-1,planned,,Authority; decision 6,,docs/stages/p3/implementation/p3-w08-tlb-shootdown-transport/README.md,"[""docs/stages/p3/implementation/p3-w08-tlb-shootdown-transport/README.md""]"
P3-W08,3,W03/W05,W08 target/phase validation,planned,,§2 SR-1..SR-5,,docs/stages/p3/implementation/p3-w08-tlb-shootdown-transport/04-code-contracts-transport-initiator.md,"[""docs/stages/p3/implementation/p3-w08-tlb-shootdown-transport/04-code-contracts-transport-initiator.md""]"
P3-W08,4,W06,W08 single-flight/wait,planned,,§5,,docs/stages/p3/implementation/p3-w08-tlb-shootdown-transport/02-architecture-and-state.md,"[""docs/stages/p3/implementation/p3-w08-tlb-shootdown-transport/02-architecture-and-state.md""]"
P3-W08,5,W08,P4 via W14,planned,,Downstream handoff,,docs/stages/p3/implementation/p3-w08-tlb-shootdown-transport/README.md,"[""docs/stages/p3/implementation/p3-w08-tlb-shootdown-transport/README.md""]"
P3-W08,6,W08,W11/W12/W13,planned,,Downstream handoff,,docs/stages/p3/implementation/p3-w08-tlb-shootdown-transport/README.md,"[""docs/stages/p3/implementation/p3-w08-tlb-shootdown-transport/README.md""]"
P3-W09,1,W04,W09 exception slot,planned,,§1-4,,docs/stages/p3/implementation/p3-w09-cpu-local-exception-interrupt/03-code-contracts-exception-local-state.md,"[""docs/stages/p3/implementation/p3-w09-cpu-local-exception-interrupt/03-code-contracts-exception-local-state.md""]"
P3-W09,2,W02/W01/W03,W09 attribution,planned,,§2,,docs/stages/p3/implementation/p3-w09-cpu-local-exception-interrupt/04-code-contracts-attribution-and-logging.md,"[""docs/stages/p3/implementation/p3-w09-cpu-local-exception-interrupt/04-code-contracts-attribution-and-logging.md""]"
P3-W09,3,P1-W05/W07,W09 hooks/fatal integration,planned,,Authority; decision 3,,docs/stages/p3/implementation/p3-w09-cpu-local-exception-interrupt/README.md,"[""docs/stages/p3/implementation/p3-w09-cpu-local-exception-interrupt/README.md""]"
P3-W09,4,W06,W09 logging,planned,,§4 CL-1..5,,docs/stages/p3/implementation/p3-w09-cpu-local-exception-interrupt/04-code-contracts-attribution-and-logging.md,"[""docs/stages/p3/implementation/p3-w09-cpu-local-exception-interrupt/04-code-contracts-attribution-and-logging.md""]"
P3-W09,5,W09,W10/W11/W12/W13/W14/P4,planned,,Downstream handoff,,docs/stages/p3/implementation/p3-w09-cpu-local-exception-interrupt/README.md,"[""docs/stages/p3/implementation/p3-w09-cpu-local-exception-interrupt/README.md""]"
P3-W10,1,W06/W05/W04,W10 classification rules,planned,,§3,,docs/stages/p3/implementation/p3-w10-smp-safety-audit/01-audit-framework-and-checklist.md,"[""docs/stages/p3/implementation/p3-w10-smp-safety-audit/01-audit-framework-and-checklist.md""]"
P3-W10,2,W01-W09,W10 audit seed inventory,planned,,§2 G5-G6,,docs/stages/p3/implementation/p3-w10-smp-safety-audit/01-audit-framework-and-checklist.md,"[""docs/stages/p3/implementation/p3-w10-smp-safety-audit/01-audit-framework-and-checklist.md""]"
P3-W10,3,W10,W11/W12/W13/W15/P4,planned,,Downstream handoff,,docs/stages/p3/implementation/p3-w10-smp-safety-audit/README.md,"[""docs/stages/p3/implementation/p3-w10-smp-safety-audit/README.md""]"
P3-W11,1,W04,W11 counters/identity,planned,,§1-3,,docs/stages/p3/implementation/p3-w11-smp-observability/03-code-contracts-counter-block.md,"[""docs/stages/p3/implementation/p3-w11-smp-observability/03-code-contracts-counter-block.md""]"
P3-W11,2,W02/W03/W05/W06/W07/W08,W11 event seams,planned,,"§2, §6",,docs/stages/p3/implementation/p3-w11-smp-observability/04-code-contracts-event-catalog.md,"[""docs/stages/p3/implementation/p3-w11-smp-observability/04-code-contracts-event-catalog.md""]"
P3-W11,3,P0-W12/W13,W11 channels/namespaces,assumed,,§1.2,,docs/stages/p3/implementation/p3-w11-smp-observability/01-scope-and-foundations.md,"[""docs/stages/p3/implementation/p3-w11-smp-observability/01-scope-and-foundations.md""]"
P3-W11,4,W05,W11 raw-timing publication,planned,,§6,,docs/stages/p3/implementation/p3-w11-smp-observability/02-architecture-and-state.md,"[""docs/stages/p3/implementation/p3-w11-smp-observability/02-architecture-and-state.md""]"
P3-W11,5,W11,W12/W13/W14-P4,planned,,Downstream handoff,,docs/stages/p3/implementation/p3-w11-smp-observability/README.md,"[""docs/stages/p3/implementation/p3-w11-smp-observability/README.md""]"
P3-W12,1,W02/W03/W05/W06/W07/W08/W09/W11/P2 allocators,W12 S1-S7,planned,,§2 S1-S7,,docs/stages/p3/implementation/p3-w12-smp-stress-failure-tests/02-stress-scenario-matrix.md,"[""docs/stages/p3/implementation/p3-w12-smp-stress-failure-tests/02-stress-scenario-matrix.md""]"
P3-W12,2,W11,W12 accounting/snapshots,planned,,§3,,docs/stages/p3/implementation/p3-w12-smp-stress-failure-tests/03-failure-injection-and-accounting.md,"[""docs/stages/p3/implementation/p3-w12-smp-stress-failure-tests/03-failure-injection-and-accounting.md""]"
P3-W12,3,W12,W13 matrix/P3-V13; W15; P4; P15,planned,,Downstream handoff,,docs/stages/p3/implementation/p3-w12-smp-stress-failure-tests/README.md,"[""docs/stages/p3/implementation/p3-w12-smp-stress-failure-tests/README.md""]"
P3-W13,1,P0-W09/W20,W13 execution/status,assumed,,§2,,docs/stages/p3/implementation/p3-w13-qemu-smp-regression/03-result-classification-and-evidence.md,"[""docs/stages/p3/implementation/p3-w13-qemu-smp-regression/03-result-classification-and-evidence.md""]"
P3-W13,2,W12,W13 R5-R8,planned,,§5,,docs/stages/p3/implementation/p3-w13-qemu-smp-regression/02-regression-matrix.md,"[""docs/stages/p3/implementation/p3-w13-qemu-smp-regression/02-regression-matrix.md""]"
P3-W13,3,W02/W03/W04/W05/W11,W13 R1-R4,planned,,§2 R1-R4,,docs/stages/p3/implementation/p3-w13-qemu-smp-regression/02-regression-matrix.md,"[""docs/stages/p3/implementation/p3-w13-qemu-smp-regression/02-regression-matrix.md""]"
P3-W13,4,W13,W14/P4/W15/P15 and P0-W20,planned,,Downstream handoff,,docs/stages/p3/implementation/p3-w13-qemu-smp-regression/README.md,"[""docs/stages/p3/implementation/p3-w13-qemu-smp-regression/README.md""]"
P3-W14,1,W01-W13,W14 reliance R1-R9,planned,,§2,,docs/stages/p3/implementation/p3-w14-p4-smp-handoff/02-p4-consumer-map.md,"[""docs/stages/p3/implementation/p3-w14-p4-smp-handoff/02-p4-consumer-map.md""]"
P3-W14,2,P2-W10,W14 inherited limits,assumed,,§1.2,,docs/stages/p3/implementation/p3-w14-p4-smp-handoff/01-scope-and-foundations.md,"[""docs/stages/p3/implementation/p3-w14-p4-smp-handoff/01-scope-and-foundations.md""]"
P3-W14,3,P4 task book/index,W14 sufficiency review,planned,,§3,,docs/stages/p3/implementation/p3-w14-p4-smp-handoff/02-p4-consumer-map.md,"[""docs/stages/p3/implementation/p3-w14-p4-smp-handoff/02-p4-consumer-map.md""]"
P3-W14,4,W14,P4/W15/P15,planned,,Downstream handoff,,docs/stages/p3/implementation/p3-w14-p4-smp-handoff/README.md,"[""docs/stages/p3/implementation/p3-w14-p4-smp-handoff/README.md""]"
P3-W15,1,P3 task book + W01-W14,W15 outcome matrix/status map,planned,,§3-5,,docs/stages/p3/implementation/p3-w15-stage-documentation-acceptance/02-acceptance-artifacts-and-checks.md,"[""docs/stages/p3/implementation/p3-w15-stage-documentation-acceptance/02-acceptance-artifacts-and-checks.md""]"
P3-W15,2,docs/README.md,W15 C6 layer checks,planned,,Authority constraints; 02 §4 C6,,docs/stages/p3/implementation/p3-w15-stage-documentation-acceptance/README.md,"[""docs/stages/p3/implementation/p3-w15-stage-documentation-acceptance/README.md""]"
P3-W15,3,W14,W15 issue register/closure gate,planned,,§1.2,,docs/stages/p3/implementation/p3-w15-stage-documentation-acceptance/01-scope-and-foundations.md,"[""docs/stages/p3/implementation/p3-w15-stage-documentation-acceptance/01-scope-and-foundations.md""]"
P3-W15,4,W15,P3 closure reviewer/P4-W01,planned,,Downstream handoff,,docs/stages/p3/implementation/p3-w15-stage-documentation-acceptance/README.md,"[""docs/stages/p3/implementation/p3-w15-stage-documentation-acceptance/README.md""]"
P4-W01,1,P1 plans/handoff,W01 R01-R06,planned,,§2,,docs/stages/p4/implementation/p4-w01-entry-contract-reconciliation/01-reconciliation-contract.md,"[""docs/stages/p4/implementation/p4-w01-entry-contract-reconciliation/01-reconciliation-contract.md""]"
P4-W01,2,P2 contracts/P2-W10,W01 R07-R12,assumed,,§2,,docs/stages/p4/implementation/p4-w01-entry-contract-reconciliation/01-reconciliation-contract.md,"[""docs/stages/p4/implementation/p4-w01-entry-contract-reconciliation/01-reconciliation-contract.md""]"
P4-W01,3,P3-W01-W14/P3-W14,W01 R13-R17,assumed,,§2,,docs/stages/p4/implementation/p4-w01-entry-contract-reconciliation/01-reconciliation-contract.md,"[""docs/stages/p4/implementation/p4-w01-entry-contract-reconciliation/01-reconciliation-contract.md""]"
P4-W01,4,P0 governance,W01 R18-R20,assumed,,§2,,docs/stages/p4/implementation/p4-w01-entry-contract-reconciliation/01-reconciliation-contract.md,"[""docs/stages/p4/implementation/p4-w01-entry-contract-reconciliation/01-reconciliation-contract.md""]"
P4-W01,5,P4 W05-W07,W01 R21 scenario inputs,planned,,§2 R21,,docs/stages/p4/implementation/p4-w01-entry-contract-reconciliation/01-reconciliation-contract.md,"[""docs/stages/p4/implementation/p4-w01-entry-contract-reconciliation/01-reconciliation-contract.md""]"
P4-W01,6,W01,P4 W02-W09,planned,,Downstream handoff,,docs/stages/p4/implementation/p4-w01-entry-contract-reconciliation/README.md,"[""docs/stages/p4/implementation/p4-w01-entry-contract-reconciliation/README.md""]"
P4-W02,1,P4-W01 R08/R09/M2,W02 allocator/host memory,assumed,,§2 M2-M3,,docs/stages/p4/implementation/p4-w02-stage2-address-space/01-scope-and-foundations.md,"[""docs/stages/p4/implementation/p4-w02-stage2-address-space/01-scope-and-foundations.md""]"
P4-W02,2,P4-W03,W02 MappingGrant input,planned,,§2 M4; README downstream handoff,,docs/stages/p4/implementation/p4-w02-stage2-address-space/01-scope-and-foundations.md,"[""docs/stages/p4/implementation/p4-w02-stage2-address-space/01-scope-and-foundations.md""]"
P4-W02,3,P3-W08/W14,W02 cross-CPU invalidation seam,planned,,§6.3-6.4,,docs/stages/p4/implementation/p4-w02-stage2-address-space/02-architecture-and-state.md,"[""docs/stages/p4/implementation/p4-w02-stage2-address-space/02-architecture-and-state.md""]"
P4-W02,4,W02,P4-W04 activate; W06 query; W03 mapping; W07/08 evidence,planned,,Downstream handoff,,docs/stages/p4/implementation/p4-w02-stage2-address-space/README.md,"[""docs/stages/p4/implementation/p4-w02-stage2-address-space/README.md""]"
P4-W03,1,P2-W04/W10,P4-W03,assumed,,package input contract / prerequisite,,P2-W04 and P2-W10 records absent/unproven at this snapshot,[]
P4-W03,2,P2-W02,P4-W03,assumed,,package input contract / prerequisite,,W03 README §2; no concrete source contract,[]
P4-W03,3,P4-W02,P4-W03,planned,,package input contract / prerequisite,,"W02 design §§1.3,3.2",[]
P4-W03,4,P4-W03,P4-W04,planned,,design handoff / output contract,,W03 README downstream handoff,[]
P4-W03,5,P4-W03,P4-W02,planned,,design handoff / output contract,,W03 contract §3.3; W02 grant contract,[]
P4-W03,6,P4-W03,P4-W05,planned,,design handoff / output contract,,W03 plan acceptance P4-V03,[]
P4-W04,1,P4-W02,P4-W04,assumed,,package input contract / prerequisite,,W02 design only,[]
P4-W04,2,P4-W03,P4-W04,assumed,,package input contract / prerequisite,,W03 design only,[]
P4-W04,3,P1-W03/W05/W06,P4-W04,planned,,package input contract / prerequisite,,current P1 verification refs are cited but no P4 run proof,[]
P4-W04,4,P3-W01/W02/W04,P4-W04,assumed,,package input contract / prerequisite,,P3 future evidence,[]
P4-W04,5,P4-W05,P4-W04,planned,,package input contract / prerequisite,,W04 acceptance,[]
P4-W04,6,P4-W04,P4-W05/W06,planned,,design handoff / output contract,,W04 detailed design,[]
P4-W04,7,P4-W04,P4-W07/W08,planned,,design handoff / output contract,,W04 handoff,[]
P4-W05,1,P4-W03,P4-W05,planned,,package input contract / prerequisite,,W03 BootInfo has no stack_top,[]
P4-W05,2,P4-W04,P4-W05,assumed,,package input contract / prerequisite,,W04 currently says Stage2 fault stops,[]
P4-W05,3,P4 task book,P4-W05,planned,,package input contract / prerequisite,,Task book §6,[]
P4-W05,4,P4-W05,P4-W04/W06/W07,planned,,design handoff / output contract,,W05 plan and design,[]
P4-W05,5,P4-W05,P4-W09,planned,,design handoff / output contract,,W05 plan handoff,[]
P4-W06,1,P4-W04,P4-W06,assumed,,package input contract / prerequisite,,W04 design only,[]
P4-W06,2,P4-W02,P4-W06,assumed,,package input contract / prerequisite,,W02 design only,[]
P4-W06,3,P4-W05,P4-W06,assumed,,package input contract / prerequisite,,W03/W05 schemas lack three probes,[]
P4-W06,4,P4-W06,P4-W07/W08/W09,planned,,design handoff / output contract,,W06 handoff,[]
P4-W07,1,P4-W03,P4-W07,assumed,,package input contract / prerequisite,,"W03 init only from Allocated, load yields Loaded",[]
P4-W07,2,P4-W02/W04,P4-W07,assumed,,package input contract / prerequisite,,W02/W04 designs only,[]
P4-W07,3,P4-W06,P4-W07,planned,,package input contract / prerequisite,,W06 handoff,[]
P4-W07,4,P0/P1,P4-W07,planned,,package input contract / prerequisite,,P4-W08 needs actual identity,[]
P4-W07,5,P4-W07,P4-W08/W09,planned,,design handoff / output contract,,W07 schema,[]
P4-W07,6,P4-W07,P5,planned,,design handoff / output contract,,W07 handoff,[]
P4-W08,1,P4-W07,P4-W08,assumed,,package input contract / prerequisite,,P4-RR v1 only S1 cross-run ref,[]
P4-W08,2,P4-W05/W06,P4-W08,planned,,package input contract / prerequisite,,P4 plans,[]
P4-W08,3,P0/P1,P4-W08,planned,,package input contract / prerequisite,,P4 W08 design assumes pinned identity,[]
P4-W08,4,P4-W08,P4-W09,planned,,design handoff / output contract,,W08 validation,[]
P4-W08,5,P4-W08,P5-W09,planned,,design handoff / output contract,,P5 design dependency,[]
P4-W09,1,P4-W01..W08,P4-W09,assumed,,package input contract / prerequisite,,all package verification docs currently absent,[]
P4-W09,2,P4 task book,P4-W09,planned,,package input contract / prerequisite,,task book,[]
P4-W09,3,P4-W09,P5-W01,planned,,design handoff / output contract,,P5 plan handoff,[]
P5-W01,1,P4-W09 and P4 delivered packages,P5-W01,assumed,,package input contract / prerequisite,,"P4 documents are proposed, verification absent",[]
P5-W01,2,P5 task book/ADR/security baseline,P5-W01,planned,,package input contract / prerequisite,,W01 design,[]
P5-W01,3,P1/P2/P3 evidence,P5-W01,planned,,package input contract / prerequisite,,P5-W01 ledger,[]
P5-W01,4,P5-W01,P5-W02..W10,planned,,design handoff / output contract,,P5-V01,[]
P5-W01,5,P5-W01,P4/P5 owners,planned,,design handoff / output contract,,W01 handoff,[]
P5-W02,1,P5-W01,P5-W02,assumed,,package input contract / prerequisite,,W01 proposed,[]
P5-W02,2,P4-W04/W09,P5-W02,assumed,,package input contract / prerequisite,,P4 evidence absent,[]
P5-W02,3,P0 governance / ADRs,P5-W02,planned,,package input contract / prerequisite,,P5 task book,[]
P5-W02,4,P5-W02,P5-W03..W07,planned,,design handoff / output contract,,W02 design,[]
P5-W02,5,P5-W02,P5-W01/W10,planned,,design handoff / output contract,,P5-V02/V06/V15,[]
P5-W03,1,P5-W02,P5-W03,assumed,,package input contract / prerequisite,,proposed,[]
P5-W03,2,P5-W04,P5-W03,assumed,,package input contract / prerequisite,,W04 proposed,[]
P5-W03,3,P5-W05,P5-W03,assumed,,package input contract / prerequisite,,W05 proposed,[]
P5-W03,4,P4-W03/W04,P5-W03,assumed,,package input contract / prerequisite,,current P4 path unimplemented,[]
P5-W03,5,P5-W03,P5-W06,planned,,design handoff / output contract,,W03 handoff,[]
P5-W03,6,P5-W03,P5-W07/W08,planned,,design handoff / output contract,,W03 handoff,[]
P5-W04,1,P5-W01/W02,P5-W04,assumed,,package input contract / prerequisite,,proposed,[]
P5-W04,2,P0/P3,P5-W04,planned,,package input contract / prerequisite,,P5-W04 design,[]
P5-W04,3,P5-W05/W06,P5-W04,assumed,,package input contract / prerequisite,,contracts proposed,[]
P5-W04,4,P5-W04,P5-W05/W06/W08,planned,,design handoff / output contract,,W04 design,[]
P5-W04,5,P5-W04,P5-W10,planned,,design handoff / output contract,,P5-V04/V05,[]
P5-W05,1,P5-W01/W02,P5-W05,assumed,,package input contract / prerequisite,,proposed,[]
P5-W05,2,P5-W04,P5-W05,planned,,package input contract / prerequisite,,W04 proposal,[]
P5-W05,3,P5 ADR/task book,P5-W05,planned,,package input contract / prerequisite,,authority design,[]
P5-W05,4,P5-W05,P5-W06,planned,,design handoff / output contract,,W05 design,[]
P5-W05,5,P5-W05,P5-W07/W08,planned,,design handoff / output contract,,W05 handoff,[]
P5-W06,1,P5-W02,P5-W06,assumed,,package input contract / prerequisite,,proposed,[]
P5-W06,2,P5-W03,P5-W06,assumed,,package input contract / prerequisite,,proposed,[]
P5-W06,3,P5-W04,P5-W06,assumed,,package input contract / prerequisite,,W04 proposed,[]
P5-W06,4,P5-W05,P5-W06,assumed,,package input contract / prerequisite,,W05 proposed,[]
P5-W06,5,P5-W06,P5-W07/W08/W09,planned,,design handoff / output contract,,W06 design,[]
P5-W06,6,P5-W06,P5-W10,planned,,design handoff / output contract,,P5-V09/V10,[]
P5-W07,1,P5-W02..W06,P5-W07,assumed,,package input contract / prerequisite,,proposals only,[]
P5-W07,2,P4-W05/W04/W08,P5-W07,assumed,,package input contract / prerequisite,,P4 artifacts proposed,[]
P5-W07,3,P5-W07,P5-W10,planned,,design handoff / output contract,,P5-V11/V12,[]
P5-W07,4,P5-W07,P5-W08/W09,planned,,design handoff / output contract,,W07 handoff,[]
P5-W08,1,P5-W02..W06,P5-W08,assumed,,package input contract / prerequisite,,designs proposed,[]
P5-W08,2,P3-W14/P3 QEMU,P5-W08,planned,,package input contract / prerequisite,,P3 handoff referenced,[]
P5-W08,3,P0-W18/W20,P5-W08,planned,,package input contract / prerequisite,,P0 governance,[]
P5-W08,4,P5-W08,P5-W09/W10,planned,,design handoff / output contract,,P5-V13/V14,[]
P5-W08,5,P5-W08,P5-W04/W05/W03,planned,,design handoff / output contract,,W08 handoff,[]
P5-W09,1,P5-W02..W08,P5-W09,assumed,,package input contract / prerequisite,,proposed,[]
P5-W09,2,P4-W08/W09,P5-W09,assumed,,package input contract / prerequisite,,P4 verification absent,[]
P5-W09,3,P0 governance,P5-W09,planned,,package input contract / prerequisite,,W09 design,[]
P5-W09,4,P5-W09,P5-W10,planned,,design handoff / output contract,,P5-V15/V16,[]
P5-W09,5,P5-W09,P6 consumers,planned,,design handoff / output contract,,W09 handoff,[]
P5-W10,1,P5-W01..W09,P5-W10,assumed,,package input contract / prerequisite,,all records absent in reviewed tree,[]
P5-W10,2,P5 task book,P5-W10,planned,,package input contract / prerequisite,,task book,[]
P5-W10,3,P6 task book,P5-W10,assumed,,package input contract / prerequisite,,P5 W10 design,[]
P5-W10,4,P5-W10,P6-W01..Wxx,planned,,design handoff / output contract,,P5-V17,[]
P5-W10,5,P5-W10,P5 readers,planned,,design handoff / output contract,,W10 handoff,[]
P8-W03,1,P4-W09,P8-W03,assumed,VM/artifact lifetime,,detailed-design upstream handoff,docs/stages/p8/implementation/p8-w03-linux-boot-contract/README.md,"[""docs/stages/p8/implementation/p8-w03-linux-boot-contract/README.md""]"
P8-W03,2,P5-W10,P8-W03,assumed,shutdown lifecycle,,detailed-design upstream handoff,docs/stages/p8/implementation/p8-w03-linux-boot-contract/README.md,"[""docs/stages/p8/implementation/p8-w03-linux-boot-contract/README.md""]"
P8-W03,3,P8-W03,P8-W04,planned,DTB contract,,Downstream handoff,docs/stages/p8/implementation/p8-w03-linux-boot-contract/README.md,"[""docs/stages/p8/implementation/p8-w03-linux-boot-contract/README.md""]"
P8-W03,4,P8-W03,P8-W06,planned,PSCI mechanism,,Downstream handoff,docs/stages/p8/implementation/p8-w03-linux-boot-contract/README.md,"[""docs/stages/p8/implementation/p8-w03-linux-boot-contract/README.md""]"
P8-W03,5,P8-W03,P8-W09,planned,single CPU boot,,Downstream handoff,docs/stages/p8/implementation/p8-w03-linux-boot-contract/README.md,"[""docs/stages/p8/implementation/p8-w03-linux-boot-contract/README.md""]"
P8-W03,6,P8-W03,P8-W10,planned,secondary state,,Downstream handoff,docs/stages/p8/implementation/p8-w03-linux-boot-contract/README.md,"[""docs/stages/p8/implementation/p8-w03-linux-boot-contract/README.md""]"
P8-W03,7,P8-W03,P8-W15,planned,fixture pinning,,Downstream handoff,docs/stages/p8/implementation/p8-w03-linux-boot-contract/README.md,"[""docs/stages/p8/implementation/p8-w03-linux-boot-contract/README.md""]"
P8-W03,8,P8-W03,P8-W16,planned,regression markers,,Downstream handoff,docs/stages/p8/implementation/p8-w03-linux-boot-contract/README.md,"[""docs/stages/p8/implementation/p8-w03-linux-boot-contract/README.md""]"
P8-W04,1,P2-W02,P8-W04,assumed,host data excluded; semantic categories only,,detailed-design upstream handoff,docs/stages/p8/implementation/p8-w04-guest-dtb-contract/README.md,"[""docs/stages/p8/implementation/p8-w04-guest-dtb-contract/README.md""]"
P8-W04,2,P4-W09,P8-W04,assumed,mapped Guest RAM facts,,detailed-design upstream handoff,docs/stages/p8/implementation/p8-w04-guest-dtb-contract/README.md,"[""docs/stages/p8/implementation/p8-w04-guest-dtb-contract/README.md""]"
P8-W04,3,P8-W04,P8-W03,planned,bootargs/artifact transfer,,Downstream handoff,docs/stages/p8/implementation/p8-w04-guest-dtb-contract/README.md,"[""docs/stages/p8/implementation/p8-w04-guest-dtb-contract/README.md""]"
P8-W04,4,P8-W04,P8-W06,planned,PSCI binding,,Downstream handoff,docs/stages/p8/implementation/p8-w04-guest-dtb-contract/README.md,"[""docs/stages/p8/implementation/p8-w04-guest-dtb-contract/README.md""]"
P8-W04,5,P8-W04,P8-W07,planned,GIC,,Downstream handoff,docs/stages/p8/implementation/p8-w04-guest-dtb-contract/README.md,"[""docs/stages/p8/implementation/p8-w04-guest-dtb-contract/README.md""]"
P8-W04,6,P8-W04,P8-W08,planned,timer,,Downstream handoff,docs/stages/p8/implementation/p8-w04-guest-dtb-contract/README.md,"[""docs/stages/p8/implementation/p8-w04-guest-dtb-contract/README.md""]"
P8-W04,7,P8-W04,P8-W09,planned,console,,Downstream handoff,docs/stages/p8/implementation/p8-w04-guest-dtb-contract/README.md,"[""docs/stages/p8/implementation/p8-w04-guest-dtb-contract/README.md""]"
P8-W04,8,P8-W04,P8-W10,planned,topology,,Downstream handoff,docs/stages/p8/implementation/p8-w04-guest-dtb-contract/README.md,"[""docs/stages/p8/implementation/p8-w04-guest-dtb-contract/README.md""]"
P8-W04,9,P8-W04,P8-W14,planned,compatibility dimensions,,Downstream handoff,docs/stages/p8/implementation/p8-w04-guest-dtb-contract/README.md,"[""docs/stages/p8/implementation/p8-w04-guest-dtb-contract/README.md""]"
P8-W04,10,P8-W04,P8-W15,planned,fixture values,,Downstream handoff,docs/stages/p8/implementation/p8-w04-guest-dtb-contract/README.md,"[""docs/stages/p8/implementation/p8-w04-guest-dtb-contract/README.md""]"
P8-W04,11,P8-W04,P8-W16,planned,automated checks,,Downstream handoff,docs/stages/p8/implementation/p8-w04-guest-dtb-contract/README.md,"[""docs/stages/p8/implementation/p8-w04-guest-dtb-contract/README.md""]"
P8-W05,1,P4-W02,P8-W05,assumed,Guest execution exit,,detailed-design upstream handoff,docs/stages/p8/implementation/p8-w05-linux-cpu-virtualization/README.md,"[""docs/stages/p8/implementation/p8-w05-linux-cpu-virtualization/README.md""]"
P8-W05,2,P5-W10,P8-W05,assumed,failure classes,,detailed-design upstream handoff,docs/stages/p8/implementation/p8-w05-linux-cpu-virtualization/README.md,"[""docs/stages/p8/implementation/p8-w05-linux-cpu-virtualization/README.md""]"
P8-W05,3,P6-W07,P8-W05,assumed,vIRQ semantics,,detailed-design upstream handoff,docs/stages/p8/implementation/p8-w05-linux-cpu-virtualization/README.md,"[""docs/stages/p8/implementation/p8-w05-linux-cpu-virtualization/README.md""]"
P8-W05,4,P7-W06,P8-W05,assumed,WFI block/wakeup,,detailed-design upstream handoff,docs/stages/p8/implementation/p8-w05-linux-cpu-virtualization/README.md,"[""docs/stages/p8/implementation/p8-w05-linux-cpu-virtualization/README.md""]"
P8-W05,5,P8-W05,P8-W06,planned,PSCI route,,Downstream handoff,docs/stages/p8/implementation/p8-w05-linux-cpu-virtualization/README.md,"[""docs/stages/p8/implementation/p8-w05-linux-cpu-virtualization/README.md""]"
P8-W05,6,P8-W05,P8-W07,planned,GIC route,,Downstream handoff,docs/stages/p8/implementation/p8-w05-linux-cpu-virtualization/README.md,"[""docs/stages/p8/implementation/p8-w05-linux-cpu-virtualization/README.md""]"
P8-W05,7,P8-W05,P8-W08,planned,timer route,,Downstream handoff,docs/stages/p8/implementation/p8-w05-linux-cpu-virtualization/README.md,"[""docs/stages/p8/implementation/p8-w05-linux-cpu-virtualization/README.md""]"
P8-W05,8,P8-W05,P8-W09,planned,console/MMIO,,Downstream handoff,docs/stages/p8/implementation/p8-w05-linux-cpu-virtualization/README.md,"[""docs/stages/p8/implementation/p8-w05-linux-cpu-virtualization/README.md""]"
P8-W05,9,P8-W05,P8-W10,planned,CPU posture,,Downstream handoff,docs/stages/p8/implementation/p8-w05-linux-cpu-virtualization/README.md,"[""docs/stages/p8/implementation/p8-w05-linux-cpu-virtualization/README.md""]"
P8-W05,10,P8-W05,P8-W13,planned,diagnostic baseline,,Downstream handoff,docs/stages/p8/implementation/p8-w05-linux-cpu-virtualization/README.md,"[""docs/stages/p8/implementation/p8-w05-linux-cpu-virtualization/README.md""]"
P8-W05,11,P8-W05,P8-W18,planned,negative cases,,Downstream handoff,docs/stages/p8/implementation/p8-w05-linux-cpu-virtualization/README.md,"[""docs/stages/p8/implementation/p8-w05-linux-cpu-virtualization/README.md""]"
P8-W06,1,P3-W01,P8-W06,assumed,CPU inventory,,detailed-design upstream handoff,docs/stages/p8/implementation/p8-w06-psci-virtualization/README.md,"[""docs/stages/p8/implementation/p8-w06-psci-virtualization/README.md""]"
P8-W06,2,P3-W04,P8-W06,assumed,CPU start mechanism,,detailed-design upstream handoff,docs/stages/p8/implementation/p8-w06-psci-virtualization/README.md,"[""docs/stages/p8/implementation/p8-w06-psci-virtualization/README.md""]"
P8-W06,3,P4-W01,P8-W06,assumed,VM lifecycle,,detailed-design upstream handoff,docs/stages/p8/implementation/p8-w06-psci-virtualization/README.md,"[""docs/stages/p8/implementation/p8-w06-psci-virtualization/README.md""]"
P8-W06,4,P7-W02,P8-W06,assumed,vCPU lifecycle,,detailed-design upstream handoff,docs/stages/p8/implementation/p8-w06-psci-virtualization/README.md,"[""docs/stages/p8/implementation/p8-w06-psci-virtualization/README.md""]"
P8-W06,5,P8-W06,P8-W03,planned,secondary boot/shutdown facts,,Downstream handoff,docs/stages/p8/implementation/p8-w06-psci-virtualization/README.md,"[""docs/stages/p8/implementation/p8-w06-psci-virtualization/README.md""]"
P8-W06,6,P8-W06,P8-W04,planned,PSCI DT node,,Downstream handoff,docs/stages/p8/implementation/p8-w06-psci-virtualization/README.md,"[""docs/stages/p8/implementation/p8-w06-psci-virtualization/README.md""]"
P8-W06,7,P8-W06,P8-W05,planned,classification,,Downstream handoff,docs/stages/p8/implementation/p8-w06-psci-virtualization/README.md,"[""docs/stages/p8/implementation/p8-w06-psci-virtualization/README.md""]"
P8-W06,8,P8-W06,P8-W10,planned,Linux SMP,,Downstream handoff,docs/stages/p8/implementation/p8-w06-psci-virtualization/README.md,"[""docs/stages/p8/implementation/p8-w06-psci-virtualization/README.md""]"
P8-W06,9,P8-W06,P8-W14,planned,ABI dimensions,,Downstream handoff,docs/stages/p8/implementation/p8-w06-psci-virtualization/README.md,"[""docs/stages/p8/implementation/p8-w06-psci-virtualization/README.md""]"
P8-W06,10,P8-W06,P8-W16,planned,runs,,Downstream handoff,docs/stages/p8/implementation/p8-w06-psci-virtualization/README.md,"[""docs/stages/p8/implementation/p8-w06-psci-virtualization/README.md""]"
P8-W07,1,P6-W03,P8-W07,assumed,physical IRQ lifecycle,,detailed-design upstream handoff,docs/stages/p8/implementation/p8-w07-linux-vgicv3/README.md,"[""docs/stages/p8/implementation/p8-w07-linux-vgicv3/README.md""]"
P8-W07,2,P6-W07,P8-W07,assumed,vIRQ lifecycle,,detailed-design upstream handoff,docs/stages/p8/implementation/p8-w07-linux-vgicv3/README.md,"[""docs/stages/p8/implementation/p8-w07-linux-vgicv3/README.md""]"
P8-W07,3,P6-W08,P8-W07,assumed,GIC virtualization interface,,detailed-design upstream handoff,docs/stages/p8/implementation/p8-w07-linux-vgicv3/README.md,"[""docs/stages/p8/implementation/p8-w07-linux-vgicv3/README.md""]"
P8-W07,4,P4-W02,P8-W07,assumed,exit context,,detailed-design upstream handoff,docs/stages/p8/implementation/p8-w07-linux-vgicv3/README.md,"[""docs/stages/p8/implementation/p8-w07-linux-vgicv3/README.md""]"
P8-W07,5,P8-W07,P8-W04,planned,DTB GIC facts,,Downstream handoff,docs/stages/p8/implementation/p8-w07-linux-vgicv3/README.md,"[""docs/stages/p8/implementation/p8-w07-linux-vgicv3/README.md""]"
P8-W07,6,P8-W07,P8-W08,planned,timer injection,,Downstream handoff,docs/stages/p8/implementation/p8-w07-linux-vgicv3/README.md,"[""docs/stages/p8/implementation/p8-w07-linux-vgicv3/README.md""]"
P8-W07,7,P8-W07,P8-W09,planned,console RX,,Downstream handoff,docs/stages/p8/implementation/p8-w07-linux-vgicv3/README.md,"[""docs/stages/p8/implementation/p8-w07-linux-vgicv3/README.md""]"
P8-W07,8,P8-W07,P8-W10,planned,SGI/SMP,,Downstream handoff,docs/stages/p8/implementation/p8-w07-linux-vgicv3/README.md,"[""docs/stages/p8/implementation/p8-w07-linux-vgicv3/README.md""]"
P8-W07,9,P8-W07,P8-W16,planned,regression,,Downstream handoff,docs/stages/p8/implementation/p8-w07-linux-vgicv3/README.md,"[""docs/stages/p8/implementation/p8-w07-linux-vgicv3/README.md""]"
P8-W07,10,P8-W07,P8-W18,planned,abuse cases,,Downstream handoff,docs/stages/p8/implementation/p8-w07-linux-vgicv3/README.md,"[""docs/stages/p8/implementation/p8-w07-linux-vgicv3/README.md""]"
P8-W08,1,P6-W05,P8-W08,assumed,EL2 timer,,detailed-design upstream handoff,docs/stages/p8/implementation/p8-w08-linux-timer-integration/README.md,"[""docs/stages/p8/implementation/p8-w08-linux-timer-integration/README.md""]"
P8-W08,2,P6-W06,P8-W08,assumed,guest timer state,,detailed-design upstream handoff,docs/stages/p8/implementation/p8-w08-linux-timer-integration/README.md,"[""docs/stages/p8/implementation/p8-w08-linux-timer-integration/README.md""]"
P8-W08,3,P6-W07,P8-W08,assumed,vIRQ injection,,detailed-design upstream handoff,docs/stages/p8/implementation/p8-w08-linux-timer-integration/README.md,"[""docs/stages/p8/implementation/p8-w08-linux-timer-integration/README.md""]"
P8-W08,4,P7-W02,P8-W08,assumed,vCPU scheduling state,,detailed-design upstream handoff,docs/stages/p8/implementation/p8-w08-linux-timer-integration/README.md,"[""docs/stages/p8/implementation/p8-w08-linux-timer-integration/README.md""]"
P8-W08,5,P7-W06,P8-W08,assumed,blocked-vCPU wakeup,,detailed-design upstream handoff,docs/stages/p8/implementation/p8-w08-linux-timer-integration/README.md,"[""docs/stages/p8/implementation/p8-w08-linux-timer-integration/README.md""]"
P8-W08,6,P8-W08,P8-W04,planned,DTB timer facts,,Downstream handoff,docs/stages/p8/implementation/p8-w08-linux-timer-integration/README.md,"[""docs/stages/p8/implementation/p8-w08-linux-timer-integration/README.md""]"
P8-W08,7,P8-W08,P8-W09,planned,single-vCPU sleep tests,,Downstream handoff,docs/stages/p8/implementation/p8-w08-linux-timer-integration/README.md,"[""docs/stages/p8/implementation/p8-w08-linux-timer-integration/README.md""]"
P8-W08,8,P8-W08,P8-W10,planned,per-vCPU SMP timer,,Downstream handoff,docs/stages/p8/implementation/p8-w08-linux-timer-integration/README.md,"[""docs/stages/p8/implementation/p8-w08-linux-timer-integration/README.md""]"
P8-W08,9,P8-W08,P8-W11,planned,scheduler,,Downstream handoff,docs/stages/p8/implementation/p8-w08-linux-timer-integration/README.md,"[""docs/stages/p8/implementation/p8-w08-linux-timer-integration/README.md""]"
P8-W08,10,P8-W08,P8-W16,planned,regression,,Downstream handoff,docs/stages/p8/implementation/p8-w08-linux-timer-integration/README.md,"[""docs/stages/p8/implementation/p8-w08-linux-timer-integration/README.md""]"
P8-W08,11,P8-W08,P8-W18,planned,abuse cases,,Downstream handoff,docs/stages/p8/implementation/p8-w08-linux-timer-integration/README.md,"[""docs/stages/p8/implementation/p8-w08-linux-timer-integration/README.md""]"
P8-W09,1,P4-W02,P8-W09,assumed,MMIO exit,,detailed-design upstream handoff,docs/stages/p8/implementation/p8-w09-virtual-console-single-cpu-linux/README.md,"[""docs/stages/p8/implementation/p8-w09-virtual-console-single-cpu-linux/README.md""]"
P8-W09,2,P5-W10,P8-W09,assumed,fault containment,,detailed-design upstream handoff,docs/stages/p8/implementation/p8-w09-virtual-console-single-cpu-linux/README.md,"[""docs/stages/p8/implementation/p8-w09-virtual-console-single-cpu-linux/README.md""]"
P8-W09,3,P8-W09,P8-W03,planned,bootargs and lifecycle,,Downstream handoff,docs/stages/p8/implementation/p8-w09-virtual-console-single-cpu-linux/README.md,"[""docs/stages/p8/implementation/p8-w09-virtual-console-single-cpu-linux/README.md""]"
P8-W09,4,P8-W09,P8-W04,planned,console/chosen DTB,,Downstream handoff,docs/stages/p8/implementation/p8-w09-virtual-console-single-cpu-linux/README.md,"[""docs/stages/p8/implementation/p8-w09-virtual-console-single-cpu-linux/README.md""]"
P8-W09,5,P8-W09,P8-W07,planned,RX interrupt,,Downstream handoff,docs/stages/p8/implementation/p8-w09-virtual-console-single-cpu-linux/README.md,"[""docs/stages/p8/implementation/p8-w09-virtual-console-single-cpu-linux/README.md""]"
P8-W09,6,P8-W09,P8-W08,planned,sleep timer,,Downstream handoff,docs/stages/p8/implementation/p8-w09-virtual-console-single-cpu-linux/README.md,"[""docs/stages/p8/implementation/p8-w09-virtual-console-single-cpu-linux/README.md""]"
P8-W09,7,P8-W09,P8-W15,planned,bootargs/earlycon fixture expectation,,Downstream handoff,docs/stages/p8/implementation/p8-w09-virtual-console-single-cpu-linux/README.md,"[""docs/stages/p8/implementation/p8-w09-virtual-console-single-cpu-linux/README.md""]"
P8-W09,8,P8-W09,P8-W16,planned,marker automation,,Downstream handoff,docs/stages/p8/implementation/p8-w09-virtual-console-single-cpu-linux/README.md,"[""docs/stages/p8/implementation/p8-w09-virtual-console-single-cpu-linux/README.md""]"
P8-W09,9,P8-W09,P8-W18,planned,containment,,Downstream handoff,docs/stages/p8/implementation/p8-w09-virtual-console-single-cpu-linux/README.md,"[""docs/stages/p8/implementation/p8-w09-virtual-console-single-cpu-linux/README.md""]"
P8-W10,1,P3-W01,P8-W10,assumed,CPU inventory,,detailed-design upstream handoff,docs/stages/p8/implementation/p8-w10-linux-smp-bringup/README.md,"[""docs/stages/p8/implementation/p8-w10-linux-smp-bringup/README.md""]"
P8-W10,2,P3-W04,P8-W10,assumed,AP startup,,detailed-design upstream handoff,docs/stages/p8/implementation/p8-w10-linux-smp-bringup/README.md,"[""docs/stages/p8/implementation/p8-w10-linux-smp-bringup/README.md""]"
P8-W10,3,P3-W08,P8-W10,assumed,TLB counters,,detailed-design upstream handoff,docs/stages/p8/implementation/p8-w10-linux-smp-bringup/README.md,"[""docs/stages/p8/implementation/p8-w10-linux-smp-bringup/README.md""]"
P8-W10,4,P6-W04,P8-W10,assumed,SGI transport,,detailed-design upstream handoff,docs/stages/p8/implementation/p8-w10-linux-smp-bringup/README.md,"[""docs/stages/p8/implementation/p8-w10-linux-smp-bringup/README.md""]"
P8-W10,5,P6-W05,P8-W10,assumed,timer,,detailed-design upstream handoff,docs/stages/p8/implementation/p8-w10-linux-smp-bringup/README.md,"[""docs/stages/p8/implementation/p8-w10-linux-smp-bringup/README.md""]"
P8-W10,6,P7-W02,P8-W10,assumed,scheduling,,detailed-design upstream handoff,docs/stages/p8/implementation/p8-w10-linux-smp-bringup/README.md,"[""docs/stages/p8/implementation/p8-w10-linux-smp-bringup/README.md""]"
P8-W10,7,P7-W09,P8-W10,assumed,accounting,,detailed-design upstream handoff,docs/stages/p8/implementation/p8-w10-linux-smp-bringup/README.md,"[""docs/stages/p8/implementation/p8-w10-linux-smp-bringup/README.md""]"
P8-W10,8,P8-W10,P8-W04,planned,topology/DTB,,Downstream handoff,docs/stages/p8/implementation/p8-w10-linux-smp-bringup/README.md,"[""docs/stages/p8/implementation/p8-w10-linux-smp-bringup/README.md""]"
P8-W10,9,P8-W10,P8-W06,planned,CPU_ON,,Downstream handoff,docs/stages/p8/implementation/p8-w10-linux-smp-bringup/README.md,"[""docs/stages/p8/implementation/p8-w10-linux-smp-bringup/README.md""]"
P8-W10,10,P8-W10,P8-W07,planned,SGI/PPI,,Downstream handoff,docs/stages/p8/implementation/p8-w10-linux-smp-bringup/README.md,"[""docs/stages/p8/implementation/p8-w10-linux-smp-bringup/README.md""]"
P8-W10,11,P8-W10,P8-W08,planned,per-vCPU timer,,Downstream handoff,docs/stages/p8/implementation/p8-w10-linux-smp-bringup/README.md,"[""docs/stages/p8/implementation/p8-w10-linux-smp-bringup/README.md""]"
P8-W10,12,P8-W10,P8-W09,planned,baseline markers/console,,Downstream handoff,docs/stages/p8/implementation/p8-w10-linux-smp-bringup/README.md,"[""docs/stages/p8/implementation/p8-w10-linux-smp-bringup/README.md""]"
P8-W10,13,P8-W10,P8-W11,planned,scheduler,,Downstream handoff,docs/stages/p8/implementation/p8-w10-linux-smp-bringup/README.md,"[""docs/stages/p8/implementation/p8-w10-linux-smp-bringup/README.md""]"
P8-W10,14,P8-W10,P8-W13,planned,fault diagnostics,,Downstream handoff,docs/stages/p8/implementation/p8-w10-linux-smp-bringup/README.md,"[""docs/stages/p8/implementation/p8-w10-linux-smp-bringup/README.md""]"
P8-W10,15,P8-W10,P8-W14,planned,compatibility,,Downstream handoff,docs/stages/p8/implementation/p8-w10-linux-smp-bringup/README.md,"[""docs/stages/p8/implementation/p8-w10-linux-smp-bringup/README.md""]"
P8-W10,16,P8-W10,P8-W15,planned,scenario content,,Downstream handoff,docs/stages/p8/implementation/p8-w10-linux-smp-bringup/README.md,"[""docs/stages/p8/implementation/p8-w10-linux-smp-bringup/README.md""]"
P8-W10,17,P8-W10,P8-W16,planned,automation,,Downstream handoff,docs/stages/p8/implementation/p8-w10-linux-smp-bringup/README.md,"[""docs/stages/p8/implementation/p8-w10-linux-smp-bringup/README.md""]"
P8-W02,1,P8-W01,P8-W02,assumed,,§1 Step 1,,docs/stages/p8/implementation/p8-w02-machine-contract-governance/02-review-workflow.md,"[""docs/stages/p8/implementation/p8-w02-machine-contract-governance/02-review-workflow.md""]"
P8-W02,2,P8-W02,P8-W03..W20,planned,,Downstream handoff; Consumer rules §10,,docs/stages/p8/implementation/p8-w02-machine-contract-governance/README.md,"[""docs/stages/p8/implementation/p8-w02-machine-contract-governance/README.md""]"
P8-W02,3,P8-W02,P9+,planned,,"Downstream handoff, final bullet",,docs/stages/p8/implementation/p8-w02-machine-contract-governance/README.md,"[""docs/stages/p8/implementation/p8-w02-machine-contract-governance/README.md""]"
P8-W02,4,ADR §18 / ADR process,P8-W02 and P8 consumers,blocked,,§6 route table / §9 freeze gate,,docs/stages/p8/implementation/p8-w02-machine-contract-governance/01-governance-contract.md,"[""docs/stages/p8/implementation/p8-w02-machine-contract-governance/01-governance-contract.md""]"
P8-W16,1,P8-W18 scenario content (fault rows),P8-W16 matrix LG-F1,planned,,§3 LG-FAULT / LG-F1,,docs/stages/p8/implementation/p8-w16-automated-linux-regression/01-regression-matrix.md,"[""docs/stages/p8/implementation/p8-w16-automated-linux-regression/01-regression-matrix.md""]"
P8-W16,2,P8-W16 harness/oracles,P8-W18 isolation matrix execution,planned,,§1 assumed W16 envelope; §2 step 2,,docs/stages/p8/implementation/p8-w16-automated-linux-regression/02-harness-contract-and-workflow.md,"[""docs/stages/p8/implementation/p8-w16-automated-linux-regression/02-harness-contract-and-workflow.md""]"
P8-W16,3,P8-W19 retained VG entry set,P8-W16 VG-RET row family,planned,,§3 VG family,,docs/stages/p8/implementation/p8-w16-automated-linux-regression/01-regression-matrix.md,"[""docs/stages/p8/implementation/p8-w16-automated-linux-regression/01-regression-matrix.md""]"
P8-W16,4,P8-W16 VG-RET envelope,P8-W19 retained suite,planned,,§1 and §2,,docs/stages/p8/implementation/p8-w19-validation-guest-dual-track/02-coexistence-and-workflow.md,"[""docs/stages/p8/implementation/p8-w19-validation-guest-dual-track/02-coexistence-and-workflow.md""]"
P8-W16,5,P8-W15 fixture,P8-W16 all fixture rows,blocked,,§1 failure boundary,,docs/stages/p8/implementation/p8-w16-automated-linux-regression/02-harness-contract-and-workflow.md,"[""docs/stages/p8/implementation/p8-w16-automated-linux-regression/02-harness-contract-and-workflow.md""]"
P8-W16,6,P8-W02 approved machine contract,P8-W16 machine/RAM/topology rows,blocked,,§1 last bullet; docs/stages/p8/implementation/p8-w16-automated-linux-regression/01-regression-matrix.md §3 RAM rows,,docs/stages/p8/implementation/p8-w16-automated-linux-regression/02-harness-contract-and-workflow.md,"[""docs/stages/p8/implementation/p8-w16-automated-linux-regression/02-harness-contract-and-workflow.md""]"
P8-W16,7,W16,P9+,planned,,Downstream handoff final bullet,,docs/stages/p8/implementation/p8-w16-automated-linux-regression/README.md,"[""docs/stages/p8/implementation/p8-w16-automated-linux-regression/README.md""]"
P8-W18,1,P8-W16,P8-W18,planned,,§1 assumed W16 envelope; §2 execution,,docs/stages/p8/implementation/p8-w18-security-isolation-regression/02-workflow-oracles-and-handoff.md,"[""docs/stages/p8/implementation/p8-w18-security-isolation-regression/02-workflow-oracles-and-handoff.md""]"
P8-W18,2,P8-W18,P8-W16 matrix fault content (LG-F1),planned,,§3 and §5 expected fault classes,,docs/stages/p8/implementation/p8-w18-security-isolation-regression/01-isolation-scenario-matrix.md,"[""docs/stages/p8/implementation/p8-w18-security-isolation-regression/01-isolation-scenario-matrix.md""]"
P8-W18,3,P8-W19 P5 dual-context suite,P8-W18 other-context boundary,planned,,§4.2 item 3,,docs/stages/p8/implementation/p8-w18-security-isolation-regression/01-isolation-scenario-matrix.md,"[""docs/stages/p8/implementation/p8-w18-security-isolation-regression/01-isolation-scenario-matrix.md""]"
P8-W18,4,P8-W15 fixture/P4–P7 triggers,P8-W18 abuse rows,blocked,,§1 fourth bullet,,docs/stages/p8/implementation/p8-w18-security-isolation-regression/02-workflow-oracles-and-handoff.md,"[""docs/stages/p8/implementation/p8-w18-security-isolation-regression/02-workflow-oracles-and-handoff.md""]"
P8-W18,5,P8-W18 measured limits,P8-W20/P9+,planned,,Downstream handoff,,docs/stages/p8/implementation/p8-w18-security-isolation-regression/README.md,"[""docs/stages/p8/implementation/p8-w18-security-isolation-regression/README.md""]"
P8-W19,1,P8-W19 retained inventory,P8-W16 VG-RET matrix entry set,planned,,"§3; W16 owns envelope row, W19 owns content",,docs/stages/p8/implementation/p8-w19-validation-guest-dual-track/01-dual-track-scenario-matrix.md,"[""docs/stages/p8/implementation/p8-w19-validation-guest-dual-track/01-dual-track-scenario-matrix.md""]"
P8-W19,2,P8-W16 envelope,P8-W19 both track execution,planned,,§1–§3,,docs/stages/p8/implementation/p8-w19-validation-guest-dual-track/02-coexistence-and-workflow.md,"[""docs/stages/p8/implementation/p8-w19-validation-guest-dual-track/02-coexistence-and-workflow.md""]"
P8-W19,3,P8-W19 P5 two-context suite entry,P8-W18 §4.2 cross-context substitute evidence,planned,,§3 P5 two-context set; W18 link,,docs/stages/p8/implementation/p8-w19-validation-guest-dual-track/01-dual-track-scenario-matrix.md,"[""docs/stages/p8/implementation/p8-w19-validation-guest-dual-track/01-dual-track-scenario-matrix.md""]"
P8-W19,4,P8-W18 boundary statement,P8-W19 inventory citation,planned,,§3 P5 two-context set,,docs/stages/p8/implementation/p8-w19-validation-guest-dual-track/01-dual-track-scenario-matrix.md,"[""docs/stages/p8/implementation/p8-w19-validation-guest-dual-track/01-dual-track-scenario-matrix.md""]"
P8-W19,5,P4–P7 source suite evidence,P8-W19 applicability statuses,blocked,,§1 first/second bullets; §5 step 1,,docs/stages/p8/implementation/p8-w19-validation-guest-dual-track/02-coexistence-and-workflow.md,"[""docs/stages/p8/implementation/p8-w19-validation-guest-dual-track/02-coexistence-and-workflow.md""]"
P8-W19,6,P8-W19 dual-track evidence,P8-W20/P9+,planned,,Downstream handoff,,docs/stages/p8/implementation/p8-w19-validation-guest-dual-track/README.md,"[""docs/stages/p8/implementation/p8-w19-validation-guest-dual-track/README.md""]"
P6-W01,1,P1/P2/P3 fact contracts,P6-W01 reconcile(),assumed,,§1.1–§1.4; §3 CAP register,,docs/stages/p6/implementation/p6-w01-gic-capability-discovery/01-scope-and-foundations.md,"[""docs/stages/p6/implementation/p6-w01-gic-capability-discovery/01-scope-and-foundations.md""]"
P6-W01,2,P6-W01 expected identity/probe contracts,P6-W02 hardware probes,planned,,§5; W02 is executor,,docs/stages/p6/implementation/p6-w01-gic-capability-discovery/03-code-contracts-capability-model.md,"[""docs/stages/p6/implementation/p6-w01-gic-capability-discovery/03-code-contracts-capability-model.md""]"
P6-W01,3,P6-W02 confirmation evidence,P6-W03–W05 and W08+,blocked,,§6 final paragraph; docs/stages/p6/implementation/p6-w01-gic-capability-discovery/README.md Downstream handoff,,docs/stages/p6/implementation/p6-w01-gic-capability-discovery/01-scope-and-foundations.md,"[""docs/stages/p6/implementation/p6-w01-gic-capability-discovery/01-scope-and-foundations.md""]"
P6-W01,4,P6-W01 findings/report,P6-W11/W12/W13,planned,,Downstream handoff,,docs/stages/p6/implementation/p6-w01-gic-capability-discovery/README.md,"[""docs/stages/p6/implementation/p6-w01-gic-capability-discovery/README.md""]"
P6-W01,5,P0-W13 telemetry namespace,P6-W01 report events,assumed,,§7; assumed P0 contract,,docs/stages/p6/implementation/p6-w01-gic-capability-discovery/02-architecture-and-state.md,"[""docs/stages/p6/implementation/p6-w01-gic-capability-discovery/02-architecture-and-state.md""]"
P6-W02,1,P6-W01 decision/probes,P6-W02 first hardware write,blocked,,§1.1; §2 confirmation-before-configuration,,docs/stages/p6/implementation/p6-w02-physical-gic-bring-up/01-scope-and-foundations.md,"[""docs/stages/p6/implementation/p6-w02-physical-gic-bring-up/01-scope-and-foundations.md""]"
P6-W02,2,P3 local CPU/synchronization contracts,W02 Phase B/readiness ledger,assumed,,§1.2; docs/stages/p6/implementation/p6-w02-physical-gic-bring-up/02-architecture-and-state.md §§2–4,,docs/stages/p6/implementation/p6-w02-physical-gic-bring-up/01-scope-and-foundations.md,"[""docs/stages/p6/implementation/p6-w02-physical-gic-bring-up/01-scope-and-foundations.md""]"
P6-W02,3,W02 readiness/disabled baseline,W03 consumer registration/dispatch,planned,,Downstream handoff W03; docs/stages/p6/implementation/p6-w02-physical-gic-bring-up/05-code-contracts-local-gic.md §3,,docs/stages/p6/implementation/p6-w02-physical-gic-bring-up/README.md,"[""docs/stages/p6/implementation/p6-w02-physical-gic-bring-up/README.md""]"
P6-W02,4,W02 readiness/initial SPI route,W04 routing updates,planned,,Downstream handoff W04; docs/stages/p6/implementation/p6-w02-physical-gic-bring-up/04-code-contracts-distributor.md §4,,docs/stages/p6/implementation/p6-w02-physical-gic-bring-up/README.md,"[""docs/stages/p6/implementation/p6-w02-physical-gic-bring-up/README.md""]"
P6-W02,5,W02 disabled PPIs,W05/W08 consumer-owned enabling,planned,,"§3, §6",,docs/stages/p6/implementation/p6-w02-physical-gic-bring-up/05-code-contracts-local-gic.md,"[""docs/stages/p6/implementation/p6-w02-physical-gic-bring-up/05-code-contracts-local-gic.md""]"
P6-W02,6,W01 pinned GIC specification revision,W02 register masks/sequence,blocked,,§1 step 1; docs/stages/p6/implementation/p6-w02-physical-gic-bring-up/03-code-contracts-register-access.md §4,,docs/stages/p6/implementation/p6-w02-physical-gic-bring-up/06-implementation-workflow.md,"[""docs/stages/p6/implementation/p6-w02-physical-gic-bring-up/06-implementation-workflow.md""]"
P6-W03,1,W02 readiness + access surface,W03 IRQ lifecycle,blocked,,§1.1,,docs/stages/p6/implementation/p6-w03-physical-interrupt-lifecycle/01-scope-and-foundations.md,"[""docs/stages/p6/implementation/p6-w03-physical-interrupt-lifecycle/01-scope-and-foundations.md""]"
P6-W03,2,P1 IRQ vector + P3 CPU-local/sync,W03 receipt/dispatch/registry,assumed,,§1.2–§1.4,,docs/stages/p6/implementation/p6-w03-physical-interrupt-lifecycle/01-scope-and-foundations.md,"[""docs/stages/p6/implementation/p6-w03-physical-interrupt-lifecycle/01-scope-and-foundations.md""]"
P6-W03,3,W03 dispatch/registry/EOI boundary,W04/W05/W07/W11,planned,,Downstream handoff,,docs/stages/p6/implementation/p6-w03-physical-interrupt-lifecycle/README.md,"[""docs/stages/p6/implementation/p6-w03-physical-interrupt-lifecycle/README.md""]"
P6-W03,4,W03 counters/bounds/unknown outcomes,W12/W13,planned,,§3 observability; DV09,,docs/stages/p6/implementation/p6-w03-physical-interrupt-lifecycle/06-validation-and-handoff.md,"[""docs/stages/p6/implementation/p6-w03-physical-interrupt-lifecycle/06-validation-and-handoff.md""]"
P6-W03,5,W03 physical interrupt combined EOI contract (EOImode=0),P6-W06 hold physical timer PPI acknowledged but not deactivated until Guest completion/exit release,blocked,,W03 §2 and INV-B; W06 §1/D6 and §4.2,,docs/stages/p6/implementation/p6-w03-physical-interrupt-lifecycle/02-architecture-and-state.md; docs/stages/p6/implementation/p6-w06-guest-generic-timer/02-architecture-and-state.md,"[""docs/stages/p6/implementation/p6-w03-physical-interrupt-lifecycle/02-architecture-and-state.md"", ""docs/stages/p6/implementation/p6-w06-guest-generic-timer/02-architecture-and-state.md""]"
P6-W04,1,W02 readiness/route baseline + W03 register/complete,W04 SGI and SPI route mechanisms,blocked,,§1.1–1.2,,docs/stages/p6/implementation/p6-w04-smp-interrupt-routing-sgi/01-scope-and-foundations.md,"[""docs/stages/p6/implementation/p6-w04-smp-interrupt-routing-sgi/01-scope-and-foundations.md""]"
P6-W04,2,P3 notification SGI range,W04 SGI partition 0..7 / P6 8 / W11 9,assumed,,Resolved design decision 4; docs/stages/p6/implementation/p6-w04-smp-interrupt-routing-sgi/01-scope-and-foundations.md §1.3,,docs/stages/p6/implementation/p6-w04-smp-interrupt-routing-sgi/README.md,"[""docs/stages/p6/implementation/p6-w04-smp-interrupt-routing-sgi/README.md""]"
P6-W04,3,W03 IRQ consumer/completion path,W04 SGI receipt/accounting,planned,,§3 receipt side,,docs/stages/p6/implementation/p6-w04-smp-interrupt-routing-sgi/03-code-contracts-sgi-send.md,"[""docs/stages/p6/implementation/p6-w04-smp-interrupt-routing-sgi/03-code-contracts-sgi-send.md""]"
P6-W04,4,W04 evidenced generic Host event SGI,P7 future protocol/reschedule design,planned,,Downstream handoff P7,,docs/stages/p6/implementation/p6-w04-smp-interrupt-routing-sgi/README.md,"[""docs/stages/p6/implementation/p6-w04-smp-interrupt-routing-sgi/README.md""]"
P6-W04,5,W04 target/accounting contract,P8 W11 scenario inputs/W13 telemetry,planned,,Downstream handoff W11/W13,,docs/stages/p6/implementation/p6-w04-smp-interrupt-routing-sgi/README.md,"[""docs/stages/p6/implementation/p6-w04-smp-interrupt-routing-sgi/README.md""]"
P6-W05,1,P6-W03 IRQ lifecycle,P6-W05 expiry handler,blocked,,§4; CancelledFire classification gate,,docs/stages/p6/implementation/p6-w05-el2-generic-timer/04-code-contracts-deadline-timer.md,"[""docs/stages/p6/implementation/p6-w05-el2-generic-timer/04-code-contracts-deadline-timer.md""]"
P6-W05,2,P6-W05 typed time/expiry record,P6-W06 virtual-timer expiry evaluation,planned,,Downstream handoff P6-W06,,docs/stages/p6/implementation/p6-w05-el2-generic-timer/README.md,"[""docs/stages/p6/implementation/p6-w05-el2-generic-timer/README.md""]"
P6-W05,3,P6-W05 one-shot/rearm timer behavior,P6-W10/W11/P6-W13,planned,,Downstream handoff bullets,,docs/stages/p6/implementation/p6-w05-el2-generic-timer/README.md,"[""docs/stages/p6/implementation/p6-w05-el2-generic-timer/README.md""]"
P6-W05,4,P6-W05 evidenced per-pCPU timer mechanism,P7 scheduler/preemption policy,planned,,Downstream handoff P7,,docs/stages/p6/implementation/p6-w05-el2-generic-timer/README.md,"[""docs/stages/p6/implementation/p6-w05-el2-generic-timer/README.md""]"
P6-W06,1,P6-W05 typed time/expiry,P6-W06 conversion and deferred evaluation,planned,,§5; README downstream W06,,docs/stages/p6/implementation/p6-w06-guest-generic-timer/01-scope-and-foundations.md,"[""docs/stages/p6/implementation/p6-w06-guest-generic-timer/01-scope-and-foundations.md""]"
P6-W06,2,P6-W07 inject/dedupe/completion contract,P6-W06 deferred and live timer event,assumed,,"§3.1, §4.1",,docs/stages/p6/implementation/p6-w06-guest-generic-timer/04-code-contracts-expiry-and-delivery.md,"[""docs/stages/p6/implementation/p6-w06-guest-generic-timer/04-code-contracts-expiry-and-delivery.md""]"
P6-W06,3,P6-W03 physical IRQ completion,W06 hold INTID 30 until W09/exit release,blocked,,§4.1–4.2; docs/stages/p6/implementation/p6-w06-guest-generic-timer/03-code-contracts-vcpu-timer-state.md §3.2,,docs/stages/p6/implementation/p6-w06-guest-generic-timer/04-code-contracts-expiry-and-delivery.md,"[""docs/stages/p6/implementation/p6-w06-guest-generic-timer/04-code-contracts-expiry-and-delivery.md""]"
P6-W06,4,P6-W09 Guest vIRQ completion correlation,W06 physical outstanding release hook,assumed,,§4.2; docs/stages/p6/implementation/p6-w06-guest-generic-timer/01-scope-and-foundations.md §5,,docs/stages/p6/implementation/p6-w06-guest-generic-timer/04-code-contracts-expiry-and-delivery.md,"[""docs/stages/p6/implementation/p6-w06-guest-generic-timer/04-code-contracts-expiry-and-delivery.md""]"
P6-W06,5,P4/P1/P5 Guest lifecycle/trap/error contracts,W06 entry/exit/trapped access,assumed,,"§1, steps 4/6",,docs/stages/p6/implementation/p6-w06-guest-generic-timer/05-implementation-workflow.md,"[""docs/stages/p6/implementation/p6-w06-guest-generic-timer/05-implementation-workflow.md""]"
P6-W06,6,W06 proven vCPU-owned semantics,W10/W11/W12/W13/P7/P8,planned,,Downstream handoff,,docs/stages/p6/implementation/p6-w06-guest-generic-timer/README.md,"[""docs/stages/p6/implementation/p6-w06-guest-generic-timer/README.md""]"
P6-W07,1,P6-W01 capability intake,W07 VirqWindow and per-vCPU bank sizing,assumed,,§1.2,,docs/stages/p6/implementation/p6-w07-virtual-interrupt-core/03-code-contracts-virq-lifecycle.md,"[""docs/stages/p6/implementation/p6-w07-virtual-interrupt-core/03-code-contracts-virq-lifecycle.md""]"
P6-W07,2,P4 lifecycle and P5 auth boundary,W07 drain / Guest authorization and HVC injection,blocked,,§5; 04 §§2–3,,docs/stages/p6/implementation/p6-w07-virtual-interrupt-core/01-scope-and-foundations.md; 04-code-contracts-authorization-and-errors.md,[]
P6-W07,3,P6-W06 timer expiry,W07 HostMechanism timer PPI injection,blocked,,§1 and §6,,docs/stages/p6/implementation/p6-w07-virtual-interrupt-core/02-architecture-and-state.md,"[""docs/stages/p6/implementation/p6-w07-virtual-interrupt-core/02-architecture-and-state.md""]"
P6-W07,4,W07 pending/selection and claim-return contract,P6-W08 LR presentation,planned,,README Downstream handoff; 03 §5,,docs/stages/p6/implementation/p6-w07-virtual-interrupt-core/README.md; 03-code-contracts-virq-lifecycle.md,[]
P6-W07,5,P6-W09 Guest completion report,W07 active clear and re-presentation,planned,,§5.3,,docs/stages/p6/implementation/p6-w07-virtual-interrupt-core/03-code-contracts-virq-lifecycle.md,"[""docs/stages/p6/implementation/p6-w07-virtual-interrupt-core/03-code-contracts-virq-lifecycle.md""]"
P6-W07,6,W08 final LR purge and returns,W07 deterministic drain on P4 destruction,planned,,§6,,docs/stages/p6/implementation/p6-w07-virtual-interrupt-core/03-code-contracts-virq-lifecycle.md,"[""docs/stages/p6/implementation/p6-w07-virtual-interrupt-core/03-code-contracts-virq-lifecycle.md""]"
P6-W07,7,P6-W03 combined-EOI physical lifecycle,P6-W06 split outstanding-timer completion then W07 timer injection,blocked,,W03 §2/INV-B; W06 §1/D6 and §4.2,,docs/stages/p6/implementation/p6-w03-physical-interrupt-lifecycle/02-architecture-and-state.md; docs/stages/p6/implementation/p6-w06-guest-generic-timer/02-architecture-and-state.md,"[""docs/stages/p6/implementation/p6-w03-physical-interrupt-lifecycle/02-architecture-and-state.md"", ""docs/stages/p6/implementation/p6-w06-guest-generic-timer/02-architecture-and-state.md""]"
P6-W08,1,W01 capability decision + W02 local readiness,W08 per-pCPU readiness and LR enable,assumed,,§1.1,,docs/stages/p6/implementation/p6-w08-gic-virtualization-interface/03-code-contracts-interface-context.md,"[""docs/stages/p6/implementation/p6-w08-gic-virtualization-interface/03-code-contracts-interface-context.md""]"
P6-W08,2,W07 selection/claim lifecycle,W08 LR load/purge and claim return,planned,,§§1–4,,docs/stages/p6/implementation/p6-w08-gic-virtualization-interface/04-code-contracts-lr-presentation.md,"[""docs/stages/p6/implementation/p6-w08-gic-virtualization-interface/04-code-contracts-lr-presentation.md""]"
P6-W08,3,P4 transition exclusivity and context extension,W08 entry/exit context save/restore,assumed,,§§2–4,,docs/stages/p6/implementation/p6-w08-gic-virtualization-interface/03-code-contracts-interface-context.md,"[""docs/stages/p6/implementation/p6-w08-gic-virtualization-interface/03-code-contracts-interface-context.md""]"
P6-W08,4,W09 maintenance classification/completion processing,W08 maintenance enables/status/clear/refill,planned,,§5; docs/stages/p6/implementation/p6-w08-gic-virtualization-interface/05-implementation-workflow.md §6,,docs/stages/p6/implementation/p6-w08-gic-virtualization-interface/04-code-contracts-lr-presentation.md,"[""docs/stages/p6/implementation/p6-w08-gic-virtualization-interface/04-code-contracts-lr-presentation.md""]"
P6-W08,5,P6-W03 physical IRQ combined completion (W06 dependency),"W08 entry follows W06 timer-on-entry, LR pending presentation, then exit/maintenance return to W07",blocked,,W03 §2/INV-B; W06 §1/D6/§4.2; W08 §3.1/§4.1,,docs/stages/p6/implementation/p6-w03-physical-interrupt-lifecycle/02-architecture-and-state.md; docs/stages/p6/implementation/p6-w06-guest-generic-timer/02-architecture-and-state.md; docs/stages/p6/implementation/p6-w08-gic-virtualization-interface/03-code-contracts-interface-context.md,"[""docs/stages/p6/implementation/p6-w03-physical-interrupt-lifecycle/02-architecture-and-state.md"", ""docs/stages/p6/implementation/p6-w06-guest-generic-timer/02-architecture-and-state.md"", ""docs/stages/p6/implementation/p6-w08-gic-virtualization-interface/03-code-contracts-interface-context.md""]"
P6-W08,6,W08 discovered lower-level capability/presentation facts,P8 Linux-visible vGIC model/machine contract,planned,,Downstream handoff P8,,docs/stages/p6/implementation/p6-w08-gic-virtualization-interface/README.md,"[""docs/stages/p6/implementation/p6-w08-gic-virtualization-interface/README.md""]"
P6-W09,1,W08 per-LR records/read/clear/refill,W09 completion correlation and reusable capacity,planned,,§§1–3.5,,docs/stages/p6/implementation/p6-w09-maintenance-interrupt/01-maintenance-contract.md,"[""docs/stages/p6/implementation/p6-w09-maintenance-interrupt/01-maintenance-contract.md""]"
P6-W09,2,W07 completion report,W09 reconciled completion transition,planned,,§§2–3.4,,docs/stages/p6/implementation/p6-w09-maintenance-interrupt/01-maintenance-contract.md,"[""docs/stages/p6/implementation/p6-w09-maintenance-interrupt/01-maintenance-contract.md""]"
P6-W09,3,W03 maintenance PPI dispatch and physical EOI,W09 maintenance_irq_entry completion,assumed,,"01 §3.2; 02 §§2 steps 1,4",,docs/stages/p6/implementation/p6-w09-maintenance-interrupt/01-maintenance-contract.md; docs/stages/p6/implementation/p6-w09-maintenance-interrupt/02-workflow-and-validation.md,"[""docs/stages/p6/implementation/p6-w09-maintenance-interrupt/01-maintenance-contract.md"", ""docs/stages/p6/implementation/p6-w09-maintenance-interrupt/02-workflow-and-validation.md""]"
P6-W09,4,W09 logical events,P0-W13 registration and W13 correlation,planned,,§5,,docs/stages/p6/implementation/p6-w09-maintenance-interrupt/01-maintenance-contract.md,"[""docs/stages/p6/implementation/p6-w09-maintenance-interrupt/01-maintenance-contract.md""]"
P6-W09,5,W09 orphan invariant diagnostics,W12 FI-C and P0-W14 escalation classification,planned,,README decision 3; 01 §4 E2,,docs/stages/p6/implementation/p6-w09-maintenance-interrupt/README.md; docs/stages/p6/implementation/p6-w09-maintenance-interrupt/01-maintenance-contract.md,"[""docs/stages/p6/implementation/p6-w09-maintenance-interrupt/README.md"", ""docs/stages/p6/implementation/p6-w09-maintenance-interrupt/01-maintenance-contract.md""]"
P6-W09,6,W09 maintenance and W06 physical timer handling,W03 one physical IRQ completion policy,blocked,,"W03 §2/INV-B; W06 D6/§4.2; W09 §2 steps 1,4",,docs/stages/p6/implementation/p6-w03-physical-interrupt-lifecycle/02-architecture-and-state.md; docs/stages/p6/implementation/p6-w06-guest-generic-timer/02-architecture-and-state.md; docs/stages/p6/implementation/p6-w09-maintenance-interrupt/02-workflow-and-validation.md,"[""docs/stages/p6/implementation/p6-w03-physical-interrupt-lifecycle/02-architecture-and-state.md"", ""docs/stages/p6/implementation/p6-w06-guest-generic-timer/02-architecture-and-state.md"", ""docs/stages/p6/implementation/p6-w09-maintenance-interrupt/02-workflow-and-validation.md""]"
P6-W10,1,W07 per-vIRQ state,W10 L3 enabled semantics,blocked,,§2 step 2 vs 01 §2.1,,docs/stages/p6/implementation/p6-w10-interrupt-semantics/02-workflow-and-validation.md,"[""docs/stages/p6/implementation/p6-w10-interrupt-semantics/02-workflow-and-validation.md""]"
P6-W10,2,W06 timer event classification + W07 ordering,W10 band-A before band-B,blocked,,"01 §§3,5; W07 03 §5.1; W08 01 D6",,docs/stages/p6/implementation/p6-w10-interrupt-semantics/01-interrupt-semantics-contract.md; docs/stages/p6/implementation/p6-w07-virtual-interrupt-core/03-code-contracts-virq-lifecycle.md; docs/stages/p6/implementation/p6-w08-gic-virtualization-interface/01-scope-and-foundations.md,"[""docs/stages/p6/implementation/p6-w10-interrupt-semantics/01-interrupt-semantics-contract.md"", ""docs/stages/p6/implementation/p6-w07-virtual-interrupt-core/03-code-contracts-virq-lifecycle.md"", ""docs/stages/p6/implementation/p6-w08-gic-virtualization-interface/01-scope-and-foundations.md""]"
P6-W10,3,W09 maintenance-completed definition,W10 no-completion-under-mask semantics,planned,,§§1–2,,docs/stages/p6/implementation/p6-w10-interrupt-semantics/01-interrupt-semantics-contract.md,"[""docs/stages/p6/implementation/p6-w10-interrupt-semantics/01-interrupt-semantics-contract.md""]"
P6-W10,4,W10 SEM scenario definitions,W11 VG-IRQ-02/03/04/05 checks,planned,,§7,,docs/stages/p6/implementation/p6-w10-interrupt-semantics/01-interrupt-semantics-contract.md,"[""docs/stages/p6/implementation/p6-w10-interrupt-semantics/01-interrupt-semantics-contract.md""]"
P6-W10,5,W10 factual v0 semantics record,W13 P6-DOC-02/V24 consumer review and P7/P8 constraints,planned,,Downstream handoff,,docs/stages/p6/implementation/p6-w10-interrupt-semantics/README.md,"[""docs/stages/p6/implementation/p6-w10-interrupt-semantics/README.md""]"
P6-W11,1,P4 Guest asset/result channel,W11 scenario code and primary evidence,assumed,,§§1–3,,docs/stages/p6/implementation/p6-w11-validation-guest-interrupt-suite/02-harness-and-workflow.md,"[""docs/stages/p6/implementation/p6-w11-validation-guest-interrupt-suite/02-harness-and-workflow.md""]"
P6-W11,2,W04 Host SGI path,VG-SGI-01 Guest-visible tail,planned,,VG-SGI-01; §3 step3,,docs/stages/p6/implementation/p6-w11-validation-guest-interrupt-suite/01-scenario-matrix.md; docs/stages/p6/implementation/p6-w11-validation-guest-interrupt-suite/02-harness-and-workflow.md,"[""docs/stages/p6/implementation/p6-w11-validation-guest-interrupt-suite/01-scenario-matrix.md"", ""docs/stages/p6/implementation/p6-w11-validation-guest-interrupt-suite/02-harness-and-workflow.md""]"
P6-W11,3,W07/W08/W09 Host vIRQ pipeline,VG-IRQ-01/02/04/06 and Guest result observations,planned,,VG-IRQ-01..06,,docs/stages/p6/implementation/p6-w11-validation-guest-interrupt-suite/01-scenario-matrix.md,"[""docs/stages/p6/implementation/p6-w11-validation-guest-interrupt-suite/01-scenario-matrix.md""]"
P6-W11,4,W10 semantic rules,SEM-MASK/PRIO/MULTI/REPEAT expected results,blocked,,header and VG-IRQ-03..05,,docs/stages/p6/implementation/p6-w11-validation-guest-interrupt-suite/01-scenario-matrix.md,"[""docs/stages/p6/implementation/p6-w11-validation-guest-interrupt-suite/01-scenario-matrix.md""]"
P6-W11,5,Host injection interface/source for temporary SPI IDs 32..63,VG-IRQ-01..06 test events,blocked,,01 §1; W07 04 §§1–2,,docs/stages/p6/implementation/p6-w11-validation-guest-interrupt-suite/01-scenario-matrix.md; docs/stages/p6/implementation/p6-w07-virtual-interrupt-core/04-code-contracts-authorization-and-errors.md,"[""docs/stages/p6/implementation/p6-w11-validation-guest-interrupt-suite/01-scenario-matrix.md"", ""docs/stages/p6/implementation/p6-w07-virtual-interrupt-core/04-code-contracts-authorization-and-errors.md""]"
P6-W11,6,P3/P4 multi-vCPU evidence,VG-SMP-01/02,assumed,,VG-SMP-01/02,,docs/stages/p6/implementation/p6-w11-validation-guest-interrupt-suite/01-scenario-matrix.md,"[""docs/stages/p6/implementation/p6-w11-validation-guest-interrupt-suite/01-scenario-matrix.md""]"
P6-W11,7,W11 Guest result records/raw artifacts,W13 P6-DOC-04 and telemetry correlation,planned,,"§§2,4,6",,docs/stages/p6/implementation/p6-w11-validation-guest-interrupt-suite/02-harness-and-workflow.md,"[""docs/stages/p6/implementation/p6-w11-validation-guest-interrupt-suite/02-harness-and-workflow.md""]"
P6-W12,1,W03 spurious/unknown test hook and classification,FI-B rows,planned,,§2 FI-B,,docs/stages/p6/implementation/p6-w12-fault-isolation-robustness/01-robustness-case-matrix.md,"[""docs/stages/p6/implementation/p6-w12-fault-isolation-robustness/01-robustness-case-matrix.md""]"
P6-W12,2,W07/P5 rejection boundary,FI-A rows,planned,,FI-A; step1,,docs/stages/p6/implementation/p6-w12-fault-isolation-robustness/01-robustness-case-matrix.md; docs/stages/p6/implementation/p6-w12-fault-isolation-robustness/02-workflow-and-validation.md,"[""docs/stages/p6/implementation/p6-w12-fault-isolation-robustness/01-robustness-case-matrix.md"", ""docs/stages/p6/implementation/p6-w12-fault-isolation-robustness/02-workflow-and-validation.md""]"
P6-W12,3,W09 orphan E2 + P0-W14 diagnostic path,FI-C1 escalation evidence,planned,,§§1–2 FI-C,,docs/stages/p6/implementation/p6-w12-fault-isolation-robustness/01-robustness-case-matrix.md,"[""docs/stages/p6/implementation/p6-w12-fault-isolation-robustness/01-robustness-case-matrix.md""]"
P6-W12,4,W02/W03 Host GIC/IRQ readiness and deterministic genuine async source,transferred NC6/P6-V29 execution,blocked,,plan work sequence §6; README ADR-061 banner,,docs/stages/p6/plans/p6-w12-fault-isolation-robustness.md; docs/stages/p6/implementation/p6-w12-fault-isolation-robustness/README.md,"[""docs/stages/p6/plans/p6-w12-fault-isolation-robustness.md"", ""docs/stages/p6/implementation/p6-w12-fault-isolation-robustness/README.md""]"
P6-W12,5,W11 Guest observation assets / P4 isolation,FI-A4 cross-VM probe and null observation,assumed,,FI-A4; step3,,docs/stages/p6/implementation/p6-w12-fault-isolation-robustness/01-robustness-case-matrix.md; docs/stages/p6/implementation/p6-w12-fault-isolation-robustness/02-workflow-and-validation.md,"[""docs/stages/p6/implementation/p6-w12-fault-isolation-robustness/01-robustness-case-matrix.md"", ""docs/stages/p6/implementation/p6-w12-fault-isolation-robustness/02-workflow-and-validation.md""]"
P6-W12,6,W12 FI evidence + limits,W13 P6-DOC-04; P7/P8 security review,planned,,Downstream handoff,,docs/stages/p6/implementation/p6-w12-fault-isolation-robustness/README.md,"[""docs/stages/p6/implementation/p6-w12-fault-isolation-robustness/README.md""]"
P6-W13,1,P0 event namespace + P6 event emitters,W13 P6-V24 coverage map,planned,,§§1.1–1.4,,docs/stages/p6/implementation/p6-w13-telemetry-regression-handoff/01-telemetry-and-evidence-map.md,"[""docs/stages/p6/implementation/p6-w13-telemetry-regression-handoff/01-telemetry-and-evidence-map.md""]"
P6-W13,2,P5-W10 regression inventory,W13 P6-V23 composition,assumed,,§4,,docs/stages/p6/implementation/p6-w13-telemetry-regression-handoff/01-telemetry-and-evidence-map.md,"[""docs/stages/p6/implementation/p6-w13-telemetry-regression-handoff/01-telemetry-and-evidence-map.md""]"
P6-W13,3,W11 Guest timestamps + W03/W05/W07/W08 timestamps,W13 P6-V25 latency deltas,planned,,§2,,docs/stages/p6/implementation/p6-w13-telemetry-regression-handoff/01-telemetry-and-evidence-map.md,"[""docs/stages/p6/implementation/p6-w13-telemetry-regression-handoff/01-telemetry-and-evidence-map.md""]"
P6-W13,4,W09–W12 verification + transferred W12 P6-V29 NC6 evidence/block,W13 P6-DOC-04 and exit criteria,blocked,,"01 §3; 02 §§2,4; plan Acceptance",,docs/stages/p6/implementation/p6-w13-telemetry-regression-handoff/01-telemetry-and-evidence-map.md; docs/stages/p6/implementation/p6-w13-telemetry-regression-handoff/02-workflow-and-handoff.md; docs/stages/p6/plans/p6-w13-telemetry-regression-handoff.md,"[""docs/stages/p6/implementation/p6-w13-telemetry-regression-handoff/01-telemetry-and-evidence-map.md"", ""docs/stages/p6/implementation/p6-w13-telemetry-regression-handoff/02-workflow-and-handoff.md"", ""docs/stages/p6/plans/p6-w13-telemetry-regression-handoff.md""]"
P6-W13,5,P6-DOC records and facts,P7/P8 consumer-by-package matrix,planned,,"§§2,5",,docs/stages/p6/implementation/p6-w13-telemetry-regression-handoff/02-workflow-and-handoff.md,"[""docs/stages/p6/implementation/p6-w13-telemetry-regression-handoff/02-workflow-and-handoff.md""]"
P7-W01,1,P0–P6 evidence/status,W01 register and runtime package gates,planned,,§§3–5,,docs/stages/p7/implementation/p7-w01-entry-contract-reconciliation/01-input-boundary-register.md,"[""docs/stages/p7/implementation/p7-w01-entry-contract-reconciliation/01-input-boundary-register.md""]"
P7-W01,2,P7-W01 E1–E3 bypass classes,W02 admission gate and concrete instance enumeration,planned,,§6,,docs/stages/p7/implementation/p7-w01-entry-contract-reconciliation/01-input-boundary-register.md,"[""docs/stages/p7/implementation/p7-w01-entry-contract-reconciliation/01-input-boundary-register.md""]"
P7-W01,3,W01 P7-IN register statuses,W02–W14 packages and W14 P8 limitations,planned,,Downstream handoff,,docs/stages/p7/implementation/p7-w01-entry-contract-reconciliation/README.md,"[""docs/stages/p7/implementation/p7-w01-entry-contract-reconciliation/README.md""]"
P7-W02,1,W01 status and E1–E3 classes,W02 normal admission gate and bypass register,planned,,§2.3,,docs/stages/p7/implementation/p7-w02-scheduler-admission-lifecycle/03-code-contracts-lifecycle.md,"[""docs/stages/p7/implementation/p7-w02-scheduler-admission-lifecycle/03-code-contracts-lifecycle.md""]"
P7-W02,2,P4 entry/save/exit + P3 pCPU identity/registry,W02 EntryPermit/complete_exit/current-vCPU slot,assumed,,§§2.1–2.3,,docs/stages/p7/implementation/p7-w02-scheduler-admission-lifecycle/03-code-contracts-lifecycle.md,"[""docs/stages/p7/implementation/p7-w02-scheduler-admission-lifecycle/03-code-contracts-lifecycle.md""]"
P7-W02,3,W03 placement eligibility,W02 admit_for_entry,planned,,§2.1,,docs/stages/p7/implementation/p7-w02-scheduler-admission-lifecycle/03-code-contracts-lifecycle.md,"[""docs/stages/p7/implementation/p7-w02-scheduler-admission-lifecycle/03-code-contracts-lifecycle.md""]"
P7-W02,4,W05 picker/deschedule; W06 block/wake; W07 pause/fault; W04 preempt,W02 transition engine,planned,,"§§1.2,1.4,2.2",,docs/stages/p7/implementation/p7-w02-scheduler-admission-lifecycle/03-code-contracts-lifecycle.md,"[""docs/stages/p7/implementation/p7-w02-scheduler-admission-lifecycle/03-code-contracts-lifecycle.md""]"
P7-W02,5,P6 timer/vIRQ and P3 notification inputs,W06/W08 events after gate entry; W02 lifecycle state,blocked,,"§§2,4",,docs/stages/p7/task-book-v0.1.md,"[""docs/stages/p7/task-book-v0.1.md""]"
P7-W03,1,W02 Offline-only state and admission predicate,W03 placement attach and is_eligible,assumed,,constraints; decisions 3–4,,docs/stages/p7/implementation/p7-w03-placement-configuration/README.md,"[""docs/stages/p7/implementation/p7-w03-placement-configuration/README.md""]"
P7-W03,2,P2 CPU max + P3 online registry,W03 CpuSet capacity/online checks,assumed,,"decisions 2,4",,docs/stages/p7/implementation/p7-w03-placement-configuration/README.md,"[""docs/stages/p7/implementation/p7-w03-placement-configuration/README.md""]"
P7-W03,3,W03 is_eligible + placement ledger,W02 admission / W05 pick / W08 idle/wake selection,planned,,Downstream handoff,,docs/stages/p7/implementation/p7-w03-placement-configuration/README.md,"[""docs/stages/p7/implementation/p7-w03-placement-configuration/README.md""]"
P7-W03,4,P5 scheduling-control right,W03 config mutation hook,assumed,,decision 6,,docs/stages/p7/implementation/p7-w03-placement-configuration/README.md,"[""docs/stages/p7/implementation/p7-w03-placement-configuration/README.md""]"
P7-W04,1,P6-W05 deadline mechanism,W04 dispatch-deadline arm/cancel,assumed,,Authority; decisions 1–4,,docs/stages/p7/implementation/p7-w04-preemption-context-switch/README.md,"[""docs/stages/p7/implementation/p7-w04-preemption-context-switch/README.md""]"
P7-W04,2,P7-W05 per-entity slice/pick policy,W04 TimeSlice source and reschedule trigger loop,planned,,Current-state ledger; decision 3; W05 handoff,,docs/stages/p7/implementation/p7-w04-preemption-context-switch/README.md,"[""docs/stages/p7/implementation/p7-w04-preemption-context-switch/README.md""]"
P7-W04,3,W04 switch sequence / trigger set,"W05,W07,W08 loop flows and W09 telemetry",planned,,Downstream handoff,,docs/stages/p7/implementation/p7-w04-preemption-context-switch/README.md,"[""docs/stages/p7/implementation/p7-w04-preemption-context-switch/README.md""]"
P7-W04,4,P4/P6 context/timer/vIRQ contracts and W02 gate,W04 switch isolation sequence,blocked,,Authority; decision 5,,docs/stages/p7/implementation/p7-w04-preemption-context-switch/README.md,"[""docs/stages/p7/implementation/p7-w04-preemption-context-switch/README.md""]"
P7-W05,1,W02 lifecycle + W03 eligibility,W05 enqueue/pick/gate,planned,,"Authority; decisions 2,4,5",,docs/stages/p7/implementation/p7-w05-shared-mn-multivm/README.md,"[""docs/stages/p7/implementation/p7-w05-shared-mn-multivm/README.md""]"
P7-W05,2,W04 deadline/reconsideration and slice interface,W05 policy loop and per-dispatch slice source,planned,,"decisions 1,3; downstream handoff",,docs/stages/p7/implementation/p7-w05-shared-mn-multivm/README.md,"[""docs/stages/p7/implementation/p7-w05-shared-mn-multivm/README.md""]"
P7-W05,3,W05 queue owner-side enqueue + no-eligible outcome,W08 remote kick/idle wake-on-eligibility; W06 wake race closure,planned,,"decisions 2,4,7; downstream W08",,docs/stages/p7/implementation/p7-w05-shared-mn-multivm/README.md,"[""docs/stages/p7/implementation/p7-w05-shared-mn-multivm/README.md""]"
P7-W05,4,W05 matrix/fairness condition,W10 scenarios→W11 stress→W12 regression / W13 baseline,planned,,§§5–6 mapping/handoff,,docs/stages/p7/implementation/p7-w05-shared-mn-multivm/README.md,"[""docs/stages/p7/implementation/p7-w05-shared-mn-multivm/README.md""]"
P7-W06,1,P4 exit + W02 Blocked transition/current slot,W06 try_block_current_vcpu,planned,,01 §§3–5; 02 B-1,,docs/stages/p7/implementation/p7-w06-block-wakeup/01-block-wakeup-architecture.md; docs/stages/p7/implementation/p7-w06-block-wakeup/02-code-contracts-block-path.md,"[""docs/stages/p7/implementation/p7-w06-block-wakeup/01-block-wakeup-architecture.md"", ""docs/stages/p7/implementation/p7-w06-block-wakeup/02-code-contracts-block-path.md""]"
P7-W06,2,P6-W05/W06 guest timer and P3 per-pCPU timer,W06 deadline fold → TimerExpiry wake,blocked,,01 §5; 02 B-4; 03 W-3,,docs/stages/p7/implementation/p7-w06-block-wakeup/01-block-wakeup-architecture.md; docs/stages/p7/implementation/p7-w06-block-wakeup/02-code-contracts-block-path.md; docs/stages/p7/implementation/p7-w06-block-wakeup/03-code-contracts-wakeup-path.md,"[""docs/stages/p7/implementation/p7-w06-block-wakeup/01-block-wakeup-architecture.md"", ""docs/stages/p7/implementation/p7-w06-block-wakeup/02-code-contracts-block-path.md"", ""docs/stages/p7/implementation/p7-w06-block-wakeup/03-code-contracts-wakeup-path.md""]"
P7-W06,3,P6-W07 accepted pending vIRQ,W06 VirtualIrq adapter,planned,,W-4,,docs/stages/p7/implementation/p7-w06-block-wakeup/03-code-contracts-wakeup-path.md,"[""docs/stages/p7/implementation/p7-w06-block-wakeup/03-code-contracts-wakeup-path.md""]"
P7-W06,4,W06 wake record/transition,W05 enqueue and W08 reconsideration/idle,planned,,"§§1,5–6",,docs/stages/p7/implementation/p7-w06-block-wakeup/01-block-wakeup-architecture.md,"[""docs/stages/p7/implementation/p7-w06-block-wakeup/01-block-wakeup-architecture.md""]"
P7-W06,5,W07 Pause/Resume transition,W06 invalid-state wake retention and Paused→Blocked/Runnable semantics,blocked,,W-6/W-7,,docs/stages/p7/implementation/p7-w06-block-wakeup/03-code-contracts-wakeup-path.md,"[""docs/stages/p7/implementation/p7-w06-block-wakeup/03-code-contracts-wakeup-path.md""]"
P7-W07,1,W02 transition engine,W07 pause/resume/stop/fault state changes,blocked,,01 §2 L-1; W02 03 §1.3,,docs/stages/p7/implementation/p7-w07-pause-stop-fault/01-pause-stop-fault-architecture.md; docs/stages/p7/implementation/p7-w02-scheduler-admission-lifecycle/03-code-contracts-lifecycle.md,"[""docs/stages/p7/implementation/p7-w07-pause-stop-fault/01-pause-stop-fault-architecture.md"", ""docs/stages/p7/implementation/p7-w02-scheduler-admission-lifecycle/03-code-contracts-lifecycle.md""]"
P7-W07,2,W08 transport over P3/P6 mechanism,W07 remote running pause/stop completion,blocked,,"§§2–3,6",,docs/stages/p7/implementation/p7-w07-pause-stop-fault/01-pause-stop-fault-architecture.md,"[""docs/stages/p7/implementation/p7-w07-pause-stop-fault/01-pause-stop-fault-architecture.md""]"
P7-W07,3,W06 pending-event record,W07 resume re-evaluation and paused wake retention,blocked,,"§§2,4,6",,docs/stages/p7/implementation/p7-w07-pause-stop-fault/01-pause-stop-fault-architecture.md,"[""docs/stages/p7/implementation/p7-w07-pause-stop-fault/01-pause-stop-fault-architecture.md""]"
P7-W07,4,P4 fault classification/P5 authorization,W07 authorized control and GuestFault commit,assumed,,§2 A-1/A-2/F-0,,docs/stages/p7/implementation/p7-w07-pause-stop-fault/01-pause-stop-fault-architecture.md,"[""docs/stages/p7/implementation/p7-w07-pause-stop-fault/01-pause-stop-fault-architecture.md""]"
P7-W07,5,W07 state outcomes,W09 hooks and W10/W11 scenario coverage,planned,,Downstream handoff,,docs/stages/p7/implementation/p7-w07-pause-stop-fault/README.md,"[""docs/stages/p7/implementation/p7-w07-pause-stop-fault/README.md""]"
P7-W08,1,P7-W03/W05 placement+enqueue; W06/W07 wake/control,W08 request_reconsideration,assumed,,§2 C-1/S-2/S-3/W6-2/W7-3; 02 R-1/R-3,,docs/stages/p7/implementation/p7-w08-smp-reschedule-idle/01-smp-scheduler-architecture.md,"[""docs/stages/p7/implementation/p7-w08-smp-reschedule-idle/01-smp-scheduler-architecture.md""]"
P7-W08,2,P3-W07 cross-CPU notification; P6-W04 Host SGI,W08 remote reconsideration / idle wake,blocked,,§2 PC-3/PC-4; 02 R-1/R-2; 03 I-2,,docs/stages/p7/implementation/p7-w08-smp-reschedule-idle/01-smp-scheduler-architecture.md,"[""docs/stages/p7/implementation/p7-w08-smp-reschedule-idle/01-smp-scheduler-architecture.md""]"
P7-W08,3,P6-W05 timer; P7-W04 scheduler tick; P7-W06 blocked-vCPU deadline,W08 idle deadline fold and DeadlineFired wake,assumed,,I-1/I-2; 01 §2 PC-5/W6-2,,docs/stages/p7/implementation/p7-w08-smp-reschedule-idle/03-code-contracts-idle.md,"[""docs/stages/p7/implementation/p7-w08-smp-reschedule-idle/03-code-contracts-idle.md""]"
P7-W08,4,P7-W06 block/wakeup protocol,W08 idle entry handshake,blocked,,I-1 states it mirrors W06; W06 02 block path handshake,,docs/stages/p7/implementation/p7-w08-smp-reschedule-idle/03-code-contracts-idle.md,"[""docs/stages/p7/implementation/p7-w08-smp-reschedule-idle/03-code-contracts-idle.md""]"
P7-W08,5,P1/P3 architecture wait seam,W08 I-3 wait_for_event,assumed,,I-3; 04 §1,,docs/stages/p7/implementation/p7-w08-smp-reschedule-idle/03-code-contracts-idle.md,"[""docs/stages/p7/implementation/p7-w08-smp-reschedule-idle/03-code-contracts-idle.md""]"
P7-W08,6,W08 protocol/isolation/closed wake-source behavior,P7-W11 stress; W09 hooks; W12 regression via W11,planned,,Downstream handoff; 05 §3,,docs/stages/p7/implementation/p7-w08-smp-reschedule-idle/README.md,"[""docs/stages/p7/implementation/p7-w08-smp-reschedule-idle/README.md""]"
P8-W15,1,W09 M0-M7 semantic milestone and marker evidence requirements,W15 fixture marker bytes / content realization,planned,,W09 04 §§1-3 lines 7-35; W15 README decision 4 / 01 §5,,docs/stages/p8/implementation/p8-w09-virtual-console-single-cpu-linux/04-single-vcpu-boot-path.md; docs/stages/p8/implementation/p8-w15-reproducible-linux-fixture/README.md,"[""docs/stages/p8/implementation/p8-w09-virtual-console-single-cpu-linux/04-single-vcpu-boot-path.md"", ""docs/stages/p8/implementation/p8-w15-reproducible-linux-fixture/README.md""]"
P8-W15,2,W15 shell/initramfs functional content by W09 shell acceptance path,W09 M6-M7 full boot and shell round trip,planned,,README current-state ledger + decision 4; 01 §1/§5 shell row; W09 04 §3 M6-M7,,docs/stages/p8/implementation/p8-w15-reproducible-linux-fixture/README.md; docs/stages/p8/implementation/p8-w15-reproducible-linux-fixture/01-fixture-manifest-contract.md,"[""docs/stages/p8/implementation/p8-w15-reproducible-linux-fixture/README.md"", ""docs/stages/p8/implementation/p8-w15-reproducible-linux-fixture/01-fixture-manifest-contract.md""]"
P8-W15,3,W10 S1-S6 semantic scenario contracts,W15 fixture workload program content/markers,planned,,W10 03 §1-§2 lines 8-33 and S1-S6; W15 README decision 4,,docs/stages/p8/implementation/p8-w10-linux-smp-bringup/03-stability-scenarios.md; docs/stages/p8/implementation/p8-w15-reproducible-linux-fixture/README.md,"[""docs/stages/p8/implementation/p8-w10-linux-smp-bringup/03-stability-scenarios.md"", ""docs/stages/p8/implementation/p8-w15-reproducible-linux-fixture/README.md""]"
P8-W15,4,W15 workload program/tool realization,"W10 fixture-configured duration/rates, progress-marker, P8-V15 scenario execution",planned,,"W10 03 §1 lines 19-30, §2 S1-S6; W15 01 §5 does not list W10-specific workload programs",,docs/stages/p8/implementation/p8-w10-linux-smp-bringup/03-stability-scenarios.md; docs/stages/p8/implementation/p8-w15-reproducible-linux-fixture/01-fixture-manifest-contract.md,"[""docs/stages/p8/implementation/p8-w10-linux-smp-bringup/03-stability-scenarios.md"", ""docs/stages/p8/implementation/p8-w15-reproducible-linux-fixture/01-fixture-manifest-contract.md""]"
P8-W15,5,W03 boot facts + W04 DTB facts + W02/W14 approved machine version,W15 manifest binding/conformance and W09/W10 boot inputs,blocked,,"01 §§1-4, §6; 02 §1",,docs/stages/p8/implementation/p8-w15-reproducible-linux-fixture/01-fixture-manifest-contract.md; docs/stages/p8/implementation/p8-w15-reproducible-linux-fixture/02-implementation-and-review.md,"[""docs/stages/p8/implementation/p8-w15-reproducible-linux-fixture/01-fixture-manifest-contract.md"", ""docs/stages/p8/implementation/p8-w15-reproducible-linux-fixture/02-implementation-and-review.md""]"
P8-W15,6,W15 single-source manifest and artifact identity/digest procedure,W16 regression acquisition and W17-W19 consumers,planned,,Downstream handoff lines 197-219; 01 §1/§4,,docs/stages/p8/implementation/p8-w15-reproducible-linux-fixture/README.md,"[""docs/stages/p8/implementation/p8-w15-reproducible-linux-fixture/README.md""]"
P8-W01,1,P0-P7 handoff plans / implementation records / verification records,W01 reconciled P8 entry row,planned,,01 §2; 02 steps 1-3,,docs/stages/p8/implementation/p8-w01-entry-contract-reconciliation/01-reconciliation-contract.md; docs/stages/p8/implementation/p8-w01-entry-contract-reconciliation/02-review-workflow.md,"[""docs/stages/p8/implementation/p8-w01-entry-contract-reconciliation/01-reconciliation-contract.md"", ""docs/stages/p8/implementation/p8-w01-entry-contract-reconciliation/02-review-workflow.md""]"
P8-W01,2,W01 reconciled evidence/constraints/limits,P8-W02–W20 design and implementation gate,planned,,README Downstream handoff; 01 §5; 02 step 6; task book P8-V01,,docs/stages/p8/implementation/p8-w01-entry-contract-reconciliation/README.md; docs/stages/p8/task-book-v0.1.md,"[""docs/stages/p8/implementation/p8-w01-entry-contract-reconciliation/README.md"", ""docs/stages/p8/task-book-v0.1.md""]"
P8-W01,3,W02 machine decision route / ACR or ADR authority,W01 conflict and blocked-input register,assumed,,01 §3.3; 02 steps 5-6,,docs/stages/p8/implementation/p8-w01-entry-contract-reconciliation/01-reconciliation-contract.md; docs/stages/p8/implementation/p8-w01-entry-contract-reconciliation/02-review-workflow.md,"[""docs/stages/p8/implementation/p8-w01-entry-contract-reconciliation/01-reconciliation-contract.md"", ""docs/stages/p8/implementation/p8-w01-entry-contract-reconciliation/02-review-workflow.md""]"
P8-W11,1,P7-W02..W09/P6-W13,W11 seam observations,blocked,,§1,,01-scenario-and-semantics-contract.md,[]
P8-W11,2,P8-W09/W10 and W02-W04,W11 scenario inputs,blocked,,§2–3; workflow §1–2,,01-scenario-and-semantics-contract.md,[]
P8-W11,3,W15 fixture,W11 workload markers,planned,,§5; workflow §3,,02-observation-and-load-contracts.md,[]
P8-W11,4,W11 descriptors/verdict semantics,W16 runner and matrix,planned,,§§1–4; workflow §3–4,,02-observation-and-load-contracts.md,[]
P8-W11,5,W11 accounting observations,W17 baseline,planned,,Downstream handoff; workflow §6,,README.md,[]
P8-W11,6,W11 limits/failure classes,W18 and W20,planned,,Downstream handoff,,README.md,[]
P8-W12,1,"P2-W10/P4-W02,W06,W09","W12 ownership, Stage-2 and protected-range assertions",blocked,,"§1, §5–6",,01-memory-matrix-and-boundaries.md,[]
P8-W12,2,W02/W04 approved map,W12 RAM classes and map probes,blocked,,"§§1,4–5",,01-memory-matrix-and-boundaries.md,[]
P8-W12,3,W12 Stage-2 event/context needs,W13 classification/context,planned,,"§§2,5; 02 §3",,01-memory-matrix-and-boundaries.md,[]
P8-W12,4,W15 memory workloads,W12 L1/L2 scenarios,planned,,"§§1,5",,02-probe-and-workload-contracts.md,[]
P8-W12,5,W12 probe descriptor/verdict semantics,W16 regression execution,planned,,§§1–3,,02-probe-and-workload-contracts.md,[]
P8-W12,6,W12 RAM classes,W14 compatibility firewall,implemented,,§4; W14 matrix §3,,01-memory-matrix-and-boundaries.md,[]
P8-W13,1,P4-W06/P0-W12/W14,"W13 captured facts, context and handling",blocked,,§1–5; 02 §§2–5,,01-fault-classification.md,[]
P8-W13,2,P8-W05..W09 and P7-W02/W07,W13 classes/contained outcomes,planned,,"§§1,3–5",,01-fault-classification.md,[]
P8-W13,3,W12 N1–N5 Stage-2 and MMIO probes,W13 F13-3/F13-4,blocked,,"§§4,7; rule 4 before rule 6",,01-fault-classification.md,[]
P8-W13,4,W13 class/context observable contract,W16/W18 oracle,planned,,§6; 02 §6,,01-fault-classification.md,[]
P8-W13,5,W13 limitation/diagnostic requirements,W20 closure register and P9 handoff limits,planned,,Downstream handoff,,README.md,[]
P8-W14,1,W02/W04/W05/W06/W07/W08/W09 approved records,W14 matrix entries,blocked,,§§1–3; 02 §§1–2,,01-compatibility-matrix-and-policy.md,[]
P8-W14,2,W15 fixture + W16 regression/inspection,W14 same-config drift test,planned,,§6; 02 §4,,01-compatibility-matrix-and-policy.md,[]
P8-W14,3,W14 compatibility matrix,W20 factual compatibility policy/evidence gate,planned,,Downstream handoff; W20 artifact contract §1,,README.md,[]
P8-W14,4,W14 machine compatibility policy,P9 and maintenance consumers,planned,,§§4–7; README Downstream handoff,,01-compatibility-matrix-and-policy.md,[]
P8-W17,1,W16 scenario rows/run-record environment,W17 measurement binding/environment,blocked,,§§1–3; 01 §5,,02-baseline-record-and-workflow.md,[]
P8-W17,2,W15 fixture and W02 approved identity,W17 fixed baseline inputs,blocked,,§1; 01 §3–5,,02-baseline-record-and-workflow.md,[]
P8-W17,3,P0-W13 and P7 telemetry,W17 M2–M5,blocked,,§2; 02 §1,,01-measurement-method.md,[]
P8-W17,4,P6-W13 latency method,W17 M7,blocked,,§2 M7; 02 §1,,01-measurement-method.md,[]
P8-W17,5,P7-W13 terminology,W17 limitation/environment vocabulary,planned,,§1,,02-baseline-record-and-workflow.md,[]
P8-W17,6,W11/W12 scenario/fault semantics,W17 scheduler/memory/fault metrics,planned,,§2–5,,01-measurement-method.md,[]
P8-W17,7,W17 environment/raw archive/limits,W20 and P9,planned,,Downstream handoff,,README.md,[]
P8-W20,1,W01-W19 owner records,W20 gate matrix / register / delta set,blocked,,"§§1,4–5; 02 §§1–3",,01-closure-artifact-contract.md,[]
P8-W20,2,W02/W03/W14 approvals plus implementation/verification evidence,W20 factual spec publication,blocked,,§§1–2; 02 §2,,01-closure-artifact-contract.md,[]
P8-W20,3,W16/W18/W19 verification records,W20 P8-V21..V25 gates,blocked,,§4; 02 §1–3,,01-closure-artifact-contract.md,[]
P8-W20,4,W20 evidence-index and P9 statement,P9 planning and project-owner closeout,planned,,§§3–7,,02-closure-workflow-and-handoff.md,[]
P8-W20,5,W17 baseline and W18 containment limits,W20 limitation register / handoff constraints,planned,,"§5.1; 02 §§4,6",,01-closure-artifact-contract.md,[]
P7-W09,1,P0-W12/W13,P7-W09,assumed,,§§46-95; C-5,,docs/stages/p7/implementation/p7-w09-accounting-diagnostics/README.md,"[""docs/stages/p7/implementation/p7-w09-accounting-diagnostics/README.md""]"
P7-W09,2,P6-W05/W13; P3-W11,P7-W09,assumed,,§2 T-3/T-4/T-7,,docs/stages/p7/implementation/p7-w09-accounting-diagnostics/01-accounting-model.md,"[""docs/stages/p7/implementation/p7-w09-accounting-diagnostics/01-accounting-model.md""]"
P7-W09,3,P7-W02/W04/W06/W07/W08,P7-W09,planned,,"§§2,6",,docs/stages/p7/implementation/p7-w09-accounting-diagnostics/01-accounting-model.md,"[""docs/stages/p7/implementation/p7-w09-accounting-diagnostics/01-accounting-model.md""]"
P7-W09,4,P7-W09,P7-W11/W13/W14; P7-W10/W12,planned,,Downstream handoff; §§179-227,,docs/stages/p7/implementation/p7-w09-accounting-diagnostics/README.md,"[""docs/stages/p7/implementation/p7-w09-accounting-diagnostics/README.md""]"
P7-W10,1,P4-W03/W05,P7-W10,assumed,,§2 G-1/G-2,,docs/stages/p7/implementation/p7-w10-validation-guest-suite/02-guest-test-asset-contract.md,"[""docs/stages/p7/implementation/p7-w10-validation-guest-suite/02-guest-test-asset-contract.md""]"
P7-W10,2,P5-W02/W07; P6-W06/W11,P7-W10,assumed,,§2 G-3/G-4,,docs/stages/p7/implementation/p7-w10-validation-guest-suite/02-guest-test-asset-contract.md,"[""docs/stages/p7/implementation/p7-w10-validation-guest-suite/02-guest-test-asset-contract.md""]"
P7-W10,3,P7-W04..W09,P7-W10,planned,,§2 G-5/G-6,,docs/stages/p7/implementation/p7-w10-validation-guest-suite/02-guest-test-asset-contract.md,"[""docs/stages/p7/implementation/p7-w10-validation-guest-suite/02-guest-test-asset-contract.md""]"
P7-W10,4,P7-W10,P7-W11/W12/W14; P8-W19,planned,,Downstream handoff; §§184-210,,docs/stages/p7/implementation/p7-w10-validation-guest-suite/README.md,"[""docs/stages/p7/implementation/p7-w10-validation-guest-suite/README.md""]"
P7-W11,1,P7-W01,P7-W11,assumed,,§1 input gate,,docs/stages/p7/implementation/p7-w11-stress-invariants/01-stress-scenario-matrices.md,"[""docs/stages/p7/implementation/p7-w11-stress-invariants/01-stress-scenario-matrices.md""]"
P7-W11,2,P7-W02..W09,P7-W11,assumed,,§§1-2 observable contracts,,docs/stages/p7/implementation/p7-w11-stress-invariants/02-invariant-checks-and-failure-signals.md,"[""docs/stages/p7/implementation/p7-w11-stress-invariants/02-invariant-checks-and-failure-signals.md""]"
P7-W11,3,P7-W10,P7-W11,planned,,§1 payload owner; S1/S2,,docs/stages/p7/implementation/p7-w11-stress-invariants/01-stress-scenario-matrices.md,"[""docs/stages/p7/implementation/p7-w11-stress-invariants/01-stress-scenario-matrices.md""]"
P7-W11,4,P7-W11,P7-W12/W14,planned,,Downstream handoff; §§160-186,,docs/stages/p7/implementation/p7-w11-stress-invariants/README.md,"[""docs/stages/p7/implementation/p7-w11-stress-invariants/README.md""]"
P7-W12,1,P0-W09 runner,P7-W12,assumed,,§1,,docs/stages/p7/implementation/p7-w12-qemu-regression/01-regression-matrix-and-runner-contract.md,"[""docs/stages/p7/implementation/p7-w12-qemu-regression/01-regression-matrix-and-runner-contract.md""]"
P7-W12,2,P7-W10/W11; P7-W02..W09,P7-W12,assumed,,§§1-4,,docs/stages/p7/implementation/p7-w12-qemu-regression/01-regression-matrix-and-runner-contract.md,"[""docs/stages/p7/implementation/p7-w12-qemu-regression/01-regression-matrix-and-runner-contract.md""]"
P7-W12,3,P7-W12,P7-W14; P8-W16 mediated,planned,,Downstream handoff; §§148-170,,docs/stages/p7/implementation/p7-w12-qemu-regression/README.md,"[""docs/stages/p7/implementation/p7-w12-qemu-regression/README.md""]"
P7-W13,1,P7-W09/P0-W13/P6-W05/W13,P7-W13,assumed,,§§1-3,,docs/stages/p7/implementation/p7-w13-performance-baseline/01-measurement-method.md,"[""docs/stages/p7/implementation/p7-w13-performance-baseline/01-measurement-method.md""]"
P7-W13,2,P7-W03/W04/W10/W11,P7-W13,assumed,,§§1-5,,docs/stages/p7/implementation/p7-w13-performance-baseline/02-scenarios-and-comparison.md,"[""docs/stages/p7/implementation/p7-w13-performance-baseline/02-scenarios-and-comparison.md""]"
P7-W13,3,P7-W13,P7-W14; P8-W17 mediated,planned,,Downstream handoff; §§186-195,,docs/stages/p7/implementation/p7-w13-performance-baseline/README.md,"[""docs/stages/p7/implementation/p7-w13-performance-baseline/README.md""]"
P7-W14,1,P7-W01..W13,P7-W14,planned,,"§§1,3.1-3.3",,docs/stages/p7/implementation/p7-w14-documentation-p8-handoff/01-closure-and-handoff-workflow.md,"[""docs/stages/p7/implementation/p7-w14-documentation-p8-handoff/01-closure-and-handoff-workflow.md""]"
P7-W14,2,P7-W14,P8-W01/W20,planned,,§§173-208; workflow §4,,docs/stages/p7/implementation/p7-w14-documentation-p8-handoff/README.md,"[""docs/stages/p7/implementation/p7-w14-documentation-p8-handoff/README.md""]"
P7-W14,3,P7-W14 mapping rows,P8-W05/W08/W11 and all mediated P8 rows,planned,,§§181-208 (direct/mediated distinction),,docs/stages/p7/implementation/p7-w14-documentation-p8-handoff/README.md,"[""docs/stages/p7/implementation/p7-w14-documentation-p8-handoff/README.md""]"
