baseline,path,git_blob,stage,path_layer_hint,edition_hint,title,leading_status_text,prior_review,full_text_review,authority_version_review,note
b317b88ad6f78f82143ec6af2cf2b41a143ae741,.agents/skills/zelyr-stage-work-package-planning/SKILL.md,8a34cb016286f476a9ba77c35ba82ddff504f1b8,cross-cutting,skill,source,Zelyr stage work-package planning,not-extracted; inspect source,mechanical-only,pending,pending,Full text and counterevidence review not certified; see handoff
b317b88ad6f78f82143ec6af2cf2b41a143ae741,.agents/skills/zelyr-stage-work-package-planning/references/work-package-plan-format.md,43e7e2724816faaafdcdee899e43e5968777e9d7,cross-cutting,skill-reference,source,Work-package plan format and review checklist,not-extracted; inspect source,mechanical-only,pending,pending,Full text and counterevidence review not certified; see handoff
b317b88ad6f78f82143ec6af2cf2b41a143ae741,.agents/skills/zelyr-work-package-implementation-design/SKILL.md,ee93aeea37b130f4eb179e01fcead08b39cc2cc0,cross-cutting,skill,source,Zelyr work-package implementation design,not-extracted; inspect source,mechanical-only,pending,pending,Full text and counterevidence review not certified; see handoff
b317b88ad6f78f82143ec6af2cf2b41a143ae741,.agents/skills/zelyr-work-package-implementation-design/references/implementation-design-checklist.md,ccd21a654a2d31ee7a977bff1d4322410fbcc061,cross-cutting,skill-reference,source,Work-package implementation-design checklist,not-extracted; inspect source,mechanical-only,pending,pending,Full text and counterevidence review not certified; see handoff
b317b88ad6f78f82143ec6af2cf2b41a143ae741,AGENTS.md,7400d9c364fa9c2ac99de4b46b04a96347c620fa,cross-cutting,root,source,Zelyr agent instructions,not-extracted; inspect source,mechanical-only,pending,pending,Full text and counterevidence review not certified; see handoff
b317b88ad6f78f82143ec6af2cf2b41a143ae741,AGENTS.zh-CN.md,1ca696eeedafab34797b47eb3e312d2fbdc788fe,cross-cutting,root,zh-CN-translation,Zelyr Agent 指令,not-extracted; inspect source,mechanical-only,pending,pending,Full text and counterevidence review not certified; see handoff
b317b88ad6f78f82143ec6af2cf2b41a143ae741,README.md,3aa3621f1f2016ebb5dc2ea03466aafdf1fa9cff,cross-cutting,root,source,Zelyr Hypervisor,not-extracted; inspect source,mechanical-only,pending,pending,Full text and counterevidence review not certified; see handoff
b317b88ad6f78f82143ec6af2cf2b41a143ae741,README.zh-CN.md,6f9841c5561bf14838d727a8472a7f3e98b121ac,cross-cutting,root,zh-CN-translation,Zelyr Hypervisor,not-extracted; inspect source,mechanical-only,pending,pending,Full text and counterevidence review not certified; see handoff
b317b88ad6f78f82143ec6af2cf2b41a143ae741,docs/README.md,26f933cad34391085b60e07aa64f3af740039798,cross-cutting,docs-root,source,Zelyr documentation index and governance,"Normative documentation governance (routing, precedence, and the",targeted-review,pending,pending,Full text and counterevidence review not certified; see handoff
b317b88ad6f78f82143ec6af2cf2b41a143ae741,docs/README.zh-CN.md,40888712c7da57d741f35f7dcb0507dd3364edb4,cross-cutting,docs-root,zh-CN-translation,Zelyr 文档索引与治理,not-extracted; inspect source,mechanical-only,pending,pending,Full text and counterevidence review not certified; see handoff
b317b88ad6f78f82143ec6af2cf2b41a143ae741,docs/abi/README.md,bff1a70cea0f5296c262c88156cd7f38b375e57c,cross-cutting,abi,source,ABI contracts,normative when present (versioned external contracts; none exist in P0).,mechanical-only,pending,pending,Full text and counterevidence review not certified; see handoff
b317b88ad6f78f82143ec6af2cf2b41a143ae741,docs/adr/README.md,f379a3cc30e06ad0f2cc5e1d728bd761c57b4528,cross-cutting,adr,source,ADRs — architecture decision records and lifecycle,"Normative ADR governance (states, transitions, thresholds,",targeted-review,pending,pending,Full text and counterevidence review not certified; see handoff
b317b88ad6f78f82143ec6af2cf2b41a143ae741,docs/adr/README.zh-CN.md,9aa44c89d83e29b3858c9100c2819627c8f8f978,cross-cutting,adr,zh-CN-translation,ADR — 架构决策记录及生命周期,not-extracted; inspect source,mechanical-only,pending,pending,Full text and counterevidence review not certified; see handoff
b317b88ad6f78f82143ec6af2cf2b41a143ae741,docs/adr/adr-000-architecture-baseline-v0.1.en.md,899a4e7c7ff4237bf5ba6f5fb55d7f008345227f,cross-cutting,adr,en-translation,Zelyr Hypervisor Architecture Decision Record v0.1,Architecture Baseline / Draft for Implementation,mechanical-only,pending,pending,Full text and counterevidence review not certified; see handoff
b317b88ad6f78f82143ec6af2cf2b41a143ae741,docs/adr/adr-000-architecture-baseline-v0.1.md,3dcf8766c2f2290efaea227a5b71a37a8f194e8d,cross-cutting,adr,source,Zelyr Hypervisor Architecture Decision Record v0.1,not-extracted; inspect source,targeted-review,pending,pending,Full text and counterevidence review not certified; see handoff
b317b88ad6f78f82143ec6af2cf2b41a143ae741,docs/adr/adr-061-defer-p1-asynchronous-vector-validation-to-p6.md,c90f31be8a2ed01ee70064120c980fca85440b96,cross-cutting,adr,source,ADR-061 — Defer executed EL2 asynchronous-vector validation from P1 to P6,Accepted,targeted-review,pending,pending,Full text and counterevidence review not certified; see handoff
b317b88ad6f78f82143ec6af2cf2b41a143ae741,docs/adr/adr-061-defer-p1-asynchronous-vector-validation-to-p6.zh-CN.md,5b12186b9bfcc35347bc404f77c8923c72459616,cross-cutting,adr,zh-CN-translation,ADR-061 — 将 EL2 异步向量的执行验证从 P1 延至 P6,not-extracted; inspect source,mechanical-only,pending,pending,Full text and counterevidence review not certified; see handoff
b317b88ad6f78f82143ec6af2cf2b41a143ae741,docs/architecture/README.md,8e55c02fdf071b727c5ca3c0f05f6e4f310b1480,cross-cutting,architecture,source,Architecture documents,conditional (normative when approved and routed).,mechanical-only,pending,pending,Full text and counterevidence review not certified; see handoff
b317b88ad6f78f82143ec6af2cf2b41a143ae741,docs/development/README.md,147507b8a0dc7f68b6540d3c24b61c49d839673e,cross-cutting,development,source,Development guidance,normative (per the,mechanical-only,pending,pending,Full text and counterevidence review not certified; see handoff
b317b88ad6f78f82143ec6af2cf2b41a143ae741,docs/development/README.zh-CN.md,56fab9ec22f110992bab344c90bb8137ee8c6528,cross-cutting,development,zh-CN-translation,开发指南,not-extracted; inspect source,mechanical-only,pending,pending,Full text and counterevidence review not certified; see handoff
b317b88ad6f78f82143ec6af2cf2b41a143ae741,docs/development/address-identifier-type-safety.md,7781b66225e3aaa17b0a9671986fa54c4947d301,cross-cutting,development,source,Zelyr Address & Identifier Type-Safety Requirements,Normative semantic-requirements governance.,mechanical-only,pending,pending,Full text and counterevidence review not certified; see handoff
b317b88ad6f78f82143ec6af2cf2b41a143ae741,docs/development/artifact-naming.md,cec9f32ba5131b1ca44c9470aa1e7076f6a7c4a0,cross-cutting,development,source,Zelyr Artifact Naming Baseline,Normative artifact-naming governance.,mechanical-only,pending,pending,Full text and counterevidence review not certified; see handoff
b317b88ad6f78f82143ec6af2cf2b41a143ae741,docs/development/build-profile-governance.md,f31276b6a3d3c88af548bb6e3450c349987ebf28,cross-cutting,development,source,Zelyr Build-Profile / Feature Governance,Normative build-choice governance.,mechanical-only,pending,pending,Full text and counterevidence review not certified; see handoff
b317b88ad6f78f82143ec6af2cf2b41a143ae741,docs/development/build-target-baseline.md,5c0fa3ac8a45877df558342c77a4778d9d601ddd,cross-cutting,development,source,Zelyr Build-Target Baseline,Normative build-target policy.,mechanical-only,pending,pending,Full text and counterevidence review not certified; see handoff
b317b88ad6f78f82143ec6af2cf2b41a143ae741,docs/development/ci-baseline.md,0484db0d78e6b88bc81da01f0dd75d6e27b27de7,cross-cutting,development,source,Zelyr CI Baseline,Normative CI policy.,mechanical-only,pending,pending,Full text and counterevidence review not certified; see handoff
b317b88ad6f78f82143ec6af2cf2b41a143ae741,docs/development/coding-guidelines-v0.1.md,797a7962d0474ded7254dad10839f6df065266af,cross-cutting,development,source,Zelyr Hypervisor Coding Guidelines v0.1 — Detailed Reference,Normative detailed reference (routed from the mandatory concise guide).,mechanical-only,pending,pending,Full text and counterevidence review not certified; see handoff
b317b88ad6f78f82143ec6af2cf2b41a143ae741,docs/development/coding-guidelines.md,38eb03c33410c7dba290bc2e70bc1acb427479a3,cross-cutting,development,source,Zelyr Coding Guidelines — Concise Mandatory Guide,Mandatory for every code-change task.,mechanical-only,pending,pending,Full text and counterevidence review not certified; see handoff
b317b88ad6f78f82143ec6af2cf2b41a143ae741,docs/development/coding-guidelines.zh-CN.md,eb0e789e56bbc486ffca9df8ae10431bff19cf59,cross-cutting,development,zh-CN-translation,Zelyr 编码指南 — 必读简明版,not-extracted; inspect source,mechanical-only,pending,pending,Full text and counterevidence review not certified; see handoff
b317b88ad6f78f82143ec6af2cf2b41a143ae741,docs/development/contributor-workflow.md,9658b6cfeda7f6183ff98fa7df3cd62cade11163,cross-cutting,development,source,Zelyr Contributor Workflow,Normative contributor path (assembly of the governing contracts;,mechanical-only,pending,pending,Full text and counterevidence review not certified; see handoff
b317b88ad6f78f82143ec6af2cf2b41a143ae741,docs/development/dependency-governance.md,c41c73206e5a0390ad3a48535971e1c3a82c4f97,cross-cutting,development,source,Zelyr Dependency Governance,Normative dependency policy.,mechanical-only,pending,pending,Full text and counterevidence review not certified; see handoff
b317b88ad6f78f82143ec6af2cf2b41a143ae741,docs/development/dependency-register.md,42c6ef3252a69f27e0b4bddecc65e09a87527849,cross-cutting,development,source,Zelyr Dependency Register,Normative decision ledger — **zero entries; the repository,mechanical-only,pending,pending,Full text and counterevidence review not certified; see handoff
b317b88ad6f78f82143ec6af2cf2b41a143ae741,docs/development/diagnostics-baseline.md,9cafcdb2132c5fb732f1d66a3f781f8003ebf385,cross-cutting,development,source,Zelyr Diagnostics Baseline,Normative diagnostics governance.,mechanical-only,pending,pending,Full text and counterevidence review not certified; see handoff
b317b88ad6f78f82143ec6af2cf2b41a143ae741,docs/development/documentation-baseline.md,33875fd3bf7fcd4efe76636e78ef67b0f93e8f65,cross-cutting,development,source,Zelyr Documentation Baseline,Normative documentation governance.,mechanical-only,pending,pending,Full text and counterevidence review not certified; see handoff
b317b88ad6f78f82143ec6af2cf2b41a143ae741,docs/development/documentation-baseline.zh-CN.md,c4c0c22b1ed0ca65044176238a926e199f7803f6,cross-cutting,development,zh-CN-translation,Zelyr 文档基线,not-extracted; inspect source,mechanical-only,pending,pending,Full text and counterevidence review not certified; see handoff
b317b88ad6f78f82143ec6af2cf2b41a143ae741,docs/development/integration-workflow.md,60cfaf46194322fd8107ed0a6f9845a8064de73b,cross-cutting,development,source,Zelyr Branch and Pull-Request Integration Workflow,Normative project policy; GitHub enforcement is planned in P0-W20.,mechanical-only,pending,pending,Full text and counterevidence review not certified; see handoff
b317b88ad6f78f82143ec6af2cf2b41a143ae741,docs/development/integration-workflow.zh-CN.md,f395aa8476dea0a04bd6db26bf829a8c1851c7e0,cross-cutting,development,zh-CN-translation,Zelyr 分支与 PR 集成流程,not-extracted; inspect source,mechanical-only,pending,pending,Full text and counterevidence review not certified; see handoff
b317b88ad6f78f82143ec6af2cf2b41a143ae741,docs/development/plan-agent-design-guidelines-v0.1.md,362f9120473796cc60f26ad875abd371c002275d,cross-cutting,development,source,Zelyr Hypervisor Plan Agent Design Guidelines v0.1 — Detailed Reference,Normative detailed reference (routed from the mandatory concise guide).,mechanical-only,pending,pending,Full text and counterevidence review not certified; see handoff
b317b88ad6f78f82143ec6af2cf2b41a143ae741,docs/development/plan-agent-guidelines.md,8b0d4ade59615ffc944ade33237d983e12054d4b,cross-cutting,development,source,Zelyr Plan Agent Guidelines — Concise Mandatory Guide,Mandatory for every Plan Agent task.,targeted-review,pending,pending,Full text and counterevidence review not certified; see handoff
b317b88ad6f78f82143ec6af2cf2b41a143ae741,docs/development/plan-agent-guidelines.zh-CN.md,c863b4f2f00e5517fa5013edd7f2479ce40d17b6,cross-cutting,development,zh-CN-translation,Zelyr Plan Agent 指南 — 必读简明版,not-extracted; inspect source,mechanical-only,pending,pending,Full text and counterevidence review not certified; see handoff
b317b88ad6f78f82143ec6af2cf2b41a143ae741,docs/development/platform-portability-rules.md,d942d2d425c2db4e83468d8d722b623a4dc84e0d,cross-cutting,development,source,Zelyr Platform Portability Rules,Normative platform-layering governance.,mechanical-only,pending,pending,Full text and counterevidence review not certified; see handoff
b317b88ad6f78f82143ec6af2cf2b41a143ae741,docs/development/quality-gates.md,1cbc999a9709af5f27527d0ef6413c5802b185a4,cross-cutting,development,source,Zelyr Development Quality Gates,Normative quality-gate policy.,targeted-review,pending,pending,Full text and counterevidence review not certified; see handoff
b317b88ad6f78f82143ec6af2cf2b41a143ae741,docs/development/stage-workflow.md,73715ff685d4c9ab5b18b405717fb5f47d0a4a29,cross-cutting,development,source,Zelyr Stage Workflow,Normative stage-process governance.,targeted-review,pending,pending,Full text and counterevidence review not certified; see handoff
b317b88ad6f78f82143ec6af2cf2b41a143ae741,docs/development/stage-workflow.zh-CN.md,1bf01b55ac3f19cb2a12ede24435cebacd00dad5,cross-cutting,development,zh-CN-translation,Zelyr 阶段工作流程,not-extracted; inspect source,mechanical-only,pending,pending,Full text and counterevidence review not certified; see handoff
b317b88ad6f78f82143ec6af2cf2b41a143ae741,docs/development/toolchain-baseline.md,430368f4494d8a4eded01410bced0cc4380c1c0b,cross-cutting,development,source,Zelyr Rust Toolchain Baseline,Normative toolchain policy.,mechanical-only,pending,pending,Full text and counterevidence review not certified; see handoff
b317b88ad6f78f82143ec6af2cf2b41a143ae741,docs/development/trace-event-namespace.md,837bec31ae56b040ef7a46eeb5422acd092e7569,cross-cutting,development,source,Zelyr Trace Event Namespace Baseline,Normative trace-naming governance.,mechanical-only,pending,pending,Full text and counterevidence review not certified; see handoff
b317b88ad6f78f82143ec6af2cf2b41a143ae741,docs/development/translation-glossary.md,21dd0f352725c5698a17f4c2ba5e463749a589f6,cross-cutting,development,source,Documentation translation glossary,Informative translation aid.,mechanical-only,pending,pending,Full text and counterevidence review not certified; see handoff
b317b88ad6f78f82143ec6af2cf2b41a143ae741,docs/development/translation-glossary.zh-CN.md,e3fcaebfc62d8fbe069722c88462b7e74fb58474,cross-cutting,development,zh-CN-translation,文档翻译术语表,not-extracted; inspect source,mechanical-only,pending,pending,Full text and counterevidence review not certified; see handoff
b317b88ad6f78f82143ec6af2cf2b41a143ae741,docs/development/version-build-metadata.md,b39f08dfcd531f86223e265f4d59e8b0bbbe82bb,cross-cutting,development,source,Zelyr Version & Build Metadata Baseline,Normative identity/metadata governance.,mechanical-only,pending,pending,Full text and counterevidence review not certified; see handoff
b317b88ad6f78f82143ec6af2cf2b41a143ae741,docs/machine-types/README.md,cf26885ec1cd25266403aa05b7b4d9ecb0a9c07e,cross-cutting,machine-types,source,Machine-type contracts,normative when present (versioned guest machine model; none exist in P0).,mechanical-only,pending,pending,Full text and counterevidence review not certified; see handoff
b317b88ad6f78f82143ec6af2cf2b41a143ae741,docs/platform/README.md,8767a8e265e769bc55a1a1de009f4c3ec6b962c1,cross-cutting,platform,source,Platform contracts,conditional (normative when approved and routed).,mechanical-only,pending,pending,Full text and counterevidence review not certified; see handoff
b317b88ad6f78f82143ec6af2cf2b41a143ae741,docs/security/README.md,6f3ec4a2878d68e53b3b6f2424037de36dcd3a37,cross-cutting,security,source,Security and safety,conditional (normative when approved and routed).,mechanical-only,pending,pending,Full text and counterevidence review not certified; see handoff
b317b88ad6f78f82143ec6af2cf2b41a143ae741,docs/security/failure-classification.md,c10278f1b5ba08381662debdf64b42d4b5c7a77d,cross-cutting,security,source,Zelyr Failure Classification Baseline,Normative failure-taxonomy governance.,mechanical-only,pending,pending,Full text and counterevidence review not certified; see handoff
b317b88ad6f78f82143ec6af2cf2b41a143ae741,docs/security/unsafe-inventory.md,a1eee57a85e57f172da6f8b630f822b60be74e93,cross-cutting,security,source,Zelyr Unsafe Inventory,Normative register.,mechanical-only,pending,pending,Full text and counterevidence review not certified; see handoff
b317b88ad6f78f82143ec6af2cf2b41a143ae741,docs/security/unsafe-rust-policy.md,1218dba67cd783bce2dc107af88fc512cb261972,cross-cutting,security,source,Zelyr Unsafe Rust Policy,Normative safety governance.,mechanical-only,pending,pending,Full text and counterevidence review not certified; see handoff
b317b88ad6f78f82143ec6af2cf2b41a143ae741,docs/stages/README.md,e48ff025802e1d1d6cfb490fe362bec1198b9ce9,cross-cutting,stage-index-or-handoff,source,Stage documents,normative (per the,mechanical-only,pending,pending,Full text and counterevidence review not certified; see handoff
b317b88ad6f78f82143ec6af2cf2b41a143ae741,docs/stages/README.zh-CN.md,ff9d74fce240e1d9463b33f10ad0a400bbd1fada,cross-cutting,stage-index-or-handoff,zh-CN-translation,阶段文档,not-extracted; inspect source,mechanical-only,pending,pending,Full text and counterevidence review not certified; see handoff
b317b88ad6f78f82143ec6af2cf2b41a143ae741,docs/stages/p0/README.md,a58238761b42136b82e669ae15aba6767d4a52e3,p0,stage-index-or-handoff,source,"P0 — Repository, Specification & Toolchain Baseline",not-extracted; inspect source,mechanical-only,pending,pending,Full text and counterevidence review not certified; see handoff
b317b88ad6f78f82143ec6af2cf2b41a143ae741,docs/stages/p0/README.zh-CN.md,fca8dccf551099c1adbc020a03bf90d3420ffb32,p0,stage-index-or-handoff,zh-CN-translation,P0 — 仓库、规范与工具链基线,not-extracted; inspect source,mechanical-only,pending,pending,Full text and counterevidence review not certified; see handoff
b317b88ad6f78f82143ec6af2cf2b41a143ae741,docs/stages/p0/implementation/README.md,8c237d2e05e41d9d8c469b554445be383530e69b,p0,implementation-design-or-support,source,P0 implementation designs and records,Index of proposed designs and future implementation records; not a,mechanical-only,pending,pending,Full text and counterevidence review not certified; see handoff
b317b88ad6f78f82143ec6af2cf2b41a143ae741,docs/stages/p0/implementation/p0-w01-repository-baseline-record.md,1774dd2d91ce350e0a9d953a6151f8b74ed0d908,p0,implementation-record,source,P0-W01 Repository Baseline — Implementation Record,Completed; verification evidence recorded.,mechanical-only,pending,pending,Full text and counterevidence review not certified; see handoff
b317b88ad6f78f82143ec6af2cf2b41a143ae741,docs/stages/p0/implementation/p0-w01-repository-baseline/01-artifact-contract.md,4e74283340754b619c75ea96adff9d65f728496b,p0,implementation-design-or-support,source,P0-W01 Artifact Contract,Proposed detailed design; implementation not claimed.,mechanical-only,pending,pending,Full text and counterevidence review not certified; see handoff
b317b88ad6f78f82143ec6af2cf2b41a143ae741,docs/stages/p0/implementation/p0-w01-repository-baseline/02-implementation-and-review.md,23cc2a273c4b11c10de7be6bd10a82ef05595c82,p0,implementation-design-or-support,source,P0-W01 Implementation Workflow and Acceptance Design,Proposed detailed design; implementation and validation are not,mechanical-only,pending,pending,Full text and counterevidence review not certified; see handoff
b317b88ad6f78f82143ec6af2cf2b41a143ae741,docs/stages/p0/implementation/p0-w01-repository-baseline/README.md,5200a61fe4d7b6caaea55006146b2bd5ecfa3dbc,p0,implementation-design-or-support,source,P0-W01 Repository Baseline — Detailed Implementation Design,Proposed detailed design; implementation and validation are not,mechanical-only,pending,pending,Full text and counterevidence review not certified; see handoff
b317b88ad6f78f82143ec6af2cf2b41a143ae741,docs/stages/p0/implementation/p0-w02-rust-toolchain-baseline-record.md,f88a33138eb698bfd5af0e8a4be25534243789e5,p0,implementation-record,source,P0-W02 Rust Toolchain Baseline — Implementation Record,Implemented on branch `p0/w02-toolchain`; verification evidence in,mechanical-only,pending,pending,Full text and counterevidence review not certified; see handoff
b317b88ad6f78f82143ec6af2cf2b41a143ae741,docs/stages/p0/implementation/p0-w02-rust-toolchain-baseline/01-toolchain-contract.md,d508aba7a6743a1ce90fba9a61133eb4aedb0f83,p0,implementation-design-or-support,source,P0-W02 Toolchain Contract,Proposed detailed design; implementation not claimed.,mechanical-only,pending,pending,Full text and counterevidence review not certified; see handoff
b317b88ad6f78f82143ec6af2cf2b41a143ae741,docs/stages/p0/implementation/p0-w02-rust-toolchain-baseline/02-implementation-and-review.md,1c1aed9abff65103ccead6ba4178b9b39aaf194f,p0,implementation-design-or-support,source,P0-W02 Implementation Workflow and Acceptance Design,Proposed detailed design; implementation and validation are not,mechanical-only,pending,pending,Full text and counterevidence review not certified; see handoff
b317b88ad6f78f82143ec6af2cf2b41a143ae741,docs/stages/p0/implementation/p0-w02-rust-toolchain-baseline/README.md,f1ac20807f7cc8de34b230fffa4f792e9458f689,p0,implementation-design-or-support,source,P0-W02 Rust Toolchain Baseline — Detailed Implementation Design,Proposed detailed design; implementation and validation are not,mechanical-only,pending,pending,Full text and counterevidence review not certified; see handoff
b317b88ad6f78f82143ec6af2cf2b41a143ae741,docs/stages/p0/implementation/p0-w03-aarch64-build-target-baseline-record.md,792373b5978bcf4812657594e2a51d129969f1e4,p0,implementation-record,source,P0-W03 AArch64 Build-Target Baseline — Implementation Record,Implemented on branch `p0/w03-aarch64-target`; verification,mechanical-only,pending,pending,Full text and counterevidence review not certified; see handoff
b317b88ad6f78f82143ec6af2cf2b41a143ae741,docs/stages/p0/implementation/p0-w03-aarch64-build-target-baseline/01-target-baseline-contract.md,175f05fb40aca46cb6ccfb2ed36c4fd2c44f4727,p0,implementation-design-or-support,source,P0-W03 Target Baseline Contract,Proposed detailed design; implementation not claimed.,mechanical-only,pending,pending,Full text and counterevidence review not certified; see handoff
b317b88ad6f78f82143ec6af2cf2b41a143ae741,docs/stages/p0/implementation/p0-w03-aarch64-build-target-baseline/02-workspace-and-probe-crate-contract.md,44c8bf8616e8a0978cf9b26d6047f6881c32a11f,p0,implementation-design-or-support,source,P0-W03 Workspace and Probe-Crate Contract,Proposed detailed design; implementation not claimed.,mechanical-only,pending,pending,Full text and counterevidence review not certified; see handoff
b317b88ad6f78f82143ec6af2cf2b41a143ae741,docs/stages/p0/implementation/p0-w03-aarch64-build-target-baseline/03-implementation-and-review.md,209c32bd006542af3721ecee70e0efab377f3a88,p0,implementation-design-or-support,source,P0-W03 Implementation Workflow and Acceptance Design,Proposed detailed design; implementation and validation are not,mechanical-only,pending,pending,Full text and counterevidence review not certified; see handoff
b317b88ad6f78f82143ec6af2cf2b41a143ae741,docs/stages/p0/implementation/p0-w03-aarch64-build-target-baseline/README.md,7ca1840d51ba3b9b271fe69ebd96a0bd2292fe26,p0,implementation-design-or-support,source,P0-W03 AArch64 Build Target Baseline — Detailed Implementation Design,Proposed detailed design; implementation and validation are not,mechanical-only,pending,pending,Full text and counterevidence review not certified; see handoff
b317b88ad6f78f82143ec6af2cf2b41a143ae741,docs/stages/p0/implementation/p0-w04-build-profile-feature-governance-record.md,f5306650bdc68304484ea8307f329637ae95e3f1,p0,implementation-record,source,P0-W04 Build Profile / Feature Governance — Implementation Record,Implemented on branch `p0/w04-build-profile-governance`;,mechanical-only,pending,pending,Full text and counterevidence review not certified; see handoff
b317b88ad6f78f82143ec6af2cf2b41a143ae741,docs/stages/p0/implementation/p0-w04-build-profile-feature-governance/01-governance-contract.md,97af444b181a709bcc8e8fe2862776272104cb1f,p0,implementation-design-or-support,source,P0-W04 Governance Contract,Proposed detailed design; implementation not claimed.,mechanical-only,pending,pending,Full text and counterevidence review not certified; see handoff
b317b88ad6f78f82143ec6af2cf2b41a143ae741,docs/stages/p0/implementation/p0-w04-build-profile-feature-governance/02-implementation-and-review.md,6b82161d29fc391368de8efada777e5742f7da82,p0,implementation-design-or-support,source,P0-W04 Implementation Workflow and Acceptance Design,Proposed detailed design; implementation and validation are not,mechanical-only,pending,pending,Full text and counterevidence review not certified; see handoff
b317b88ad6f78f82143ec6af2cf2b41a143ae741,docs/stages/p0/implementation/p0-w04-build-profile-feature-governance/README.md,3471588027faeaca5413d7ee9fc4ebf996175eb5,p0,implementation-design-or-support,source,P0-W04 Build Profile / Feature Governance — Detailed Implementation Design,Proposed detailed design; implementation and validation are not,mechanical-only,pending,pending,Full text and counterevidence review not certified; see handoff
b317b88ad6f78f82143ec6af2cf2b41a143ae741,docs/stages/p0/implementation/p0-w05-documentation-baseline-record.md,1bab864d0dd9f021b54fac8de973c2f1923e525a,p0,implementation-record,source,P0-W05 Documentation Baseline — Implementation Record,Implemented on branch `p0/w05-documentation-baseline`;,mechanical-only,pending,pending,Full text and counterevidence review not certified; see handoff
b317b88ad6f78f82143ec6af2cf2b41a143ae741,docs/stages/p0/implementation/p0-w05-documentation-baseline/01-taxonomy-and-baseline-contract.md,5d9569cac4c6f992cc6c2eff35073a1a6b690a72,p0,implementation-design-or-support,source,P0-W05 Taxonomy and Baseline-Document Contract,Proposed detailed design; implementation not claimed.,mechanical-only,pending,pending,Full text and counterevidence review not certified; see handoff
b317b88ad6f78f82143ec6af2cf2b41a143ae741,docs/stages/p0/implementation/p0-w05-documentation-baseline/02-implementation-and-review.md,d10df29afe14522d583049b677165a36f3bb3851,p0,implementation-design-or-support,source,P0-W05 Implementation Workflow and Acceptance Design,Proposed detailed design; implementation and validation are not,mechanical-only,pending,pending,Full text and counterevidence review not certified; see handoff
b317b88ad6f78f82143ec6af2cf2b41a143ae741,docs/stages/p0/implementation/p0-w05-documentation-baseline/README.md,85624e21826751dda6f61128f370ec36123706a6,p0,implementation-design-or-support,source,P0-W05 Documentation Baseline — Detailed Implementation Design,Proposed detailed design; implementation and validation are not,mechanical-only,pending,pending,Full text and counterevidence review not certified; see handoff
b317b88ad6f78f82143ec6af2cf2b41a143ae741,docs/stages/p0/implementation/p0-w06-adr-governance-record.md,d8c21441f23c9a94991d10b3d678a3d6ccd983a2,p0,implementation-record,source,P0-W06 ADR Governance — Implementation Record,Implemented on branch `p0/w06-adr-governance`; verification,mechanical-only,pending,pending,Full text and counterevidence review not certified; see handoff
b317b88ad6f78f82143ec6af2cf2b41a143ae741,docs/stages/p0/implementation/p0-w06-adr-governance/01-adr-lifecycle-contract.md,20cb704214da708649f3800a79c6ef047758ef88,p0,implementation-design-or-support,source,P0-W06 ADR Lifecycle Contract,Proposed detailed design; implementation not claimed.,mechanical-only,pending,pending,Full text and counterevidence review not certified; see handoff
b317b88ad6f78f82143ec6af2cf2b41a143ae741,docs/stages/p0/implementation/p0-w06-adr-governance/02-implementation-and-review.md,c59f18f2e31583497f9207d4a61b4f17dd020821,p0,implementation-design-or-support,source,P0-W06 Implementation Workflow and Acceptance Design,Proposed detailed design; implementation and validation are not,mechanical-only,pending,pending,Full text and counterevidence review not certified; see handoff
b317b88ad6f78f82143ec6af2cf2b41a143ae741,docs/stages/p0/implementation/p0-w06-adr-governance/README.md,d102a22842ae09668df54a8e31566cec49103a59,p0,implementation-design-or-support,source,P0-W06 ADR Governance — Detailed Implementation Design,Proposed detailed design; implementation and validation are not,mechanical-only,pending,pending,Full text and counterevidence review not certified; see handoff
b317b88ad6f78f82143ec6af2cf2b41a143ae741,docs/stages/p0/implementation/p0-w07-development-quality-gates-record.md,ca2709cad495e5d719b99c05d80aa7c447f3186d,p0,implementation-record,source,P0-W07 Development Quality Gates — Implementation Record,Implemented on branch `p0/w07-quality-gates`; verification,mechanical-only,pending,pending,Full text and counterevidence review not certified; see handoff
b317b88ad6f78f82143ec6af2cf2b41a143ae741,docs/stages/p0/implementation/p0-w07-development-quality-gates/01-gate-register.md,01f1ea8de573229241394bd10a46576b1a7c5f30,p0,implementation-design-or-support,source,P0-W07 Gate Register Contract,Proposed detailed design; implementation not claimed.,mechanical-only,pending,pending,Full text and counterevidence review not certified; see handoff
b317b88ad6f78f82143ec6af2cf2b41a143ae741,docs/stages/p0/implementation/p0-w07-development-quality-gates/02-gate-minimum-standards.md,986ed593e5337cb4496586a928186fa08b4e0c5f,p0,implementation-design-or-support,source,P0-W07 Gate Minimum Standards,Proposed detailed design; implementation not claimed.,mechanical-only,pending,pending,Full text and counterevidence review not certified; see handoff
b317b88ad6f78f82143ec6af2cf2b41a143ae741,docs/stages/p0/implementation/p0-w07-development-quality-gates/03-implementation-and-validation.md,659f32a80aead06315ad7c8bf88f33eb7945580b,p0,implementation-design-or-support,source,P0-W07 Implementation Workflow and Acceptance Design,Proposed detailed design; implementation and validation are not,mechanical-only,pending,pending,Full text and counterevidence review not certified; see handoff
b317b88ad6f78f82143ec6af2cf2b41a143ae741,docs/stages/p0/implementation/p0-w07-development-quality-gates/README.md,dba36b3d4ebe8b291ebe42a04fa62cd8d0166af6,p0,implementation-design-or-support,source,P0-W07 Development Quality Gates — Detailed Implementation Design,Proposed detailed design; implementation and validation are not,mechanical-only,pending,pending,Full text and counterevidence review not certified; see handoff
b317b88ad6f78f82143ec6af2cf2b41a143ae741,docs/stages/p0/implementation/p0-w08-host-side-testing-baseline-record.md,d90fc91238431bc38590b21dc069c70e330c7864,p0,implementation-record,source,P0-W08 Host-Side Testing Baseline — Implementation Record,Implemented on branch `p0/w08-host-testing-baseline`; verification,mechanical-only,pending,pending,Full text and counterevidence review not certified; see handoff
b317b88ad6f78f82143ec6af2cf2b41a143ae741,docs/stages/p0/implementation/p0-w08-host-side-testing-baseline/01-host-test-contract.md,c6f5f36afc8eb1e75251999a41a3399db62d7848,p0,implementation-design-or-support,source,P0-W08 Host-Test Baseline Contract,Proposed detailed design; implementation not claimed.,mechanical-only,pending,pending,Full text and counterevidence review not certified; see handoff
b317b88ad6f78f82143ec6af2cf2b41a143ae741,docs/stages/p0/implementation/p0-w08-host-side-testing-baseline/02-test-category-matrix.md,95c05cb22579cd647d5379b9e802ed65793fde9f,p0,implementation-design-or-support,source,P0-W08 Test Category Matrix,Proposed detailed design; implementation not claimed.,mechanical-only,pending,pending,Full text and counterevidence review not certified; see handoff
b317b88ad6f78f82143ec6af2cf2b41a143ae741,docs/stages/p0/implementation/p0-w08-host-side-testing-baseline/03-implementation-and-validation.md,c4162fa52dfc729f4062f36477b6b47c01e83fa7,p0,implementation-design-or-support,source,P0-W08 Implementation Workflow and Acceptance Design,Proposed detailed design; implementation and validation are not,mechanical-only,pending,pending,Full text and counterevidence review not certified; see handoff
b317b88ad6f78f82143ec6af2cf2b41a143ae741,docs/stages/p0/implementation/p0-w08-host-side-testing-baseline/README.md,c5d0c29809043912a4462bdabadcf69b7fa3523f,p0,implementation-design-or-support,source,P0-W08 Host-Side Testing Baseline — Detailed Implementation Design,Proposed detailed design; implementation and validation are not,mechanical-only,pending,pending,Full text and counterevidence review not certified; see handoff
b317b88ad6f78f82143ec6af2cf2b41a143ae741,docs/stages/p0/implementation/p0-w09-qemu-automation-entry-baseline-record.md,6328f615a29b9cfc1fe50fcc866d63983c6772ea,p0,implementation-record,source,P0-W09 QEMU Automation Entry Baseline — Implementation Record,Implemented on branch `p0/w09-qemu-runner-entry`; verification,mechanical-only,pending,pending,Full text and counterevidence review not certified; see handoff
b317b88ad6f78f82143ec6af2cf2b41a143ae741,docs/stages/p0/implementation/p0-w09-qemu-automation-entry-baseline/01-runner-entry-contract.md,36e8fe4cf40f1c27c0432b588f6dfa82de85b013,p0,implementation-design-or-support,source,P0-W09 Runner Entry Contract,Proposed detailed design; implementation not claimed.,mechanical-only,pending,pending,Full text and counterevidence review not certified; see handoff
b317b88ad6f78f82143ec6af2cf2b41a143ae741,docs/stages/p0/implementation/p0-w09-qemu-automation-entry-baseline/02-implementation-and-validation.md,63451ef6c7ce729caddb5861b18afc71759e9712,p0,implementation-design-or-support,source,P0-W09 Implementation Workflow and Acceptance Design,Proposed detailed design; implementation and validation are not,mechanical-only,pending,pending,Full text and counterevidence review not certified; see handoff
b317b88ad6f78f82143ec6af2cf2b41a143ae741,docs/stages/p0/implementation/p0-w09-qemu-automation-entry-baseline/README.md,9d226ba0208f6b051f35940b7cd116ed05402e49,p0,implementation-design-or-support,source,P0-W09 QEMU Automation Entry Baseline — Detailed Implementation Design,Proposed detailed design; implementation and validation are not,mechanical-only,pending,pending,Full text and counterevidence review not certified; see handoff
b317b88ad6f78f82143ec6af2cf2b41a143ae741,docs/stages/p0/implementation/p0-w10-unsafe-rust-governance-record.md,fc1ff006b7d5e348b296ce70624fe816d01be64b,p0,implementation-record,source,P0-W10 Unsafe Rust Governance — Implementation Record,Implemented on branch `p0/w10-unsafe-governance`; verification,mechanical-only,pending,pending,Full text and counterevidence review not certified; see handoff
b317b88ad6f78f82143ec6af2cf2b41a143ae741,docs/stages/p0/implementation/p0-w10-unsafe-rust-governance/01-unsafe-policy-contract.md,cda9e47fa379e2c5519037f37eb1155c65932e0c,p0,implementation-design-or-support,source,P0-W10 Unsafe Policy Contract,Proposed detailed design; implementation not claimed.,mechanical-only,pending,pending,Full text and counterevidence review not certified; see handoff
b317b88ad6f78f82143ec6af2cf2b41a143ae741,docs/stages/p0/implementation/p0-w10-unsafe-rust-governance/02-inventory-contract.md,20bb4c081cfdcb68743d6bc4fdb736ab146e7dd5,p0,implementation-design-or-support,source,P0-W10 Inventory Contract,Proposed detailed design; implementation not claimed.,mechanical-only,pending,pending,Full text and counterevidence review not certified; see handoff
b317b88ad6f78f82143ec6af2cf2b41a143ae741,docs/stages/p0/implementation/p0-w10-unsafe-rust-governance/03-implementation-and-validation.md,fbf587bbca0aeef007d3e7d2d84b8a1a42b3cd93,p0,implementation-design-or-support,source,P0-W10 Implementation Workflow and Acceptance Design,Proposed detailed design; implementation and validation are not,mechanical-only,pending,pending,Full text and counterevidence review not certified; see handoff
b317b88ad6f78f82143ec6af2cf2b41a143ae741,docs/stages/p0/implementation/p0-w10-unsafe-rust-governance/README.md,0666ade5ac9aa042abd37af2c7e11581c5b59aec,p0,implementation-design-or-support,source,P0-W10 Unsafe Rust Governance — Detailed Implementation Design,Proposed detailed design; implementation and validation are not,mechanical-only,pending,pending,Full text and counterevidence review not certified; see handoff
b317b88ad6f78f82143ec6af2cf2b41a143ae741,docs/stages/p0/implementation/p0-w11-platform-portability-guardrails-record.md,d5413612afd45ec79fceca822e61886f012ffcd5,p0,implementation-record,source,P0-W11 Platform Portability Guardrails — Implementation Record,Implemented on branch `p0/w11-portability-guardrails`; verification,mechanical-only,pending,pending,Full text and counterevidence review not certified; see handoff
b317b88ad6f78f82143ec6af2cf2b41a143ae741,docs/stages/p0/implementation/p0-w11-platform-portability-guardrails/01-portability-rules-contract.md,6047b011e2b6942e8e251ace4ac51f7659c4eba2,p0,implementation-design-or-support,source,P0-W11 Portability Rules Contract,Proposed detailed design; implementation not claimed.,mechanical-only,pending,pending,Full text and counterevidence review not certified; see handoff
b317b88ad6f78f82143ec6af2cf2b41a143ae741,docs/stages/p0/implementation/p0-w11-platform-portability-guardrails/02-implementation-and-review.md,9add6d9e7669532c58c72533f4050c0c2c233ef4,p0,implementation-design-or-support,source,P0-W11 Implementation Workflow and Acceptance Design,Proposed detailed design; implementation and validation are not,mechanical-only,pending,pending,Full text and counterevidence review not certified; see handoff
b317b88ad6f78f82143ec6af2cf2b41a143ae741,docs/stages/p0/implementation/p0-w11-platform-portability-guardrails/README.md,9b10183d516e2458011f83cd7d76381d0c6b6005,p0,implementation-design-or-support,source,P0-W11 Platform Portability Guardrails — Detailed Implementation Design,Proposed detailed design; implementation and validation are not,mechanical-only,pending,pending,Full text and counterevidence review not certified; see handoff
b317b88ad6f78f82143ec6af2cf2b41a143ae741,docs/stages/p0/implementation/p0-w12-logging-diagnostic-baseline-record.md,39198e0bacffd113a2db7c67786961e0e81c5ec2,p0,implementation-record,source,P0-W12 Logging/Diagnostic Baseline — Implementation Record,Implemented on branch `p0/w12-diagnostics-baseline`; verification,mechanical-only,pending,pending,Full text and counterevidence review not certified; see handoff
b317b88ad6f78f82143ec6af2cf2b41a143ae741,docs/stages/p0/implementation/p0-w12-logging-diagnostic-baseline/01-diagnostic-channels-and-levels.md,001b2593bf38ee7612ba7860fda83fce7c136242,p0,implementation-design-or-support,source,P0-W12 Diagnostic Channels and Levels Contract,Proposed detailed design; implementation not claimed.,mechanical-only,pending,pending,Full text and counterevidence review not certified; see handoff
b317b88ad6f78f82143ec6af2cf2b41a143ae741,docs/stages/p0/implementation/p0-w12-logging-diagnostic-baseline/02-crash-identity-and-consumer-constraints.md,65b51cb5885172bf696e9ddb916e639449b9bd97,p0,implementation-design-or-support,source,"P0-W12 Crash Information, Identity Association, and Consumer Constraints",Proposed detailed design; implementation not claimed.,mechanical-only,pending,pending,Full text and counterevidence review not certified; see handoff
b317b88ad6f78f82143ec6af2cf2b41a143ae741,docs/stages/p0/implementation/p0-w12-logging-diagnostic-baseline/03-implementation-and-review.md,3913ea510f09cf3d66be5f65fd2309fbf5b0989d,p0,implementation-design-or-support,source,P0-W12 Implementation Workflow and Acceptance Design,Proposed detailed design; implementation and validation are not,mechanical-only,pending,pending,Full text and counterevidence review not certified; see handoff
b317b88ad6f78f82143ec6af2cf2b41a143ae741,docs/stages/p0/implementation/p0-w12-logging-diagnostic-baseline/README.md,54b193d66924722f6546dde2d89b25aae1eebe22,p0,implementation-design-or-support,source,P0-W12 Logging & Diagnostic Baseline — Detailed Implementation Design,Proposed detailed design; implementation and validation are not,mechanical-only,pending,pending,Full text and counterevidence review not certified; see handoff
b317b88ad6f78f82143ec6af2cf2b41a143ae741,docs/stages/p0/implementation/p0-w13-trace-event-namespace-baseline-record.md,66d61777d516cad945f4d12b1379166142e250c5,p0,implementation-record,source,P0-W13 Trace Event Namespace Baseline — Implementation Record,Implemented on branch `p0/w13-trace-namespace`; verification,mechanical-only,pending,pending,Full text and counterevidence review not certified; see handoff
b317b88ad6f78f82143ec6af2cf2b41a143ae741,docs/stages/p0/implementation/p0-w13-trace-event-namespace-baseline/01-namespace-contract.md,0d969d3b3f98701b99c0b34f9c0522e1c8d7e884,p0,implementation-design-or-support,source,P0-W13 Trace Event Namespace Contract,Proposed detailed design; implementation not claimed.,mechanical-only,pending,pending,Full text and counterevidence review not certified; see handoff
b317b88ad6f78f82143ec6af2cf2b41a143ae741,docs/stages/p0/implementation/p0-w13-trace-event-namespace-baseline/02-implementation-and-review.md,5c5270ae835223d40f96b4a77155249a01a37d4c,p0,implementation-design-or-support,source,P0-W13 Implementation Workflow and Acceptance Design,Proposed detailed design; implementation and validation are not,mechanical-only,pending,pending,Full text and counterevidence review not certified; see handoff
b317b88ad6f78f82143ec6af2cf2b41a143ae741,docs/stages/p0/implementation/p0-w13-trace-event-namespace-baseline/README.md,1ebd9d880121dbd693c9058723578be6cc8390dc,p0,implementation-design-or-support,source,P0-W13 Trace Event Namespace Baseline — Detailed Implementation Design,Proposed detailed design; implementation and validation are not,mechanical-only,pending,pending,Full text and counterevidence review not certified; see handoff
b317b88ad6f78f82143ec6af2cf2b41a143ae741,docs/stages/p0/implementation/p0-w14-panic-failure-classification-record.md,da1624d555aff4652f9e2bea00aef4dd76278e8b,p0,implementation-record,source,P0-W14 Panic/Failure Classification — Implementation Record,Implemented on branch `p0/w14-failure-classification`; verification,mechanical-only,pending,pending,Full text and counterevidence review not certified; see handoff
b317b88ad6f78f82143ec6af2cf2b41a143ae741,docs/stages/p0/implementation/p0-w14-panic-failure-classification/01-failure-classification-contract.md,775dfd7af2892f22977dc19b6b7525b113707bab,p0,implementation-design-or-support,source,P0-W14 Failure Classification Contract,Proposed detailed design; implementation not claimed.,mechanical-only,pending,pending,Full text and counterevidence review not certified; see handoff
b317b88ad6f78f82143ec6af2cf2b41a143ae741,docs/stages/p0/implementation/p0-w14-panic-failure-classification/02-implementation-and-review.md,c9e09e92d286cb1f1c14dcf59fcdb96a6d4da479,p0,implementation-design-or-support,source,P0-W14 Implementation Workflow and Acceptance Design,Proposed detailed design; implementation and validation are not,mechanical-only,pending,pending,Full text and counterevidence review not certified; see handoff
b317b88ad6f78f82143ec6af2cf2b41a143ae741,docs/stages/p0/implementation/p0-w14-panic-failure-classification/README.md,ed82ff8e480ea603199ae8c4fa7d0b4daab6266a,p0,implementation-design-or-support,source,P0-W14 Panic / Failure Classification Baseline — Detailed Implementation Design,Proposed detailed design; implementation and validation are not,mechanical-only,pending,pending,Full text and counterevidence review not certified; see handoff
b317b88ad6f78f82143ec6af2cf2b41a143ae741,docs/stages/p0/implementation/p0-w15-address-identifier-type-safety-record.md,b631791f193f8589ed6dd54c42ea5e28e13c1f60,p0,implementation-record,source,P0-W15 Address/Identifier Type Safety — Implementation Record,Implemented on branch `p0/w15-type-safety`; verification evidence,mechanical-only,pending,pending,Full text and counterevidence review not certified; see handoff
b317b88ad6f78f82143ec6af2cf2b41a143ae741,docs/stages/p0/implementation/p0-w15-address-identifier-type-safety/01-semantics-and-review-contract.md,a8a30ef15753cec56d9c4b2e94b6070c816b0636,p0,implementation-design-or-support,source,P0-W15 Semantics and Review Contract,Proposed detailed design; implementation not claimed.,mechanical-only,pending,pending,Full text and counterevidence review not certified; see handoff
b317b88ad6f78f82143ec6af2cf2b41a143ae741,docs/stages/p0/implementation/p0-w15-address-identifier-type-safety/02-implementation-and-review.md,4cd9ff65ca045d62c610f502fe972778c8dbba2d,p0,implementation-design-or-support,source,P0-W15 Implementation Workflow and Acceptance Design,Proposed detailed design; implementation and validation are not,mechanical-only,pending,pending,Full text and counterevidence review not certified; see handoff
b317b88ad6f78f82143ec6af2cf2b41a143ae741,docs/stages/p0/implementation/p0-w15-address-identifier-type-safety/README.md,fa7a0c279421c66091962718275167e022366ff5,p0,implementation-design-or-support,source,P0-W15 Address & Identifier Type-Safety Requirement — Detailed Implementation Design,Proposed detailed design; implementation and validation are not,mechanical-only,pending,pending,Full text and counterevidence review not certified; see handoff
b317b88ad6f78f82143ec6af2cf2b41a143ae741,docs/stages/p0/implementation/p0-w16-version-build-metadata-baseline-record.md,072b8c3f353f7f2d56e11b5131a8c1d19c35c78f,p0,implementation-record,source,P0-W16 Version/Build Metadata Baseline — Implementation Record,Implemented on branch `p0/w16-version-metadata`; verification,mechanical-only,pending,pending,Full text and counterevidence review not certified; see handoff
b317b88ad6f78f82143ec6af2cf2b41a143ae741,docs/stages/p0/implementation/p0-w16-version-build-metadata-baseline/01-metadata-contract.md,ee27bbbf253d108b79a4288d5071da3223f61008,p0,implementation-design-or-support,source,P0-W16 Version & Build Metadata Contract,Proposed detailed design; implementation not claimed.,mechanical-only,pending,pending,Full text and counterevidence review not certified; see handoff
b317b88ad6f78f82143ec6af2cf2b41a143ae741,docs/stages/p0/implementation/p0-w16-version-build-metadata-baseline/02-implementation-and-review.md,480cb2c2de9f4cd6280207ef96c9119a57bab191,p0,implementation-design-or-support,source,P0-W16 Implementation Workflow and Acceptance Design,Proposed detailed design; implementation and validation are not,mechanical-only,pending,pending,Full text and counterevidence review not certified; see handoff
b317b88ad6f78f82143ec6af2cf2b41a143ae741,docs/stages/p0/implementation/p0-w16-version-build-metadata-baseline/README.md,0973cc37f6608b4053d88f05ecc24fbadb73a44c,p0,implementation-design-or-support,source,P0-W16 Version & Build Metadata Baseline — Detailed Implementation Design,Proposed detailed design; implementation and validation are not,mechanical-only,pending,pending,Full text and counterevidence review not certified; see handoff
b317b88ad6f78f82143ec6af2cf2b41a143ae741,docs/stages/p0/implementation/p0-w17-artifact-naming-baseline-record.md,1210c698ee1fecba61c4c6628ad3e2a2a6fa7d3e,p0,implementation-record,source,P0-W17 Artifact Naming Baseline — Implementation Record,Implemented on branch `p0/w17-artifact-naming`; verification,mechanical-only,pending,pending,Full text and counterevidence review not certified; see handoff
b317b88ad6f78f82143ec6af2cf2b41a143ae741,docs/stages/p0/implementation/p0-w17-artifact-naming-baseline/01-naming-contract.md,cab42116997e2ecd43706bdb23c27edd503ec378,p0,implementation-design-or-support,source,P0-W17 Artifact Naming Contract,Proposed detailed design; implementation not claimed.,mechanical-only,pending,pending,Full text and counterevidence review not certified; see handoff
b317b88ad6f78f82143ec6af2cf2b41a143ae741,docs/stages/p0/implementation/p0-w17-artifact-naming-baseline/02-artifact-category-inventory.md,01c1aa54259d813a4696f17a77201f8440929788,p0,implementation-design-or-support,source,P0-W17 Artifact Category Inventory,Proposed detailed design; implementation not claimed.,mechanical-only,pending,pending,Full text and counterevidence review not certified; see handoff
b317b88ad6f78f82143ec6af2cf2b41a143ae741,docs/stages/p0/implementation/p0-w17-artifact-naming-baseline/03-implementation-and-review.md,dd56e59e29137678eaa0c3892c1447774a5b2fdb,p0,implementation-design-or-support,source,P0-W17 Implementation Workflow and Acceptance Design,Proposed detailed design; implementation and validation are not,mechanical-only,pending,pending,Full text and counterevidence review not certified; see handoff
b317b88ad6f78f82143ec6af2cf2b41a143ae741,docs/stages/p0/implementation/p0-w17-artifact-naming-baseline/README.md,7a6af951605cbe8d5c0fa9f03d397b851f120145,p0,implementation-design-or-support,source,P0-W17 Artifact Naming Baseline — Detailed Implementation Design,Proposed detailed design; implementation and validation are not,mechanical-only,pending,pending,Full text and counterevidence review not certified; see handoff
b317b88ad6f78f82143ec6af2cf2b41a143ae741,docs/stages/p0/implementation/p0-w18-dependency-governance-record.md,7a597a1743ee8fdd02507a2d8ec5233dacce5de7,p0,implementation-record,source,P0-W18 Dependency Governance — Implementation Record,Implemented on branch `p0/w18-dependency-governance`; verification,mechanical-only,pending,pending,Full text and counterevidence review not certified; see handoff
b317b88ad6f78f82143ec6af2cf2b41a143ae741,docs/stages/p0/implementation/p0-w18-dependency-governance/01-governance-policy.md,6d1f826a9624b5d143614ba5298c5628a19d6196,p0,implementation-design-or-support,source,P0-W18 Dependency Governance Policy,Proposed detailed design; implementation not claimed.,mechanical-only,pending,pending,Full text and counterevidence review not certified; see handoff
b317b88ad6f78f82143ec6af2cf2b41a143ae741,docs/stages/p0/implementation/p0-w18-dependency-governance/02-dependency-register-schema.md,3b1d1cb7df13e5ef68c3e0801be6f4215d33ceee,p0,implementation-design-or-support,source,P0-W18 Dependency Register Schema,Proposed detailed design; implementation not claimed.,mechanical-only,pending,pending,Full text and counterevidence review not certified; see handoff
b317b88ad6f78f82143ec6af2cf2b41a143ae741,docs/stages/p0/implementation/p0-w18-dependency-governance/03-implementation-and-review.md,58ce6fee2dc7250b96f063aef5de4d9e24d4597a,p0,implementation-design-or-support,source,P0-W18 Implementation Workflow and Acceptance Design,Proposed detailed design; implementation and validation are not,mechanical-only,pending,pending,Full text and counterevidence review not certified; see handoff
b317b88ad6f78f82143ec6af2cf2b41a143ae741,docs/stages/p0/implementation/p0-w18-dependency-governance/README.md,2fc4601693bfa24004520b6989e4336d1289a3f5,p0,implementation-design-or-support,source,P0-W18 Dependency Governance — Detailed Implementation Design,Proposed detailed design; implementation and validation are not,mechanical-only,pending,pending,Full text and counterevidence review not certified; see handoff
b317b88ad6f78f82143ec6af2cf2b41a143ae741,docs/stages/p0/implementation/p0-w19-reproducible-development-workflow-record.md,69b14fee8f8922c7f26e82c7097163980318f124,p0,implementation-record,source,P0-W19 Reproducible Development Workflow — Implementation Record,Implemented on branch `p0/w19-contributor-workflow`; verification,mechanical-only,pending,pending,Full text and counterevidence review not certified; see handoff
b317b88ad6f78f82143ec6af2cf2b41a143ae741,docs/stages/p0/implementation/p0-w19-reproducible-development-workflow/01-workflow-stage-contracts.md,a8a9b2ffc0e09ca4d1c25f82064cf4901bc871a3,p0,implementation-design-or-support,source,P0-W19 Workflow Stage Contracts,Proposed detailed design; implementation not claimed.,mechanical-only,pending,pending,Full text and counterevidence review not certified; see handoff
b317b88ad6f78f82143ec6af2cf2b41a143ae741,docs/stages/p0/implementation/p0-w19-reproducible-development-workflow/02-integration-path-and-walkthrough.md,d4e9550ab2b6de28c944b252f4aef98c4e5c2b0f,p0,implementation-design-or-support,source,P0-W19 Integration Path and Walkthrough Design,Proposed detailed design; implementation not claimed.,mechanical-only,pending,pending,Full text and counterevidence review not certified; see handoff
b317b88ad6f78f82143ec6af2cf2b41a143ae741,docs/stages/p0/implementation/p0-w19-reproducible-development-workflow/03-implementation-and-review.md,5d5e957af011385a3f3cf1e5f8034ecabeb490ed,p0,implementation-design-or-support,source,P0-W19 Implementation Workflow and Acceptance Design,Proposed detailed design; implementation and validation are not,mechanical-only,pending,pending,Full text and counterevidence review not certified; see handoff
b317b88ad6f78f82143ec6af2cf2b41a143ae741,docs/stages/p0/implementation/p0-w19-reproducible-development-workflow/README.md,a9a79709828a3c8e7e47166913d8c8e135455df5,p0,implementation-design-or-support,source,P0-W19 Reproducible Development Workflow — Detailed Implementation Design,Proposed detailed design; implementation and validation are not,mechanical-only,pending,pending,Full text and counterevidence review not certified; see handoff
b317b88ad6f78f82143ec6af2cf2b41a143ae741,docs/stages/p0/implementation/p0-w20-ci-baseline-record.md,f4e3726f9184dfc4e54043500665672da005653e,p0,implementation-record,source,P0-W20 CI Baseline — Implementation Record,Implemented on branches `p0/w20-ci-baseline` (merged as PR #31),mechanical-only,pending,pending,Full text and counterevidence review not certified; see handoff
b317b88ad6f78f82143ec6af2cf2b41a143ae741,docs/stages/p0/implementation/p0-w20-ci-baseline/01-ci-contract.md,335209283934b8bbe4044f0ee2100e4d3d2101c4,p0,implementation-design-or-support,source,P0-W20 CI Contract,Proposed detailed design; implementation not claimed.,mechanical-only,pending,pending,Full text and counterevidence review not certified; see handoff
b317b88ad6f78f82143ec6af2cf2b41a143ae741,docs/stages/p0/implementation/p0-w20-ci-baseline/02-protection-and-enforcement.md,a41a90cf0cfe519cbde1387d17c0f27bcf6186d4,p0,implementation-design-or-support,source,P0-W20 Protection and Enforcement Design,Proposed detailed design; implementation not claimed.,mechanical-only,pending,pending,Full text and counterevidence review not certified; see handoff
b317b88ad6f78f82143ec6af2cf2b41a143ae741,docs/stages/p0/implementation/p0-w20-ci-baseline/03-implementation-and-validation.md,fd7de24564bdea60cae0bb447f28ee414da585a7,p0,implementation-design-or-support,source,P0-W20 Implementation Workflow and Validation Design,Proposed detailed design; implementation and validation are not,mechanical-only,pending,pending,Full text and counterevidence review not certified; see handoff
b317b88ad6f78f82143ec6af2cf2b41a143ae741,docs/stages/p0/implementation/p0-w20-ci-baseline/README.md,b07055c68bafb118ee29f364a34129a88905f0d2,p0,implementation-design-or-support,source,P0-W20 CI Baseline — Detailed Implementation Design,Proposed detailed design; implementation and validation are not,mechanical-only,pending,pending,Full text and counterevidence review not certified; see handoff
b317b88ad6f78f82143ec6af2cf2b41a143ae741,docs/stages/p0/implementation/p0-w21-stage-plan-implementation-workflow-record.md,9259aa9b90bbd79bd61a7e2750fe6a72749434e2,p0,implementation-record,source,P0-W21 Stage/Plan/Implementation Workflow — Implementation Record,Implemented on branch `p0/w21-stage-workflow`; verification,mechanical-only,pending,pending,Full text and counterevidence review not certified; see handoff
b317b88ad6f78f82143ec6af2cf2b41a143ae741,docs/stages/p0/implementation/p0-w21-stage-plan-implementation-workflow/01-layer-contract.md,3004fc7db46849c346dbcaede6473775cb1d3fc8,p0,implementation-design-or-support,source,P0-W21 Layer Contract,Proposed detailed design; implementation not claimed.,mechanical-only,pending,pending,Full text and counterevidence review not certified; see handoff
b317b88ad6f78f82143ec6af2cf2b41a143ae741,docs/stages/p0/implementation/p0-w21-stage-plan-implementation-workflow/02-admission-and-traceability.md,b6a3a9b9036c8a0ff9e1e018b5f19a7bc5705067,p0,implementation-design-or-support,source,P0-W21 Admission and Traceability Contract,Proposed detailed design; implementation not claimed.,mechanical-only,pending,pending,Full text and counterevidence review not certified; see handoff
b317b88ad6f78f82143ec6af2cf2b41a143ae741,docs/stages/p0/implementation/p0-w21-stage-plan-implementation-workflow/03-implementation-and-review.md,5fb4a43b58dd19953a3dd0a0a5ee9b04f6a6b2cf,p0,implementation-design-or-support,source,P0-W21 Implementation Workflow and Validation Design,Proposed detailed design; implementation and validation are not,mechanical-only,pending,pending,Full text and counterevidence review not certified; see handoff
b317b88ad6f78f82143ec6af2cf2b41a143ae741,docs/stages/p0/implementation/p0-w21-stage-plan-implementation-workflow/README.md,5ae61c62641f125e86ba5a1098b2c9e6011c14ed,p0,implementation-design-or-support,source,P0-W21 Stage / Plan / Implementation Workflow — Detailed Implementation Design,Proposed detailed design; implementation and validation are not,mechanical-only,pending,pending,Full text and counterevidence review not certified; see handoff
b317b88ad6f78f82143ec6af2cf2b41a143ae741,docs/stages/p0/implementation/p0-w22-stage-dependency-map-record.md,62e8f63f6282decfab52f766eede86219c60c1fd,p0,implementation-record,source,P0-W22 Stage Dependency Map — Implementation Record,Implemented on branch `p0/w22-handoff-map`; verification evidence,mechanical-only,pending,pending,Full text and counterevidence review not certified; see handoff
b317b88ad6f78f82143ec6af2cf2b41a143ae741,docs/stages/p0/implementation/p0-w22-stage-dependency-map/01-handoff-map-contract.md,5c042c3cdfdfc579b0d5171cf123e30a32c71b32,p0,implementation-design-or-support,source,P0-W22 Handoff-Map Contract,Proposed detailed design; implementation not claimed.,mechanical-only,pending,pending,Full text and counterevidence review not certified; see handoff
b317b88ad6f78f82143ec6af2cf2b41a143ae741,docs/stages/p0/implementation/p0-w22-stage-dependency-map/02-implementation-and-review.md,e03317b111a64ae61b1220cff74a85e3da636a03,p0,implementation-design-or-support,source,P0-W22 Implementation Workflow and Validation Design,Proposed detailed design; implementation and validation are not,mechanical-only,pending,pending,Full text and counterevidence review not certified; see handoff
b317b88ad6f78f82143ec6af2cf2b41a143ae741,docs/stages/p0/implementation/p0-w22-stage-dependency-map/README.md,9dd38fd299a42ad371f02f0e8c29c2911e51f668,p0,implementation-design-or-support,source,P0-W22 Stage Dependency Map — Detailed Implementation Design,Proposed detailed design; implementation and validation are not,mechanical-only,pending,pending,Full text and counterevidence review not certified; see handoff
b317b88ad6f78f82143ec6af2cf2b41a143ae741,docs/stages/p0/p0-handoff-map.md,53e5bd1a5df20feb50385012a286886966b1d8f9,p0,stage-index-or-handoff,source,P0 Handoff Map,Normative handoff map — the register below is filled truthfully,mechanical-only,pending,pending,Full text and counterevidence review not certified; see handoff
b317b88ad6f78f82143ec6af2cf2b41a143ae741,docs/stages/p0/plans/README.md,eb0598840ad4b52abe75590e96cb7037b7f48407,p0,plan-index,source,P0 work-package plans,"Planning index. Individual plans are bounded work-package plans,",mechanical-only,pending,pending,Full text and counterevidence review not certified; see handoff
b317b88ad6f78f82143ec6af2cf2b41a143ae741,docs/stages/p0/plans/p0-w01-repository-baseline.md,faf349de38c7be99d8c92eb546a02481dda1ed19,p0,work-package-plan,source,P0-W01 — Repository Baseline,Planned work package; implementation not claimed,mechanical-only,pending,pending,Full text and counterevidence review not certified; see handoff
b317b88ad6f78f82143ec6af2cf2b41a143ae741,docs/stages/p0/plans/p0-w02-rust-toolchain-baseline.md,3d82a5d1797d09a42cb5d11b3f7805f339c98996,p0,work-package-plan,source,P0-W02 — Rust Toolchain Baseline,Planned work package; implementation not claimed,mechanical-only,pending,pending,Full text and counterevidence review not certified; see handoff
b317b88ad6f78f82143ec6af2cf2b41a143ae741,docs/stages/p0/plans/p0-w03-aarch64-build-target-baseline.md,114571ce22752220876d58bf2943b91ac286e3c3,p0,work-package-plan,source,P0-W03 — AArch64 Build Target Baseline,Planned work package; implementation not claimed,mechanical-only,pending,pending,Full text and counterevidence review not certified; see handoff
b317b88ad6f78f82143ec6af2cf2b41a143ae741,docs/stages/p0/plans/p0-w04-build-profile-feature-governance.md,6f1d51ddf23c8cf58ed1a8436d1c23e3589d7e0e,p0,work-package-plan,source,P0-W04 — Build Profile / Feature Governance,Planned work package; implementation not claimed,mechanical-only,pending,pending,Full text and counterevidence review not certified; see handoff
b317b88ad6f78f82143ec6af2cf2b41a143ae741,docs/stages/p0/plans/p0-w05-documentation-baseline.md,f62c92020ee9b58ab4ff39f62ec8bbfa5bc4ce15,p0,work-package-plan,source,P0-W05 — Documentation Baseline,Planned work package; implementation not claimed,mechanical-only,pending,pending,Full text and counterevidence review not certified; see handoff
b317b88ad6f78f82143ec6af2cf2b41a143ae741,docs/stages/p0/plans/p0-w06-adr-governance.md,fcb9bf31240d34dae1ba6cfd415b91c53f882a34,p0,work-package-plan,source,P0-W06 — ADR Governance,Planned work package; implementation not claimed,mechanical-only,pending,pending,Full text and counterevidence review not certified; see handoff
b317b88ad6f78f82143ec6af2cf2b41a143ae741,docs/stages/p0/plans/p0-w07-development-quality-gates.md,62d13f9e4eaaaa7d434fcc2c5189025d221ec50f,p0,work-package-plan,source,P0-W07 — Development Quality Gates,Planned work package; implementation not claimed,mechanical-only,pending,pending,Full text and counterevidence review not certified; see handoff
b317b88ad6f78f82143ec6af2cf2b41a143ae741,docs/stages/p0/plans/p0-w08-host-side-testing-baseline.md,968cd3fc7363e0b0e6b3b725fe6699bb99ab6ff6,p0,work-package-plan,source,P0-W08 — Host-Side Testing Baseline,Planned work package; implementation not claimed,mechanical-only,pending,pending,Full text and counterevidence review not certified; see handoff
b317b88ad6f78f82143ec6af2cf2b41a143ae741,docs/stages/p0/plans/p0-w09-qemu-automation-entry-baseline.md,ece7db6ccefb3d8b33defc8479e6bd4e52a0aeaa,p0,work-package-plan,source,P0-W09 — QEMU Automation Entry Baseline,Planned work package; implementation not claimed,mechanical-only,pending,pending,Full text and counterevidence review not certified; see handoff
b317b88ad6f78f82143ec6af2cf2b41a143ae741,docs/stages/p0/plans/p0-w10-unsafe-rust-governance.md,3288465bda59f5de70850b4b73d78e6534d3c456,p0,work-package-plan,source,P0-W10 — Unsafe Rust Governance,Planned work package; implementation not claimed,mechanical-only,pending,pending,Full text and counterevidence review not certified; see handoff
b317b88ad6f78f82143ec6af2cf2b41a143ae741,docs/stages/p0/plans/p0-w11-platform-portability-guardrails.md,ac88c65a223e999369a6baaaf9f7208931d0bea2,p0,work-package-plan,source,P0-W11 — Platform Portability Guardrails,Planned work package; implementation not claimed,mechanical-only,pending,pending,Full text and counterevidence review not certified; see handoff
b317b88ad6f78f82143ec6af2cf2b41a143ae741,docs/stages/p0/plans/p0-w12-logging-diagnostic-baseline.md,3507168b73add0431ba9ecf3a9653d698c015a7c,p0,work-package-plan,source,P0-W12 — Logging & Diagnostic Baseline,Planned work package; implementation not claimed,mechanical-only,pending,pending,Full text and counterevidence review not certified; see handoff
b317b88ad6f78f82143ec6af2cf2b41a143ae741,docs/stages/p0/plans/p0-w13-trace-event-namespace-baseline.md,e6413901a73dad00da760857a84a4a2b15a71f8c,p0,work-package-plan,source,P0-W13 — Trace Event Namespace Baseline,Planned work package; implementation not claimed,mechanical-only,pending,pending,Full text and counterevidence review not certified; see handoff
b317b88ad6f78f82143ec6af2cf2b41a143ae741,docs/stages/p0/plans/p0-w14-panic-failure-classification.md,c639f2ab33f070b6c674a1c6f64b42f82d9c4beb,p0,work-package-plan,source,P0-W14 — Panic / Failure Classification Baseline,Planned work package; implementation not claimed,mechanical-only,pending,pending,Full text and counterevidence review not certified; see handoff
b317b88ad6f78f82143ec6af2cf2b41a143ae741,docs/stages/p0/plans/p0-w15-address-identifier-type-safety.md,afc72dcad569dfd0f03a63a99eb7d5e73e1f83f0,p0,work-package-plan,source,P0-W15 — Address & Identifier Type-Safety Requirement,Planned work package; implementation not claimed,mechanical-only,pending,pending,Full text and counterevidence review not certified; see handoff
b317b88ad6f78f82143ec6af2cf2b41a143ae741,docs/stages/p0/plans/p0-w16-version-build-metadata-baseline.md,4e2d2f23d06d2a045c14959fb00f98fc1e442f38,p0,work-package-plan,source,P0-W16 — Version & Build Metadata Baseline,Planned work package; implementation not claimed,mechanical-only,pending,pending,Full text and counterevidence review not certified; see handoff
b317b88ad6f78f82143ec6af2cf2b41a143ae741,docs/stages/p0/plans/p0-w17-artifact-naming-baseline.md,dd154e82ee7a601b38a5e9196d24beca75100631,p0,work-package-plan,source,P0-W17 — Artifact Naming Baseline,Planned work package; implementation not claimed,mechanical-only,pending,pending,Full text and counterevidence review not certified; see handoff
b317b88ad6f78f82143ec6af2cf2b41a143ae741,docs/stages/p0/plans/p0-w18-dependency-governance.md,5869359ee5103607ca85df3d0558ff5c16a1f563,p0,work-package-plan,source,P0-W18 — Dependency Governance,Planned work package; implementation not claimed,mechanical-only,pending,pending,Full text and counterevidence review not certified; see handoff
b317b88ad6f78f82143ec6af2cf2b41a143ae741,docs/stages/p0/plans/p0-w19-reproducible-development-workflow.md,77d9f546a2c824f8cfd7a16637443562393c765d,p0,work-package-plan,source,P0-W19 — Reproducible Development Workflow,Planned work package; implementation not claimed,mechanical-only,pending,pending,Full text and counterevidence review not certified; see handoff
b317b88ad6f78f82143ec6af2cf2b41a143ae741,docs/stages/p0/plans/p0-w20-ci-baseline.md,7873b5fd4c9147c76c287b6c1bf3bf99d5ae1764,p0,work-package-plan,source,P0-W20 — CI Baseline,Planned work package; implementation not claimed,mechanical-only,pending,pending,Full text and counterevidence review not certified; see handoff
b317b88ad6f78f82143ec6af2cf2b41a143ae741,docs/stages/p0/plans/p0-w21-stage-plan-implementation-workflow.md,42246b863d620c0c472b78c27d63b82a99187089,p0,work-package-plan,source,P0-W21 — Stage / Plan / Implementation Workflow,Planned work package; implementation not claimed,mechanical-only,pending,pending,Full text and counterevidence review not certified; see handoff
b317b88ad6f78f82143ec6af2cf2b41a143ae741,docs/stages/p0/plans/p0-w22-stage-dependency-map.md,a7be12deabd721598bd8342a6eb0443a677875e7,p0,work-package-plan,source,P0-W22 — Stage Dependency Map,Planned work package; implementation not claimed,mechanical-only,pending,pending,Full text and counterevidence review not certified; see handoff
b317b88ad6f78f82143ec6af2cf2b41a143ae741,docs/stages/p0/task-book-v0.1.md,4ee371a779d15af0277d00e294a7db733c652fa1,p0,task-book,source,Zelyr Hypervisor — P0 Stage Task Book v0.1,Defined; not an implementation-completion claim,mechanical-only,pending,pending,Full text and counterevidence review not certified; see handoff
b317b88ad6f78f82143ec6af2cf2b41a143ae741,docs/stages/p0/task-book-v0.1.zh-CN.md,af6287c305f97e2a8ae8f7c6e2fba0a4f4ae7710,p0,task-book,zh-CN-translation,Zelyr Hypervisor — P0 阶段任务书 v0.1,not-extracted; inspect source,mechanical-only,pending,pending,Full text and counterevidence review not certified; see handoff
b317b88ad6f78f82143ec6af2cf2b41a143ae741,docs/stages/p0/verification/p0-completion-report.md,6c35307c4d0609bf4b23334310b6728b57582ed2,p0,verification,source,P0 Completion Report,P0 stage completion claim — the only document authorized to make,targeted-review,pending,pending,Full text and counterevidence review not certified; see handoff
b317b88ad6f78f82143ec6af2cf2b41a143ae741,docs/stages/p0/verification/p0-completion-report.zh-CN.md,f4868697e79f245a147b7a7525ead8902bf5f888,p0,verification,zh-CN-translation,P0 完成报告,not-extracted; inspect source,mechanical-only,pending,pending,Full text and counterevidence review not certified; see handoff
b317b88ad6f78f82143ec6af2cf2b41a143ae741,docs/stages/p0/verification/p0-w01-repository-baseline-verification.md,695ba738ff073742737499e29aaefd0d58513d23,p0,verification,source,P0-W01 Repository Baseline — Verification Evidence,Complete evidence recorded; W01 closure claimed.,mechanical-only,pending,pending,Full text and counterevidence review not certified; see handoff
b317b88ad6f78f82143ec6af2cf2b41a143ae741,docs/stages/p0/verification/p0-w02-rust-toolchain-baseline-verification.md,502271921e83c245c07bd68e5185cee381944fb2,p0,verification,source,P0-W02 Rust Toolchain Baseline — Verification Evidence,Complete evidence recorded; W02 closure claimed.,mechanical-only,pending,pending,Full text and counterevidence review not certified; see handoff
b317b88ad6f78f82143ec6af2cf2b41a143ae741,docs/stages/p0/verification/p0-w03-aarch64-build-target-baseline-verification.md,0575dee8d8d6bd5840be423295013b4bcc0c6ab9,p0,verification,source,P0-W03 AArch64 Build-Target Baseline — Verification Evidence,Complete evidence recorded; W03 closure claimed.,mechanical-only,pending,pending,Full text and counterevidence review not certified; see handoff
b317b88ad6f78f82143ec6af2cf2b41a143ae741,docs/stages/p0/verification/p0-w04-build-profile-feature-governance-verification.md,99fae227fb6910b8d79a8e335f4b1ffa522f5dd8,p0,verification,source,P0-W04 Build Profile / Feature Governance — Verification Evidence,Complete evidence recorded; W04 closure claimed.,mechanical-only,pending,pending,Full text and counterevidence review not certified; see handoff
b317b88ad6f78f82143ec6af2cf2b41a143ae741,docs/stages/p0/verification/p0-w05-documentation-baseline-verification.md,3ac9ce901d08f27e56cbb5f4c886e2efedf5cb96,p0,verification,source,P0-W05 Documentation Baseline — Verification Evidence,Complete evidence recorded; W05 closure claimed.,mechanical-only,pending,pending,Full text and counterevidence review not certified; see handoff
b317b88ad6f78f82143ec6af2cf2b41a143ae741,docs/stages/p0/verification/p0-w06-adr-governance-verification.md,ab687db3975da795add26c66b8a88a54adef5448,p0,verification,source,P0-W06 ADR Governance — Verification Evidence,Complete evidence recorded; W06 closure claimed.,mechanical-only,pending,pending,Full text and counterevidence review not certified; see handoff
b317b88ad6f78f82143ec6af2cf2b41a143ae741,docs/stages/p0/verification/p0-w07-development-quality-gates-verification.md,fede3bcbb31cbe2c1ce1b5f156084fda5d35fca7,p0,verification,source,P0-W07 Development Quality Gates — Verification Evidence,Complete evidence recorded; W07 closure claimed.,mechanical-only,pending,pending,Full text and counterevidence review not certified; see handoff
b317b88ad6f78f82143ec6af2cf2b41a143ae741,docs/stages/p0/verification/p0-w08-host-side-testing-baseline-verification.md,d1fc2e4d88d806178f7afc07cc04ce60ee3e2f7e,p0,verification,source,P0-W08 Host-Side Testing Baseline — Verification Evidence,Complete evidence recorded; W08 closure claimed.,mechanical-only,pending,pending,Full text and counterevidence review not certified; see handoff
b317b88ad6f78f82143ec6af2cf2b41a143ae741,docs/stages/p0/verification/p0-w09-qemu-automation-entry-baseline-verification.md,486c1a2f5dfabe9f2a39d47f7f241543273f2a1c,p0,verification,source,P0-W09 QEMU Automation Entry Baseline — Verification Evidence,Complete evidence recorded; W09 closure claimed.,mechanical-only,pending,pending,Full text and counterevidence review not certified; see handoff
b317b88ad6f78f82143ec6af2cf2b41a143ae741,docs/stages/p0/verification/p0-w10-unsafe-rust-governance-verification.md,76b917c129142025fad92769f1cd5a53e53fd052,p0,verification,source,P0-W10 Unsafe Rust Governance — Verification Evidence,Complete evidence recorded; W10 closure claimed.,mechanical-only,pending,pending,Full text and counterevidence review not certified; see handoff
b317b88ad6f78f82143ec6af2cf2b41a143ae741,docs/stages/p0/verification/p0-w11-platform-portability-guardrails-verification.md,4242357fc7e34c041b48769d5cd8bb91c801bfce,p0,verification,source,P0-W11 Platform Portability Guardrails — Verification Evidence,Complete evidence recorded; W11 closure claimed.,mechanical-only,pending,pending,Full text and counterevidence review not certified; see handoff
b317b88ad6f78f82143ec6af2cf2b41a143ae741,docs/stages/p0/verification/p0-w12-logging-diagnostic-baseline-verification.md,8e64346f15919b017fa4ffb9448894a34dfc989a,p0,verification,source,P0-W12 Logging/Diagnostic Baseline — Verification Evidence,Complete evidence recorded; W12 closure claimed.,mechanical-only,pending,pending,Full text and counterevidence review not certified; see handoff
b317b88ad6f78f82143ec6af2cf2b41a143ae741,docs/stages/p0/verification/p0-w13-trace-event-namespace-baseline-verification.md,696df3f3fb117635cbbef3b17b74604a87f358f7,p0,verification,source,P0-W13 Trace Event Namespace Baseline — Verification Evidence,Complete evidence recorded; W13 closure claimed.,mechanical-only,pending,pending,Full text and counterevidence review not certified; see handoff
b317b88ad6f78f82143ec6af2cf2b41a143ae741,docs/stages/p0/verification/p0-w14-panic-failure-classification-verification.md,64a00387644fdc387be0f83b8014a00643eb8070,p0,verification,source,P0-W14 Panic/Failure Classification — Verification Evidence,Complete evidence recorded; W14 closure claimed.,mechanical-only,pending,pending,Full text and counterevidence review not certified; see handoff
b317b88ad6f78f82143ec6af2cf2b41a143ae741,docs/stages/p0/verification/p0-w15-address-identifier-type-safety-verification.md,93a915d861c8924b53ad346b0f36448dbba11d20,p0,verification,source,P0-W15 Address/Identifier Type Safety — Verification Evidence,Complete evidence recorded; W15 closure claimed.,mechanical-only,pending,pending,Full text and counterevidence review not certified; see handoff
b317b88ad6f78f82143ec6af2cf2b41a143ae741,docs/stages/p0/verification/p0-w16-version-build-metadata-baseline-verification.md,efd580c27dc320493da8b93d6a31ff95ffebc3cf,p0,verification,source,P0-W16 Version/Build Metadata Baseline — Verification Evidence,Complete evidence recorded; W16 closure claimed.,mechanical-only,pending,pending,Full text and counterevidence review not certified; see handoff
b317b88ad6f78f82143ec6af2cf2b41a143ae741,docs/stages/p0/verification/p0-w17-artifact-naming-baseline-verification.md,fff5fc3ad1ae8a310715fb33dda0415dd9271ce1,p0,verification,source,P0-W17 Artifact Naming Baseline — Verification Evidence,Complete evidence recorded; W17 closure claimed.,mechanical-only,pending,pending,Full text and counterevidence review not certified; see handoff
b317b88ad6f78f82143ec6af2cf2b41a143ae741,docs/stages/p0/verification/p0-w18-dependency-governance-verification.md,091e45f920282a71555566f8db9026a230bb48a9,p0,verification,source,P0-W18 Dependency Governance — Verification Evidence,Complete evidence recorded; W18 closure claimed.,mechanical-only,pending,pending,Full text and counterevidence review not certified; see handoff
b317b88ad6f78f82143ec6af2cf2b41a143ae741,docs/stages/p0/verification/p0-w19-reproducible-development-workflow-verification.md,d60e87199ad4dde51b3d5cf9c20a356ed73bde79,p0,verification,source,P0-W19 Reproducible Development Workflow — Verification Evidence,Complete evidence recorded; W19 closure claimed.,mechanical-only,pending,pending,Full text and counterevidence review not certified; see handoff
b317b88ad6f78f82143ec6af2cf2b41a143ae741,docs/stages/p0/verification/p0-w20-ci-baseline-verification.md,373cf7b68ad808640553b3a7670ec6092a7a65f0,p0,verification,source,P0-W20 CI Baseline — Verification Evidence,Complete evidence recorded; W20 closure claimed.,mechanical-only,pending,pending,Full text and counterevidence review not certified; see handoff
b317b88ad6f78f82143ec6af2cf2b41a143ae741,docs/stages/p0/verification/p0-w21-stage-plan-implementation-workflow-verification.md,0920d029396c447c1803cbf07bd43d8b2e4e12b3,p0,verification,source,P0-W21 Stage/Plan/Implementation Workflow — Verification Evidence,Complete evidence recorded; W21 closure claimed.,mechanical-only,pending,pending,Full text and counterevidence review not certified; see handoff
b317b88ad6f78f82143ec6af2cf2b41a143ae741,docs/stages/p0/verification/p0-w22-stage-dependency-map-verification.md,2b8bf6f83591efa97cb00ab72ea4c786307ae12f,p0,verification,source,P0-W22 Stage Dependency Map — Verification Evidence,"Complete evidence recorded; W22 closure claimed — and with it,",mechanical-only,pending,pending,Full text and counterevidence review not certified; see handoff
b317b88ad6f78f82143ec6af2cf2b41a143ae741,docs/stages/p1/README.md,71b79afe1757b757e31b7b8f26d06a95e62e3613,p1,stage-index-or-handoff,source,P1 — AArch64 EL2 Minimum Bring-up,P1 stage entry; completion is claimed only in the linked L7 report.,mechanical-only,pending,pending,Full text and counterevidence review not certified; see handoff
b317b88ad6f78f82143ec6af2cf2b41a143ae741,docs/stages/p1/README.zh-CN.md,c48eee41b76fef0850b206ea9052b80ad8c0747a,p1,stage-index-or-handoff,zh-CN-translation,P1 — AArch64 EL2 最小启动,not-extracted; inspect source,mechanical-only,pending,pending,Full text and counterevidence review not certified; see handoff
b317b88ad6f78f82143ec6af2cf2b41a143ae741,docs/stages/p1/contracts/README.md,6a0b2b177295903b09dcd7b751341e5c8f806e62,p1,contract,source,P1 contract set,"Stage-local contract index; P1 completion decision is in the L7 report, not this index.",mechanical-only,pending,pending,Full text and counterevidence review not certified; see handoff
b317b88ad6f78f82143ec6af2cf2b41a143ae741,docs/stages/p1/contracts/aarch64-boot-contract.md,cf2f05e5b7772d5960dbe43fe7dfa1667622ff9b,p1,contract,source,P1 AArch64 boot contract,Proposed assembly of the current W01/W02 boundaries; executed coverage is partial.,mechanical-only,pending,pending,Full text and counterevidence review not certified; see handoff
b317b88ad6f78f82143ec6af2cf2b41a143ae741,docs/stages/p1/contracts/el2-initialization-contract.md,b5044b91b9e11f7e89af5ef5a9c046ebe34d781e,p1,contract,source,P1 EL2 initialization contract,"Proposed W09 assembly; reference repetition and NC2–NC5 fault-phase evidence recorded, NC6 execution deferred to P6-V29 under ADR-061.",mechanical-only,pending,pending,Full text and counterevidence review not certified; see handoff
b317b88ad6f78f82143ec6af2cf2b41a143ae741,docs/stages/p1/contracts/exception-diagnostics-contract.md,debc30fff5c7aa0becc05336ccb21f33d306334a,p1,contract,source,P1 exception and diagnostic contract,"Proposed assembly of W05/W07/W09 boundaries; NC1–NC5 paired evidence recorded, NC6 execution transferred to P6-V29.",mechanical-only,pending,pending,Full text and counterevidence review not certified; see handoff
b317b88ad6f78f82143ec6af2cf2b41a143ae741,docs/stages/p1/contracts/host-address-space.md,7986ceb02dea4b47f3db0906c927ae2ddc56c938,p1,contract,source,P1 Host Stage-1 address space,Proposed assembly of the W08 mechanism boundary; reference-QEMU post-MMU NC5 evidence recorded.,targeted-review,pending,pending,Full text and counterevidence review not certified; see handoff
b317b88ad6f78f82143ec6af2cf2b41a143ae741,docs/stages/p1/contracts/known-limitations.md,38b3b02532202c5c389aced863db19389c2089cc,p1,contract,source,P1 known limitations and open evidence,Proposed current-state assembly; limitations are not closure claims.,mechanical-only,pending,pending,Full text and counterevidence review not certified; see handoff
b317b88ad6f78f82143ec6af2cf2b41a143ae741,docs/stages/p1/contracts/p2-handoff.md,0ba2cec2a62900957e20e7a23d0e00d8f2b46a51,p1,contract,source,P1 to P2 handoff,"P1-to-P2 handoff contract; P1 completion is bounded by the L7 report, and P2 readiness is not claimed.",mechanical-only,pending,pending,Full text and counterevidence review not certified; see handoff
b317b88ad6f78f82143ec6af2cf2b41a143ae741,docs/stages/p1/contracts/reference-qemu-environment.md,14d52251aca60cd642c5e279e329312302dd0c4c,p1,contract,source,P1 reference QEMU environment,Proposed assembly; R1–R6 and 100-cycle reference evidence recorded.,mechanical-only,pending,pending,Full text and counterevidence review not certified; see handoff
b317b88ad6f78f82143ec6af2cf2b41a143ae741,docs/stages/p1/contracts/stage-gate-evidence-map.md,3f3b2fd022d6cf1cb48644f7cc3b66eb4bfc34dd,p1,contract,source,P1 stage-gate evidence map and completion checklist,Evidence-location map; L7 P1 completion decision is in the linked report.,mechanical-only,pending,pending,Full text and counterevidence review not certified; see handoff
b317b88ad6f78f82143ec6af2cf2b41a143ae741,docs/stages/p1/implementation/README.md,f60764a676ab055207a763f531b11d37e716c37d,p1,implementation-design-or-support,source,P1 implementation designs and records,"Index of P1 designs, implementation records and local verification;",mechanical-only,pending,pending,Full text and counterevidence review not certified; see handoff
b317b88ad6f78f82143ec6af2cf2b41a143ae741,docs/stages/p1/implementation/p1-w01-reference-boot-contract-record.md,c60b4cda45f69f3346f204bcf95d0690237b4357,p1,implementation-record,source,P1-W01 Reference Boot Contract — Implementation Record,Implemented on branch `p1/w01-boot-contract`; verification,mechanical-only,pending,pending,Full text and counterevidence review not certified; see handoff
b317b88ad6f78f82143ec6af2cf2b41a143ae741,docs/stages/p1/implementation/p1-w01-reference-boot-contract/01-boot-contract.md,97dc51309ba22a88d7d245b5d2f9c187a00bf903,p1,implementation-design-or-support,source,P1-W01 Boot Contract,Proposed detailed design; implementation not claimed.,mechanical-only,pending,pending,Full text and counterevidence review not certified; see handoff
b317b88ad6f78f82143ec6af2cf2b41a143ae741,docs/stages/p1/implementation/p1-w01-reference-boot-contract/02-entry-validation-contracts.md,fac18d7b409f8f9adefadbaefc6db7bab0d35f82,p1,implementation-design-or-support,source,P1-W01 Entry Validation Contracts,Proposed detailed design; implementation not claimed.,mechanical-only,pending,pending,Full text and counterevidence review not certified; see handoff
b317b88ad6f78f82143ec6af2cf2b41a143ae741,docs/stages/p1/implementation/p1-w01-reference-boot-contract/03-implementation-and-review.md,b5c63f4491ba091babee1cf5184a3afb55d9a281,p1,implementation-design-or-support,source,P1-W01 Implementation Workflow and Acceptance Design,Proposed detailed design; implementation and validation are not,mechanical-only,pending,pending,Full text and counterevidence review not certified; see handoff
b317b88ad6f78f82143ec6af2cf2b41a143ae741,docs/stages/p1/implementation/p1-w01-reference-boot-contract/README.md,501356646dc38d505d65fef3056983158043ae8e,p1,implementation-design-or-support,source,P1-W01 Reference Boot Contract — Detailed Implementation Design,Proposed detailed design; implementation and validation are not,mechanical-only,pending,pending,Full text and counterevidence review not certified; see handoff
b317b88ad6f78f82143ec6af2cf2b41a143ae741,docs/stages/p1/implementation/p1-w02-minimal-rust-el2-runtime-record.md,abf11c3df05e3718f9bfe7f84d7626c5e2414dbd,p1,implementation-record,source,P1-W02 Minimal Rust EL2 Runtime — Implementation Record,Implemented on branch `p1/w02-minimal-runtime`; verification,mechanical-only,pending,pending,Full text and counterevidence review not certified; see handoff
b317b88ad6f78f82143ec6af2cf2b41a143ae741,docs/stages/p1/implementation/p1-w02-minimal-rust-el2-runtime/01-architecture-and-state.md,d9c424a55a6214ce78c4bce97dd92dcf6e075a47,p1,implementation-design-or-support,source,P1-W02 Architecture and State,Proposed detailed design; implementation not claimed.,mechanical-only,pending,pending,Full text and counterevidence review not certified; see handoff
b317b88ad6f78f82143ec6af2cf2b41a143ae741,docs/stages/p1/implementation/p1-w02-minimal-rust-el2-runtime/02-code-contracts-entry-assembly.md,32851807ea975ce52e498c266d31cbc1efbfd036,p1,implementation-design-or-support,source,P1-W02 Entry Assembly Contracts,Proposed detailed design; implementation not claimed.,mechanical-only,pending,pending,Full text and counterevidence review not certified; see handoff
b317b88ad6f78f82143ec6af2cf2b41a143ae741,docs/stages/p1/implementation/p1-w02-minimal-rust-el2-runtime/03-code-contracts-rust-runtime.md,a3261f540dab778905f843e93dafaf5dfb822b3f,p1,implementation-design-or-support,source,P1-W02 Rust Runtime Contracts,Proposed detailed design; implementation not claimed.,mechanical-only,pending,pending,Full text and counterevidence review not certified; see handoff
b317b88ad6f78f82143ec6af2cf2b41a143ae741,docs/stages/p1/implementation/p1-w02-minimal-rust-el2-runtime/04-code-contracts-panic-identity.md,1cad4f602d9036d5cb8fcbce034ebc1e9dd22b2a,p1,implementation-design-or-support,source,P1-W02 Panic Route and Build Identity Contracts,Proposed detailed design; implementation not claimed.,mechanical-only,pending,pending,Full text and counterevidence review not certified; see handoff
b317b88ad6f78f82143ec6af2cf2b41a143ae741,docs/stages/p1/implementation/p1-w02-minimal-rust-el2-runtime/05-implementation-and-review.md,d0372ca6c1816a560fa208adbf31bca565714a78,p1,implementation-design-or-support,source,P1-W02 Implementation Workflow and Acceptance Design,Proposed detailed design; implementation and validation are not,mechanical-only,pending,pending,Full text and counterevidence review not certified; see handoff
b317b88ad6f78f82143ec6af2cf2b41a143ae741,docs/stages/p1/implementation/p1-w02-minimal-rust-el2-runtime/06-controlled-idle-reconciliation.md,104250b0058e7820cf181252be611ece75962665,p1,implementation-design-or-support,source,W02 controlled-idle unsafe boundary reconciliation,Proposed detailed-design correction; implementation and validation are recorded separately.,mechanical-only,pending,pending,Full text and counterevidence review not certified; see handoff
b317b88ad6f78f82143ec6af2cf2b41a143ae741,docs/stages/p1/implementation/p1-w02-minimal-rust-el2-runtime/README.md,6aa460d3bcccb3b5e2b4d7cb2da75b7211d31642,p1,implementation-design-or-support,source,P1-W02 Minimal Rust EL2 Runtime — Detailed Implementation Design,Proposed detailed design; implementation and validation are not,mechanical-only,pending,pending,Full text and counterevidence review not certified; see handoff
b317b88ad6f78f82143ec6af2cf2b41a143ae741,docs/stages/p1/implementation/p1-w03-aarch64-capability-inventory-record.md,1f630cf1791987f1b0b2001ea51f2d285f218614,p1,implementation-record,source,P1-W03 capability inventory implementation record,Implemented mechanism and host validation; runtime integration pending W09.,mechanical-only,pending,pending,Full text and counterevidence review not certified; see handoff
b317b88ad6f78f82143ec6af2cf2b41a143ae741,docs/stages/p1/implementation/p1-w03-aarch64-capability-inventory/01-architecture-and-state.md,d555f760c9bbaf5a186fb613f29d8dd8f718ebce,p1,implementation-design-or-support,source,P1-W03 Architecture and State,Proposed detailed design; implementation not claimed.,mechanical-only,pending,pending,Full text and counterevidence review not certified; see handoff
b317b88ad6f78f82143ec6af2cf2b41a143ae741,docs/stages/p1/implementation/p1-w03-aarch64-capability-inventory/02-code-contracts-fact-extraction.md,a897c1b055b6967eb28d205ee0363b34a503024e,p1,implementation-design-or-support,source,P1-W03 Fact Extraction Contracts,Proposed detailed design; implementation not claimed.,mechanical-only,pending,pending,Full text and counterevidence review not certified; see handoff
b317b88ad6f78f82143ec6af2cf2b41a143ae741,docs/stages/p1/implementation/p1-w03-aarch64-capability-inventory/03-code-contracts-classification-and-report.md,b140ebd8a49adab5a3e4f6b1c7d55060f9e3caf9,p1,implementation-design-or-support,source,P1-W03 Classification and Report Contracts,Proposed detailed design; implementation not claimed.,mechanical-only,pending,pending,Full text and counterevidence review not certified; see handoff
b317b88ad6f78f82143ec6af2cf2b41a143ae741,docs/stages/p1/implementation/p1-w03-aarch64-capability-inventory/04-implementation-and-review.md,2fbdbdc2f73d57cdcc7cf7aee9cab1402d6e3ea6,p1,implementation-design-or-support,source,P1-W03 Implementation Workflow and Acceptance Design,Proposed detailed design; implementation and validation are not,mechanical-only,pending,pending,Full text and counterevidence review not certified; see handoff
b317b88ad6f78f82143ec6af2cf2b41a143ae741,docs/stages/p1/implementation/p1-w03-aarch64-capability-inventory/05-implementation-reconciliation.md,10994dfbf521eae4430ffde71b81ee1e2da27cec,p1,implementation-design-or-support,source,P1-W03 implementation reconciliation,Detailed-design amendment for P1 implementation; no validation claim.,mechanical-only,pending,pending,Full text and counterevidence review not certified; see handoff
b317b88ad6f78f82143ec6af2cf2b41a143ae741,docs/stages/p1/implementation/p1-w03-aarch64-capability-inventory/README.md,00591bda63082bc084ce35015330a9dc31863813,p1,implementation-design-or-support,source,P1-W03 AArch64 Capability Inventory — Detailed Implementation Design,Proposed detailed design; implementation and validation are not,mechanical-only,pending,pending,Full text and counterevidence review not certified; see handoff
b317b88ad6f78f82143ec6af2cf2b41a143ae741,docs/stages/p1/implementation/p1-w04-el2-architectural-state-baseline-record.md,47e7476147d28657b8aa8571bab8f5dd55ba630c,p1,implementation-record,source,P1-W04 implementation record,Mechanism implemented; W09 integration and runtime evidence pending.,mechanical-only,pending,pending,Full text and counterevidence review not certified; see handoff
b317b88ad6f78f82143ec6af2cf2b41a143ae741,docs/stages/p1/implementation/p1-w04-el2-architectural-state-baseline/00-preflight-amendment.md,a37e4315280d41ae7a720e615c032a81469fa73f,p1,implementation-design-or-support,source,W04 preflight design correction,Proposed detailed design; implementation not claimed.,mechanical-only,pending,pending,Full text and counterevidence review not certified; see handoff
b317b88ad6f78f82143ec6af2cf2b41a143ae741,docs/stages/p1/implementation/p1-w04-el2-architectural-state-baseline/01-architecture-and-state.md,55fa5e75c2d93012237cf1e303802d9ae1f82219,p1,implementation-design-or-support,source,P1-W04 Architecture and State,Proposed detailed design; implementation not claimed.,mechanical-only,pending,pending,Full text and counterevidence review not certified; see handoff
b317b88ad6f78f82143ec6af2cf2b41a143ae741,docs/stages/p1/implementation/p1-w04-el2-architectural-state-baseline/02-code-contracts-control-writes.md,7dd4b88699381516a940b803db407f2a94e973cc,p1,implementation-design-or-support,source,P1-W04 Control-Write Contracts,Proposed detailed design; implementation not claimed.,mechanical-only,pending,pending,Full text and counterevidence review not certified; see handoff
b317b88ad6f78f82143ec6af2cf2b41a143ae741,docs/stages/p1/implementation/p1-w04-el2-architectural-state-baseline/03-code-contracts-readback-and-declaration.md,94556350c92854012c7ac459df587c2899654d79,p1,implementation-design-or-support,source,P1-W04 Read-back and Declaration Contracts,Proposed detailed design; implementation not claimed.,mechanical-only,pending,pending,Full text and counterevidence review not certified; see handoff
b317b88ad6f78f82143ec6af2cf2b41a143ae741,docs/stages/p1/implementation/p1-w04-el2-architectural-state-baseline/04-implementation-and-review.md,9c146ae5ac869eb76a28f15fa8844bff7f1bde0b,p1,implementation-design-or-support,source,P1-W04 Implementation Workflow and Acceptance Design,Proposed detailed design; implementation and validation are not,mechanical-only,pending,pending,Full text and counterevidence review not certified; see handoff
b317b88ad6f78f82143ec6af2cf2b41a143ae741,docs/stages/p1/implementation/p1-w04-el2-architectural-state-baseline/README.md,d5eb7d129aa5ae92c5d258f986581706fb86108f,p1,implementation-design-or-support,source,P1-W04 EL2 Architectural-State Baseline — Detailed Implementation Design,Proposed detailed design; implementation and validation are not,mechanical-only,pending,pending,Full text and counterevidence review not certified; see handoff
b317b88ad6f78f82143ec6af2cf2b41a143ae741,docs/stages/p1/implementation/p1-w05-el2-exception-entry-baseline-record.md,e07d6de632e4ad889ced04d0c962061a0e1dc101,p1,implementation-record,source,P1-W05 exception-entry implementation record,Mechanism implemented; W07/W09 integration and executed fault evidence pending.,mechanical-only,pending,pending,Full text and counterevidence review not certified; see handoff
b317b88ad6f78f82143ec6af2cf2b41a143ae741,docs/stages/p1/implementation/p1-w05-el2-exception-entry-baseline/00-preflight-amendment.md,6ab872dcc2b687db952c0e3d42bd3dd554251126,p1,implementation-design-or-support,source,W05 preflight design correction,Proposed detailed design; implementation not claimed.,mechanical-only,pending,pending,Full text and counterevidence review not certified; see handoff
b317b88ad6f78f82143ec6af2cf2b41a143ae741,docs/stages/p1/implementation/p1-w05-el2-exception-entry-baseline/01-architecture-and-state.md,86adc1217ab4090e662933f7f35ad81670822f8a,p1,implementation-design-or-support,source,P1-W05 Architecture and State,Proposed detailed design; implementation not claimed.,mechanical-only,pending,pending,Full text and counterevidence review not certified; see handoff
b317b88ad6f78f82143ec6af2cf2b41a143ae741,docs/stages/p1/implementation/p1-w05-el2-exception-entry-baseline/02-code-contracts-vector-install.md,c6ee11359c59d14933bb554aff5726ba78fcaec9,p1,implementation-design-or-support,source,P1-W05 Vector Install Contracts,Proposed detailed design; implementation not claimed.,mechanical-only,pending,pending,Full text and counterevidence review not certified; see handoff
b317b88ad6f78f82143ec6af2cf2b41a143ae741,docs/stages/p1/implementation/p1-w05-el2-exception-entry-baseline/03-code-contracts-entry-capture.md,9aedffd4cd248c9cd8c841b02a66b6a088e0dee4,p1,implementation-design-or-support,source,P1-W05 Entry Capture Contracts,Proposed detailed design; implementation not claimed.,mechanical-only,pending,pending,Full text and counterevidence review not certified; see handoff
b317b88ad6f78f82143ec6af2cf2b41a143ae741,docs/stages/p1/implementation/p1-w05-el2-exception-entry-baseline/04-code-contracts-classification-routing.md,b5cb480b58ae0b0b68be55521957d9e50239b084,p1,implementation-design-or-support,source,P1-W05 Classification and Routing Contracts,Proposed detailed design; implementation not claimed.,mechanical-only,pending,pending,Full text and counterevidence review not certified; see handoff
b317b88ad6f78f82143ec6af2cf2b41a143ae741,docs/stages/p1/implementation/p1-w05-el2-exception-entry-baseline/05-implementation-and-review.md,cd41f69eea19d49f8e16711d154854e59ca9f840,p1,implementation-design-or-support,source,P1-W05 Implementation Workflow and Acceptance Design,Proposed detailed design; implementation and validation are not,mechanical-only,pending,pending,Full text and counterevidence review not certified; see handoff
b317b88ad6f78f82143ec6af2cf2b41a143ae741,docs/stages/p1/implementation/p1-w05-el2-exception-entry-baseline/06-implementation-reconciliation.md,6d8ea6597deee720ed6cc332deac1ec1e1a85f65,p1,implementation-design-or-support,source,W05 implementation reconciliation,Detailed-design amendment; implementation and validation not claimed.,mechanical-only,pending,pending,Full text and counterevidence review not certified; see handoff
b317b88ad6f78f82143ec6af2cf2b41a143ae741,docs/stages/p1/implementation/p1-w05-el2-exception-entry-baseline/README.md,5d64ce2c4d629a420af5516f8d8d1b52879fec6c,p1,implementation-design-or-support,source,P1-W05 EL2 Exception Entry Baseline — Detailed Implementation Design,Proposed detailed design; implementation and validation are not,mechanical-only,pending,pending,Full text and counterevidence review not certified; see handoff
b317b88ad6f78f82143ec6af2cf2b41a143ae741,docs/stages/p1/implementation/p1-w06-early-console-logging-record.md,279eb58475efcaa74e2a7de7e3315b0ca36cf0b8,p1,implementation-record,source,P1-W06 Early Console — Implementation Record,Mechanism implemented on `p1/w06-early-console`; W09 integration and W10/W11 execution pending.,mechanical-only,pending,pending,Full text and counterevidence review not certified; see handoff
b317b88ad6f78f82143ec6af2cf2b41a143ae741,docs/stages/p1/implementation/p1-w06-early-console-logging/01-architecture-and-state.md,304a35305d1c2776b7b6b2be85dc54326d1e6f53,p1,implementation-design-or-support,source,P1-W06 Architecture and State,Proposed detailed design; implementation not claimed.,mechanical-only,pending,pending,Full text and counterevidence review not certified; see handoff
b317b88ad6f78f82143ec6af2cf2b41a143ae741,docs/stages/p1/implementation/p1-w06-early-console-logging/02-code-contracts-channel.md,55b2b5ae60867e9a00de32272efd767d292deb51,p1,implementation-design-or-support,source,P1-W06 Channel Contracts,Proposed detailed design; implementation not claimed.,mechanical-only,pending,pending,Full text and counterevidence review not certified; see handoff
b317b88ad6f78f82143ec6af2cf2b41a143ae741,docs/stages/p1/implementation/p1-w06-early-console-logging/03-code-contracts-integration.md,1edb2bd1579cb9fd64ee6f0ab09badd7b1428137,p1,implementation-design-or-support,source,P1-W06 Integration Contracts,Proposed detailed design; implementation not claimed.,mechanical-only,pending,pending,Full text and counterevidence review not certified; see handoff
b317b88ad6f78f82143ec6af2cf2b41a143ae741,docs/stages/p1/implementation/p1-w06-early-console-logging/04-implementation-and-review.md,72437d2e7e97834ab2ccf4ce4ab8ee816096046c,p1,implementation-design-or-support,source,P1-W06 Implementation Workflow and Acceptance Design,Proposed detailed design; implementation and validation are not,mechanical-only,pending,pending,Full text and counterevidence review not certified; see handoff
b317b88ad6f78f82143ec6af2cf2b41a143ae741,docs/stages/p1/implementation/p1-w06-early-console-logging/05-implementation-reconciliation.md,2534ab849978cd03d231cc56c5fe914d823a5938,p1,implementation-design-or-support,source,P1-W06 Current-State and Channel Reconciliation,Proposed detailed-design amendment; no validation claim.,mechanical-only,pending,pending,Full text and counterevidence review not certified; see handoff
b317b88ad6f78f82143ec6af2cf2b41a143ae741,docs/stages/p1/implementation/p1-w06-early-console-logging/README.md,d55c4cb83eb2df861f4f4f8d80eb5ba468612c1b,p1,implementation-design-or-support,source,P1-W06 Early Console and Bring-up Logging — Detailed Implementation Design,Proposed detailed design; implementation and validation are not,mechanical-only,pending,pending,Full text and counterevidence review not certified; see handoff
b317b88ad6f78f82143ec6af2cf2b41a143ae741,docs/stages/p1/implementation/p1-w07-fatal-crash-diagnostics-record.md,adbbf034c734fdb97ff71a927b3a6d87be8afce4,p1,implementation-record,source,P1-W07 fatal-report implementation record,Mechanism linked and target-built; integrated fault evidence pending.,mechanical-only,pending,pending,Full text and counterevidence review not certified; see handoff
b317b88ad6f78f82143ec6af2cf2b41a143ae741,docs/stages/p1/implementation/p1-w07-fatal-crash-diagnostics/00-implementation-reconciliation.md,9826c0ff9a47ba0b2a9b48db9957506305548145,p1,implementation-design-or-support,source,P1-W07 Implementation Reconciliation,Proposed detailed-design correction; no execution claim.,mechanical-only,pending,pending,Full text and counterevidence review not certified; see handoff
b317b88ad6f78f82143ec6af2cf2b41a143ae741,docs/stages/p1/implementation/p1-w07-fatal-crash-diagnostics/01-architecture-and-state.md,4d520b6b73c0e3b2316c19735104c4cca4131c89,p1,implementation-design-or-support,source,P1-W07 Architecture and State,Proposed detailed design; implementation not claimed.,mechanical-only,pending,pending,Full text and counterevidence review not certified; see handoff
b317b88ad6f78f82143ec6af2cf2b41a143ae741,docs/stages/p1/implementation/p1-w07-fatal-crash-diagnostics/02-code-contracts-report-model.md,ac9ce81595962c648d358d95e609a8816fa56090,p1,implementation-design-or-support,source,P1-W07 Report Model Contracts,Proposed detailed design; implementation not claimed.,mechanical-only,pending,pending,Full text and counterevidence review not certified; see handoff
b317b88ad6f78f82143ec6af2cf2b41a143ae741,docs/stages/p1/implementation/p1-w07-fatal-crash-diagnostics/03-code-contracts-fatal-path.md,cb1c1a95d261ecf2340a9945160f901af088cde3,p1,implementation-design-or-support,source,P1-W07 Fatal Path Contracts,Proposed detailed design; implementation not claimed.,mechanical-only,pending,pending,Full text and counterevidence review not certified; see handoff
b317b88ad6f78f82143ec6af2cf2b41a143ae741,docs/stages/p1/implementation/p1-w07-fatal-crash-diagnostics/04-implementation-and-review.md,7985eeb664289855a02aadc7f37bdb1f3d8209ad,p1,implementation-design-or-support,source,P1-W07 Implementation Workflow and Acceptance Design,Proposed detailed design; implementation and validation are not,mechanical-only,pending,pending,Full text and counterevidence review not certified; see handoff
b317b88ad6f78f82143ec6af2cf2b41a143ae741,docs/stages/p1/implementation/p1-w07-fatal-crash-diagnostics/README.md,957c124ebce27100284d1cff3d283d1b41185c34,p1,implementation-design-or-support,source,P1-W07 Fatal Crash Diagnostics — Detailed Implementation Design,Proposed detailed design; implementation and validation are not,mechanical-only,pending,pending,Full text and counterevidence review not certified; see handoff
b317b88ad6f78f82143ec6af2cf2b41a143ae741,docs/stages/p1/implementation/p1-w08-host-stage1-address-space/00-preflight-amendment.md,ce7d14bf2eb05648f006f6763fc82dfd4bf899a3,p1,implementation-design-or-support,source,W08 preflight design correction,Proposed detailed design; implementation not claimed.,mechanical-only,pending,pending,Full text and counterevidence review not certified; see handoff
b317b88ad6f78f82143ec6af2cf2b41a143ae741,docs/stages/p1/implementation/p1-w08-host-stage1-address-space/01-architecture-and-state.md,f679747ce72a75300ebae4de527c8c87cdeeeb6d,p1,implementation-design-or-support,source,P1-W08 Architecture and State,Proposed detailed design; implementation not claimed.,mechanical-only,pending,pending,Full text and counterevidence review not certified; see handoff
b317b88ad6f78f82143ec6af2cf2b41a143ae741,docs/stages/p1/implementation/p1-w08-host-stage1-address-space/02-code-contracts-address-types-and-tables.md,53f4abca9b84c175d8518357d45664d31ea9ff4c,p1,implementation-design-or-support,source,P1-W08 Address-Type and Page-Table Contracts,Proposed detailed design; implementation not claimed.,mechanical-only,pending,pending,Full text and counterevidence review not certified; see handoff
b317b88ad6f78f82143ec6af2cf2b41a143ae741,docs/stages/p1/implementation/p1-w08-host-stage1-address-space/03-code-contracts-mapping-and-transition.md,f3b8fc7e9e0e7174cb65509b342dd9c00f057c4f,p1,implementation-design-or-support,source,P1-W08 Mapping-Class Assignment and Transition Contracts,Proposed detailed design; implementation not claimed.,mechanical-only,pending,pending,Full text and counterevidence review not certified; see handoff
b317b88ad6f78f82143ec6af2cf2b41a143ae741,docs/stages/p1/implementation/p1-w08-host-stage1-address-space/04-implementation-and-review.md,245fd391cd4fc70532e5db2e3ef678b7c219fd54,p1,implementation-design-or-support,source,P1-W08 Implementation Workflow and Acceptance Design,Proposed detailed design; implementation and validation are not,mechanical-only,pending,pending,Full text and counterevidence review not certified; see handoff
b317b88ad6f78f82143ec6af2cf2b41a143ae741,docs/stages/p1/implementation/p1-w08-host-stage1-address-space/05-failure-seam-reconciliation.md,d9e3142a73efe92d65013be9ae965a4ff01405a8,p1,implementation-design-or-support,source,W08/W09 Stage-1 failure-seam reconciliation,Proposed detailed-design correction; no implementation or validation claim.,mechanical-only,pending,pending,Full text and counterevidence review not certified; see handoff
b317b88ad6f78f82143ec6af2cf2b41a143ae741,docs/stages/p1/implementation/p1-w08-host-stage1-address-space/06-activation-reconciliation.md,f75bd9179b0aa87f8603eb5738b8c8f14a57c021,p1,implementation-design-or-support,source,W08 activation representation and audited boundaries,Proposed detailed-design correction; implementation and validation,mechanical-only,pending,pending,Full text and counterevidence review not certified; see handoff
b317b88ad6f78f82143ec6af2cf2b41a143ae741,docs/stages/p1/implementation/p1-w08-host-stage1-address-space/README.md,6dd797b9621d77b251e41bfc50ede4722b7dcc62,p1,implementation-design-or-support,source,P1-W08 Host Stage-1 Address Space — Detailed Implementation Design,Proposed detailed design; implementation and validation are not,mechanical-only,pending,pending,Full text and counterevidence review not certified; see handoff
b317b88ad6f78f82143ec6af2cf2b41a143ae741,docs/stages/p1/implementation/p1-w08-mmu-activation-record.md,00ece39c4cfe004ff600e424581dcafd49c84286,p1,implementation-record,source,P1-W08 Stage-1 activation mechanism implementation record,"Mechanism target-built in this checkpoint; a later W09 integration boot is recorded in [verification](../verification/p1-w08-mmu-activation-verification.md), with post-MMU fault evidence still pending.",mechanical-only,pending,pending,Full text and counterevidence review not certified; see handoff
b317b88ad6f78f82143ec6af2cf2b41a143ae741,docs/stages/p1/implementation/p1-w08-page-layout-record.md,b202c73d0b51b4e26b81ea58072f2f3d5f4f818d,p1,implementation-record,source,P1-W08 page-separated image-layout implementation record,Linker/layout foundation; Stage-1 activation not implemented.,mechanical-only,pending,pending,Full text and counterevidence review not certified; see handoff
b317b88ad6f78f82143ec6af2cf2b41a143ae741,docs/stages/p1/implementation/p1-w08-stage1-foundation-record.md,7e0fe99df54771b6e2f78ed1fe74a0b922682b49,p1,implementation-record,source,P1-W08 Stage-1 table foundation implementation record,Pure table/address foundation only; MMU transition not implemented.,mechanical-only,pending,pending,Full text and counterevidence review not certified; see handoff
b317b88ad6f78f82143ec6af2cf2b41a143ae741,docs/stages/p1/implementation/p1-w09-initialization-sequencing-record.md,1a505e1f914fd87d9f279b3f1d2e4e43199b79cc,p1,implementation-record,source,P1-W09 initialization sequencing implementation record,Ordered boot path implemented; broader negative/repetition evidence tracked separately.,mechanical-only,pending,pending,Full text and counterevidence review not certified; see handoff
b317b88ad6f78f82143ec6af2cf2b41a143ae741,docs/stages/p1/implementation/p1-w09-initialization-sequencing/00-preflight-amendment.md,265041b3ae2552b2c8d7bfb1e620d84316e06d7a,p1,implementation-design-or-support,source,W09 preflight design correction,Proposed detailed design; implementation not claimed.,mechanical-only,pending,pending,Full text and counterevidence review not certified; see handoff
b317b88ad6f78f82143ec6af2cf2b41a143ae741,docs/stages/p1/implementation/p1-w09-initialization-sequencing/01-init-state-machine.md,a2f676af532ed88773d0b733805cee600a176e5b,p1,implementation-design-or-support,source,P1-W09 Init State Machine,Proposed detailed design; implementation not claimed.,mechanical-only,pending,pending,Full text and counterevidence review not certified; see handoff
b317b88ad6f78f82143ec6af2cf2b41a143ae741,docs/stages/p1/implementation/p1-w09-initialization-sequencing/02-interface-contracts.md,f56cbaca4db3594a38ed20c66f3f85cdf015ceef,p1,implementation-design-or-support,source,P1-W09 Interface Contracts,Proposed detailed design; implementation not claimed.,mechanical-only,pending,pending,Full text and counterevidence review not certified; see handoff
b317b88ad6f78f82143ec6af2cf2b41a143ae741,docs/stages/p1/implementation/p1-w09-initialization-sequencing/03-implementation-and-review.md,6bf664266a4e436939cde905c617bd084d226233,p1,implementation-design-or-support,source,P1-W09 Implementation Workflow and Acceptance Design,Proposed detailed design; implementation and validation are not,mechanical-only,pending,pending,Full text and counterevidence review not certified; see handoff
b317b88ad6f78f82143ec6af2cf2b41a143ae741,docs/stages/p1/implementation/p1-w09-initialization-sequencing/04-foundation-reconciliation.md,381df9a30090f7204bb6dd604e632ecf50e18b6d,p1,implementation-design-or-support,source,P1-W09 lifecycle foundation reconciliation,Proposed detailed-design correction; no sequencer or boot evidence claim.,mechanical-only,pending,pending,Full text and counterevidence review not certified; see handoff
b317b88ad6f78f82143ec6af2cf2b41a143ae741,docs/stages/p1/implementation/p1-w09-initialization-sequencing/README.md,4fc0ce76c27ab29cabab495cbde47f4186b31509,p1,implementation-design-or-support,source,P1-W09 Initialization Sequencing — Detailed Implementation Design,Proposed detailed design; implementation and validation are not,mechanical-only,pending,pending,Full text and counterevidence review not certified; see handoff
b317b88ad6f78f82143ec6af2cf2b41a143ae741,docs/stages/p1/implementation/p1-w09-lifecycle-foundation-record.md,2cba77b7f42014647a7b9396c82243f0e1a05896,p1,implementation-record,source,P1-W09 lifecycle foundation implementation record,Coherent type/tracker foundation only; W09 sequencing not complete.,mechanical-only,pending,pending,Full text and counterevidence review not certified; see handoff
b317b88ad6f78f82143ec6af2cf2b41a143ae741,docs/stages/p1/implementation/p1-w10-qemu-boot-regression-record.md,35f54f6aae934c0854bf5246522a218ee8764c08,p1,implementation-record,source,P1-W10 QEMU Boot Regression — Implementation Record,"Runner, R1–R6 controls and 100-cycle execution recorded; W11 re-anchored R2 on NC4 on 2026-09-26 (addendum below).",mechanical-only,pending,pending,Full text and counterevidence review not certified; see handoff
b317b88ad6f78f82143ec6af2cf2b41a143ae741,docs/stages/p1/implementation/p1-w10-qemu-boot-regression/01-automation-contract.md,aebda12debafda5f5a2a66cb9cc1545440445ac2,p1,implementation-design-or-support,source,P1-W10 Automation Contract,Proposed detailed design; implementation not claimed.,mechanical-only,pending,pending,Full text and counterevidence review not certified; see handoff
b317b88ad6f78f82143ec6af2cf2b41a143ae741,docs/stages/p1/implementation/p1-w10-qemu-boot-regression/02-scenarios-and-verdict.md,315d0b3a50e8b22ba61626a475e8e6198fbe8727,p1,implementation-design-or-support,source,P1-W10 Scenarios and Verdict Design,Proposed detailed design; implementation and validation are not,mechanical-only,pending,pending,Full text and counterevidence review not certified; see handoff
b317b88ad6f78f82143ec6af2cf2b41a143ae741,docs/stages/p1/implementation/p1-w10-qemu-boot-regression/03-implementation-and-review.md,bc841f90f3cd06a9b4b9d9a3a1de94c32dac813c,p1,implementation-design-or-support,source,P1-W10 Implementation Workflow and Acceptance Design,Proposed detailed design; implementation and validation are not,mechanical-only,pending,pending,Full text and counterevidence review not certified; see handoff
b317b88ad6f78f82143ec6af2cf2b41a143ae741,docs/stages/p1/implementation/p1-w10-qemu-boot-regression/04-marker-control-amendment.md,9a4de9b50ccf407501f286c59b0e4e20d77e89f1,p1,implementation-design-or-support,source,W10 R4 marker-control amendment,Adopted detailed-design correction for W10 R4; implementation and verification are recorded separately.,mechanical-only,pending,pending,Full text and counterevidence review not certified; see handoff
b317b88ad6f78f82143ec6af2cf2b41a143ae741,docs/stages/p1/implementation/p1-w10-qemu-boot-regression/README.md,34e671b986a676101b2f5284ec17513e3f656a56,p1,implementation-design-or-support,source,P1-W10 QEMU Boot Regression — Detailed Implementation Design,Proposed detailed design; implementation and validation are not,mechanical-only,pending,pending,Full text and counterevidence review not certified; see handoff
b317b88ad6f78f82143ec6af2cf2b41a143ae741,docs/stages/p1/implementation/p1-w11-negative-fault-validation-record.md,a8b9c9cfbce15bbd79d69fb4f6a19b8cb47de97f,p1,implementation-record,source,P1-W11 negative/fault validation implementation record,NC2–NC5 mechanisms and local paired runs; W11 closure not claimed.,mechanical-only,pending,pending,Full text and counterevidence review not certified; see handoff
b317b88ad6f78f82143ec6af2cf2b41a143ae741,docs/stages/p1/implementation/p1-w11-negative-fault-validation/01-fault-scenario-matrix.md,132a5a2bc6c55cbab67b015cfc1f9decebee7b82,p1,implementation-design-or-support,source,P1-W11 Fault Scenario Matrix,Proposed detailed design; implementation not claimed.,mechanical-only,pending,pending,Full text and counterevidence review not certified; see handoff
b317b88ad6f78f82143ec6af2cf2b41a143ae741,docs/stages/p1/implementation/p1-w11-negative-fault-validation/02-scope-security-review.md,1af40ca9cefbd367d85115d66d344cafd9236950,p1,implementation-design-or-support,source,P1-W11 Scope and Security Review Design,Proposed detailed design; implementation not claimed.,mechanical-only,pending,pending,Full text and counterevidence review not certified; see handoff
b317b88ad6f78f82143ec6af2cf2b41a143ae741,docs/stages/p1/implementation/p1-w11-negative-fault-validation/03-implementation-and-review.md,bd19696ec80962638ddf30bf1db8d15563b9ecee,p1,implementation-design-or-support,source,P1-W11 Implementation Workflow and Acceptance Design,Proposed detailed design; implementation and validation are not,mechanical-only,pending,pending,Full text and counterevidence review not certified; see handoff
b317b88ad6f78f82143ec6af2cf2b41a143ae741,docs/stages/p1/implementation/p1-w11-negative-fault-validation/04-trigger-reconciliation.md,b6cf3690476a302bac4621de81672026ef2b9124,p1,implementation-design-or-support,source,P1-W11 validation-trigger reconciliation,Proposed detailed-design correction; execution is not claimed.,mechanical-only,pending,pending,Full text and counterevidence review not certified; see handoff
b317b88ad6f78f82143ec6af2cf2b41a143ae741,docs/stages/p1/implementation/p1-w11-negative-fault-validation/README.md,4427c16bdb0a0f202e4721b1286efd9b55b63d84,p1,implementation-design-or-support,source,P1-W11 Negative and Fault Validation — Detailed Implementation Design,Proposed detailed design; implementation and validation are not,mechanical-only,pending,pending,Full text and counterevidence review not certified; see handoff
b317b88ad6f78f82143ec6af2cf2b41a143ae741,docs/stages/p1/implementation/p1-w12-p1-documentation-handoff-record.md,6ba55bfa3c9a1a7933d86586f011e777c1fffdc1,p1,implementation-record,source,P1-W12 contract and P2 handoff implementation record,W12 contract set merged through PR #57 after local review and online checks; P1 completion not claimed.,mechanical-only,pending,pending,Full text and counterevidence review not certified; see handoff
b317b88ad6f78f82143ec6af2cf2b41a143ae741,docs/stages/p1/implementation/p1-w12-p1-documentation-handoff/01-contracts-and-review.md,f939c706ecf909e38b87c2f688210a9c3c530b65,p1,implementation-design-or-support,source,P1-W12 Contract Set and Review Design,Proposed detailed design; implementation not claimed.,mechanical-only,pending,pending,Full text and counterevidence review not certified; see handoff
b317b88ad6f78f82143ec6af2cf2b41a143ae741,docs/stages/p1/implementation/p1-w12-p1-documentation-handoff/README.md,09de10a2d6e236004a3ba64d17e55cbd62887991,p1,implementation-design-or-support,source,P1-W12 P1 Documentation and P2 Handoff — Detailed Implementation Design,Proposed detailed design; implementation and validation are not,mechanical-only,pending,pending,Full text and counterevidence review not certified; see handoff
b317b88ad6f78f82143ec6af2cf2b41a143ae741,docs/stages/p1/plans/README.md,addbf459df27ffd3d996fc5562ba8e02a0af34f4,p1,plan-index,source,P1 work-package plans,Planning index. Individual plans are bounded work-package plans;,mechanical-only,pending,pending,Full text and counterevidence review not certified; see handoff
b317b88ad6f78f82143ec6af2cf2b41a143ae741,docs/stages/p1/plans/p1-w01-reference-boot-contract.md,1bb8eeead2ba27bcf2c4ff63313b10430fa5cd6a,p1,work-package-plan,source,P1-W01 — Reference boot contract,not-extracted; inspect source,mechanical-only,pending,pending,Full text and counterevidence review not certified; see handoff
b317b88ad6f78f82143ec6af2cf2b41a143ae741,docs/stages/p1/plans/p1-w02-minimal-rust-el2-runtime.md,c4e6517c2b6dbdfb0b05b7bc81d9471f1e0ecf15,p1,work-package-plan,source,P1-W02 — Minimal Rust EL2 runtime,not-extracted; inspect source,mechanical-only,pending,pending,Full text and counterevidence review not certified; see handoff
b317b88ad6f78f82143ec6af2cf2b41a143ae741,docs/stages/p1/plans/p1-w03-aarch64-capability-inventory.md,cd801b95b17a9b411101c622885379cb2cd24552,p1,work-package-plan,source,P1-W03 — AArch64 capability inventory,not-extracted; inspect source,mechanical-only,pending,pending,Full text and counterevidence review not certified; see handoff
b317b88ad6f78f82143ec6af2cf2b41a143ae741,docs/stages/p1/plans/p1-w04-el2-architectural-state-baseline.md,bf125a27560630a9f491aff72f72afd1d55a4fac,p1,work-package-plan,source,P1-W04 — EL2 architectural-state baseline,not-extracted; inspect source,mechanical-only,pending,pending,Full text and counterevidence review not certified; see handoff
b317b88ad6f78f82143ec6af2cf2b41a143ae741,docs/stages/p1/plans/p1-w05-el2-exception-entry-baseline.md,fd76c1958d185bfd66909131eea3dbdc69782110,p1,work-package-plan,source,P1-W05 — EL2 exception entry baseline,not-extracted; inspect source,mechanical-only,pending,pending,Full text and counterevidence review not certified; see handoff
b317b88ad6f78f82143ec6af2cf2b41a143ae741,docs/stages/p1/plans/p1-w06-early-console-logging.md,da80a3bbfcb32a40b3e9e459f2c21be99251de8d,p1,work-package-plan,source,P1-W06 — Early console and bring-up logging,not-extracted; inspect source,mechanical-only,pending,pending,Full text and counterevidence review not certified; see handoff
b317b88ad6f78f82143ec6af2cf2b41a143ae741,docs/stages/p1/plans/p1-w07-fatal-crash-diagnostics.md,7dc4d5518b8d8ece3d9bcc794d05aef4c894353e,p1,work-package-plan,source,P1-W07 — Fatal crash diagnostics,not-extracted; inspect source,mechanical-only,pending,pending,Full text and counterevidence review not certified; see handoff
b317b88ad6f78f82143ec6af2cf2b41a143ae741,docs/stages/p1/plans/p1-w08-host-stage1-address-space.md,c263a903b9943139f9bd75cf92290283c7231f03,p1,work-package-plan,source,P1-W08 — Host Stage-1 address space,not-extracted; inspect source,mechanical-only,pending,pending,Full text and counterevidence review not certified; see handoff
b317b88ad6f78f82143ec6af2cf2b41a143ae741,docs/stages/p1/plans/p1-w09-initialization-sequencing.md,62cefe99bdbd363025a29d8eb4f19ee4547aac32,p1,work-package-plan,source,P1-W09 — Initialization sequencing,not-extracted; inspect source,mechanical-only,pending,pending,Full text and counterevidence review not certified; see handoff
b317b88ad6f78f82143ec6af2cf2b41a143ae741,docs/stages/p1/plans/p1-w10-qemu-boot-regression.md,57f1a8d0cebbe85a6bde47cdabe5bc2f25f67d66,p1,work-package-plan,source,P1-W10 — QEMU boot regression,not-extracted; inspect source,mechanical-only,pending,pending,Full text and counterevidence review not certified; see handoff
b317b88ad6f78f82143ec6af2cf2b41a143ae741,docs/stages/p1/plans/p1-w11-negative-fault-validation.md,3b53da72a26b1c8fb1e65cb2d64634c4b4bb2ae6,p1,work-package-plan,source,P1-W11 — Negative and fault validation,not-extracted; inspect source,mechanical-only,pending,pending,Full text and counterevidence review not certified; see handoff
b317b88ad6f78f82143ec6af2cf2b41a143ae741,docs/stages/p1/plans/p1-w12-p1-documentation-handoff.md,e4fff18afa8116b41c5ee745afc3fe3ad9f517a9,p1,work-package-plan,source,P1-W12 — P1 documentation and P2 handoff,not-extracted; inspect source,mechanical-only,pending,pending,Full text and counterevidence review not certified; see handoff
b317b88ad6f78f82143ec6af2cf2b41a143ae741,docs/stages/p1/task-book-v0.1.md,490d3ba0687cceff5f201d0a1f8e140bbbc414fd,p1,task-book,source,Zelyr Hypervisor — P1 Stage Task Book v0.1,Superseded by [P1 task book v0.2](task-book-v0.2.md); retained as the historical acceptance baseline,targeted-review,pending,pending,Full text and counterevidence review not certified; see handoff
b317b88ad6f78f82143ec6af2cf2b41a143ae741,docs/stages/p1/task-book-v0.2.md,88ef67539c743ce72edab41c83d19ea6646c9091,p1,task-book,source,Zelyr Hypervisor — P1 Stage Task Book v0.2,"Current amended planning baseline; implementation and validation evidence remains in package records, not this book",mechanical-only,pending,pending,Full text and counterevidence review not certified; see handoff
b317b88ad6f78f82143ec6af2cf2b41a143ae741,docs/stages/p1/task-book-v0.2.zh-CN.md,73a32ce81a65631f50449394aa07cccf8839e99a,p1,task-book,zh-CN-translation,Zelyr Hypervisor — P1 阶段任务书 v0.2,not-extracted; inspect source,mechanical-only,pending,pending,Full text and counterevidence review not certified; see handoff
b317b88ad6f78f82143ec6af2cf2b41a143ae741,docs/stages/p1/verification/p1-completion-report.md,d236a1e039b81dd107d7ec288c58a78b29e5fd84,p1,verification,source,P1 Completion Report — AArch64 EL2 Minimum Bring-up,P1 stage completion decision for the declared reference-QEMU scope.,targeted-review,pending,pending,Full text and counterevidence review not certified; see handoff
b317b88ad6f78f82143ec6af2cf2b41a143ae741,docs/stages/p1/verification/p1-completion-report.zh-CN.md,359c26426aa6b6de5e91935324c816e330865b90,p1,verification,zh-CN-translation,P1 完成报告 — AArch64 EL2 最小启动,not-extracted; inspect source,mechanical-only,pending,pending,Full text and counterevidence review not certified; see handoff
b317b88ad6f78f82143ec6af2cf2b41a143ae741,docs/stages/p1/verification/p1-local-evidence-archive.md,a4aad5cca7d70ff94b154779cfe8596c14731b04,p1,verification,source,P1 local evidence archive after worktree cleanup,Factual custody record; not new runtime evidence or a stage decision.,targeted-review,pending,pending,Full text and counterevidence review not certified; see handoff
b317b88ad6f78f82143ec6af2cf2b41a143ae741,docs/stages/p1/verification/p1-w01-reference-boot-contract-verification.md,a59634ad83ca14af5ebfc73dbf10a3ac4b53a10e,p1,verification,source,P1-W01 Reference Boot Contract — Verification Record,Reviews complete; executable matrix entries deferred by contract.,mechanical-only,pending,pending,Full text and counterevidence review not certified; see handoff
b317b88ad6f78f82143ec6af2cf2b41a143ae741,docs/stages/p1/verification/p1-w02-minimal-rust-el2-runtime-verification.md,6219ad655dad99a64cbcbe5c987f6224dceb6b8a,p1,verification,source,P1-W02 Minimal Rust EL2 Runtime — Verification Record,Reviews complete; executed matrix entry deferred by contract;,mechanical-only,pending,pending,Full text and counterevidence review not certified; see handoff
b317b88ad6f78f82143ec6af2cf2b41a143ae741,docs/stages/p1/verification/p1-w03-aarch64-capability-inventory-verification.md,b398245326c75dc662c1b7eedf14f76d263cd188,p1,verification,source,P1-W03 capability inventory verification,Local mechanism evidence; runtime P1-V05/P1-V06 proofs pending W09–W11.,mechanical-only,pending,pending,Full text and counterevidence review not certified; see handoff
b317b88ad6f78f82143ec6af2cf2b41a143ae741,docs/stages/p1/verification/p1-w04-el2-architectural-state-baseline-verification.md,5387336e37a805a6fba2150f2b17f9f7b8740a10,p1,verification,source,P1-W04 verification record,Local implementation validation; runtime evidence deferred.,mechanical-only,pending,pending,Full text and counterevidence review not certified; see handoff
b317b88ad6f78f82143ec6af2cf2b41a143ae741,docs/stages/p1/verification/p1-w05-el2-exception-entry-baseline-verification.md,d63e5586fd67b0557ef50c1fefc27ac125e6bfd1,p1,verification,source,P1-W05 exception-entry verification record,Static mechanism review and host tests passed; executed faults pending.,mechanical-only,pending,pending,Full text and counterevidence review not certified; see handoff
b317b88ad6f78f82143ec6af2cf2b41a143ae741,docs/stages/p1/verification/p1-w06-early-console-logging-verification.md,d5348edc529cbc43dc27c531f0885443c7a0e140,p1,verification,source,P1-W06 Early Console — Verification Record,Mechanism review and local gates; integrated execution pending.,mechanical-only,pending,pending,Full text and counterevidence review not certified; see handoff
b317b88ad6f78f82143ec6af2cf2b41a143ae741,docs/stages/p1/verification/p1-w07-fatal-crash-diagnostics-verification.md,16c08eeb3b7436947d90342e64f5360f1dbeab76,p1,verification,source,P1-W07 fatal-report verification record,Host/target checks and one real QEMU panic-path probe passed; fault execution pending.,mechanical-only,pending,pending,Full text and counterevidence review not certified; see handoff
b317b88ad6f78f82143ec6af2cf2b41a143ae741,docs/stages/p1/verification/p1-w08-const-initialization-verification.md,5a6bf5c99bca1c658ddff1eace65ca49328d86c3,p1,verification,source,P1-W08 constant table initialization correction,Verified bounded correction; no expansion of P1 completion scope.,mechanical-only,pending,pending,Full text and counterevidence review not certified; see handoff
b317b88ad6f78f82143ec6af2cf2b41a143ae741,docs/stages/p1/verification/p1-w08-mmu-activation-verification.md,48fbb9b909af6554e6ef9bb81823315c615edc58,p1,verification,source,P1-W08 Stage-1 activation mechanism verification record,Compilation/model validation passed; executed MMU transition pending.,mechanical-only,pending,pending,Full text and counterevidence review not certified; see handoff
b317b88ad6f78f82143ec6af2cf2b41a143ae741,docs/stages/p1/verification/p1-w08-page-layout-verification.md,39943872baa2b8def54cca75236946a0fa820bd8,p1,verification,source,P1-W08 page-separated image-layout verification record,Target layout and pre-MMU boot probe passed; mapped execution pending.,mechanical-only,pending,pending,Full text and counterevidence review not certified; see handoff
b317b88ad6f78f82143ec6af2cf2b41a143ae741,docs/stages/p1/verification/p1-w08-stage1-foundation-verification.md,c02c12acd8ff1c575a6f75702b991d2da163ce33,p1,verification,source,P1-W08 Stage-1 table foundation verification record,Pure model checks passed; integrated W08 evidence pending.,mechanical-only,pending,pending,Full text and counterevidence review not certified; see handoff
b317b88ad6f78f82143ec6af2cf2b41a143ae741,docs/stages/p1/verification/p1-w09-initialization-sequencing-verification.md,2e586385ed14f4a27a602ea860ef91600f8027d5,p1,verification,source,P1-W09 initialization sequencing verification,"Local integrated lifecycle checks passed; repetition, fault matrix and hardware remain separate work.",mechanical-only,pending,pending,Full text and counterevidence review not certified; see handoff
b317b88ad6f78f82143ec6af2cf2b41a143ae741,docs/stages/p1/verification/p1-w09-lifecycle-foundation-verification.md,58fbef902d3912c52ed6c8f9ef8ad2fe8b01ce4d,p1,verification,source,P1-W09 lifecycle foundation verification record,Pure tracker tests passed; integrated W09 evidence pending.,mechanical-only,pending,pending,Full text and counterevidence review not certified; see handoff
b317b88ad6f78f82143ec6af2cf2b41a143ae741,docs/stages/p1/verification/p1-w10-qemu-boot-regression-verification.md,af92e467cd0c19b3ef5e69e656921fd1935f5ff6,p1,verification,source,P1-W10 QEMU Boot Regression — Verification Record,"R1, R3–R6 and 100-cycle evidence recorded; W11 NC4 re-anchored R2 on 2026-09-26. The original NC2 R2 control below remains historical.",mechanical-only,pending,pending,Full text and counterevidence review not certified; see handoff
b317b88ad6f78f82143ec6af2cf2b41a143ae741,docs/stages/p1/verification/p1-w11-negative-fault-validation-verification.md,c0e1afb800c9bc424070743627856c105e381649,p1,verification,source,P1-W11 negative/fault validation verification record,NC1–NC5 paired execution and S1–S6 review passed locally after W10 integration; NC6 blocks P1-V18 and stage completion. Earlier sections are dated snapshots.,mechanical-only,pending,pending,Full text and counterevidence review not certified; see handoff
b317b88ad6f78f82143ec6af2cf2b41a143ae741,docs/stages/p1/verification/p1-w12-p1-documentation-handoff-verification.md,1a16b9499948e2e681e267bb6dd550ea090422ec,p1,verification,source,P1-W12 contract and P2 handoff verification record,W12-DV01–DV06 passed local documentation review and PR #57 online checks; P1 completion not claimed.,mechanical-only,pending,pending,Full text and counterevidence review not certified; see handoff
b317b88ad6f78f82143ec6af2cf2b41a143ae741,docs/stages/p2/README.md,2b5191e1dbbd8e457049751351973a8f92fb3434,p2,stage-index-or-handoff,source,P2 — Platform Discovery & Host Memory Foundation,not-extracted; inspect source,mechanical-only,pending,pending,Full text and counterevidence review not certified; see handoff
b317b88ad6f78f82143ec6af2cf2b41a143ae741,docs/stages/p2/README.zh-CN.md,d9c31fdfd8ae55893075e80ca07e9121af65b226,p2,stage-index-or-handoff,zh-CN-translation,P2 — 平台发现与 Host 内存基础,not-extracted; inspect source,mechanical-only,pending,pending,Full text and counterevidence review not certified; see handoff
b317b88ad6f78f82143ec6af2cf2b41a143ae741,docs/stages/p2/implementation/README.md,cd796c9c7e1d4994ee5c7916a6ea54abac813676,p2,implementation-design-or-support,source,P2 implementation designs and records,W01/W02 implemented in their bounded reference scope; W03 map,targeted-review,pending,pending,Full text and counterevidence review not certified; see handoff
b317b88ad6f78f82143ec6af2cf2b41a143ae741,docs/stages/p2/implementation/p2-contract-reconciliation-record.md,5fb66ba1dcda29772cc18ebad2281edb9806c6c6,p2,implementation-record,source,P2 contract reconciliation record,Documentation revision authorized by the user's accepted audit plan;,targeted-review,pending,pending,Full text and counterevidence review not certified; see handoff
b317b88ad6f78f82143ec6af2cf2b41a143ae741,docs/stages/p2/implementation/p2-w01-boot-platform-description-intake-record.md,2146412401153a9bf41a4c1b9fa4db474391e1b0,p2,implementation-record,source,P2-W01 implementation record,Implemented within the declared reference boot scope; evidence is,mechanical-only,pending,pending,Full text and counterevidence review not certified; see handoff
b317b88ad6f78f82143ec6af2cf2b41a143ae741,docs/stages/p2/implementation/p2-w01-boot-platform-description-intake/00-current-baseline-amendment.md,0fe6987d6d0385122f027f9e93ba0853dc060b2e,p2,implementation-design-or-support,source,P2-W01 current-baseline and DTB access amendment,Implementation design authorized by the request to resolve the,mechanical-only,pending,pending,Full text and counterevidence review not certified; see handoff
b317b88ad6f78f82143ec6af2cf2b41a143ae741,docs/stages/p2/implementation/p2-w01-boot-platform-description-intake/01-intake-boundary.md,17fc855107f12184e33d2ca2b8def9579614e56a,p2,implementation-design-or-support,source,P2-W01 Intake Boundary Design,Proposed detailed design; implementation not claimed.,mechanical-only,pending,pending,Full text and counterevidence review not certified; see handoff
b317b88ad6f78f82143ec6af2cf2b41a143ae741,docs/stages/p2/implementation/p2-w01-boot-platform-description-intake/02-architecture-and-state.md,0e0a1aac6041d0df277259803b4724d2c84967ce,p2,implementation-design-or-support,source,"P2-W01 Architecture, State, and Lifecycle Design",Proposed detailed design; implementation not claimed.,mechanical-only,pending,pending,Full text and counterevidence review not certified; see handoff
b317b88ad6f78f82143ec6af2cf2b41a143ae741,docs/stages/p2/implementation/p2-w01-boot-platform-description-intake/03-code-contracts-intake.md,a1ea4e0dc67e1be430799fb48483b86ecc1bd19c,p2,implementation-design-or-support,source,P2-W01 Code Contracts — Intake Boundary,Proposed detailed design; implementation not claimed.,mechanical-only,pending,pending,Full text and counterevidence review not certified; see handoff
b317b88ad6f78f82143ec6af2cf2b41a143ae741,docs/stages/p2/implementation/p2-w01-boot-platform-description-intake/04-implementation-workflow.md,bfa5457523d2404d78efabc2c9ef06922635d9f8,p2,implementation-design-or-support,source,P2-W01 Implementation Workflow and Acceptance Design,Proposed detailed design; implementation not claimed.,mechanical-only,pending,pending,Full text and counterevidence review not certified; see handoff
b317b88ad6f78f82143ec6af2cf2b41a143ae741,docs/stages/p2/implementation/p2-w01-boot-platform-description-intake/05-validation-and-handoff.md,b5e956c346988ab0f8b8ce5b565773b543292c6c,p2,implementation-design-or-support,source,"P2-W01 Validation, Error Model, and Handoff Design",Proposed detailed design; implementation not claimed.,mechanical-only,pending,pending,Full text and counterevidence review not certified; see handoff
b317b88ad6f78f82143ec6af2cf2b41a143ae741,docs/stages/p2/implementation/p2-w01-boot-platform-description-intake/README.md,3a265306da827d899b1103a6899ea052b8e47bf5,p2,implementation-design-or-support,source,P2-W01 Boot Platform-Description Intake — Detailed Implementation Design,Original design with implemented current-baseline amendment;,mechanical-only,pending,pending,Full text and counterevidence review not certified; see handoff
b317b88ad6f78f82143ec6af2cf2b41a143ae741,docs/stages/p2/implementation/p2-w01-w02-prerequisite-conflict.md,a7911e6399eb5975f94ffc28695827eb508a9fa8,p2,implementation-design-or-support,source,P2-W01/W02 prerequisite conflict: boot DTB access,Resolved by the P2-W01 current-baseline amendment and implementation.,mechanical-only,pending,pending,Full text and counterevidence review not certified; see handoff
b317b88ad6f78f82143ec6af2cf2b41a143ae741,docs/stages/p2/implementation/p2-w02-platform-discovery-normalization-record.md,a041314cf629671541d986b989b6b227bcf80945,p2,implementation-record,source,P2-W02 implementation record,Implemented; bounded host and reference-QEMU evidence is in the,mechanical-only,pending,pending,Full text and counterevidence review not certified; see handoff
b317b88ad6f78f82143ec6af2cf2b41a143ae741,docs/stages/p2/implementation/p2-w02-platform-discovery-normalization/01-scope-and-foundations.md,43c66772832cef99884bbf1f99c3c428cb144317,p2,implementation-design-or-support,source,"P2-W02 Scope, Foundations, and Policies",Proposed detailed design; implementation not claimed.,mechanical-only,pending,pending,Full text and counterevidence review not certified; see handoff
b317b88ad6f78f82143ec6af2cf2b41a143ae741,docs/stages/p2/implementation/p2-w02-platform-discovery-normalization/02-architecture-and-state.md,40af4284215ada0f5b144b624473e1c8a7b3e303,p2,implementation-design-or-support,source,"P2-W02 Architecture, State, and Lifecycle Design",Proposed detailed design; implementation not claimed.,mechanical-only,pending,pending,Full text and counterevidence review not certified; see handoff
b317b88ad6f78f82143ec6af2cf2b41a143ae741,docs/stages/p2/implementation/p2-w02-platform-discovery-normalization/03-code-contracts-decoders.md,244f40ec35264fda62a8170d13a48bd0e3b9075c,p2,implementation-design-or-support,source,P2-W02 Code Contracts — Cell Decoders and Domain Walkers,Proposed detailed design; implementation not claimed.,mechanical-only,pending,pending,Full text and counterevidence review not certified; see handoff
b317b88ad6f78f82143ec6af2cf2b41a143ae741,docs/stages/p2/implementation/p2-w02-platform-discovery-normalization/04-code-contracts-facts.md,a77107c7c58cfee276655f4dc2ff3a296ba2a78c,p2,implementation-design-or-support,source,"P2-W02 Code Contracts — Fact Model, Singleton Walkers, Normalization",Proposed detailed design; implementation not claimed.,mechanical-only,pending,pending,Full text and counterevidence review not certified; see handoff
b317b88ad6f78f82143ec6af2cf2b41a143ae741,docs/stages/p2/implementation/p2-w02-platform-discovery-normalization/05-implementation-workflow.md,68bebacc155701df42c20cd60a46bb39cc64814b,p2,implementation-design-or-support,source,P2-W02 Implementation Workflow and Acceptance Design,Proposed detailed design; implementation not claimed.,mechanical-only,pending,pending,Full text and counterevidence review not certified; see handoff
b317b88ad6f78f82143ec6af2cf2b41a143ae741,docs/stages/p2/implementation/p2-w02-platform-discovery-normalization/06-validation-and-handoff.md,beb94ad29a1a4b6ead9baf319526453aa23105d2,p2,implementation-design-or-support,source,"P2-W02 Validation, Error Model, and Handoff Design",Proposed detailed design; implementation not claimed.,mechanical-only,pending,pending,Full text and counterevidence review not certified; see handoff
b317b88ad6f78f82143ec6af2cf2b41a143ae741,docs/stages/p2/implementation/p2-w02-platform-discovery-normalization/README.md,5d1c58e50331cc6963825efe23e2608979c3553c,p2,implementation-design-or-support,source,P2-W02 Platform Discovery and Normalization — Detailed Implementation Design,Original design with implemented current-baseline amendment;,mechanical-only,pending,pending,Full text and counterevidence review not certified; see handoff
b317b88ad6f78f82143ec6af2cf2b41a143ae741,docs/stages/p2/implementation/p2-w03-boot-memory-map-ownership-record.md,8836389722c06171ecf3be5f7e00075e01eeb9d2,p2,implementation-record,source,P2-W03 boot memory map implementation record,Implementation record; validation and closure scope are in the,mechanical-only,pending,pending,Full text and counterevidence review not certified; see handoff
b317b88ad6f78f82143ec6af2cf2b41a143ae741,docs/stages/p2/implementation/p2-w03-boot-memory-map-ownership/01-scope-and-foundations.md,c251bb2808d27d964155af26fd7128690d1f9644,p2,implementation-design-or-support,source,"P2-W03 Scope, Foundations, and Policies",Detailed design selected for the user-requested W03 implementation;,mechanical-only,pending,pending,Full text and counterevidence review not certified; see handoff
b317b88ad6f78f82143ec6af2cf2b41a143ae741,docs/stages/p2/implementation/p2-w03-boot-memory-map-ownership/02-architecture-and-state.md,654a979a58e6bf453a5a9fb605a92d3b9adcab4e,p2,implementation-design-or-support,source,"P2-W03 Architecture, State, and Lifecycle Design",Detailed design selected for the user-requested W03 implementation;,mechanical-only,pending,pending,Full text and counterevidence review not certified; see handoff
b317b88ad6f78f82143ec6af2cf2b41a143ae741,docs/stages/p2/implementation/p2-w03-boot-memory-map-ownership/03-code-contracts-bootmap.md,f5ce4b1504ef381415002fe9b92db13cc6bfd95a,p2,implementation-design-or-support,source,P2-W03 Code Contracts — Boot Memory Map,Detailed design selected for the user-requested W03 implementation;,mechanical-only,pending,pending,Full text and counterevidence review not certified; see handoff
b317b88ad6f78f82143ec6af2cf2b41a143ae741,docs/stages/p2/implementation/p2-w03-boot-memory-map-ownership/04-implementation-workflow.md,81a2e05ba90d953cd33f3313256b81bdfa9363e8,p2,implementation-design-or-support,source,P2-W03 Implementation Workflow and Acceptance Design,Detailed design selected for the user-requested W03 implementation;,mechanical-only,pending,pending,Full text and counterevidence review not certified; see handoff
b317b88ad6f78f82143ec6af2cf2b41a143ae741,docs/stages/p2/implementation/p2-w03-boot-memory-map-ownership/05-validation-and-handoff.md,9b3cd1b94a12dda853d168460ea47b231d1c3367,p2,implementation-design-or-support,source,"P2-W03 Validation, Error Model, and Handoff Design",Detailed design selected for the user-requested W03 implementation;,mechanical-only,pending,pending,Full text and counterevidence review not certified; see handoff
b317b88ad6f78f82143ec6af2cf2b41a143ae741,docs/stages/p2/implementation/p2-w03-boot-memory-map-ownership/06-runtime-storage-and-handoff.md,4e150434d8c441b2199f96706bfc88c51d7c6bef,p2,implementation-design-or-support,source,P2-W03 runtime storage and handoff correction,Detailed design authorized by the user's request to finish W03's,mechanical-only,pending,pending,Full text and counterevidence review not certified; see handoff
b317b88ad6f78f82143ec6af2cf2b41a143ae741,docs/stages/p2/implementation/p2-w03-boot-memory-map-ownership/README.md,a375fbd0b0281975e886d8ee41526cc3f5fff701,p2,implementation-design-or-support,source,P2-W03 Boot Memory Map and Ownership Foundation — Detailed Implementation Design,Detailed design selected for the user-requested W03 implementation;,mechanical-only,pending,pending,Full text and counterevidence review not certified; see handoff
b317b88ad6f78f82143ec6af2cf2b41a143ae741,docs/stages/p2/implementation/p2-w03-runtime-record.md,99634cfd4022f0145edbebaa683ae7f0e06946c5,p2,implementation-record,source,P2-W03 runtime completion record,Implementation record; closure evidence is in the linked verification.,targeted-review,pending,pending,Full text and counterevidence review not certified; see handoff
b317b88ad6f78f82143ec6af2cf2b41a143ae741,docs/stages/p2/implementation/p2-w03-w04-design-conflicts.md,58701f586bfc07dc71ee335743f2e6b99a9057b8,p2,implementation-design-or-support,source,P2-W03/W04 current-baseline design conflicts,Original audit retained; documentation contradictions revised.,mechanical-only,pending,pending,Full text and counterevidence review not certified; see handoff
b317b88ad6f78f82143ec6af2cf2b41a143ae741,docs/stages/p2/implementation/p2-w04-physical-page-allocation/01-scope-and-foundations.md,086368ee1901a5870e816ca5c95adfa49f6e2af4,p2,implementation-design-or-support,source,"P2-W04 Scope, Foundations, and Policies",Proposed detailed design; implementation not claimed.,mechanical-only,pending,pending,Full text and counterevidence review not certified; see handoff
b317b88ad6f78f82143ec6af2cf2b41a143ae741,docs/stages/p2/implementation/p2-w04-physical-page-allocation/02-architecture-and-state.md,461e35f90b8c52cc03bc8d620b02d540f44cc774,p2,implementation-design-or-support,source,"P2-W04 Architecture, State, and Lifecycle Design",Proposed detailed design; W04-LAYOUT and W04-MAP remain admission gates.,mechanical-only,pending,pending,Full text and counterevidence review not certified; see handoff
b317b88ad6f78f82143ec6af2cf2b41a143ae741,docs/stages/p2/implementation/p2-w04-physical-page-allocation/03-code-contracts-pagealloc.md,17c2a8aa59513bceb8b151c549610cc793297132,p2,implementation-design-or-support,source,P2-W04 Code Contracts — Physical Page Allocator,"Proposed contracts; implementation blocked by W04-LAYOUT, target",mechanical-only,pending,pending,Full text and counterevidence review not certified; see handoff
b317b88ad6f78f82143ec6af2cf2b41a143ae741,docs/stages/p2/implementation/p2-w04-physical-page-allocation/04-implementation-workflow.md,38a2e0b4368c98ba30a742abb4e577d6b9d277cb,p2,implementation-design-or-support,source,P2-W04 Implementation Workflow and Acceptance Design,Proposed detailed design; implementation not claimed.,mechanical-only,pending,pending,Full text and counterevidence review not certified; see handoff
b317b88ad6f78f82143ec6af2cf2b41a143ae741,docs/stages/p2/implementation/p2-w04-physical-page-allocation/05-validation-and-handoff.md,e936e335c8d58ba20228553b01dd7043a1c3e63a,p2,implementation-design-or-support,source,"P2-W04 Validation, Error Model, and Handoff Design",Proposed detailed design; implementation not claimed.,mechanical-only,pending,pending,Full text and counterevidence review not certified; see handoff
b317b88ad6f78f82143ec6af2cf2b41a143ae741,docs/stages/p2/implementation/p2-w04-physical-page-allocation/README.md,efefd6a9a56b66c38a31bc41c9568a1faf2a5df8,p2,implementation-design-or-support,source,P2-W04 Physical Page Allocation Foundation — Detailed Implementation Design,Proposed detailed design; implementation and validation are not,mechanical-only,pending,pending,Full text and counterevidence review not certified; see handoff
b317b88ad6f78f82143ec6af2cf2b41a143ae741,docs/stages/p2/implementation/p2-w05-dynamic-small-allocation/01-scope-and-foundations.md,7a0d52ba219961d09d4663e28206b655880e57da,p2,implementation-design-or-support,source,"P2-W05 Scope, Foundations, and Policies",Proposed detailed design; implementation not claimed.,mechanical-only,pending,pending,Full text and counterevidence review not certified; see handoff
b317b88ad6f78f82143ec6af2cf2b41a143ae741,docs/stages/p2/implementation/p2-w05-dynamic-small-allocation/02-architecture-and-state.md,8f1230aeb47574ac94dcb23a45dac58cc3adb277,p2,implementation-design-or-support,source,"P2-W05 Architecture, State, and Lifecycle Design",Proposed detailed design; implementation not claimed.,mechanical-only,pending,pending,Full text and counterevidence review not certified; see handoff
b317b88ad6f78f82143ec6af2cf2b41a143ae741,docs/stages/p2/implementation/p2-w05-dynamic-small-allocation/03-code-contracts-heap.md,4630ccf560f111f480c0955b97ba6da5716a6746,p2,implementation-design-or-support,source,P2-W05 Code Contracts — Dynamic Small Allocation,Proposed detailed design; implementation not claimed.,mechanical-only,pending,pending,Full text and counterevidence review not certified; see handoff
b317b88ad6f78f82143ec6af2cf2b41a143ae741,docs/stages/p2/implementation/p2-w05-dynamic-small-allocation/04-implementation-workflow.md,80b106fcb2c0e856d449c931b28b553a3bac3f18,p2,implementation-design-or-support,source,P2-W05 Implementation Workflow and Acceptance Design,Proposed detailed design; implementation not claimed.,mechanical-only,pending,pending,Full text and counterevidence review not certified; see handoff
b317b88ad6f78f82143ec6af2cf2b41a143ae741,docs/stages/p2/implementation/p2-w05-dynamic-small-allocation/05-validation-and-handoff.md,a6f8537b47432e5ae878973cac9030dd979e98d8,p2,implementation-design-or-support,source,"P2-W05 Validation, Error Model, and Handoff Design",Proposed detailed design; implementation not claimed.,mechanical-only,pending,pending,Full text and counterevidence review not certified; see handoff
b317b88ad6f78f82143ec6af2cf2b41a143ae741,docs/stages/p2/implementation/p2-w05-dynamic-small-allocation/README.md,477ca5d69b667cb3114767d0e9811f4e4a1d3ba6,p2,implementation-design-or-support,source,P2-W05 Dynamic Small-Allocation Foundation — Detailed Implementation Design,Proposed detailed design; implementation and validation are not,mechanical-only,pending,pending,Full text and counterevidence review not certified; see handoff
b317b88ad6f78f82143ec6af2cf2b41a143ae741,docs/stages/p2/implementation/p2-w06-platform-memory-inspection/01-scope-and-foundations.md,57122cba21db52df7efe4ca0359efc7d148c808f,p2,implementation-design-or-support,source,"P2-W06 Scope, Foundations, and Policies",Proposed detailed design; implementation not claimed.,mechanical-only,pending,pending,Full text and counterevidence review not certified; see handoff
b317b88ad6f78f82143ec6af2cf2b41a143ae741,docs/stages/p2/implementation/p2-w06-platform-memory-inspection/02-architecture-and-state.md,4e46acd3e6855e35304f3986e92fe903d7260a19,p2,implementation-design-or-support,source,P2-W06 Architecture and State Model,Proposed detailed design; implementation not claimed.,mechanical-only,pending,pending,Full text and counterevidence review not certified; see handoff
b317b88ad6f78f82143ec6af2cf2b41a143ae741,docs/stages/p2/implementation/p2-w06-platform-memory-inspection/03-code-contracts-inspection.md,15d52688fa98102dfeb4c90e1140377bb0c925d3,p2,implementation-design-or-support,source,P2-W06 Code Contracts — Inspection,Proposed detailed design; implementation not claimed.,mechanical-only,pending,pending,Full text and counterevidence review not certified; see handoff
b317b88ad6f78f82143ec6af2cf2b41a143ae741,docs/stages/p2/implementation/p2-w06-platform-memory-inspection/04-implementation-workflow.md,a26b8cd0799637153612b66b5d68f488e7f0ec5b,p2,implementation-design-or-support,source,P2-W06 Implementation Workflow and Acceptance Design,Proposed detailed design; implementation and validation are not,mechanical-only,pending,pending,Full text and counterevidence review not certified; see handoff
b317b88ad6f78f82143ec6af2cf2b41a143ae741,docs/stages/p2/implementation/p2-w06-platform-memory-inspection/05-validation-and-handoff.md,95c509989547bfc7bbd5d14ce769053e6b827683,p2,implementation-design-or-support,source,"P2-W06 Validation, Error Model, and Handoff Design",Proposed detailed design; implementation and validation are not,mechanical-only,pending,pending,Full text and counterevidence review not certified; see handoff
b317b88ad6f78f82143ec6af2cf2b41a143ae741,docs/stages/p2/implementation/p2-w06-platform-memory-inspection/README.md,bec5ff8601404d74ce8b6d6e16bdefe3f37bb2d9,p2,implementation-design-or-support,source,P2-W06 Platform and Memory Inspection — Detailed Implementation Design,Proposed detailed design; implementation and validation are not,mechanical-only,pending,pending,Full text and counterevidence review not certified; see handoff
b317b88ad6f78f82143ec6af2cf2b41a143ae741,docs/stages/p2/implementation/p2-w07-offline-dtb-compatibility/01-scope-and-foundations.md,86b72dea7b5f0e22ba2ec505116eaa40f6552e49,p2,implementation-design-or-support,source,"P2-W07 Scope, Foundations, and Policies",Proposed detailed design; implementation not claimed.,mechanical-only,pending,pending,Full text and counterevidence review not certified; see handoff
b317b88ad6f78f82143ec6af2cf2b41a143ae741,docs/stages/p2/implementation/p2-w07-offline-dtb-compatibility/02-readiness-report-model.md,7b2acd7abc04e5c6146a93474ea9a2f65ef6ca0c,p2,implementation-design-or-support,source,P2-W07 Readiness Report Model,Proposed detailed design; implementation not claimed.,mechanical-only,pending,pending,Full text and counterevidence review not certified; see handoff
b317b88ad6f78f82143ec6af2cf2b41a143ae741,docs/stages/p2/implementation/p2-w07-offline-dtb-compatibility/03-fixture-and-expectation-matrix.md,2c27b92f3cd841ba9eeb00b0551bf8ccb1d73a97,p2,implementation-design-or-support,source,P2-W07 Fixture and Expectation Matrix,Proposed detailed design; implementation not claimed.,mechanical-only,pending,pending,Full text and counterevidence review not certified; see handoff
b317b88ad6f78f82143ec6af2cf2b41a143ae741,docs/stages/p2/implementation/p2-w07-offline-dtb-compatibility/04-implementation-workflow.md,7c6ca030fda0ca4a92463a18535e78e3f5aed1b4,p2,implementation-design-or-support,source,P2-W07 Implementation Workflow and Acceptance Design,Proposed detailed design; implementation and validation are not,mechanical-only,pending,pending,Full text and counterevidence review not certified; see handoff
b317b88ad6f78f82143ec6af2cf2b41a143ae741,docs/stages/p2/implementation/p2-w07-offline-dtb-compatibility/05-validation-and-handoff.md,1bcd28acb36fea3d268694252e92c1c568cefff0,p2,implementation-design-or-support,source,"P2-W07 Validation, Error Model, and Handoff Design",Proposed detailed design; implementation and validation are not,mechanical-only,pending,pending,Full text and counterevidence review not certified; see handoff
b317b88ad6f78f82143ec6af2cf2b41a143ae741,docs/stages/p2/implementation/p2-w07-offline-dtb-compatibility/README.md,ff575d53468f7864c437fff9226d2901620e9e22,p2,implementation-design-or-support,source,P2-W07 Offline DTB Compatibility Checking — Detailed Implementation Design,Proposed detailed design; implementation and validation are not,mechanical-only,pending,pending,Full text and counterevidence review not certified; see handoff
b317b88ad6f78f82143ec6af2cf2b41a143ae741,docs/stages/p2/implementation/p2-w08-host-robustness-regression/01-scope-and-foundations.md,ca961ce09d37366c2406dd8b7596c70e4ea9026d,p2,implementation-design-or-support,source,"P2-W08 Scope, Foundations, and Policies",Proposed detailed design; implementation not claimed.,mechanical-only,pending,pending,Full text and counterevidence review not certified; see handoff
b317b88ad6f78f82143ec6af2cf2b41a143ae741,docs/stages/p2/implementation/p2-w08-host-robustness-regression/02-matrices-input-and-map.md,dd4c209cf92780ac2c4d6cbc72f30b40e6786517,p2,implementation-design-or-support,source,P2-W08 Scenario Matrices — Malformed DTB and Memory Map,Proposed detailed design; implementation not claimed.,mechanical-only,pending,pending,Full text and counterevidence review not certified; see handoff
b317b88ad6f78f82143ec6af2cf2b41a143ae741,docs/stages/p2/implementation/p2-w08-host-robustness-regression/03-matrices-allocator-stress-determinism.md,4a6b2afe0a4a6f59340479a108ac2b8e46b2f408,p2,implementation-design-or-support,source,"P2-W08 Scenario Matrices — Allocator, Stress, Determinism",Proposed detailed design; implementation not claimed.,mechanical-only,pending,pending,Full text and counterevidence review not certified; see handoff
b317b88ad6f78f82143ec6af2cf2b41a143ae741,docs/stages/p2/implementation/p2-w08-host-robustness-regression/04-automation-and-evidence.md,483ad1c6b8f229b0dddc0a4dfbd0b1fd25ecfd01,p2,implementation-design-or-support,source,P2-W08 Automation Contract and Evidence Design,Proposed detailed design; implementation not claimed.,mechanical-only,pending,pending,Full text and counterevidence review not certified; see handoff
b317b88ad6f78f82143ec6af2cf2b41a143ae741,docs/stages/p2/implementation/p2-w08-host-robustness-regression/05-validation-and-handoff.md,ea8c2a4100578f9a0fdb250eda2acc7c3e3bfb24,p2,implementation-design-or-support,source,"P2-W08 Validation, Evidence Mapping, and Handoff Design",Proposed detailed design; implementation and validation are not,mechanical-only,pending,pending,Full text and counterevidence review not certified; see handoff
b317b88ad6f78f82143ec6af2cf2b41a143ae741,docs/stages/p2/implementation/p2-w08-host-robustness-regression/README.md,45b8cdf1aa96626a9e83c2fe48a4133979b84cf2,p2,implementation-design-or-support,source,P2-W08 Host Robustness and Negative Regression — Detailed Implementation Design,Proposed detailed design; implementation and validation are not,mechanical-only,pending,pending,Full text and counterevidence review not certified; see handoff
b317b88ad6f78f82143ec6af2cf2b41a143ae741,docs/stages/p2/implementation/p2-w09-qemu-integration-regression/01-scope-and-foundations.md,74e127d385948bb11afaecda6fa7b88d05bdbc43,p2,implementation-design-or-support,source,"P2-W09 Scope, Foundations, and Policies",Proposed detailed design; implementation not claimed.,mechanical-only,pending,pending,Full text and counterevidence review not certified; see handoff
b317b88ad6f78f82143ec6af2cf2b41a143ae741,docs/stages/p2/implementation/p2-w09-qemu-integration-regression/02-configuration-matrix.md,40996991c12660012a7f099eca082d042ebf30bb,p2,implementation-design-or-support,source,P2-W09 Configuration Matrix and Expected Observations,Proposed detailed design; implementation not claimed.,mechanical-only,pending,pending,Full text and counterevidence review not certified; see handoff
b317b88ad6f78f82143ec6af2cf2b41a143ae741,docs/stages/p2/implementation/p2-w09-qemu-integration-regression/03-scenarios-and-evidence.md,e0a59c17a0ac3733c22d0326a850a481be875618,p2,implementation-design-or-support,source,P2-W09 Scenarios and Evidence Design,Proposed detailed design; implementation not claimed.,mechanical-only,pending,pending,Full text and counterevidence review not certified; see handoff
b317b88ad6f78f82143ec6af2cf2b41a143ae741,docs/stages/p2/implementation/p2-w09-qemu-integration-regression/04-validation-and-handoff.md,ebb4a37ff4ab679f043737c4c9223b8f457e04ad,p2,implementation-design-or-support,source,"P2-W09 Validation, Evidence Mapping, and Handoff Design",Proposed detailed design; implementation and validation are not,mechanical-only,pending,pending,Full text and counterevidence review not certified; see handoff
b317b88ad6f78f82143ec6af2cf2b41a143ae741,docs/stages/p2/implementation/p2-w09-qemu-integration-regression/README.md,9a5e4acbab8e50057bbecc27b8749148f04adeb8,p2,implementation-design-or-support,source,P2-W09 QEMU Platform Integration Regression — Detailed Implementation Design,Proposed detailed design; implementation and validation are not,mechanical-only,pending,pending,Full text and counterevidence review not certified; see handoff
b317b88ad6f78f82143ec6af2cf2b41a143ae741,docs/stages/p2/implementation/p2-w10-p3-p4-handoff-contract/01-consumer-contract.md,e23e039821e07bc363ce63d66c0fc15fb825a0a2,p2,implementation-design-or-support,source,P2-W10 Consumer Contract Content,Proposed detailed design; implementation not claimed.,mechanical-only,pending,pending,Full text and counterevidence review not certified; see handoff
b317b88ad6f78f82143ec6af2cf2b41a143ae741,docs/stages/p2/implementation/p2-w10-p3-p4-handoff-contract/02-evidence-map-and-gates.md,4c313743f505454ecad0c77aada39f0b254d6285,p2,implementation-design-or-support,source,"P2-W10 Evidence Map, Gate Checklist, and Workflow",Proposed detailed design; implementation not claimed.,mechanical-only,pending,pending,Full text and counterevidence review not certified; see handoff
b317b88ad6f78f82143ec6af2cf2b41a143ae741,docs/stages/p2/implementation/p2-w10-p3-p4-handoff-contract/README.md,7ebc939e74832a95668d27379ac6b1faadefac3a,p2,implementation-design-or-support,source,P2-W10 P3/P4 Handoff Contract — Detailed Implementation Design,Proposed detailed design; implementation and validation are not,mechanical-only,pending,pending,Full text and counterevidence review not certified; see handoff
b317b88ad6f78f82143ec6af2cf2b41a143ae741,docs/stages/p2/plans/README.md,945d81a708001911212595b3421f48c089561b3e,p2,plan-index,source,P2 work-package plans,"Planning index. Individual plans are bounded work-package plans,",mechanical-only,pending,pending,Full text and counterevidence review not certified; see handoff
b317b88ad6f78f82143ec6af2cf2b41a143ae741,docs/stages/p2/plans/README.zh-CN.md,f61949e5c020d74b529374fc45505d8ffbf1cfbc,p2,work-package-plan,zh-CN-translation,P2 工作包计划,not-extracted; inspect source,mechanical-only,pending,pending,Full text and counterevidence review not certified; see handoff
b317b88ad6f78f82143ec6af2cf2b41a143ae741,docs/stages/p2/plans/p2-w01-boot-platform-description-intake.md,4e63ac60bec0d1bf95d885a776e5a26dcf465180,p2,work-package-plan,source,P2-W01 — Boot platform-description intake,Planned work package; implementation not claimed,mechanical-only,pending,pending,Full text and counterevidence review not certified; see handoff
b317b88ad6f78f82143ec6af2cf2b41a143ae741,docs/stages/p2/plans/p2-w01-boot-platform-description-intake.zh-CN.md,3dd1dff5089f2fdd660a99948665d9053f1189fe,p2,work-package-plan,zh-CN-translation,P2-W01 — 启动平台描述输入,not-extracted; inspect source,mechanical-only,pending,pending,Full text and counterevidence review not certified; see handoff
b317b88ad6f78f82143ec6af2cf2b41a143ae741,docs/stages/p2/plans/p2-w02-platform-discovery-normalization.md,ce1fe9331708513c975064fb42b016ed2f92e6b9,p2,work-package-plan,source,P2-W02 — Platform discovery and normalization,Planned work package; implementation not claimed,mechanical-only,pending,pending,Full text and counterevidence review not certified; see handoff
b317b88ad6f78f82143ec6af2cf2b41a143ae741,docs/stages/p2/plans/p2-w02-platform-discovery-normalization.zh-CN.md,b6adcdb9392c656999c07796af9e32fe8c0b3ef3,p2,work-package-plan,zh-CN-translation,P2-W02 — 平台发现与规范化,not-extracted; inspect source,mechanical-only,pending,pending,Full text and counterevidence review not certified; see handoff
b317b88ad6f78f82143ec6af2cf2b41a143ae741,docs/stages/p2/plans/p2-w03-boot-memory-map-ownership.md,5d6a579af062c8ad03d02fdb679c7af71f8e3bd8,p2,work-package-plan,source,P2-W03 — Boot memory map and ownership foundation,Planned work package; implementation not claimed,mechanical-only,pending,pending,Full text and counterevidence review not certified; see handoff
b317b88ad6f78f82143ec6af2cf2b41a143ae741,docs/stages/p2/plans/p2-w03-boot-memory-map-ownership.zh-CN.md,bc27ac0b57dc11c9b80160e6eee071ae29cadff9,p2,work-package-plan,zh-CN-translation,P2-W03 — 启动内存图与所有权基础,not-extracted; inspect source,mechanical-only,pending,pending,Full text and counterevidence review not certified; see handoff
b317b88ad6f78f82143ec6af2cf2b41a143ae741,docs/stages/p2/plans/p2-w04-physical-page-allocation.md,f4252984929ba1e774ebd595c62c1f73d2e8a7a1,p2,work-package-plan,source,P2-W04 — Physical-page allocation foundation,Planned work package; implementation not claimed,mechanical-only,pending,pending,Full text and counterevidence review not certified; see handoff
b317b88ad6f78f82143ec6af2cf2b41a143ae741,docs/stages/p2/plans/p2-w04-physical-page-allocation.zh-CN.md,b15682305e035468e48c034e6f1690cf78177be9,p2,work-package-plan,zh-CN-translation,P2-W04 — 物理页分配基础,not-extracted; inspect source,mechanical-only,pending,pending,Full text and counterevidence review not certified; see handoff
b317b88ad6f78f82143ec6af2cf2b41a143ae741,docs/stages/p2/plans/p2-w05-dynamic-small-allocation.md,9c83475df3002d6689e9976333992218413f2f28,p2,work-package-plan,source,P2-W05 — Dynamic small-allocation foundation,Planned work package; implementation not claimed,mechanical-only,pending,pending,Full text and counterevidence review not certified; see handoff
b317b88ad6f78f82143ec6af2cf2b41a143ae741,docs/stages/p2/plans/p2-w05-dynamic-small-allocation.zh-CN.md,79b022a980cc79a0752289e0d519bab1e8def5ca,p2,work-package-plan,zh-CN-translation,P2-W05 — 动态小对象分配基础,not-extracted; inspect source,mechanical-only,pending,pending,Full text and counterevidence review not certified; see handoff
b317b88ad6f78f82143ec6af2cf2b41a143ae741,docs/stages/p2/plans/p2-w06-platform-memory-inspection.md,3e43bc28922e2290fd63b0353aa9d27c65237e0d,p2,work-package-plan,source,P2-W06 — Platform and memory inspection,Planned work package; implementation not claimed,mechanical-only,pending,pending,Full text and counterevidence review not certified; see handoff
b317b88ad6f78f82143ec6af2cf2b41a143ae741,docs/stages/p2/plans/p2-w06-platform-memory-inspection.zh-CN.md,a5e8f0d4dca797838d5910e4ad8acfd45b45b0df,p2,work-package-plan,zh-CN-translation,P2-W06 — 平台与内存检查,not-extracted; inspect source,mechanical-only,pending,pending,Full text and counterevidence review not certified; see handoff
b317b88ad6f78f82143ec6af2cf2b41a143ae741,docs/stages/p2/plans/p2-w07-offline-dtb-compatibility.md,bc1edd1b13625cac52cf28f1745e4669eb3824c5,p2,work-package-plan,source,P2-W07 — Offline DTB compatibility checking,Planned work package; implementation not claimed,mechanical-only,pending,pending,Full text and counterevidence review not certified; see handoff
b317b88ad6f78f82143ec6af2cf2b41a143ae741,docs/stages/p2/plans/p2-w07-offline-dtb-compatibility.zh-CN.md,1c099eaa3d977ac8f588f3441b0bb985a243f278,p2,work-package-plan,zh-CN-translation,P2-W07 — 离线 DTB 兼容性检查,not-extracted; inspect source,mechanical-only,pending,pending,Full text and counterevidence review not certified; see handoff
b317b88ad6f78f82143ec6af2cf2b41a143ae741,docs/stages/p2/plans/p2-w08-host-robustness-regression.md,5e72b765502e0237eb986b9d99e39c55e0fddf7b,p2,work-package-plan,source,P2-W08 — Host robustness and negative regression,Planned work package; implementation not claimed,mechanical-only,pending,pending,Full text and counterevidence review not certified; see handoff
b317b88ad6f78f82143ec6af2cf2b41a143ae741,docs/stages/p2/plans/p2-w08-host-robustness-regression.zh-CN.md,02bbee878970423ca6b2f742177a1b34d4a539d5,p2,work-package-plan,zh-CN-translation,P2-W08 — Host 稳健性与负向回归,not-extracted; inspect source,mechanical-only,pending,pending,Full text and counterevidence review not certified; see handoff
b317b88ad6f78f82143ec6af2cf2b41a143ae741,docs/stages/p2/plans/p2-w09-qemu-integration-regression.md,2282cc383a1a11004f9fb168d0b0b8eb5248fb58,p2,work-package-plan,source,P2-W09 — QEMU platform integration regression,Planned work package; implementation not claimed,mechanical-only,pending,pending,Full text and counterevidence review not certified; see handoff
b317b88ad6f78f82143ec6af2cf2b41a143ae741,docs/stages/p2/plans/p2-w09-qemu-integration-regression.zh-CN.md,268850e6b238e6d8ec5237f2d954bda9c518b1d2,p2,work-package-plan,zh-CN-translation,P2-W09 — QEMU 平台集成回归,not-extracted; inspect source,mechanical-only,pending,pending,Full text and counterevidence review not certified; see handoff
b317b88ad6f78f82143ec6af2cf2b41a143ae741,docs/stages/p2/plans/p2-w10-p3-p4-handoff-contract.md,a7d38192de2b852eb3962e40bc97cc4bbede963c,p2,work-package-plan,source,P2-W10 — P3/P4 handoff contract,Planned work package; implementation not claimed,mechanical-only,pending,pending,Full text and counterevidence review not certified; see handoff
b317b88ad6f78f82143ec6af2cf2b41a143ae741,docs/stages/p2/plans/p2-w10-p3-p4-handoff-contract.zh-CN.md,afaae68f0b8bc8f6831a015ea01a48f21ff06513,p2,work-package-plan,zh-CN-translation,P2-W10 — P3／P4 移交契约,not-extracted; inspect source,mechanical-only,pending,pending,Full text and counterevidence review not certified; see handoff
b317b88ad6f78f82143ec6af2cf2b41a143ae741,docs/stages/p2/task-book-v0.1.md,fff16cafdca4d2410c9e278d2c4e3c66e27b9057,p2,task-book,source,Zelyr Hypervisor — P2 Stage Task Book v0.1,Defined planning baseline; implementation and validation are not claimed,mechanical-only,pending,pending,Full text and counterevidence review not certified; see handoff
b317b88ad6f78f82143ec6af2cf2b41a143ae741,docs/stages/p2/task-book-v0.1.zh-CN.md,c156c84d688ec349f93c2068fe31f5c352164ca0,p2,task-book,zh-CN-translation,Zelyr Hypervisor — P2 阶段任务书 v0.1,not-extracted; inspect source,mechanical-only,pending,pending,Full text and counterevidence review not certified; see handoff
b317b88ad6f78f82143ec6af2cf2b41a143ae741,docs/stages/p2/verification/p2-contract-reconciliation-verification.md,cb3277beb8724eafb6416104e278c7c6041c9383,p2,verification,source,P2 contract reconciliation documentation verification,Documentation verification only; not P2-V05/P2-V06 completion.,mechanical-only,pending,pending,Full text and counterevidence review not certified; see handoff
b317b88ad6f78f82143ec6af2cf2b41a143ae741,docs/stages/p2/verification/p2-w01-boot-platform-description-intake-verification.md,9f9bc88100cdb64a0022ca7f4c29a1367c94d051,p2,verification,source,P2-W01 verification,Passed for the declared reference boot scope; P2-V01/P2-V02 met.,mechanical-only,pending,pending,Full text and counterevidence review not certified; see handoff
b317b88ad6f78f82143ec6af2cf2b41a143ae741,docs/stages/p2/verification/p2-w02-platform-discovery-normalization-verification.md,322f47150bc4fa47bcc9afcc38986c22f8b6f238,p2,verification,source,P2-W02 verification,Passed for declared W02 facts; P2-V03/P2-V04 met in the bounded scope.,mechanical-only,pending,pending,Full text and counterevidence review not certified; see handoff
b317b88ad6f78f82143ec6af2cf2b41a143ae741,docs/stages/p2/verification/p2-w03-boot-memory-map-ownership-verification.md,60ac006a7e4d05cd14132739a64c3a484c77b5d6,p2,verification,source,P2-W03 boot memory map verification,Historical PR #70 host evidence. Its earlier package-completion,mechanical-only,pending,pending,Full text and counterevidence review not certified; see handoff
b317b88ad6f78f82143ec6af2cf2b41a143ae741,docs/stages/p2/verification/p2-w03-runtime-evidence/README.md,78cb39a9d3b97704ba4746c3d591fba83585f4f5,p2,verification,source,P2-W03 runtime evidence custody,"Recorded reference-QEMU evidence, 2026-09-27.",targeted-review,pending,pending,Full text and counterevidence review not certified; see handoff
b317b88ad6f78f82143ec6af2cf2b41a143ae741,docs/stages/p2/verification/p2-w03-runtime-verification.md,91da3734dc36fa8c4f2f0ae6b96a6337dc5cb2fc,p2,verification,source,P2-W03 runtime closure verification,W03 complete in the bounded reference-QEMU boot scope described,targeted-review,pending,pending,Full text and counterevidence review not certified; see handoff
b317b88ad6f78f82143ec6af2cf2b41a143ae741,docs/stages/p3/README.md,2fe5a91bf6392ac4e10d20aebc1383371170c8c3,p3,stage-index-or-handoff,source,P3 — Host SMP and per-CPU foundation,not-extracted; inspect source,mechanical-only,pending,pending,Full text and counterevidence review not certified; see handoff
b317b88ad6f78f82143ec6af2cf2b41a143ae741,docs/stages/p3/implementation/README.md,887bebf7ccfb9ea74e20e5da440fb8bd84eeb8b7,p3,implementation-design-or-support,source,P3 implementation designs and records,Index of proposed designs and future implementation records; not a,mechanical-only,pending,pending,Full text and counterevidence review not certified; see handoff
b317b88ad6f78f82143ec6af2cf2b41a143ae741,docs/stages/p3/implementation/p3-w01-cpu-topology-inputs/01-scope-and-foundations.md,498b93ada50584feb1758dc994d054267281cde7,p3,implementation-design-or-support,source,"P3-W01 Scope, Foundations, and Decisions",Proposed detailed design; implementation and validation are not,mechanical-only,pending,pending,Full text and counterevidence review not certified; see handoff
b317b88ad6f78f82143ec6af2cf2b41a143ae741,docs/stages/p3/implementation/p3-w01-cpu-topology-inputs/02-architecture-and-state.md,3585fa980d2af7c364dd43dc4e2287e403d3a129,p3,implementation-design-or-support,source,P3-W01 Architecture and State,Proposed detailed design; implementation and validation are not,mechanical-only,pending,pending,Full text and counterevidence review not certified; see handoff
b317b88ad6f78f82143ec6af2cf2b41a143ae741,docs/stages/p3/implementation/p3-w01-cpu-topology-inputs/03-code-contracts-cpu-identity.md,a5979f21ad1d9de46bfbe63ac18fc1ee69596078,p3,implementation-design-or-support,source,P3-W01 Code Contracts — CPU Identity Types,Proposed detailed design; implementation and validation are not,mechanical-only,pending,pending,Full text and counterevidence review not certified; see handoff
b317b88ad6f78f82143ec6af2cf2b41a143ae741,docs/stages/p3/implementation/p3-w01-cpu-topology-inputs/04-code-contracts-topology-intake.md,07247101b2cc01694a17a2e032ef57fc9e177c25,p3,implementation-design-or-support,source,P3-W01 Code Contracts — Topology Classification and Intake,Proposed detailed design; implementation and validation are not,mechanical-only,pending,pending,Full text and counterevidence review not certified; see handoff
b317b88ad6f78f82143ec6af2cf2b41a143ae741,docs/stages/p3/implementation/p3-w01-cpu-topology-inputs/05-implementation-workflow.md,3a2338016e86d604306f1146b296f5ed04d14222,p3,implementation-design-or-support,source,P3-W01 Implementation Workflow,Proposed detailed design; implementation and validation are not,mechanical-only,pending,pending,Full text and counterevidence review not certified; see handoff
b317b88ad6f78f82143ec6af2cf2b41a143ae741,docs/stages/p3/implementation/p3-w01-cpu-topology-inputs/06-validation-and-handoff.md,b21a914a583374d5b578b47cf9599a38cd803923,p3,implementation-design-or-support,source,P3-W01 Validation and Handoff,Proposed detailed design; implementation and validation are not,mechanical-only,pending,pending,Full text and counterevidence review not certified; see handoff
b317b88ad6f78f82143ec6af2cf2b41a143ae741,docs/stages/p3/implementation/p3-w01-cpu-topology-inputs/README.md,2f49e365b3fee536054fa65d97519c0c00ebc54a,p3,implementation-design-or-support,source,P3-W01 CPU Topology Inputs — Detailed Implementation Design,Proposed detailed design; implementation and validation are not,mechanical-only,pending,pending,Full text and counterevidence review not certified; see handoff
b317b88ad6f78f82143ec6af2cf2b41a143ae741,docs/stages/p3/implementation/p3-w02-secondary-cpu-bring-up/01-scope-and-foundations.md,ae608631ebf2a5de4c6dcb0b93fb207312cbc667,p3,implementation-design-or-support,source,"P3-W02 Scope, Foundations, and Decisions",Proposed detailed design; implementation and validation are not,mechanical-only,pending,pending,Full text and counterevidence review not certified; see handoff
b317b88ad6f78f82143ec6af2cf2b41a143ae741,docs/stages/p3/implementation/p3-w02-secondary-cpu-bring-up/02-architecture-and-state.md,6cea27a174a70faf1bfe4df40468cccf507b1d7e,p3,implementation-design-or-support,source,P3-W02 Architecture and State,Proposed detailed design; implementation and validation are not,mechanical-only,pending,pending,Full text and counterevidence review not certified; see handoff
b317b88ad6f78f82143ec6af2cf2b41a143ae741,docs/stages/p3/implementation/p3-w02-secondary-cpu-bring-up/03-code-contracts-secondary-entry.md,2030acb07b53b884a6507dfd083c1ea1729374e0,p3,implementation-design-or-support,source,P3-W02 Code Contracts — Secondary Entry Path,Proposed detailed design; implementation and validation are not,mechanical-only,pending,pending,Full text and counterevidence review not certified; see handoff
b317b88ad6f78f82143ec6af2cf2b41a143ae741,docs/stages/p3/implementation/p3-w02-secondary-cpu-bring-up/04-code-contracts-start-requester.md,86832ebb52c14a2d9bbdcb9135f484aa43a910a7,p3,implementation-design-or-support,source,P3-W02 Code Contracts — Start Requester,Proposed detailed design; implementation and validation are not,mechanical-only,pending,pending,Full text and counterevidence review not certified; see handoff
b317b88ad6f78f82143ec6af2cf2b41a143ae741,docs/stages/p3/implementation/p3-w02-secondary-cpu-bring-up/05-implementation-workflow.md,5f2d2dfc12024a4f89c1a65fcf3c2bdf9695f6b8,p3,implementation-design-or-support,source,P3-W02 Implementation Workflow,Proposed detailed design; implementation and validation are not,mechanical-only,pending,pending,Full text and counterevidence review not certified; see handoff
b317b88ad6f78f82143ec6af2cf2b41a143ae741,docs/stages/p3/implementation/p3-w02-secondary-cpu-bring-up/06-validation-and-handoff.md,c54de0747a62d983e46f7c3bc83b5419e7adc264,p3,implementation-design-or-support,source,P3-W02 Validation and Handoff,Proposed detailed design; implementation and validation are not,mechanical-only,pending,pending,Full text and counterevidence review not certified; see handoff
b317b88ad6f78f82143ec6af2cf2b41a143ae741,docs/stages/p3/implementation/p3-w02-secondary-cpu-bring-up/README.md,c70eef43dd31653e8b74fb340a821c71c09b6273,p3,implementation-design-or-support,source,P3-W02 Secondary CPU Bring-Up — Detailed Implementation Design,Proposed detailed design; implementation and validation are not,mechanical-only,pending,pending,Full text and counterevidence review not certified; see handoff
b317b88ad6f78f82143ec6af2cf2b41a143ae741,docs/stages/p3/implementation/p3-w03-physical-cpu-lifecycle/01-scope-and-foundations.md,6fbcc6ce68187386d45325aec4a22c2d18a4d64e,p3,implementation-design-or-support,source,"P3-W03 Scope, Foundations, and Decisions",Proposed detailed design; implementation and validation are not,mechanical-only,pending,pending,Full text and counterevidence review not certified; see handoff
b317b88ad6f78f82143ec6af2cf2b41a143ae741,docs/stages/p3/implementation/p3-w03-physical-cpu-lifecycle/02-architecture-and-state.md,29048da757ac841dd0445ef56e4e705201941c7e,p3,implementation-design-or-support,source,P3-W03 Architecture and State,Proposed detailed design; implementation and validation are not,mechanical-only,pending,pending,Full text and counterevidence review not certified; see handoff
b317b88ad6f78f82143ec6af2cf2b41a143ae741,docs/stages/p3/implementation/p3-w03-physical-cpu-lifecycle/03-code-contracts-cpu-state-machine.md,d07643b57767ea3743e284357ff438d2036ea16b,p3,implementation-design-or-support,source,P3-W03 Code Contracts — CPU Lifecycle State Machine,Proposed detailed design; implementation and validation are not,mechanical-only,pending,pending,Full text and counterevidence review not certified; see handoff
b317b88ad6f78f82143ec6af2cf2b41a143ae741,docs/stages/p3/implementation/p3-w03-physical-cpu-lifecycle/04-code-contracts-registry-and-admission.md,635278d1a494951d82885de4ed43239c076825c0,p3,implementation-design-or-support,source,"P3-W03 Code Contracts — Registry, Admission, and Online Set",Proposed detailed design; implementation and validation are not,mechanical-only,pending,pending,Full text and counterevidence review not certified; see handoff
b317b88ad6f78f82143ec6af2cf2b41a143ae741,docs/stages/p3/implementation/p3-w03-physical-cpu-lifecycle/05-implementation-workflow.md,70b916c5e241ce1a3170ba60eccce75101df6d70,p3,implementation-design-or-support,source,P3-W03 Implementation Workflow,Proposed detailed design; implementation and validation are not,mechanical-only,pending,pending,Full text and counterevidence review not certified; see handoff
b317b88ad6f78f82143ec6af2cf2b41a143ae741,docs/stages/p3/implementation/p3-w03-physical-cpu-lifecycle/06-validation-and-handoff.md,6a99bc614f4eb11fd7c5199e2255dbc05084a27a,p3,implementation-design-or-support,source,P3-W03 Validation and Handoff,Proposed detailed design; implementation and validation are not,mechanical-only,pending,pending,Full text and counterevidence review not certified; see handoff
b317b88ad6f78f82143ec6af2cf2b41a143ae741,docs/stages/p3/implementation/p3-w03-physical-cpu-lifecycle/README.md,4341b9e0705ce21d49bc26adf64f6b284aabd542,p3,implementation-design-or-support,source,P3-W03 Physical CPU Lifecycle — Detailed Implementation Design,Proposed detailed design; implementation and validation are not,mechanical-only,pending,pending,Full text and counterevidence review not certified; see handoff
b317b88ad6f78f82143ec6af2cf2b41a143ae741,docs/stages/p3/implementation/p3-w04-per-cpu-runtime/01-scope-and-foundations.md,25c985fafa618a3bb4a540d762c628f8e01b27a1,p3,implementation-design-or-support,source,"P3-W04 Scope, Foundations, and Decisions",Proposed detailed design; implementation and validation are not,targeted-review,pending,pending,Full text and counterevidence review not certified; see handoff
b317b88ad6f78f82143ec6af2cf2b41a143ae741,docs/stages/p3/implementation/p3-w04-per-cpu-runtime/02-architecture-and-state.md,548908d4d51d02e20ac93fdf5a4c0db3f86ab63a,p3,implementation-design-or-support,source,P3-W04 Architecture and State,Proposed detailed design; implementation and validation are not,mechanical-only,pending,pending,Full text and counterevidence review not certified; see handoff
b317b88ad6f78f82143ec6af2cf2b41a143ae741,docs/stages/p3/implementation/p3-w04-per-cpu-runtime/03-code-contracts-percpu-area.md,6b8e111a1c8b30101683e4a9987ac53c193ba124,p3,implementation-design-or-support,source,"P3-W04 Code Contracts — Per-CPU Area, Slots, and Stacks",Proposed detailed design; implementation and validation are not,mechanical-only,pending,pending,Full text and counterevidence review not certified; see handoff
b317b88ad6f78f82143ec6af2cf2b41a143ae741,docs/stages/p3/implementation/p3-w04-per-cpu-runtime/04-code-contracts-cpu-local-access.md,18b1c0675e680ceee3bf01d156642ddfaa0bdf20,p3,implementation-design-or-support,source,P3-W04 Code Contracts — CPU-Local Access and Installation,Proposed detailed design; implementation and validation are not,mechanical-only,pending,pending,Full text and counterevidence review not certified; see handoff
b317b88ad6f78f82143ec6af2cf2b41a143ae741,docs/stages/p3/implementation/p3-w04-per-cpu-runtime/05-implementation-workflow.md,251df6c81fb6a71dd4d5d00f6f0d0f5fa92c878f,p3,implementation-design-or-support,source,P3-W04 Implementation Workflow,Proposed detailed design; implementation and validation are not,mechanical-only,pending,pending,Full text and counterevidence review not certified; see handoff
b317b88ad6f78f82143ec6af2cf2b41a143ae741,docs/stages/p3/implementation/p3-w04-per-cpu-runtime/06-validation-and-handoff.md,6295b2395f388dce1ad0d758d89386b61736d557,p3,implementation-design-or-support,source,P3-W04 Validation and Handoff,Proposed detailed design; implementation and validation are not,mechanical-only,pending,pending,Full text and counterevidence review not certified; see handoff
b317b88ad6f78f82143ec6af2cf2b41a143ae741,docs/stages/p3/implementation/p3-w04-per-cpu-runtime/README.md,6da910c0f75c666e181b4de58662efeae3e861c1,p3,implementation-design-or-support,source,P3-W04 Per-CPU Runtime — Detailed Implementation Design,Proposed detailed design; implementation and validation are not,mechanical-only,pending,pending,Full text and counterevidence review not certified; see handoff
b317b88ad6f78f82143ec6af2cf2b41a143ae741,docs/stages/p3/implementation/p3-w05-smp-boot-synchronization/01-scope-and-foundations.md,9fd34c1b88498452727cbea1f90b34ff9a1ba186,p3,implementation-design-or-support,source,"P3-W05 Scope, Foundations, and Decisions",Proposed detailed design; implementation and validation are not,mechanical-only,pending,pending,Full text and counterevidence review not certified; see handoff
b317b88ad6f78f82143ec6af2cf2b41a143ae741,docs/stages/p3/implementation/p3-w05-smp-boot-synchronization/02-architecture-and-state.md,d9f56abf3feb025615e3a0c29bd68bd64b2af7ff,p3,implementation-design-or-support,source,P3-W05 Architecture and State,Proposed detailed design; implementation and validation are not,mechanical-only,pending,pending,Full text and counterevidence review not certified; see handoff
b317b88ad6f78f82143ec6af2cf2b41a143ae741,docs/stages/p3/implementation/p3-w05-smp-boot-synchronization/03-code-contracts-boot-rendezvous.md,5d19681013478b77823a34be913443557cb857d1,p3,implementation-design-or-support,source,P3-W05 Code Contracts — Boot Rendezvous,Proposed detailed design; implementation and validation are not,mechanical-only,pending,pending,Full text and counterevidence review not certified; see handoff
b317b88ad6f78f82143ec6af2cf2b41a143ae741,docs/stages/p3/implementation/p3-w05-smp-boot-synchronization/04-implementation-workflow.md,8acc778f473456fbc61f4985bf936f5020c9f828,p3,implementation-design-or-support,source,P3-W05 Implementation Workflow,Proposed detailed design; implementation and validation are not,mechanical-only,pending,pending,Full text and counterevidence review not certified; see handoff
b317b88ad6f78f82143ec6af2cf2b41a143ae741,docs/stages/p3/implementation/p3-w05-smp-boot-synchronization/05-validation-and-handoff.md,87d16d6ace3f8d45641880a75fa14b91e2333177,p3,implementation-design-or-support,source,P3-W05 Validation and Handoff,Proposed detailed design; implementation and validation are not,mechanical-only,pending,pending,Full text and counterevidence review not certified; see handoff
b317b88ad6f78f82143ec6af2cf2b41a143ae741,docs/stages/p3/implementation/p3-w05-smp-boot-synchronization/README.md,28cc8720d30a26c08485de6a255f3764eba02a09,p3,implementation-design-or-support,source,P3-W05 SMP Boot Synchronization — Detailed Implementation Design,Proposed detailed design; implementation and validation are not,mechanical-only,pending,pending,Full text and counterevidence review not certified; see handoff
b317b88ad6f78f82143ec6af2cf2b41a143ae741,docs/stages/p3/implementation/p3-w06-concurrency-synchronization/01-scope-and-foundations.md,9b888621821c9d8fc0f75b86f64960209746e4ee,p3,implementation-design-or-support,source,"P3-W06 Scope, Foundations, and Decisions",Proposed detailed design; implementation and validation are not,mechanical-only,pending,pending,Full text and counterevidence review not certified; see handoff
b317b88ad6f78f82143ec6af2cf2b41a143ae741,docs/stages/p3/implementation/p3-w06-concurrency-synchronization/02-architecture-and-state.md,3be75b2883e242948553c9910c395f4aa3ea93b0,p3,implementation-design-or-support,source,P3-W06 Architecture and State,Proposed detailed design; implementation and validation are not,mechanical-only,pending,pending,Full text and counterevidence review not certified; see handoff
b317b88ad6f78f82143ec6af2cf2b41a143ae741,docs/stages/p3/implementation/p3-w06-concurrency-synchronization/03-code-contracts-lock-primitives.md,b00abcd603c71a8400f471ad1ba2147aba83ede7,p3,implementation-design-or-support,source,P3-W06 Code Contracts — Lock Primitives,Proposed detailed design; implementation and validation are not,mechanical-only,pending,pending,Full text and counterevidence review not certified; see handoff
b317b88ad6f78f82143ec6af2cf2b41a143ae741,docs/stages/p3/implementation/p3-w06-concurrency-synchronization/04-code-contracts-atomic-and-ordering-policy.md,4128225afeccff6060c26a874a703a03a8d23ff9,p3,implementation-design-or-support,source,"P3-W06 Code Contracts — Atomic Ordering Policy, Ladder, and Rules",Proposed detailed design; implementation and validation are not,mechanical-only,pending,pending,Full text and counterevidence review not certified; see handoff
b317b88ad6f78f82143ec6af2cf2b41a143ae741,docs/stages/p3/implementation/p3-w06-concurrency-synchronization/05-implementation-workflow.md,6bc7e57e4af0694af9cf87a3b1bbde71f8ae27bb,p3,implementation-design-or-support,source,P3-W06 Implementation Workflow,Proposed detailed design; implementation and validation are not,mechanical-only,pending,pending,Full text and counterevidence review not certified; see handoff
b317b88ad6f78f82143ec6af2cf2b41a143ae741,docs/stages/p3/implementation/p3-w06-concurrency-synchronization/06-validation-and-handoff.md,8a76664c2d519d210387c55bdc5d389dc2e64035,p3,implementation-design-or-support,source,P3-W06 Validation and Handoff,Proposed detailed design; implementation and validation are not,mechanical-only,pending,pending,Full text and counterevidence review not certified; see handoff
b317b88ad6f78f82143ec6af2cf2b41a143ae741,docs/stages/p3/implementation/p3-w06-concurrency-synchronization/README.md,ef10fd7e7eed1a5d875a7e25f78d3e38396730bd,p3,implementation-design-or-support,source,P3-W06 Concurrency Synchronization — Detailed Implementation Design,Proposed detailed design; implementation and validation are not,mechanical-only,pending,pending,Full text and counterevidence review not certified; see handoff
b317b88ad6f78f82143ec6af2cf2b41a143ae741,docs/stages/p3/implementation/p3-w07-cross-cpu-notification/01-scope-and-foundations.md,4e0b18f54bb2ca7e1525533e2fc8c6a2e1fe2e0f,p3,implementation-design-or-support,source,"P3-W07 Scope, Foundations, and Decisions",Proposed detailed design; implementation and validation are not,targeted-review,pending,pending,Full text and counterevidence review not certified; see handoff
b317b88ad6f78f82143ec6af2cf2b41a143ae741,docs/stages/p3/implementation/p3-w07-cross-cpu-notification/02-architecture-and-state.md,c4ed106d11b9ad86f8bd2e3aad0cfa52f344cca5,p3,implementation-design-or-support,source,P3-W07 Architecture and State,Proposed detailed design; implementation and validation are not,targeted-review,pending,pending,Full text and counterevidence review not certified; see handoff
b317b88ad6f78f82143ec6af2cf2b41a143ae741,docs/stages/p3/implementation/p3-w07-cross-cpu-notification/03-code-contracts-notification-slot.md,dccb77c04ab3def479495d2d4e64494c8d9cab82,p3,implementation-design-or-support,source,"P3-W07 Code Contracts — Slot, Encoding, and Protocol",Proposed detailed design; implementation and validation are not,targeted-review,pending,pending,Full text and counterevidence review not certified; see handoff
b317b88ad6f78f82143ec6af2cf2b41a143ae741,docs/stages/p3/implementation/p3-w07-cross-cpu-notification/04-code-contracts-notification-api.md,16fddf24b6fffc738845fbf8865d854da24fee1f,p3,implementation-design-or-support,source,"P3-W07 Code Contracts — API, Targeting, Accounting",Proposed detailed design; implementation and validation are not,targeted-review,pending,pending,Full text and counterevidence review not certified; see handoff
b317b88ad6f78f82143ec6af2cf2b41a143ae741,docs/stages/p3/implementation/p3-w07-cross-cpu-notification/05-implementation-workflow.md,fdc8d1f7c98764c9df7a841f4ce8b18b13b6e7dc,p3,implementation-design-or-support,source,P3-W07 Implementation Workflow,Proposed detailed design; implementation and validation are not,targeted-review,pending,pending,Full text and counterevidence review not certified; see handoff
b317b88ad6f78f82143ec6af2cf2b41a143ae741,docs/stages/p3/implementation/p3-w07-cross-cpu-notification/06-validation-and-handoff.md,630b83154c58f02aec7d5a11fd154847015a8191,p3,implementation-design-or-support,source,P3-W07 Validation and Handoff,Proposed detailed design; implementation and validation are not,targeted-review,pending,pending,Full text and counterevidence review not certified; see handoff
b317b88ad6f78f82143ec6af2cf2b41a143ae741,docs/stages/p3/implementation/p3-w07-cross-cpu-notification/README.md,70d7f983535025876cd557de1527383c5591bd24,p3,implementation-design-or-support,source,P3-W07 Cross-CPU Notification — Detailed Implementation Design,Proposed detailed design; implementation and validation are not,targeted-review,pending,pending,Full text and counterevidence review not certified; see handoff
b317b88ad6f78f82143ec6af2cf2b41a143ae741,docs/stages/p3/implementation/p3-w08-tlb-shootdown-transport/01-scope-and-foundations.md,95d0e8c512c8e8e36e8b3a482be50094d252d661,p3,implementation-design-or-support,source,"P3-W08 Scope, Foundations, and Decisions",Proposed detailed design; implementation and validation are not,mechanical-only,pending,pending,Full text and counterevidence review not certified; see handoff
b317b88ad6f78f82143ec6af2cf2b41a143ae741,docs/stages/p3/implementation/p3-w08-tlb-shootdown-transport/02-architecture-and-state.md,a4921af1e2c41446ec9e03f6e3673410dd8d09a7,p3,implementation-design-or-support,source,P3-W08 Architecture and State,Proposed detailed design; implementation and validation are not,targeted-review,pending,pending,Full text and counterevidence review not certified; see handoff
b317b88ad6f78f82143ec6af2cf2b41a143ae741,docs/stages/p3/implementation/p3-w08-tlb-shootdown-transport/03-code-contracts-transport-request.md,978577a9ee65b9cf43a1eb66ca03ab4f26b80cf7,p3,implementation-design-or-support,source,P3-W08 Code Contracts — Request Encoding and Target Consumption,Proposed detailed design; implementation and validation are not,targeted-review,pending,pending,Full text and counterevidence review not certified; see handoff
b317b88ad6f78f82143ec6af2cf2b41a143ae741,docs/stages/p3/implementation/p3-w08-tlb-shootdown-transport/04-code-contracts-transport-initiator.md,8a8eb65cda46ff6e44ead1f6c12085f246c481dc,p3,implementation-design-or-support,source,"P3-W08 Code Contracts — Initiator, Collection, Timeout",Proposed detailed design; implementation and validation are not,targeted-review,pending,pending,Full text and counterevidence review not certified; see handoff
b317b88ad6f78f82143ec6af2cf2b41a143ae741,docs/stages/p3/implementation/p3-w08-tlb-shootdown-transport/05-implementation-workflow.md,59518464c006981e5998701c710bcc0d9d9d7572,p3,implementation-design-or-support,source,P3-W08 Implementation Workflow,Proposed detailed design; implementation and validation are not,mechanical-only,pending,pending,Full text and counterevidence review not certified; see handoff
b317b88ad6f78f82143ec6af2cf2b41a143ae741,docs/stages/p3/implementation/p3-w08-tlb-shootdown-transport/06-validation-and-handoff.md,17da5b8e4311f881f262910d7d1d41fee23465fe,p3,implementation-design-or-support,source,P3-W08 Validation and Handoff,Proposed detailed design; implementation and validation are not,mechanical-only,pending,pending,Full text and counterevidence review not certified; see handoff
b317b88ad6f78f82143ec6af2cf2b41a143ae741,docs/stages/p3/implementation/p3-w08-tlb-shootdown-transport/README.md,408942cefc2135d3609936564803a3dceb7e5fa1,p3,implementation-design-or-support,source,P3-W08 TLB Shootdown Transport — Detailed Implementation Design,Proposed detailed design; implementation and validation are not,mechanical-only,pending,pending,Full text and counterevidence review not certified; see handoff
b317b88ad6f78f82143ec6af2cf2b41a143ae741,docs/stages/p3/implementation/p3-w09-cpu-local-exception-interrupt/01-scope-and-foundations.md,ad14ca25c54efc617ee12caf2d0a1a99920ae901,p3,implementation-design-or-support,source,"P3-W09 Scope, Foundations, and Decisions",Proposed detailed design; implementation and validation are not,mechanical-only,pending,pending,Full text and counterevidence review not certified; see handoff
b317b88ad6f78f82143ec6af2cf2b41a143ae741,docs/stages/p3/implementation/p3-w09-cpu-local-exception-interrupt/02-architecture-and-state.md,dc0fb6c510abf1c09a771e02c63fcabd4f707407,p3,implementation-design-or-support,source,P3-W09 Architecture and State,Proposed detailed design; implementation and validation are not,mechanical-only,pending,pending,Full text and counterevidence review not certified; see handoff
b317b88ad6f78f82143ec6af2cf2b41a143ae741,docs/stages/p3/implementation/p3-w09-cpu-local-exception-interrupt/03-code-contracts-exception-local-state.md,c5170806fba253ce19f767864d03274cd6b37383,p3,implementation-design-or-support,source,P3-W09 Code Contracts — Exception-Local State,Proposed detailed design; implementation and validation are not,mechanical-only,pending,pending,Full text and counterevidence review not certified; see handoff
b317b88ad6f78f82143ec6af2cf2b41a143ae741,docs/stages/p3/implementation/p3-w09-cpu-local-exception-interrupt/04-code-contracts-attribution-and-logging.md,615bbd099e73aedb90c37ae3538542b9f6aff192,p3,implementation-design-or-support,source,P3-W09 Code Contracts — Attribution and Concurrent Logging,Proposed detailed design; implementation and validation are not,mechanical-only,pending,pending,Full text and counterevidence review not certified; see handoff
b317b88ad6f78f82143ec6af2cf2b41a143ae741,docs/stages/p3/implementation/p3-w09-cpu-local-exception-interrupt/05-implementation-workflow.md,a9395035402e4dbe5d5eb50163ca9b12a8ac2db7,p3,implementation-design-or-support,source,P3-W09 Implementation Workflow,Proposed detailed design; implementation and validation are not,mechanical-only,pending,pending,Full text and counterevidence review not certified; see handoff
b317b88ad6f78f82143ec6af2cf2b41a143ae741,docs/stages/p3/implementation/p3-w09-cpu-local-exception-interrupt/06-validation-and-handoff.md,893d731562f93256e258b541a34349ff0205f07d,p3,implementation-design-or-support,source,P3-W09 Validation and Handoff,Proposed detailed design; implementation and validation are not,mechanical-only,pending,pending,Full text and counterevidence review not certified; see handoff
b317b88ad6f78f82143ec6af2cf2b41a143ae741,docs/stages/p3/implementation/p3-w09-cpu-local-exception-interrupt/README.md,2cf646541f11fa6c4b3c9613d439aafd29b2f6a1,p3,implementation-design-or-support,source,P3-W09 CPU-Local Exception and Interrupt Foundations — Detailed Implementation Design,Proposed detailed design; implementation and validation are not,mechanical-only,pending,pending,Full text and counterevidence review not certified; see handoff
b317b88ad6f78f82143ec6af2cf2b41a143ae741,docs/stages/p3/implementation/p3-w10-smp-safety-audit/01-audit-framework-and-checklist.md,e780e75033f34c8d53fc276c6a01d2201fef4937,p3,implementation-design-or-support,source,P3-W10 Audit Framework and Checklist,Proposed detailed design; implementation and validation are not,mechanical-only,pending,pending,Full text and counterevidence review not certified; see handoff
b317b88ad6f78f82143ec6af2cf2b41a143ae741,docs/stages/p3/implementation/p3-w10-smp-safety-audit/02-workflow-validation-and-handoff.md,ab0d5dde7794fe091aa7538e3390a7a3087ceac5,p3,implementation-design-or-support,source,"P3-W10 Workflow, Validation, and Handoff",Proposed detailed design; implementation and validation are not,mechanical-only,pending,pending,Full text and counterevidence review not certified; see handoff
b317b88ad6f78f82143ec6af2cf2b41a143ae741,docs/stages/p3/implementation/p3-w10-smp-safety-audit/README.md,e1e8e715b8adf6d85e2d9050a906bf75177a78a1,p3,implementation-design-or-support,source,P3-W10 SMP Safety Audit — Detailed Implementation Design,Proposed detailed design; implementation and validation are not,mechanical-only,pending,pending,Full text and counterevidence review not certified; see handoff
b317b88ad6f78f82143ec6af2cf2b41a143ae741,docs/stages/p3/implementation/p3-w11-smp-observability/01-scope-and-foundations.md,a84ca8acb1f3f2b4034d124f2ce0fe8be9e847ed,p3,implementation-design-or-support,source,"P3-W11 Scope, Foundations, and Decisions",Proposed detailed design; implementation and validation are not,mechanical-only,pending,pending,Full text and counterevidence review not certified; see handoff
b317b88ad6f78f82143ec6af2cf2b41a143ae741,docs/stages/p3/implementation/p3-w11-smp-observability/02-architecture-and-state.md,86bd78d10c6d99b923bf7f3b4970a1c9ffefd7a0,p3,implementation-design-or-support,source,P3-W11 Architecture and State,Proposed detailed design; implementation and validation are not,mechanical-only,pending,pending,Full text and counterevidence review not certified; see handoff
b317b88ad6f78f82143ec6af2cf2b41a143ae741,docs/stages/p3/implementation/p3-w11-smp-observability/03-code-contracts-counter-block.md,5395745ac4f5a2663298a3f17865defd40d322af,p3,implementation-design-or-support,source,P3-W11 Code Contracts — Counter Block,Proposed detailed design; implementation and validation are not,mechanical-only,pending,pending,Full text and counterevidence review not certified; see handoff
b317b88ad6f78f82143ec6af2cf2b41a143ae741,docs/stages/p3/implementation/p3-w11-smp-observability/04-code-contracts-event-catalog.md,261f309baeee62c04447da9535b90610b77c510f,p3,implementation-design-or-support,source,P3-W11 Code Contracts — Event Catalog and Emission,Proposed detailed design; implementation and validation are not,mechanical-only,pending,pending,Full text and counterevidence review not certified; see handoff
b317b88ad6f78f82143ec6af2cf2b41a143ae741,docs/stages/p3/implementation/p3-w11-smp-observability/05-implementation-workflow.md,4e0ae8be3225b66657d90e822927f345cc6012a3,p3,implementation-design-or-support,source,P3-W11 Implementation Workflow,Proposed detailed design; implementation and validation are not,mechanical-only,pending,pending,Full text and counterevidence review not certified; see handoff
b317b88ad6f78f82143ec6af2cf2b41a143ae741,docs/stages/p3/implementation/p3-w11-smp-observability/06-validation-and-handoff.md,cfc8a163f54cab74a2e43665ea033629492d591e,p3,implementation-design-or-support,source,P3-W11 Validation and Handoff,Proposed detailed design; implementation and validation are not,mechanical-only,pending,pending,Full text and counterevidence review not certified; see handoff
b317b88ad6f78f82143ec6af2cf2b41a143ae741,docs/stages/p3/implementation/p3-w11-smp-observability/README.md,296296222fd635a26c640828c50ca22805eb4825,p3,implementation-design-or-support,source,P3-W11 SMP Observability — Detailed Implementation Design,Proposed detailed design; implementation and validation are not,mechanical-only,pending,pending,Full text and counterevidence review not certified; see handoff
b317b88ad6f78f82143ec6af2cf2b41a143ae741,docs/stages/p3/implementation/p3-w12-smp-stress-failure-tests/01-scope-and-foundations.md,d7e0971eb38f70d2ea3ae5bd1d1b3db42f023423,p3,implementation-design-or-support,source,"P3-W12 Scope, Foundations, and Decisions",Proposed detailed design; implementation and validation are not,mechanical-only,pending,pending,Full text and counterevidence review not certified; see handoff
b317b88ad6f78f82143ec6af2cf2b41a143ae741,docs/stages/p3/implementation/p3-w12-smp-stress-failure-tests/02-stress-scenario-matrix.md,b2f0a4399fcd4334ce5f3c549c1ffcf5960976b3,p3,implementation-design-or-support,source,P3-W12 Stress and Failure Scenario Matrix,Proposed detailed design; implementation and validation are not,mechanical-only,pending,pending,Full text and counterevidence review not certified; see handoff
b317b88ad6f78f82143ec6af2cf2b41a143ae741,docs/stages/p3/implementation/p3-w12-smp-stress-failure-tests/03-failure-injection-and-accounting.md,203016132a0f5121a6f6625e30af62e66f6c033a,p3,implementation-design-or-support,source,"P3-W12 Failure Injection, Accounting, Limits, and Evidence",Proposed detailed design; implementation and validation are not,mechanical-only,pending,pending,Full text and counterevidence review not certified; see handoff
b317b88ad6f78f82143ec6af2cf2b41a143ae741,docs/stages/p3/implementation/p3-w12-smp-stress-failure-tests/04-workflow-validation-and-handoff.md,3d07fccbc33782bb2eb87fdcb325cc5045412845,p3,implementation-design-or-support,source,"P3-W12 Workflow, Validation, and Handoff",Proposed detailed design; implementation and validation are not,mechanical-only,pending,pending,Full text and counterevidence review not certified; see handoff
b317b88ad6f78f82143ec6af2cf2b41a143ae741,docs/stages/p3/implementation/p3-w12-smp-stress-failure-tests/README.md,e5355513907f8c79a566a5abf4e453d7047d78bb,p3,implementation-design-or-support,source,P3-W12 SMP Stress and Failure Tests — Detailed Implementation Design,Proposed detailed design; implementation and validation are not,mechanical-only,pending,pending,Full text and counterevidence review not certified; see handoff
b317b88ad6f78f82143ec6af2cf2b41a143ae741,docs/stages/p3/implementation/p3-w13-qemu-smp-regression/01-scope-and-foundations.md,a7df159b3d22907f083b1d4d8993aefc18b45420,p3,implementation-design-or-support,source,"P3-W13 Scope, Foundations, and Decisions",Proposed detailed design; implementation and validation are not,mechanical-only,pending,pending,Full text and counterevidence review not certified; see handoff
b317b88ad6f78f82143ec6af2cf2b41a143ae741,docs/stages/p3/implementation/p3-w13-qemu-smp-regression/02-regression-matrix.md,06c7e176be362144cbf62659e382fa4c2b79af5a,p3,implementation-design-or-support,source,P3-W13 Regression Matrix,Proposed detailed design; implementation and validation are not,mechanical-only,pending,pending,Full text and counterevidence review not certified; see handoff
b317b88ad6f78f82143ec6af2cf2b41a143ae741,docs/stages/p3/implementation/p3-w13-qemu-smp-regression/03-result-classification-and-evidence.md,627ea3d9c02db4b1457d5de0c19c2f28c8ae181c,p3,implementation-design-or-support,source,P3-W13 Result Classification and Evidence,Proposed detailed design; implementation and validation are not,mechanical-only,pending,pending,Full text and counterevidence review not certified; see handoff
b317b88ad6f78f82143ec6af2cf2b41a143ae741,docs/stages/p3/implementation/p3-w13-qemu-smp-regression/04-workflow-validation-and-handoff.md,12b6e30f41b1cfc8bfb2d3d4ee9db9acb7bfd8f2,p3,implementation-design-or-support,source,"P3-W13 Workflow, Validation, and Handoff",Proposed detailed design; implementation and validation are not,mechanical-only,pending,pending,Full text and counterevidence review not certified; see handoff
b317b88ad6f78f82143ec6af2cf2b41a143ae741,docs/stages/p3/implementation/p3-w13-qemu-smp-regression/README.md,7bd68146c2753990b0f99b8e589f4162cd26f5b8,p3,implementation-design-or-support,source,P3-W13 QEMU SMP Regression Matrix — Detailed Implementation Design,Proposed detailed design; implementation and validation are not,mechanical-only,pending,pending,Full text and counterevidence review not certified; see handoff
b317b88ad6f78f82143ec6af2cf2b41a143ae741,docs/stages/p3/implementation/p3-w14-p4-smp-handoff/01-scope-and-foundations.md,9061df4124d3fb7f69b34925109b8df678414e15,p3,implementation-design-or-support,source,"P3-W14 Scope, Foundations, and Decisions",Proposed detailed design; implementation and validation are not,mechanical-only,pending,pending,Full text and counterevidence review not certified; see handoff
b317b88ad6f78f82143ec6af2cf2b41a143ae741,docs/stages/p3/implementation/p3-w14-p4-smp-handoff/02-p4-consumer-map.md,71ae9a5cb0faafc17e435322762e715f9dc8da42,p3,implementation-design-or-support,source,P3-W14 P4 Consumer Map and Contract Structure,Proposed detailed design; implementation and validation are not,mechanical-only,pending,pending,Full text and counterevidence review not certified; see handoff
b317b88ad6f78f82143ec6af2cf2b41a143ae741,docs/stages/p3/implementation/p3-w14-p4-smp-handoff/03-workflow-and-review.md,b34f2d8cd3ee9fe792d327821a23a7d4c456c6ac,p3,implementation-design-or-support,source,"P3-W14 Workflow, Review, and Handoff",Proposed detailed design; implementation and validation are not,mechanical-only,pending,pending,Full text and counterevidence review not certified; see handoff
b317b88ad6f78f82143ec6af2cf2b41a143ae741,docs/stages/p3/implementation/p3-w14-p4-smp-handoff/README.md,45c59d7a0d016a4645bfed7dbed04f7c8882e9ba,p3,implementation-design-or-support,source,P3-W14 P4 SMP Handoff — Detailed Implementation Design,Proposed detailed design; implementation and validation are not,mechanical-only,pending,pending,Full text and counterevidence review not certified; see handoff
b317b88ad6f78f82143ec6af2cf2b41a143ae741,docs/stages/p3/implementation/p3-w15-stage-documentation-acceptance/01-scope-and-foundations.md,3805d6ae488c85dbf08faeff471391bd71939711,p3,implementation-design-or-support,source,"P3-W15 Scope, Foundations, and Decisions",Proposed detailed design; implementation and validation are not,mechanical-only,pending,pending,Full text and counterevidence review not certified; see handoff
b317b88ad6f78f82143ec6af2cf2b41a143ae741,docs/stages/p3/implementation/p3-w15-stage-documentation-acceptance/02-acceptance-artifacts-and-checks.md,0955c3da4550f8751c31d36406ab497f7b7a4cf8,p3,implementation-design-or-support,source,P3-W15 Acceptance Artifacts and Checks,Proposed detailed design; implementation and validation are not,mechanical-only,pending,pending,Full text and counterevidence review not certified; see handoff
b317b88ad6f78f82143ec6af2cf2b41a143ae741,docs/stages/p3/implementation/p3-w15-stage-documentation-acceptance/03-workflow-and-review.md,60eb625618480c3a450e9f558b1d2da79cb238e2,p3,implementation-design-or-support,source,"P3-W15 Workflow, Review, and Handoff",Proposed detailed design; implementation and validation are not,mechanical-only,pending,pending,Full text and counterevidence review not certified; see handoff
b317b88ad6f78f82143ec6af2cf2b41a143ae741,docs/stages/p3/implementation/p3-w15-stage-documentation-acceptance/README.md,f1c854c57565a0836157d669f8e32b0ea912d203,p3,implementation-design-or-support,source,P3-W15 Stage Documentation and Acceptance — Detailed Implementation Design,Proposed detailed design; implementation and validation are not,mechanical-only,pending,pending,Full text and counterevidence review not certified; see handoff
b317b88ad6f78f82143ec6af2cf2b41a143ae741,docs/stages/p3/plans/README.md,39db22b884aa3e1a84b8bcf14f29a98d045e0029,p3,plan-index,source,P3 work-package plans,"Planning index. Each linked document is a planned, bounded work",targeted-review,pending,pending,Full text and counterevidence review not certified; see handoff
b317b88ad6f78f82143ec6af2cf2b41a143ae741,docs/stages/p3/plans/p3-w01-cpu-topology-inputs.md,438efbad3b2719e1838f695ed37f540a1c46adc2,p3,work-package-plan,source,P3-W01 — CPU topology inputs,Planned work package; implementation not claimed,mechanical-only,pending,pending,Full text and counterevidence review not certified; see handoff
b317b88ad6f78f82143ec6af2cf2b41a143ae741,docs/stages/p3/plans/p3-w02-secondary-cpu-bring-up.md,b0f333d59cdc1812aa0f06a28fb4bc7a4db12ff7,p3,work-package-plan,source,P3-W02 — Secondary CPU bring-up,Planned work package; implementation not claimed,mechanical-only,pending,pending,Full text and counterevidence review not certified; see handoff
b317b88ad6f78f82143ec6af2cf2b41a143ae741,docs/stages/p3/plans/p3-w03-physical-cpu-lifecycle.md,7792c1ad25abf6e72129492f4f042d93a255205d,p3,work-package-plan,source,P3-W03 — Physical CPU lifecycle,Planned work package; implementation not claimed,mechanical-only,pending,pending,Full text and counterevidence review not certified; see handoff
b317b88ad6f78f82143ec6af2cf2b41a143ae741,docs/stages/p3/plans/p3-w04-per-cpu-runtime.md,0d0439705b6ee6def35b9ce09963cb13cb68fdb1,p3,work-package-plan,source,P3-W04 — Per-CPU runtime,Planned work package; implementation not claimed,mechanical-only,pending,pending,Full text and counterevidence review not certified; see handoff
b317b88ad6f78f82143ec6af2cf2b41a143ae741,docs/stages/p3/plans/p3-w05-smp-boot-synchronization.md,4d0578093604203f55d7ebf6a786bff4bfab65ca,p3,work-package-plan,source,P3-W05 — SMP boot synchronization,Planned work package; implementation not claimed,mechanical-only,pending,pending,Full text and counterevidence review not certified; see handoff
b317b88ad6f78f82143ec6af2cf2b41a143ae741,docs/stages/p3/plans/p3-w06-concurrency-synchronization.md,1bd9621e51f955f8b046f1f204800ee0e219bed6,p3,work-package-plan,source,P3-W06 — Concurrency synchronization,Planned work package; implementation not claimed,mechanical-only,pending,pending,Full text and counterevidence review not certified; see handoff
b317b88ad6f78f82143ec6af2cf2b41a143ae741,docs/stages/p3/plans/p3-w07-cross-cpu-notification.md,9fe49a165628fd7e594798f43ec069b450dcef92,p3,work-package-plan,source,P3-W07 — Cross-CPU notification,Planned work package; implementation not claimed,mechanical-only,pending,pending,Full text and counterevidence review not certified; see handoff
b317b88ad6f78f82143ec6af2cf2b41a143ae741,docs/stages/p3/plans/p3-w08-tlb-shootdown-transport.md,dea8fcc3d48914d2dc4129747bcf4c009f47edaa,p3,work-package-plan,source,P3-W08 — TLB shootdown transport,Planned work package; implementation not claimed,mechanical-only,pending,pending,Full text and counterevidence review not certified; see handoff
b317b88ad6f78f82143ec6af2cf2b41a143ae741,docs/stages/p3/plans/p3-w09-cpu-local-exception-interrupt.md,a7a5bea259b4a10f4c0ad7e0ee24d121beba623e,p3,work-package-plan,source,P3-W09 — CPU-local exception and interrupt foundations,Planned work package; implementation not claimed,mechanical-only,pending,pending,Full text and counterevidence review not certified; see handoff
b317b88ad6f78f82143ec6af2cf2b41a143ae741,docs/stages/p3/plans/p3-w10-smp-safety-audit.md,e6bb4eae3583028c15328f24bfd84c92923f0496,p3,work-package-plan,source,P3-W10 — SMP safety audit,Planned work package; implementation not claimed,mechanical-only,pending,pending,Full text and counterevidence review not certified; see handoff
b317b88ad6f78f82143ec6af2cf2b41a143ae741,docs/stages/p3/plans/p3-w11-smp-observability.md,0c2ff2d1ec211335ba7733afb0df004418cfc08b,p3,work-package-plan,source,P3-W11 — SMP observability,Planned work package; implementation not claimed,mechanical-only,pending,pending,Full text and counterevidence review not certified; see handoff
b317b88ad6f78f82143ec6af2cf2b41a143ae741,docs/stages/p3/plans/p3-w12-smp-stress-failure-tests.md,12b1ca4136f2f6da303d8c0c17afe5de17c8390b,p3,work-package-plan,source,P3-W12 — SMP stress and failure tests,Planned work package; implementation not claimed,mechanical-only,pending,pending,Full text and counterevidence review not certified; see handoff
b317b88ad6f78f82143ec6af2cf2b41a143ae741,docs/stages/p3/plans/p3-w13-qemu-smp-regression.md,acde52c69c73727d75dc37f9a0f7315ba08c414b,p3,work-package-plan,source,P3-W13 — QEMU SMP regression matrix,Planned work package; implementation not claimed,mechanical-only,pending,pending,Full text and counterevidence review not certified; see handoff
b317b88ad6f78f82143ec6af2cf2b41a143ae741,docs/stages/p3/plans/p3-w14-p4-smp-handoff.md,5441dd112b7e09716e3c1a345a635717c9f20abf,p3,work-package-plan,source,P3-W14 — P4 SMP handoff,Planned work package; implementation not claimed,mechanical-only,pending,pending,Full text and counterevidence review not certified; see handoff
b317b88ad6f78f82143ec6af2cf2b41a143ae741,docs/stages/p3/plans/p3-w15-stage-documentation-acceptance.md,e720037d367ad3fbaa153d3994dfe592b2af74d8,p3,work-package-plan,source,P3-W15 — Stage documentation and acceptance,Planned work package; implementation not claimed,mechanical-only,pending,pending,Full text and counterevidence review not certified; see handoff
b317b88ad6f78f82143ec6af2cf2b41a143ae741,docs/stages/p3/task-book-v0.1.md,8b9cd78cc7ec02e0e559f54851d566914dc463db,p3,task-book,source,Zelyr Hypervisor — P3 Stage Task Book v0.1,Implementation-planning baseline; work and evidence are not claimed,mechanical-only,pending,pending,Full text and counterevidence review not certified; see handoff
b317b88ad6f78f82143ec6af2cf2b41a143ae741,docs/stages/p4/README.md,8639282228802147906aa7f927e467b8603955cc,p4,stage-index-or-handoff,source,P4 — Stage-2 与 Rust Validation Guest v0,not-extracted; inspect source,mechanical-only,pending,pending,Full text and counterevidence review not certified; see handoff
b317b88ad6f78f82143ec6af2cf2b41a143ae741,docs/stages/p4/implementation/README.md,3b28f63f9af1240ead584b1756923ed89bef5a03,p4,implementation-design-or-support,source,P4 implementation designs and records,Index of proposed designs and future implementation records; not a,mechanical-only,pending,pending,Full text and counterevidence review not certified; see handoff
b317b88ad6f78f82143ec6af2cf2b41a143ae741,docs/stages/p4/implementation/p4-w01-entry-contract-reconciliation/01-reconciliation-contract.md,ab9efb01026e6b0ddf0dd7f125d0d24f11a52a05,p4,implementation-design-or-support,source,P4-W01 Reconciliation Contract,Proposed detailed design; implementation and validation are not,mechanical-only,pending,pending,Full text and counterevidence review not certified; see handoff
b317b88ad6f78f82143ec6af2cf2b41a143ae741,docs/stages/p4/implementation/p4-w01-entry-contract-reconciliation/02-review-workflow.md,63992ab7155de92f3d4fa1d77a6dfc51d8856c33,p4,implementation-design-or-support,source,"P4-W01 Review Workflow, Validation, and Handoff",Proposed detailed design; implementation and validation are not,mechanical-only,pending,pending,Full text and counterevidence review not certified; see handoff
b317b88ad6f78f82143ec6af2cf2b41a143ae741,docs/stages/p4/implementation/p4-w01-entry-contract-reconciliation/README.md,a3f10c98ee3805c85011ea792f6c907f913aab23,p4,implementation-design-or-support,source,P4-W01 Entry Contract Reconciliation — Detailed Implementation Design,Proposed detailed design; implementation and validation are not,mechanical-only,pending,pending,Full text and counterevidence review not certified; see handoff
b317b88ad6f78f82143ec6af2cf2b41a143ae741,docs/stages/p4/implementation/p4-w02-stage2-address-space/01-scope-and-foundations.md,b0f3258f8aa8ea39a532449b95614e2bda0b6e21,p4,implementation-design-or-support,source,"P4-W02 Scope, Foundations, and Resolved Decisions",Proposed detailed design; implementation and validation are not,mechanical-only,pending,pending,Full text and counterevidence review not certified; see handoff
b317b88ad6f78f82143ec6af2cf2b41a143ae741,docs/stages/p4/implementation/p4-w02-stage2-address-space/02-architecture-and-state.md,3b7acc77c43f58e6c1d66d10d953bbd02a215cda,p4,implementation-design-or-support,source,"P4-W02 Architecture, Objects, and State Model",Proposed detailed design; implementation and validation are not,mechanical-only,pending,pending,Full text and counterevidence review not certified; see handoff
b317b88ad6f78f82143ec6af2cf2b41a143ae741,docs/stages/p4/implementation/p4-w02-stage2-address-space/03-code-contracts-stage2-core.md,9db368d13599c6435ba5d862e856f4d8d17effca,p4,implementation-design-or-support,source,P4-W02 Code Contracts — Stage-2 Core,Proposed detailed design; implementation and validation are not,targeted-review,pending,pending,Full text and counterevidence review not certified; see handoff
b317b88ad6f78f82143ec6af2cf2b41a143ae741,docs/stages/p4/implementation/p4-w02-stage2-address-space/04-implementation-workflow.md,e6c150410e042a8a007b64488f156f1a5081448b,p4,implementation-design-or-support,source,P4-W02 Implementation Workflow,Proposed detailed design; implementation and validation are not,mechanical-only,pending,pending,Full text and counterevidence review not certified; see handoff
b317b88ad6f78f82143ec6af2cf2b41a143ae741,docs/stages/p4/implementation/p4-w02-stage2-address-space/05-validation-and-handoff.md,c5e0cbea6d1f73c97c6bc9230b7d1d307b90bf51,p4,implementation-design-or-support,source,"P4-W02 Validation, Error/Security Model, and Handoff",Proposed detailed design; implementation and validation are not,mechanical-only,pending,pending,Full text and counterevidence review not certified; see handoff
b317b88ad6f78f82143ec6af2cf2b41a143ae741,docs/stages/p4/implementation/p4-w02-stage2-address-space/README.md,beb84d79abedb5dc81f881193f09920c27916afb,p4,implementation-design-or-support,source,P4-W02 Stage-2 Address-Space Correctness — Detailed Implementation Design,Proposed detailed design; implementation and validation are not,mechanical-only,pending,pending,Full text and counterevidence review not certified; see handoff
b317b88ad6f78f82143ec6af2cf2b41a143ae741,docs/stages/p4/implementation/p4-w03-guest-memory-image/01-scope-and-foundations.md,e6ad4aa02dd83649a45bc67deafe62ac28574f20,p4,implementation-design-or-support,source,"P4-W03 Scope, Foundations, and Resolved Decisions",Proposed detailed design; implementation and validation are not,mechanical-only,pending,pending,Full text and counterevidence review not certified; see handoff
b317b88ad6f78f82143ec6af2cf2b41a143ae741,docs/stages/p4/implementation/p4-w03-guest-memory-image/02-architecture-and-state.md,9bd434ce5932e819f2e0edcff1066b43a3df0148,p4,implementation-design-or-support,source,"P4-W03 Architecture, Objects, and State Model",Proposed detailed design; implementation and validation are not,mechanical-only,pending,pending,Full text and counterevidence review not certified; see handoff
b317b88ad6f78f82143ec6af2cf2b41a143ae741,docs/stages/p4/implementation/p4-w03-guest-memory-image/03-code-contracts-guest-memory.md,07fcc3b3372a345fb7c8664034c99bf41316f400,p4,implementation-design-or-support,source,P4-W03 Code Contracts — Guest Memory and Image,Proposed detailed design; implementation and validation are not,mechanical-only,pending,pending,Full text and counterevidence review not certified; see handoff
b317b88ad6f78f82143ec6af2cf2b41a143ae741,docs/stages/p4/implementation/p4-w03-guest-memory-image/04-implementation-workflow.md,f3ad21b457f4d8d0a27ea19e55a23f9339f918a0,p4,implementation-design-or-support,source,P4-W03 Implementation Workflow,Proposed detailed design; implementation and validation are not,mechanical-only,pending,pending,Full text and counterevidence review not certified; see handoff
b317b88ad6f78f82143ec6af2cf2b41a143ae741,docs/stages/p4/implementation/p4-w03-guest-memory-image/05-validation-and-handoff.md,bf3d3e7c0839ddcc979ce5b3adf2dc3ad4587642,p4,implementation-design-or-support,source,"P4-W03 Validation, Error/Security Model, and Handoff",Proposed detailed design; implementation and validation are not,mechanical-only,pending,pending,Full text and counterevidence review not certified; see handoff
b317b88ad6f78f82143ec6af2cf2b41a143ae741,docs/stages/p4/implementation/p4-w03-guest-memory-image/README.md,8b349f139c3db1fdeb842c5f61022e4e5a6e6d2d,p4,implementation-design-or-support,source,P4-W03 Guest Memory and Image Construction — Detailed Implementation Design,Proposed detailed design; implementation and validation are not,mechanical-only,pending,pending,Full text and counterevidence review not certified; see handoff
b317b88ad6f78f82143ec6af2cf2b41a143ae741,docs/stages/p4/implementation/p4-w04-vcpu-entry-exit/01-scope-and-foundations.md,0e25e15f53f372a5080a4bb0f559fbbbdc2e0d9c,p4,implementation-design-or-support,source,"P4-W04 Scope, Foundations, and Resolved Decisions",Proposed detailed design; implementation and validation are not,mechanical-only,pending,pending,Full text and counterevidence review not certified; see handoff
b317b88ad6f78f82143ec6af2cf2b41a143ae741,docs/stages/p4/implementation/p4-w04-vcpu-entry-exit/02-architecture-and-state.md,e5b4d32197ebfe51ee96b28935c533ca37e97801,p4,implementation-design-or-support,source,"P4-W04 Architecture, Objects, and State Model",Proposed detailed design; implementation and validation are not,mechanical-only,pending,pending,Full text and counterevidence review not certified; see handoff
b317b88ad6f78f82143ec6af2cf2b41a143ae741,docs/stages/p4/implementation/p4-w04-vcpu-entry-exit/03-code-contracts-world-switch.md,48939b259686925c749001d7691987f9e8c7f248,p4,implementation-design-or-support,source,P4-W04 Code Contracts — World-Switch Boundary,Proposed detailed design; implementation and validation are not,mechanical-only,pending,pending,Full text and counterevidence review not certified; see handoff
b317b88ad6f78f82143ec6af2cf2b41a143ae741,docs/stages/p4/implementation/p4-w04-vcpu-entry-exit/04-code-contracts-vcpu-run.md,fabf8e0d5ef4b0f3f9b43d89e80614de3e3ea206,p4,implementation-design-or-support,source,P4-W04 Code Contracts — vCPU Object and Run Control,Proposed detailed design; implementation and validation are not,mechanical-only,pending,pending,Full text and counterevidence review not certified; see handoff
b317b88ad6f78f82143ec6af2cf2b41a143ae741,docs/stages/p4/implementation/p4-w04-vcpu-entry-exit/05-implementation-workflow.md,446aaaef1b277f686c722ffe8f3a378a8ce0d6d1,p4,implementation-design-or-support,source,P4-W04 Implementation Workflow,Proposed detailed design; implementation and validation are not,mechanical-only,pending,pending,Full text and counterevidence review not certified; see handoff
b317b88ad6f78f82143ec6af2cf2b41a143ae741,docs/stages/p4/implementation/p4-w04-vcpu-entry-exit/06-validation-and-handoff.md,b85275fb9b340d2ab7d2a822aa5b2783e59b39d7,p4,implementation-design-or-support,source,"P4-W04 Validation, Error/Security Model, and Handoff",Proposed detailed design; implementation and validation are not,mechanical-only,pending,pending,Full text and counterevidence review not certified; see handoff
b317b88ad6f78f82143ec6af2cf2b41a143ae741,docs/stages/p4/implementation/p4-w04-vcpu-entry-exit/README.md,abf5f2e3ddca8fea33bba91a5f27f77eea6acc96,p4,implementation-design-or-support,source,P4-W04 Single-vCPU Guest-EL1 Entry and Recovery — Detailed Implementation Design,Proposed detailed design; implementation and validation are not,mechanical-only,pending,pending,Full text and counterevidence review not certified; see handoff
b317b88ad6f78f82143ec6af2cf2b41a143ae741,docs/stages/p4/implementation/p4-w05-validation-guest/01-scope-and-foundations.md,22caaeb95cd2937d8ee517d8065148c5ca433099,p4,implementation-design-or-support,source,"P4-W05 Scope, Foundations, and Resolved Decisions",Proposed detailed design; implementation and validation are not,mechanical-only,pending,pending,Full text and counterevidence review not certified; see handoff
b317b88ad6f78f82143ec6af2cf2b41a143ae741,docs/stages/p4/implementation/p4-w05-validation-guest/02-guest-architecture-and-scenarios.md,91493ce88e3f776811244fd82ff75722b55aa997,p4,implementation-design-or-support,source,P4-W05 Guest Architecture and Scenario Set,Proposed detailed design; implementation and validation are not,mechanical-only,pending,pending,Full text and counterevidence review not certified; see handoff
b317b88ad6f78f82143ec6af2cf2b41a143ae741,docs/stages/p4/implementation/p4-w05-validation-guest/03-code-contracts-guest.md,358dc6c957324e1723221da987ccabcce163cb7d,p4,implementation-design-or-support,source,P4-W05 Code Contracts — Validation Guest,Proposed detailed design; implementation and validation are not,mechanical-only,pending,pending,Full text and counterevidence review not certified; see handoff
b317b88ad6f78f82143ec6af2cf2b41a143ae741,docs/stages/p4/implementation/p4-w05-validation-guest/04-implementation-workflow.md,08c732b0a2d392c9f04230b8f431fd926bc88da7,p4,implementation-design-or-support,source,P4-W05 Implementation Workflow,Proposed detailed design; implementation and validation are not,mechanical-only,pending,pending,Full text and counterevidence review not certified; see handoff
b317b88ad6f78f82143ec6af2cf2b41a143ae741,docs/stages/p4/implementation/p4-w05-validation-guest/05-validation-and-handoff.md,8b4bcf1b34fd51b9376ea89f2bfb63f3156d7dd4,p4,implementation-design-or-support,source,"P4-W05 Validation, Error/Security Model, and Handoff",Proposed detailed design; implementation and validation are not,mechanical-only,pending,pending,Full text and counterevidence review not certified; see handoff
b317b88ad6f78f82143ec6af2cf2b41a143ae741,docs/stages/p4/implementation/p4-w05-validation-guest/README.md,581c48a53689e0af6ca2d75d3241f77874612fa8,p4,implementation-design-or-support,source,P4-W05 Rust Validation Guest Test Asset — Detailed Implementation Design,Proposed detailed design; implementation and validation are not,mechanical-only,pending,pending,Full text and counterevidence review not certified; see handoff
b317b88ad6f78f82143ec6af2cf2b41a143ae741,docs/stages/p4/implementation/p4-w06-fault-isolation-diagnostics/01-scope-and-foundations.md,c149eefaf33c8e78a8f112289148c83552ad50bc,p4,implementation-design-or-support,source,"P4-W06 Scope, Foundations, and Resolved Decisions",Proposed detailed design; implementation and validation are not,mechanical-only,pending,pending,Full text and counterevidence review not certified; see handoff
b317b88ad6f78f82143ec6af2cf2b41a143ae741,docs/stages/p4/implementation/p4-w06-fault-isolation-diagnostics/02-architecture-and-state.md,502d73071dd0c158e6e946b3c8434f1fda4175d2,p4,implementation-design-or-support,source,"P4-W06 Architecture, Objects, and State Model",Proposed detailed design; implementation and validation are not,mechanical-only,pending,pending,Full text and counterevidence review not certified; see handoff
b317b88ad6f78f82143ec6af2cf2b41a143ae741,docs/stages/p4/implementation/p4-w06-fault-isolation-diagnostics/03-code-contracts-exit-classification.md,e27e9da6fedb315eb5387d7ac5fe5474c2e4e0f0,p4,implementation-design-or-support,source,P4-W06 Code Contracts — Exit Classification and Diagnosis,Proposed detailed design; implementation and validation are not,mechanical-only,pending,pending,Full text and counterevidence review not certified; see handoff
b317b88ad6f78f82143ec6af2cf2b41a143ae741,docs/stages/p4/implementation/p4-w06-fault-isolation-diagnostics/04-code-contracts-diagnostics-isolation.md,5b00a7ba0c357cfcf552bb85e0968aba8cbd0c11,p4,implementation-design-or-support,source,"P4-W06 Code Contracts — Isolation Expectations, Report, and Dump",Proposed detailed design; implementation and validation are not,mechanical-only,pending,pending,Full text and counterevidence review not certified; see handoff
b317b88ad6f78f82143ec6af2cf2b41a143ae741,docs/stages/p4/implementation/p4-w06-fault-isolation-diagnostics/05-implementation-workflow.md,92c0d353787ae6e7f082b576076d555e06cba348,p4,implementation-design-or-support,source,P4-W06 Implementation Workflow and Acceptance Design,Proposed detailed design; implementation and validation are not,mechanical-only,pending,pending,Full text and counterevidence review not certified; see handoff
b317b88ad6f78f82143ec6af2cf2b41a143ae741,docs/stages/p4/implementation/p4-w06-fault-isolation-diagnostics/06-validation-and-handoff.md,5e34304982c709c23a63e4a5abe10a5be198fedc,p4,implementation-design-or-support,source,"P4-W06 Validation, Error/Security Model, and Handoff",Proposed detailed design; implementation and validation are not,mechanical-only,pending,pending,Full text and counterevidence review not certified; see handoff
b317b88ad6f78f82143ec6af2cf2b41a143ae741,docs/stages/p4/implementation/p4-w06-fault-isolation-diagnostics/README.md,b255f3b7b7994ee4f711c2caa5d5bc46545be874,p4,implementation-design-or-support,source,P4-W06 Guest Fault Isolation and Diagnostics — Detailed Implementation Design,Proposed detailed design; implementation and validation are not,mechanical-only,pending,pending,Full text and counterevidence review not certified; see handoff
b317b88ad6f78f82143ec6af2cf2b41a143ae741,docs/stages/p4/implementation/p4-w07-repeatability-telemetry/01-scope-and-foundations.md,c76675a29eabfc9d2d56418ceafa98056ad892f6,p4,implementation-design-or-support,source,"P4-W07 Scope, Foundations, and Resolved Decisions",Proposed detailed design; implementation and validation are not,mechanical-only,pending,pending,Full text and counterevidence review not certified; see handoff
b317b88ad6f78f82143ec6af2cf2b41a143ae741,docs/stages/p4/implementation/p4-w07-repeatability-telemetry/02-architecture-and-state.md,757f2ac88e037aae0ae699c20757a319d2857a5a,p4,implementation-design-or-support,source,"P4-W07 Architecture, Objects, and State Model",Proposed detailed design; implementation and validation are not,mechanical-only,pending,pending,Full text and counterevidence review not certified; see handoff
b317b88ad6f78f82143ec6af2cf2b41a143ae741,docs/stages/p4/implementation/p4-w07-repeatability-telemetry/03-code-contracts-repeat-driver.md,d97b4ed6f14a73c4945ebf90de69856ed6bb665e,p4,implementation-design-or-support,source,P4-W07 Code Contracts — Repeat Driver and Determinism,Proposed detailed design; implementation and validation are not,mechanical-only,pending,pending,Full text and counterevidence review not certified; see handoff
b317b88ad6f78f82143ec6af2cf2b41a143ae741,docs/stages/p4/implementation/p4-w07-repeatability-telemetry/04-code-contracts-telemetry.md,db884010e55d1a8837c6c256f9fe92c804bd42d9,p4,implementation-design-or-support,source,P4-W07 Code Contracts — Telemetry Ledger and Run Record,Proposed detailed design; implementation and validation are not,mechanical-only,pending,pending,Full text and counterevidence review not certified; see handoff
b317b88ad6f78f82143ec6af2cf2b41a143ae741,docs/stages/p4/implementation/p4-w07-repeatability-telemetry/05-implementation-workflow.md,97a0a26d368eb7a1eeba278ad1bd0b9926cf0650,p4,implementation-design-or-support,source,P4-W07 Implementation Workflow and Acceptance Design,Proposed detailed design; implementation and validation are not,mechanical-only,pending,pending,Full text and counterevidence review not certified; see handoff
b317b88ad6f78f82143ec6af2cf2b41a143ae741,docs/stages/p4/implementation/p4-w07-repeatability-telemetry/06-validation-and-handoff.md,112a4e4b299ddbe88b6ca5fdbb6400d78841459e,p4,implementation-design-or-support,source,"P4-W07 Validation, Error/Security Model, and Handoff",Proposed detailed design; implementation and validation are not,mechanical-only,pending,pending,Full text and counterevidence review not certified; see handoff
b317b88ad6f78f82143ec6af2cf2b41a143ae741,docs/stages/p4/implementation/p4-w07-repeatability-telemetry/README.md,8d43ce5f6e2cba969ddb89d327ef3bfba929df8a,p4,implementation-design-or-support,source,P4-W07 Repeatability and Stage-2 Telemetry — Detailed Implementation Design,Proposed detailed design; implementation and validation are not,mechanical-only,pending,pending,Full text and counterevidence review not certified; see handoff
b317b88ad6f78f82143ec6af2cf2b41a143ae741,docs/stages/p4/implementation/p4-w08-qemu-integration-regression/01-scope-and-foundations.md,a6e4a0f19d0727bf54c726b5404d6e85b6b36233,p4,implementation-design-or-support,source,"P4-W08 Scope, Foundations, and Resolved Decisions",Proposed detailed design; implementation and validation are not,mechanical-only,pending,pending,Full text and counterevidence review not certified; see handoff
b317b88ad6f78f82143ec6af2cf2b41a143ae741,docs/stages/p4/implementation/p4-w08-qemu-integration-regression/02-scenario-matrix.md,d2311ba0643f218c7e9cbd2079dd3f7ea401fc8a,p4,implementation-design-or-support,source,P4-W08 Scenario Matrix,Proposed detailed design; implementation and validation are not,mechanical-only,pending,pending,Full text and counterevidence review not certified; see handoff
b317b88ad6f78f82143ec6af2cf2b41a143ae741,docs/stages/p4/implementation/p4-w08-qemu-integration-regression/03-automation-contract.md,da0136fad1ed2ec53061eb792fa86e8fb38fecde,p4,implementation-design-or-support,source,P4-W08 Automation Contract,Proposed detailed design; implementation and validation are not,mechanical-only,pending,pending,Full text and counterevidence review not certified; see handoff
b317b88ad6f78f82143ec6af2cf2b41a143ae741,docs/stages/p4/implementation/p4-w08-qemu-integration-regression/04-implementation-workflow.md,efe6a444351ed0938bf42769be24d60e72e38008,p4,implementation-design-or-support,source,P4-W08 Implementation Workflow and Acceptance Design,Proposed detailed design; implementation and validation are not,mechanical-only,pending,pending,Full text and counterevidence review not certified; see handoff
b317b88ad6f78f82143ec6af2cf2b41a143ae741,docs/stages/p4/implementation/p4-w08-qemu-integration-regression/05-validation-and-handoff.md,a0c2932a627329aa4ff16a8bda2f2d8fd20c0666,p4,implementation-design-or-support,source,"P4-W08 Validation, Error/Security Model, and Handoff",Proposed design; implementation and validation are not claimed.,mechanical-only,pending,pending,Full text and counterevidence review not certified; see handoff
b317b88ad6f78f82143ec6af2cf2b41a143ae741,docs/stages/p4/implementation/p4-w08-qemu-integration-regression/README.md,e5bae43e74a4d9e5eea9a7b609586c94dad83745,p4,implementation-design-or-support,source,P4-W08 QEMU Integration Regression — Detailed Implementation Design,Proposed detailed design; implementation and validation are not,mechanical-only,pending,pending,Full text and counterevidence review not certified; see handoff
b317b88ad6f78f82143ec6af2cf2b41a143ae741,docs/stages/p4/implementation/p4-w09-closeout-p5-handoff/01-closeout-contracts.md,4352ac45c24203d7e9446280284fc2e431c6fda4,p4,implementation-design-or-support,source,P4-W09 Closeout Artifact Contracts and P5 Consumer Mapping,Proposed detailed design; implementation and validation are not,mechanical-only,pending,pending,Full text and counterevidence review not certified; see handoff
b317b88ad6f78f82143ec6af2cf2b41a143ae741,docs/stages/p4/implementation/p4-w09-closeout-p5-handoff/02-review-workflow.md,b4795334e5424b92bb6a336422e4565e9b7213f4,p4,implementation-design-or-support,source,"P4-W09 Review Workflow, Validation, and Handoff",Proposed detailed design; implementation and validation are not,mechanical-only,pending,pending,Full text and counterevidence review not certified; see handoff
b317b88ad6f78f82143ec6af2cf2b41a143ae741,docs/stages/p4/implementation/p4-w09-closeout-p5-handoff/README.md,a0e9affb5308af2c54c34f1caa044bbf4f2087f6,p4,implementation-design-or-support,source,P4-W09 P4 Factual Closeout and P5 Handoff — Detailed Implementation Design,Proposed detailed design; implementation and validation are not,mechanical-only,pending,pending,Full text and counterevidence review not certified; see handoff
b317b88ad6f78f82143ec6af2cf2b41a143ae741,docs/stages/p4/plans/README.md,abb7bc1fa761e3a57c7ddfd18af997ef8adf827e,p4,plan-index,source,P4 work-package plans,"Planning index. Individual plans are bounded work-package plans,",mechanical-only,pending,pending,Full text and counterevidence review not certified; see handoff
b317b88ad6f78f82143ec6af2cf2b41a143ae741,docs/stages/p4/plans/p4-w01-entry-contract-reconciliation.md,7ef7f6401544c9ec4a4b578904fe0eb1e7b54275,p4,work-package-plan,source,P4-W01 — Entry contract reconciliation,Planned work package; implementation not claimed,mechanical-only,pending,pending,Full text and counterevidence review not certified; see handoff
b317b88ad6f78f82143ec6af2cf2b41a143ae741,docs/stages/p4/plans/p4-w02-stage2-address-space.md,9df9c006806f36ba5a2118c4b0be8ccf7460fae7,p4,work-package-plan,source,P4-W02 — Stage-2 address-space correctness,Planned work package; implementation not claimed,mechanical-only,pending,pending,Full text and counterevidence review not certified; see handoff
b317b88ad6f78f82143ec6af2cf2b41a143ae741,docs/stages/p4/plans/p4-w03-guest-memory-image.md,a478ac81980a8c40657ad4557cf3004012588c28,p4,work-package-plan,source,P4-W03 — Guest memory and image construction,Planned work package; implementation not claimed,mechanical-only,pending,pending,Full text and counterevidence review not certified; see handoff
b317b88ad6f78f82143ec6af2cf2b41a143ae741,docs/stages/p4/plans/p4-w04-vcpu-entry-exit.md,7950452e34e537a8514e2d7d946389eb43b309ec,p4,work-package-plan,source,P4-W04 — Single-vCPU Guest-EL1 entry and recovery,Planned work package; implementation not claimed,mechanical-only,pending,pending,Full text and counterevidence review not certified; see handoff
b317b88ad6f78f82143ec6af2cf2b41a143ae741,docs/stages/p4/plans/p4-w05-validation-guest.md,9b0e08f2210b1e331db0fad9c6fab90b49405d8b,p4,work-package-plan,source,P4-W05 — Rust Validation Guest test asset,Planned work package; implementation not claimed,mechanical-only,pending,pending,Full text and counterevidence review not certified; see handoff
b317b88ad6f78f82143ec6af2cf2b41a143ae741,docs/stages/p4/plans/p4-w06-fault-isolation-diagnostics.md,c3b53ee5caf25f5c8b41f88dccfa1fe9af9117bf,p4,work-package-plan,source,P4-W06 — Guest fault isolation and diagnostics,Planned work package; implementation not claimed,mechanical-only,pending,pending,Full text and counterevidence review not certified; see handoff
b317b88ad6f78f82143ec6af2cf2b41a143ae741,docs/stages/p4/plans/p4-w07-repeatability-telemetry.md,ab3e263cfb021deb77996789a817d93078a4ca2a,p4,work-package-plan,source,P4-W07 — Repeatability and Stage-2 telemetry,Planned work package; implementation not claimed,mechanical-only,pending,pending,Full text and counterevidence review not certified; see handoff
b317b88ad6f78f82143ec6af2cf2b41a143ae741,docs/stages/p4/plans/p4-w08-qemu-integration-regression.md,bb7fd9c4550d609c1ee396f6cd0d2ad9e9d46225,p4,work-package-plan,source,P4-W08 — QEMU integration regression,Planned work package; implementation not claimed,mechanical-only,pending,pending,Full text and counterevidence review not certified; see handoff
b317b88ad6f78f82143ec6af2cf2b41a143ae741,docs/stages/p4/plans/p4-w09-closeout-p5-handoff.md,9ccbf9a5a0be516a4f1e75796cdf92be9019f298,p4,work-package-plan,source,P4-W09 — P4 factual closeout and P5 handoff,Planned work package; implementation not claimed,mechanical-only,pending,pending,Full text and counterevidence review not certified; see handoff
b317b88ad6f78f82143ec6af2cf2b41a143ae741,docs/stages/p4/task-book-v0.1.md,3b5d031b3249d977a98cbcc2e7752f758dc89ba4,p4,task-book,source,Rust Type-1 Hypervisor — P4 Stage Task Book v0.1,Planning baseline; implementation and validation are not claimed,mechanical-only,pending,pending,Full text and counterevidence review not certified; see handoff
b317b88ad6f78f82143ec6af2cf2b41a143ae741,docs/stages/p5/README.md,c8747c9b19e334f04a91aafcc1c3c119af613106,p5,stage-index-or-handoff,source,"P5 — Hypercall, object handles, and Capability v0",not-extracted; inspect source,mechanical-only,pending,pending,Full text and counterevidence review not certified; see handoff
b317b88ad6f78f82143ec6af2cf2b41a143ae741,docs/stages/p5/implementation/README.md,097e5d69f4d947b87fa14b034d7f258a1cad6fb8,p5,implementation-design-or-support,source,P5 implementation designs and records,Index of proposed designs and future implementation records; not a,mechanical-only,pending,pending,Full text and counterevidence review not certified; see handoff
b317b88ad6f78f82143ec6af2cf2b41a143ae741,docs/stages/p5/implementation/p5-w01-entry-contract-reconciliation/01-reconciliation-ledger.md,f7d7331ae73e73ae5d2c1657c2eee8e4ddf066d8,p5,implementation-design-or-support,source,P5-W01 Reconciliation Ledger,Proposed detailed design; implementation and validation are not,mechanical-only,pending,pending,Full text and counterevidence review not certified; see handoff
b317b88ad6f78f82143ec6af2cf2b41a143ae741,docs/stages/p5/implementation/p5-w01-entry-contract-reconciliation/02-workflow-validation-handoff.md,069d115b4049d1ba8c625463ba9fa2bd2a858fcd,p5,implementation-design-or-support,source,"P5-W01 Workflow, Validation, and Handoff",Proposed detailed design; implementation and validation are not,mechanical-only,pending,pending,Full text and counterevidence review not certified; see handoff
b317b88ad6f78f82143ec6af2cf2b41a143ae741,docs/stages/p5/implementation/p5-w01-entry-contract-reconciliation/README.md,0218839afdab24e37cf4adae57e883d5d62e587e,p5,implementation-design-or-support,source,P5-W01 Entry Contract Reconciliation — Detailed Implementation Design,Proposed detailed design; implementation and validation are not,mechanical-only,pending,pending,Full text and counterevidence review not certified; see handoff
b317b88ad6f78f82143ec6af2cf2b41a143ae741,docs/stages/p5/implementation/p5-w02-hypercall-abi-error-boundary/01-scope-and-foundations.md,334f861ba89ec56a489a3b3a9c65fd1e4a204a06,p5,implementation-design-or-support,source,"P5-W02 Scope, Foundations, and Design Decisions",Proposed detailed design; implementation and validation are not,mechanical-only,pending,pending,Full text and counterevidence review not certified; see handoff
b317b88ad6f78f82143ec6af2cf2b41a143ae741,docs/stages/p5/implementation/p5-w02-hypercall-abi-error-boundary/02-architecture-and-state.md,38f2e2224a14edbc9b75ab9409ec39c1f2afa330,p5,implementation-design-or-support,source,"P5-W02 Architecture, State, and Concurrency",Proposed detailed design; implementation and validation are not,mechanical-only,pending,pending,Full text and counterevidence review not certified; see handoff
b317b88ad6f78f82143ec6af2cf2b41a143ae741,docs/stages/p5/implementation/p5-w02-hypercall-abi-error-boundary/03-code-contracts-abi-surface.md,235cc6f2526d42012d7bfdc91f237eb113923b93,p5,implementation-design-or-support,source,P5-W02 Code Contracts — ABI Surface,Proposed detailed design; implementation and validation are not,mechanical-only,pending,pending,Full text and counterevidence review not certified; see handoff
b317b88ad6f78f82143ec6af2cf2b41a143ae741,docs/stages/p5/implementation/p5-w02-hypercall-abi-error-boundary/04-code-contracts-error-boundary.md,b287208a9c79dae3d61e4ba2e1bc2e9407f79a4f,p5,implementation-design-or-support,source,P5-W02 Code Contracts — Error Boundary,Proposed detailed design; implementation and validation are not,mechanical-only,pending,pending,Full text and counterevidence review not certified; see handoff
b317b88ad6f78f82143ec6af2cf2b41a143ae741,docs/stages/p5/implementation/p5-w02-hypercall-abi-error-boundary/05-implementation-workflow.md,b27f85e97ede06a08ce86a743f78a8f4547e904f,p5,implementation-design-or-support,source,P5-W02 Implementation Workflow,Proposed detailed design; implementation and validation are not,mechanical-only,pending,pending,Full text and counterevidence review not certified; see handoff
b317b88ad6f78f82143ec6af2cf2b41a143ae741,docs/stages/p5/implementation/p5-w02-hypercall-abi-error-boundary/06-validation-and-handoff.md,2d3c97e6bcce5aa7c4213183e63ba597bd711330,p5,implementation-design-or-support,source,"P5-W02 Validation, Security Model, and Handoff",Proposed detailed design; implementation and validation are not,mechanical-only,pending,pending,Full text and counterevidence review not certified; see handoff
b317b88ad6f78f82143ec6af2cf2b41a143ae741,docs/stages/p5/implementation/p5-w02-hypercall-abi-error-boundary/README.md,fc824dd33687a90c61c01acfc9ced7977c7f305a,p5,implementation-design-or-support,source,P5-W02 Hypercall ABI and Error Boundary — Detailed Implementation Design,Proposed detailed design; implementation and validation are not,mechanical-only,pending,pending,Full text and counterevidence review not certified; see handoff
b317b88ad6f78f82143ec6af2cf2b41a143ae741,docs/stages/p5/implementation/p5-w03-guest-data-safety/01-scope-and-foundations.md,7b71cdd8863f62c7c123041b7351596a5238a499,p5,implementation-design-or-support,source,"P5-W03 Scope, Foundations, and Design Decisions",Proposed detailed design; implementation and validation are not,mechanical-only,pending,pending,Full text and counterevidence review not certified; see handoff
b317b88ad6f78f82143ec6af2cf2b41a143ae741,docs/stages/p5/implementation/p5-w03-guest-data-safety/02-architecture-and-state.md,6523bc540efea7b8dde3841e0483ef7b0d533ef4,p5,implementation-design-or-support,source,"P5-W03 Architecture, State, and Concurrency",Proposed detailed design; implementation and validation are not,mechanical-only,pending,pending,Full text and counterevidence review not certified; see handoff
b317b88ad6f78f82143ec6af2cf2b41a143ae741,docs/stages/p5/implementation/p5-w03-guest-data-safety/03-code-contracts-guest-range.md,935ab8dd75797b99a0417685927c34cc956626c8,p5,implementation-design-or-support,source,P5-W03 Code Contracts — Range Vocabulary and Validator,Proposed detailed design; implementation and validation are not,mechanical-only,pending,pending,Full text and counterevidence review not certified; see handoff
b317b88ad6f78f82143ec6af2cf2b41a143ae741,docs/stages/p5/implementation/p5-w03-guest-data-safety/04-code-contracts-guest-accessor.md,805e6685b3f7d10b3269e4af25326f20d38ee429,p5,implementation-design-or-support,source,P5-W03 Code Contracts — Accessor and Fault Domain,Proposed detailed design; implementation and validation are not,mechanical-only,pending,pending,Full text and counterevidence review not certified; see handoff
b317b88ad6f78f82143ec6af2cf2b41a143ae741,docs/stages/p5/implementation/p5-w03-guest-data-safety/05-implementation-workflow.md,018665c5c12a463ef4f4b9fa05667e1c3e254efa,p5,implementation-design-or-support,source,P5-W03 Implementation Workflow,Proposed detailed design; implementation and validation are not,mechanical-only,pending,pending,Full text and counterevidence review not certified; see handoff
b317b88ad6f78f82143ec6af2cf2b41a143ae741,docs/stages/p5/implementation/p5-w03-guest-data-safety/06-validation-and-handoff.md,eeb5b52a93fbe3465fa58cf2446c58216e16d9b2,p5,implementation-design-or-support,source,"P5-W03 Validation, Security Model, and Handoff",Proposed detailed design; implementation and validation are not,mechanical-only,pending,pending,Full text and counterevidence review not certified; see handoff
b317b88ad6f78f82143ec6af2cf2b41a143ae741,docs/stages/p5/implementation/p5-w03-guest-data-safety/README.md,bf4328038690a265be5629e0ea913ebe38defc60,p5,implementation-design-or-support,source,P5-W03 Guest-Data Safety Boundary — Detailed Implementation Design,Proposed detailed design; implementation and validation are not,mechanical-only,pending,pending,Full text and counterevidence review not certified; see handoff
b317b88ad6f78f82143ec6af2cf2b41a143ae741,docs/stages/p5/implementation/p5-w04-handle-lifecycle-type-safety/01-scope-and-foundations.md,2f37cbef63364625b4e7b4b6b7c620c3864fa63e,p5,implementation-design-or-support,source,"P5-W04 Scope, Foundations, and Design Decisions",Proposed detailed design; implementation and validation are not,mechanical-only,pending,pending,Full text and counterevidence review not certified; see handoff
b317b88ad6f78f82143ec6af2cf2b41a143ae741,docs/stages/p5/implementation/p5-w04-handle-lifecycle-type-safety/02-architecture-and-state.md,c3030a9ccdf50cfd76904218c5912cbcfb125ece,p5,implementation-design-or-support,source,"P5-W04 Architecture, State, and Concurrency",Proposed detailed design; implementation and validation are not,targeted-review,pending,pending,Full text and counterevidence review not certified; see handoff
b317b88ad6f78f82143ec6af2cf2b41a143ae741,docs/stages/p5/implementation/p5-w04-handle-lifecycle-type-safety/03-code-contracts-handle-table.md,14cd9efce30961552705f6ff1bdb941c34da465a,p5,implementation-design-or-support,source,P5-W04 Code Contracts — Handle Codec and Object Table,Proposed detailed design; implementation and validation are not,targeted-review,pending,pending,Full text and counterevidence review not certified; see handoff
b317b88ad6f78f82143ec6af2cf2b41a143ae741,docs/stages/p5/implementation/p5-w04-handle-lifecycle-type-safety/04-code-contracts-lifecycle-ops.md,9b25ea13066af9c5bab2b399a4302dee3370080b,p5,implementation-design-or-support,source,P5-W04 Code Contracts — Lifecycle Operations,Proposed detailed design; implementation and validation are not,mechanical-only,pending,pending,Full text and counterevidence review not certified; see handoff
b317b88ad6f78f82143ec6af2cf2b41a143ae741,docs/stages/p5/implementation/p5-w04-handle-lifecycle-type-safety/05-implementation-workflow.md,28ec60f62e09535a6a65b1ea4aebbeb2ba9bb371,p5,implementation-design-or-support,source,P5-W04 Implementation Workflow,Proposed detailed design; implementation and validation are not,mechanical-only,pending,pending,Full text and counterevidence review not certified; see handoff
b317b88ad6f78f82143ec6af2cf2b41a143ae741,docs/stages/p5/implementation/p5-w04-handle-lifecycle-type-safety/06-validation-and-handoff.md,776c2f5fe9fd4bb359b842ab6cb818fbb55c1bae,p5,implementation-design-or-support,source,"P5-W04 Validation, Security Model, and Handoff",Proposed detailed design; implementation and validation are not,mechanical-only,pending,pending,Full text and counterevidence review not certified; see handoff
b317b88ad6f78f82143ec6af2cf2b41a143ae741,docs/stages/p5/implementation/p5-w04-handle-lifecycle-type-safety/README.md,c1b0aecbdd14e974a95c5e41197c718940eda413,p5,implementation-design-or-support,source,P5-W04 Handle Lifecycle and Type Safety — Detailed Implementation Design,Proposed detailed design; implementation and validation are not,mechanical-only,pending,pending,Full text and counterevidence review not certified; see handoff
b317b88ad6f78f82143ec6af2cf2b41a143ae741,docs/stages/p5/implementation/p5-w05-capability-rights-bootstrap-revocation/01-scope-and-foundations.md,17d745875e7936fbab090b6587338002c91e80b4,p5,implementation-design-or-support,source,"P5-W05 Scope, Foundations, and Design Decisions",Proposed detailed design; implementation and validation are not,mechanical-only,pending,pending,Full text and counterevidence review not certified; see handoff
b317b88ad6f78f82143ec6af2cf2b41a143ae741,docs/stages/p5/implementation/p5-w05-capability-rights-bootstrap-revocation/02-architecture-and-state.md,0e2308ab31ed121f17273c15fa9935c4aab0796c,p5,implementation-design-or-support,source,"P5-W05 Architecture, State, and Concurrency",Proposed detailed design; implementation and validation are not,mechanical-only,pending,pending,Full text and counterevidence review not certified; see handoff
b317b88ad6f78f82143ec6af2cf2b41a143ae741,docs/stages/p5/implementation/p5-w05-capability-rights-bootstrap-revocation/03-code-contracts-rights-and-grant.md,0e10a618536cc237c5f50e7c475396491cae4be4,p5,implementation-design-or-support,source,P5-W05 Code Contracts — Rights Vocabulary and Grant Path,Proposed detailed design; implementation and validation are not,mechanical-only,pending,pending,Full text and counterevidence review not certified; see handoff
b317b88ad6f78f82143ec6af2cf2b41a143ae741,docs/stages/p5/implementation/p5-w05-capability-rights-bootstrap-revocation/04-code-contracts-check-revoke.md,36443f068b5af3d8a287333ea892b5df6afa6c78,p5,implementation-design-or-support,source,"P5-W05 Code Contracts — Check, Revocation, and Denial Classes",Proposed detailed design; implementation and validation are not,targeted-review,pending,pending,Full text and counterevidence review not certified; see handoff
b317b88ad6f78f82143ec6af2cf2b41a143ae741,docs/stages/p5/implementation/p5-w05-capability-rights-bootstrap-revocation/05-implementation-workflow.md,75bba80cde4ec425869d013f050b2cf3a2898f52,p5,implementation-design-or-support,source,P5-W05 Implementation Workflow,Proposed detailed design; implementation and validation are not,mechanical-only,pending,pending,Full text and counterevidence review not certified; see handoff
b317b88ad6f78f82143ec6af2cf2b41a143ae741,docs/stages/p5/implementation/p5-w05-capability-rights-bootstrap-revocation/06-validation-and-handoff.md,47db82f584982cda3f0a6ea284a13b842886cebf,p5,implementation-design-or-support,source,"P5-W05 Validation, Security Model, and Handoff",Proposed detailed design; implementation and validation are not,mechanical-only,pending,pending,Full text and counterevidence review not certified; see handoff
b317b88ad6f78f82143ec6af2cf2b41a143ae741,docs/stages/p5/implementation/p5-w05-capability-rights-bootstrap-revocation/README.md,1c58312d20bb796a938b0e3520f1495320ca3264,p5,implementation-design-or-support,source,"P5-W05 Capability, Rights, Bootstrap, and Revocation — Detailed Implementation Design",Proposed detailed design; implementation and validation are not,mechanical-only,pending,pending,Full text and counterevidence review not certified; see handoff
b317b88ad6f78f82143ec6af2cf2b41a143ae741,docs/stages/p5/implementation/p5-w06-dispatch-permission-containment/01-dispatch-pipeline-contract.md,fdd0bf630be7b38d569272417902c34180c3a778,p5,implementation-design-or-support,source,P5-W06 Dispatch Pipeline Contract,Proposed detailed design; implementation not claimed.,mechanical-only,pending,pending,Full text and counterevidence review not certified; see handoff
b317b88ad6f78f82143ec6af2cf2b41a143ae741,docs/stages/p5/implementation/p5-w06-dispatch-permission-containment/02-containment-and-error-classification.md,75ac823c9f6df90b175b8894fca5ba5ff12de68c,p5,implementation-design-or-support,source,P5-W06 Containment and Error Classification,Proposed detailed design; implementation not claimed.,mechanical-only,pending,pending,Full text and counterevidence review not certified; see handoff
b317b88ad6f78f82143ec6af2cf2b41a143ae741,docs/stages/p5/implementation/p5-w06-dispatch-permission-containment/03-implementation-workflow-and-validation.md,72b9cf2777674c8c876013e524138b57fa3ce076,p5,implementation-design-or-support,source,P5-W06 Implementation Workflow and Validation,Proposed detailed design; implementation and validation are not,mechanical-only,pending,pending,Full text and counterevidence review not certified; see handoff
b317b88ad6f78f82143ec6af2cf2b41a143ae741,docs/stages/p5/implementation/p5-w06-dispatch-permission-containment/README.md,d4952b7c4f78f71e45f12613bbcab53b4257333c,p5,implementation-design-or-support,source,"P5-W06 Dispatch, Permission, and Fault Containment — Detailed Implementation Design",Proposed detailed design; implementation and validation are not,mechanical-only,pending,pending,Full text and counterevidence review not certified; see handoff
b317b88ad6f78f82143ec6af2cf2b41a143ae741,docs/stages/p5/implementation/p5-w07-validation-guest-isolation-suite/01-scenario-matrix.md,031a32883b6b44e900336855e39bb91f8df1693c,p5,implementation-design-or-support,source,P5-W07 Scenario Matrix,Proposed detailed design; implementation not claimed.,mechanical-only,pending,pending,Full text and counterevidence review not certified; see handoff
b317b88ad6f78f82143ec6af2cf2b41a143ae741,docs/stages/p5/implementation/p5-w07-validation-guest-isolation-suite/02-two-context-isolation-and-harness.md,b763a584e0dbd1c889e304598d3f41511787ff70,p5,implementation-design-or-support,source,P5-W07 Two-Context Isolation and Harness Contract,Proposed detailed design; implementation not claimed.,mechanical-only,pending,pending,Full text and counterevidence review not certified; see handoff
b317b88ad6f78f82143ec6af2cf2b41a143ae741,docs/stages/p5/implementation/p5-w07-validation-guest-isolation-suite/03-implementation-workflow-and-validation.md,cdba11e22b6d6f40c94f69529c3d9c2f80d4e3f1,p5,implementation-design-or-support,source,P5-W07 Implementation Workflow and Validation,Proposed detailed design; implementation and validation are not,mechanical-only,pending,pending,Full text and counterevidence review not certified; see handoff
b317b88ad6f78f82143ec6af2cf2b41a143ae741,docs/stages/p5/implementation/p5-w07-validation-guest-isolation-suite/README.md,6798da69fb7ac6ed82b23c214e4ce08fcd0692ab,p5,implementation-design-or-support,source,P5-W07 Validation Guest Security and Isolation Suite — Detailed Implementation Design,Proposed detailed design; implementation and validation are not,mechanical-only,pending,pending,Full text and counterevidence review not certified; see handoff
b317b88ad6f78f82143ec6af2cf2b41a143ae741,docs/stages/p5/implementation/p5-w08-host-fuzz-stress-smp-baseline/01-fuzz-and-property-matrix.md,5ded905cafeb5bde5432bf8a5f8d307115bd72c8,p5,implementation-design-or-support,source,P5-W08 Fuzz and Property Matrix,Proposed detailed design; implementation not claimed.,mechanical-only,pending,pending,Full text and counterevidence review not certified; see handoff
b317b88ad6f78f82143ec6af2cf2b41a143ae741,docs/stages/p5/implementation/p5-w08-host-fuzz-stress-smp-baseline/02-stress-smp-scenarios.md,6b1f3b79a166de46356da102e2b402fdf8abb3c5,p5,implementation-design-or-support,source,P5-W08 Stress and SMP Scenarios,Proposed detailed design; implementation not claimed.,mechanical-only,pending,pending,Full text and counterevidence review not certified; see handoff
b317b88ad6f78f82143ec6af2cf2b41a143ae741,docs/stages/p5/implementation/p5-w08-host-fuzz-stress-smp-baseline/03-performance-baseline-and-workflow.md,ba9decacd00f52ae9b4133ad2a706c918e9f8267,p5,implementation-design-or-support,source,P5-W08 Performance Baseline and Implementation Workflow,Proposed detailed design; implementation and validation are not,mechanical-only,pending,pending,Full text and counterevidence review not certified; see handoff
b317b88ad6f78f82143ec6af2cf2b41a143ae741,docs/stages/p5/implementation/p5-w08-host-fuzz-stress-smp-baseline/README.md,8b5baa969ed508bf600b40570b8833a5320bb247,p5,implementation-design-or-support,source,"P5-W08 Host Fuzz, Lifecycle Stress, SMP, and Performance Baseline — Detailed Implementation Design",Proposed detailed design; implementation and validation are not,mechanical-only,pending,pending,Full text and counterevidence review not certified; see handoff
b317b88ad6f78f82143ec6af2cf2b41a143ae741,docs/stages/p5/implementation/p5-w09-telemetry-safe-logging-regression/01-telemetry-and-safe-logging-contract.md,15d2a5fa48180410deda4dc8530cc97beba4e7a8,p5,implementation-design-or-support,source,P5-W09 Telemetry and Safe-Logging Contract,Proposed detailed design; implementation not claimed.,mechanical-only,pending,pending,Full text and counterevidence review not certified; see handoff
b317b88ad6f78f82143ec6af2cf2b41a143ae741,docs/stages/p5/implementation/p5-w09-telemetry-safe-logging-regression/02-regression-matrix-and-workflow.md,05ec56bee0afe71bd02ab9c4130dd62b706949c0,p5,implementation-design-or-support,source,P5-W09 Regression Matrix and Implementation Workflow,Proposed detailed design; implementation and validation are not,mechanical-only,pending,pending,Full text and counterevidence review not certified; see handoff
b317b88ad6f78f82143ec6af2cf2b41a143ae741,docs/stages/p5/implementation/p5-w09-telemetry-safe-logging-regression/README.md,7d8ae3e321fc5f185b2bfe1ba7d53638d746c21b,p5,implementation-design-or-support,source,"P5-W09 Telemetry, Safe Logging, and Regression — Detailed Implementation Design",Proposed detailed design; implementation and validation are not,mechanical-only,pending,pending,Full text and counterevidence review not certified; see handoff
b317b88ad6f78f82143ec6af2cf2b41a143ae741,docs/stages/p5/implementation/p5-w10-closeout-p6-handoff/01-closeout-contract.md,6d6267b393819df3fb674a70471eb0061df4ad8f,p5,implementation-design-or-support,source,P5-W10 Closeout Contract,Proposed detailed design; implementation not claimed.,mechanical-only,pending,pending,Full text and counterevidence review not certified; see handoff
b317b88ad6f78f82143ec6af2cf2b41a143ae741,docs/stages/p5/implementation/p5-w10-closeout-p6-handoff/02-closeout-workflow-and-validation.md,11aab89fbd3c2148039c583ae4ed70cad4430bda,p5,implementation-design-or-support,source,P5-W10 Closeout Workflow and Validation,Proposed detailed design; implementation and validation are not,mechanical-only,pending,pending,Full text and counterevidence review not certified; see handoff
b317b88ad6f78f82143ec6af2cf2b41a143ae741,docs/stages/p5/implementation/p5-w10-closeout-p6-handoff/README.md,a7121da52de479a05d734681064042f4d2683a9d,p5,implementation-design-or-support,source,P5-W10 P5 Factual Closeout and P6 Handoff — Detailed Implementation Design,Proposed detailed design; implementation and validation are not,mechanical-only,pending,pending,Full text and counterevidence review not certified; see handoff
b317b88ad6f78f82143ec6af2cf2b41a143ae741,docs/stages/p5/plans/README.md,edb0a73ffd86413779eb1d0910cc2d0c5c9c1dd2,p5,plan-index,source,P5 work-package plans,"Planning index. Individual plans are bounded work-package plans,",mechanical-only,pending,pending,Full text and counterevidence review not certified; see handoff
b317b88ad6f78f82143ec6af2cf2b41a143ae741,docs/stages/p5/plans/p5-w01-entry-contract-reconciliation.md,a1db83d816357f651388d24f3032191930fdb209,p5,work-package-plan,source,P5-W01 — Entry contract reconciliation,Planned work package; implementation not claimed,mechanical-only,pending,pending,Full text and counterevidence review not certified; see handoff
b317b88ad6f78f82143ec6af2cf2b41a143ae741,docs/stages/p5/plans/p5-w02-hypercall-abi-error-boundary.md,e4be56f546f0bff93b1754c3d37a2b4705dd592a,p5,work-package-plan,source,P5-W02 — Hypercall ABI and error boundary,Planned work package; implementation not claimed,mechanical-only,pending,pending,Full text and counterevidence review not certified; see handoff
b317b88ad6f78f82143ec6af2cf2b41a143ae741,docs/stages/p5/plans/p5-w03-guest-data-safety.md,36781fe8d2d77e4a718ea387975026fbd25d156f,p5,work-package-plan,source,P5-W03 — Guest-data safety boundary,Planned work package; implementation not claimed,mechanical-only,pending,pending,Full text and counterevidence review not certified; see handoff
b317b88ad6f78f82143ec6af2cf2b41a143ae741,docs/stages/p5/plans/p5-w04-handle-lifecycle-type-safety.md,c9ff3478a2988a05cae2ae95b96ec948fa68ef57,p5,work-package-plan,source,P5-W04 — Handle lifecycle and type safety,Planned work package; implementation not claimed,mechanical-only,pending,pending,Full text and counterevidence review not certified; see handoff
b317b88ad6f78f82143ec6af2cf2b41a143ae741,docs/stages/p5/plans/p5-w05-capability-rights-bootstrap-revocation.md,7c0377176a567695968b499d515ee28402efff8e,p5,work-package-plan,source,"P5-W05 — Capability, rights, bootstrap, and revocation",Planned work package; implementation not claimed,mechanical-only,pending,pending,Full text and counterevidence review not certified; see handoff
b317b88ad6f78f82143ec6af2cf2b41a143ae741,docs/stages/p5/plans/p5-w06-dispatch-permission-containment.md,82d04de960d301bbf1add449026acd81956c1f92,p5,work-package-plan,source,"P5-W06 — Dispatch, permission, and fault containment",Planned work package; implementation not claimed,mechanical-only,pending,pending,Full text and counterevidence review not certified; see handoff
b317b88ad6f78f82143ec6af2cf2b41a143ae741,docs/stages/p5/plans/p5-w07-validation-guest-isolation-suite.md,2c84317e404dbd45dc2d459de940c3524f2f7f7f,p5,work-package-plan,source,P5-W07 — Validation Guest security and isolation suite,Planned work package; implementation not claimed,mechanical-only,pending,pending,Full text and counterevidence review not certified; see handoff
b317b88ad6f78f82143ec6af2cf2b41a143ae741,docs/stages/p5/plans/p5-w08-host-fuzz-stress-smp-baseline.md,22a7659ea64263a1969c0704f1e424bb6823f54e,p5,work-package-plan,source,"P5-W08 — Host fuzz, lifecycle stress, SMP, and performance baseline",Planned work package; implementation not claimed,mechanical-only,pending,pending,Full text and counterevidence review not certified; see handoff
b317b88ad6f78f82143ec6af2cf2b41a143ae741,docs/stages/p5/plans/p5-w09-telemetry-safe-logging-regression.md,b69a75b5f13cae17973e451bd1a9f82f8b816162,p5,work-package-plan,source,"P5-W09 — Telemetry, safe logging, and regression",Planned work package; implementation not claimed,mechanical-only,pending,pending,Full text and counterevidence review not certified; see handoff
b317b88ad6f78f82143ec6af2cf2b41a143ae741,docs/stages/p5/plans/p5-w10-closeout-p6-handoff.md,7a48a98d614e29a41087898fb3d770df62e014ea,p5,work-package-plan,source,P5-W10 — P5 factual closeout and P6 handoff,Planned work package; implementation not claimed,mechanical-only,pending,pending,Full text and counterevidence review not certified; see handoff
b317b88ad6f78f82143ec6af2cf2b41a143ae741,docs/stages/p5/task-book-v0.1.md,011e696d8698f8e5348513e0008c7694a6e48182,p5,task-book,source,Rust Type-1 Hypervisor — P5 Stage Task Book v0.1,Planning baseline; implementation and validation are not claimed,mechanical-only,pending,pending,Full text and counterevidence review not certified; see handoff
b317b88ad6f78f82143ec6af2cf2b41a143ae741,docs/stages/p6/README.md,6213985feff16d80a21680c5e014f442617ac104,p6,stage-index-or-handoff,source,"P6 — Timer, GICv3, and Virtual Interrupt v0",not-extracted; inspect source,mechanical-only,pending,pending,Full text and counterevidence review not certified; see handoff
b317b88ad6f78f82143ec6af2cf2b41a143ae741,docs/stages/p6/implementation/README.md,f0254c842b0c19c6ab17f048cfdb9dac43111017,p6,implementation-design-or-support,source,P6 implementation designs and records,Index of proposed designs and future implementation records; not a,mechanical-only,pending,pending,Full text and counterevidence review not certified; see handoff
b317b88ad6f78f82143ec6af2cf2b41a143ae741,docs/stages/p6/implementation/p6-w01-gic-capability-discovery/01-scope-and-foundations.md,cbb6218b4e467e1d14e9f6f7281630fff62b9b73,p6,implementation-design-or-support,source,"P6-W01 Scope, Prerequisites, and Capability Foundations",Proposed detailed design; implementation not claimed.,mechanical-only,pending,pending,Full text and counterevidence review not certified; see handoff
b317b88ad6f78f82143ec6af2cf2b41a143ae741,docs/stages/p6/implementation/p6-w01-gic-capability-discovery/02-architecture-and-state.md,e947ecdab49430fe6d01bf72273f9f12fbd7ad70,p6,implementation-design-or-support,source,"P6-W01 Architecture, Objects, and Decision Lifecycle",Proposed detailed design; implementation not claimed.,mechanical-only,pending,pending,Full text and counterevidence review not certified; see handoff
b317b88ad6f78f82143ec6af2cf2b41a143ae741,docs/stages/p6/implementation/p6-w01-gic-capability-discovery/03-code-contracts-capability-model.md,631d083b29df9dd3ff0bd52351ce7ac736c2d726,p6,implementation-design-or-support,source,P6-W01 Code Contracts — Capability Model and Reconciliation,Proposed detailed design; implementation not claimed.,mechanical-only,pending,pending,Full text and counterevidence review not certified; see handoff
b317b88ad6f78f82143ec6af2cf2b41a143ae741,docs/stages/p6/implementation/p6-w01-gic-capability-discovery/04-implementation-workflow.md,4c36e4864e177a4280b9a5d336765c9fb7051ab1,p6,implementation-design-or-support,source,P6-W01 Implementation Workflow and Acceptance Design,Proposed detailed design; implementation and validation are not,mechanical-only,pending,pending,Full text and counterevidence review not certified; see handoff
b317b88ad6f78f82143ec6af2cf2b41a143ae741,docs/stages/p6/implementation/p6-w01-gic-capability-discovery/05-validation-and-handoff.md,07a71dcf49b14ddf836a14d25fb3f05cce1097c3,p6,implementation-design-or-support,source,P6-W01 Validation and Handoff,Proposed detailed design; implementation and validation are not,mechanical-only,pending,pending,Full text and counterevidence review not certified; see handoff
b317b88ad6f78f82143ec6af2cf2b41a143ae741,docs/stages/p6/implementation/p6-w01-gic-capability-discovery/README.md,28e5901318d54e594001d4fa596d46fe518042a4,p6,implementation-design-or-support,source,P6-W01 GIC Capability Discovery — Detailed Implementation Design,Proposed detailed design; implementation and validation are not,mechanical-only,pending,pending,Full text and counterevidence review not certified; see handoff
b317b88ad6f78f82143ec6af2cf2b41a143ae741,docs/stages/p6/implementation/p6-w02-physical-gic-bring-up/01-scope-and-foundations.md,252f468f0b94b2c58972c8a46fe08ceeb9633016,p6,implementation-design-or-support,source,"P6-W02 Scope, Prerequisites, and Bring-up Foundations",Proposed detailed design; implementation not claimed.,mechanical-only,pending,pending,Full text and counterevidence review not certified; see handoff
b317b88ad6f78f82143ec6af2cf2b41a143ae741,docs/stages/p6/implementation/p6-w02-physical-gic-bring-up/02-architecture-and-state.md,f842998611c53b051f7980fe7a11639143fdc598,p6,implementation-design-or-support,source,"P6-W02 Architecture, Objects, State Machines, and Concurrency",Proposed detailed design; implementation not claimed.,mechanical-only,pending,pending,Full text and counterevidence review not certified; see handoff
b317b88ad6f78f82143ec6af2cf2b41a143ae741,docs/stages/p6/implementation/p6-w02-physical-gic-bring-up/03-code-contracts-register-access.md,64f6bab999d49165609c54a57aa6df56ea3c935e,p6,implementation-design-or-support,source,P6-W02 Code Contracts — Register Access Surface,Proposed detailed design; implementation not claimed.,mechanical-only,pending,pending,Full text and counterevidence review not certified; see handoff
b317b88ad6f78f82143ec6af2cf2b41a143ae741,docs/stages/p6/implementation/p6-w02-physical-gic-bring-up/04-code-contracts-distributor.md,c29e0203eec112be7d24cb3d9e9000270ad56f10,p6,implementation-design-or-support,source,P6-W02 Code Contracts — Distributor Bring-up (Phase A),Proposed detailed design; implementation not claimed.,mechanical-only,pending,pending,Full text and counterevidence review not certified; see handoff
b317b88ad6f78f82143ec6af2cf2b41a143ae741,docs/stages/p6/implementation/p6-w02-physical-gic-bring-up/05-code-contracts-local-gic.md,2d18c0ef70da4d3790d8fe992ee1fc5a99d5de60,p6,implementation-design-or-support,source,P6-W02 Code Contracts — Local GIC Bring-up (Phase B),Proposed detailed design; implementation not claimed.,mechanical-only,pending,pending,Full text and counterevidence review not certified; see handoff
b317b88ad6f78f82143ec6af2cf2b41a143ae741,docs/stages/p6/implementation/p6-w02-physical-gic-bring-up/06-implementation-workflow.md,c6f4a07d8da6e4f9be35ffed9b6845e591f4fce6,p6,implementation-design-or-support,source,P6-W02 Implementation Workflow and Acceptance Design,Proposed detailed design; implementation and validation are not,mechanical-only,pending,pending,Full text and counterevidence review not certified; see handoff
b317b88ad6f78f82143ec6af2cf2b41a143ae741,docs/stages/p6/implementation/p6-w02-physical-gic-bring-up/07-validation-and-handoff.md,38c1e2a8e34eaa82c110a8a1436443c0608e9259,p6,implementation-design-or-support,source,P6-W02 Validation and Handoff,Proposed detailed design; implementation and validation are not,mechanical-only,pending,pending,Full text and counterevidence review not certified; see handoff
b317b88ad6f78f82143ec6af2cf2b41a143ae741,docs/stages/p6/implementation/p6-w02-physical-gic-bring-up/README.md,15215aceb80369c9006e553fa40e9f1bf03ccf3e,p6,implementation-design-or-support,source,P6-W02 Physical GIC Bring-up — Detailed Implementation Design,Proposed detailed design; implementation and validation are not,mechanical-only,pending,pending,Full text and counterevidence review not certified; see handoff
b317b88ad6f78f82143ec6af2cf2b41a143ae741,docs/stages/p6/implementation/p6-w03-physical-interrupt-lifecycle/01-scope-and-foundations.md,feefe85a77cd9cb08600434de26925bd0e4a04fc,p6,implementation-design-or-support,source,"P6-W03 Scope, Prerequisites, and Lifecycle Foundations",Proposed detailed design; implementation not claimed.,mechanical-only,pending,pending,Full text and counterevidence review not certified; see handoff
b317b88ad6f78f82143ec6af2cf2b41a143ae741,docs/stages/p6/implementation/p6-w03-physical-interrupt-lifecycle/02-architecture-and-state.md,6ef9aab9bcdb892ba82daf0b73f533f958fece89,p6,implementation-design-or-support,source,"P6-W03 Architecture, State Authority, and Concurrency",Proposed detailed design; implementation not claimed.,mechanical-only,pending,pending,Full text and counterevidence review not certified; see handoff
b317b88ad6f78f82143ec6af2cf2b41a143ae741,docs/stages/p6/implementation/p6-w03-physical-interrupt-lifecycle/03-code-contracts-identification.md,67eed21771cb8f031a83d52c487506bffb274132,p6,implementation-design-or-support,source,P6-W03 Code Contracts — Identification and Classification,Proposed detailed design; implementation not claimed.,mechanical-only,pending,pending,Full text and counterevidence review not certified; see handoff
b317b88ad6f78f82143ec6af2cf2b41a143ae741,docs/stages/p6/implementation/p6-w03-physical-interrupt-lifecycle/04-code-contracts-dispatch-completion.md,956337cd2f89c2dff6ab69c91e6ac0790193c7ad,p6,implementation-design-or-support,source,"P6-W03 Code Contracts — Dispatch, Completion, Registration, Bounds",Proposed detailed design; implementation not claimed.,mechanical-only,pending,pending,Full text and counterevidence review not certified; see handoff
b317b88ad6f78f82143ec6af2cf2b41a143ae741,docs/stages/p6/implementation/p6-w03-physical-interrupt-lifecycle/05-implementation-workflow.md,5b965276a08629534b27df8dd841cc0fba87b69b,p6,implementation-design-or-support,source,P6-W03 Implementation Workflow and Acceptance Design,Proposed detailed design; implementation and validation are not,mechanical-only,pending,pending,Full text and counterevidence review not certified; see handoff
b317b88ad6f78f82143ec6af2cf2b41a143ae741,docs/stages/p6/implementation/p6-w03-physical-interrupt-lifecycle/06-validation-and-handoff.md,04918688d3e61580b6532b5ede169944a63823cd,p6,implementation-design-or-support,source,P6-W03 Validation and Handoff,Proposed detailed design; implementation and validation are not,mechanical-only,pending,pending,Full text and counterevidence review not certified; see handoff
b317b88ad6f78f82143ec6af2cf2b41a143ae741,docs/stages/p6/implementation/p6-w03-physical-interrupt-lifecycle/README.md,b2c28e53b0a909bae72a869bb6e14685055cd798,p6,implementation-design-or-support,source,P6-W03 Physical Interrupt Lifecycle — Detailed Implementation Design,Proposed detailed design; implementation and validation are not,mechanical-only,pending,pending,Full text and counterevidence review not certified; see handoff
b317b88ad6f78f82143ec6af2cf2b41a143ae741,docs/stages/p6/implementation/p6-w04-smp-interrupt-routing-sgi/01-scope-and-foundations.md,c10680c33ee0c50441330287e27b29b7ccaf122b,p6,implementation-design-or-support,source,"P6-W04 Scope, Prerequisites, and Mechanism Foundations",Proposed detailed design; implementation not claimed.,mechanical-only,pending,pending,Full text and counterevidence review not certified; see handoff
b317b88ad6f78f82143ec6af2cf2b41a143ae741,docs/stages/p6/implementation/p6-w04-smp-interrupt-routing-sgi/02-architecture-and-state.md,b404cbe36b290c8a1a4a5bead04239b22108c0e4,p6,implementation-design-or-support,source,"P6-W04 Architecture, Accounting, and Concurrency",Proposed detailed design; implementation not claimed.,mechanical-only,pending,pending,Full text and counterevidence review not certified; see handoff
b317b88ad6f78f82143ec6af2cf2b41a143ae741,docs/stages/p6/implementation/p6-w04-smp-interrupt-routing-sgi/03-code-contracts-sgi-send.md,7792553d8ddeeaab8a16d5d70468be7fb8f2108f,p6,implementation-design-or-support,source,"P6-W04 Code Contracts — SGI Targets, Send, and Accounting",Proposed detailed design; implementation not claimed.,targeted-review,pending,pending,Full text and counterevidence review not certified; see handoff
b317b88ad6f78f82143ec6af2cf2b41a143ae741,docs/stages/p6/implementation/p6-w04-smp-interrupt-routing-sgi/04-code-contracts-spi-routing.md,cfe665711bc28d7f06cb512a29334fcf78b5d0ea,p6,implementation-design-or-support,source,P6-W04 Code Contracts — SPI Routing Change,Proposed detailed design; implementation not claimed.,mechanical-only,pending,pending,Full text and counterevidence review not certified; see handoff
b317b88ad6f78f82143ec6af2cf2b41a143ae741,docs/stages/p6/implementation/p6-w04-smp-interrupt-routing-sgi/05-implementation-workflow.md,94bea73746ba146d39f7c28063fbe599ae93b377,p6,implementation-design-or-support,source,P6-W04 Implementation Workflow and Acceptance Design,Proposed detailed design; implementation and validation are not,mechanical-only,pending,pending,Full text and counterevidence review not certified; see handoff
b317b88ad6f78f82143ec6af2cf2b41a143ae741,docs/stages/p6/implementation/p6-w04-smp-interrupt-routing-sgi/06-validation-and-handoff.md,24ae4c687eb626115df484734ab10669f9ffb0b4,p6,implementation-design-or-support,source,P6-W04 Validation and Handoff,Proposed detailed design; implementation and validation are not,mechanical-only,pending,pending,Full text and counterevidence review not certified; see handoff
b317b88ad6f78f82143ec6af2cf2b41a143ae741,docs/stages/p6/implementation/p6-w04-smp-interrupt-routing-sgi/README.md,064ff69a4d71728c335a477f717a2d9e57b1051e,p6,implementation-design-or-support,source,P6-W04 SMP Interrupt Routing and SGI — Detailed Implementation Design,Proposed detailed design; implementation and validation are not,mechanical-only,pending,pending,Full text and counterevidence review not certified; see handoff
b317b88ad6f78f82143ec6af2cf2b41a143ae741,docs/stages/p6/implementation/p6-w05-el2-generic-timer/01-scope-and-foundations.md,11c0e2784ba4510c332c0ba488bda6ca2cd001e4,p6,implementation-design-or-support,source,"P6-W05 Scope, Foundations, and Resolved Decisions",Proposed detailed design; implementation and validation are not,mechanical-only,pending,pending,Full text and counterevidence review not certified; see handoff
b317b88ad6f78f82143ec6af2cf2b41a143ae741,docs/stages/p6/implementation/p6-w05-el2-generic-timer/02-architecture-and-state.md,3f2ba3f0c2302dffd10ca0a75c4b700cee61af7f,p6,implementation-design-or-support,source,"P6-W05 Architecture, Ownership, and State",Proposed detailed design; implementation and validation are not,mechanical-only,pending,pending,Full text and counterevidence review not certified; see handoff
b317b88ad6f78f82143ec6af2cf2b41a143ae741,docs/stages/p6/implementation/p6-w05-el2-generic-timer/03-code-contracts-time-core.md,f0426790d3819a062238458933e08ed1fa26d87d,p6,implementation-design-or-support,source,P6-W05 Code Contracts — Time Values and Monotonic Clock,Proposed detailed design; implementation and validation are not,mechanical-only,pending,pending,Full text and counterevidence review not certified; see handoff
b317b88ad6f78f82143ec6af2cf2b41a143ae741,docs/stages/p6/implementation/p6-w05-el2-generic-timer/04-code-contracts-deadline-timer.md,1145fc3274ae034bb19affd003d4a5fded962241,p6,implementation-design-or-support,source,P6-W05 Code Contracts — Per-pCPU Deadline Timer and IRQ Receipt,Proposed detailed design; implementation and validation are not,mechanical-only,pending,pending,Full text and counterevidence review not certified; see handoff
b317b88ad6f78f82143ec6af2cf2b41a143ae741,docs/stages/p6/implementation/p6-w05-el2-generic-timer/05-implementation-workflow.md,42ff0f3d27f9f4e4ec2ca3c1c41421c2cd6e2517,p6,implementation-design-or-support,source,P6-W05 Implementation Workflow and Acceptance,Proposed detailed design; implementation and validation are not,mechanical-only,pending,pending,Full text and counterevidence review not certified; see handoff
b317b88ad6f78f82143ec6af2cf2b41a143ae741,docs/stages/p6/implementation/p6-w05-el2-generic-timer/06-validation-and-handoff.md,cad888108084f8482768f3c0c63a905423af32f1,p6,implementation-design-or-support,source,"P6-W05 Validation, Error Model, and Handoff",Proposed detailed design; implementation and validation are not,mechanical-only,pending,pending,Full text and counterevidence review not certified; see handoff
b317b88ad6f78f82143ec6af2cf2b41a143ae741,docs/stages/p6/implementation/p6-w05-el2-generic-timer/README.md,6439f3544a7555fe1a66a41c520a398bb139ce8a,p6,implementation-design-or-support,source,P6-W05 EL2 Generic Timer — Detailed Implementation Design,Proposed detailed design; implementation and validation are not,mechanical-only,pending,pending,Full text and counterevidence review not certified; see handoff
b317b88ad6f78f82143ec6af2cf2b41a143ae741,docs/stages/p6/implementation/p6-w06-guest-generic-timer/01-scope-and-foundations.md,db707459805511effa9f38eb5bd870c2a9b71a6f,p6,implementation-design-or-support,source,"P6-W06 Scope, Foundations, and Resolved Decisions",Proposed detailed design; implementation and validation are not,mechanical-only,pending,pending,Full text and counterevidence review not certified; see handoff
b317b88ad6f78f82143ec6af2cf2b41a143ae741,docs/stages/p6/implementation/p6-w06-guest-generic-timer/02-architecture-and-state.md,1cad7e816d2d17933bf4015636724db2dec64122,p6,implementation-design-or-support,source,"P6-W06 Architecture, Ownership, and State",Proposed detailed design; implementation and validation are not,targeted-review,pending,pending,Full text and counterevidence review not certified; see handoff
b317b88ad6f78f82143ec6af2cf2b41a143ae741,docs/stages/p6/implementation/p6-w06-guest-generic-timer/03-code-contracts-vcpu-timer-state.md,99f9faf81cf93f1163e77033466a16afee299486,p6,implementation-design-or-support,source,"P6-W06 Code Contracts — vCPU Timer State, Save/Restore, Entry/Exit",Proposed detailed design; implementation and validation are not,targeted-review,pending,pending,Full text and counterevidence review not certified; see handoff
b317b88ad6f78f82143ec6af2cf2b41a143ae741,docs/stages/p6/implementation/p6-w06-guest-generic-timer/04-code-contracts-expiry-and-delivery.md,7ca806ab2e14791393715d20d2454f2a3089d4b3,p6,implementation-design-or-support,source,"P6-W06 Code Contracts — Expiry Evaluation, Deferred Delivery, PPI Conversion",Proposed detailed design; implementation and validation are not,mechanical-only,pending,pending,Full text and counterevidence review not certified; see handoff
b317b88ad6f78f82143ec6af2cf2b41a143ae741,docs/stages/p6/implementation/p6-w06-guest-generic-timer/05-implementation-workflow.md,d869bf82566946f76922a75db6f29a3723ad7992,p6,implementation-design-or-support,source,P6-W06 Implementation Workflow and Acceptance,Proposed detailed design; implementation and validation are not,mechanical-only,pending,pending,Full text and counterevidence review not certified; see handoff
b317b88ad6f78f82143ec6af2cf2b41a143ae741,docs/stages/p6/implementation/p6-w06-guest-generic-timer/06-validation-and-handoff.md,c5f8fb9a847427885181b8f97aeb24811a0bc2e0,p6,implementation-design-or-support,source,"P6-W06 Validation, Error Model, and Handoff",Proposed detailed design; implementation and validation are not,mechanical-only,pending,pending,Full text and counterevidence review not certified; see handoff
b317b88ad6f78f82143ec6af2cf2b41a143ae741,docs/stages/p6/implementation/p6-w06-guest-generic-timer/README.md,d96fea14f2386d05cdde192f8d8bbad58c0b7bac,p6,implementation-design-or-support,source,P6-W06 Guest Generic Timer Virtualization — Detailed Implementation Design,Proposed detailed design; implementation and validation are not,mechanical-only,pending,pending,Full text and counterevidence review not certified; see handoff
b317b88ad6f78f82143ec6af2cf2b41a143ae741,docs/stages/p6/implementation/p6-w07-virtual-interrupt-core/01-scope-and-foundations.md,bd32004e6f2f3c1649001976accf183905924cea,p6,implementation-design-or-support,source,"P6-W07 Scope, Foundations, and Resolved Decisions",Proposed detailed design; implementation and validation are not,mechanical-only,pending,pending,Full text and counterevidence review not certified; see handoff
b317b88ad6f78f82143ec6af2cf2b41a143ae741,docs/stages/p6/implementation/p6-w07-virtual-interrupt-core/02-architecture-and-state.md,7d09065f5f383baa7f0a6b4e0835a7f76d2df64e,p6,implementation-design-or-support,source,"P6-W07 Architecture, Ownership, and State",Proposed detailed design; implementation and validation are not,mechanical-only,pending,pending,Full text and counterevidence review not certified; see handoff
b317b88ad6f78f82143ec6af2cf2b41a143ae741,docs/stages/p6/implementation/p6-w07-virtual-interrupt-core/03-code-contracts-virq-lifecycle.md,5c35bbba221df92905a379aa614eced536763055,p6,implementation-design-or-support,source,P6-W07 Code Contracts — vIRQ Lifecycle,Proposed detailed design; implementation and validation are not,mechanical-only,pending,pending,Full text and counterevidence review not certified; see handoff
b317b88ad6f78f82143ec6af2cf2b41a143ae741,docs/stages/p6/implementation/p6-w07-virtual-interrupt-core/04-code-contracts-authorization-and-errors.md,3b96467474600d3154baba0f8ae7ae6e3054ccd9,p6,implementation-design-or-support,source,"P6-W07 Code Contracts — Authorization, Validation, and Error Taxonomy",Proposed detailed design; implementation and validation are not,mechanical-only,pending,pending,Full text and counterevidence review not certified; see handoff
b317b88ad6f78f82143ec6af2cf2b41a143ae741,docs/stages/p6/implementation/p6-w07-virtual-interrupt-core/05-implementation-workflow.md,af8ae7540c768319d9ec2ac405bd07a1b33d2b0f,p6,implementation-design-or-support,source,P6-W07 Implementation Workflow and Acceptance,Proposed detailed design; implementation and validation are not,mechanical-only,pending,pending,Full text and counterevidence review not certified; see handoff
b317b88ad6f78f82143ec6af2cf2b41a143ae741,docs/stages/p6/implementation/p6-w07-virtual-interrupt-core/06-validation-and-handoff.md,f2a89bda5409808689a6d21b80d0c11b560a2533,p6,implementation-design-or-support,source,"P6-W07 Validation, Error Model, and Handoff",Proposed detailed design; implementation and validation are not,mechanical-only,pending,pending,Full text and counterevidence review not certified; see handoff
b317b88ad6f78f82143ec6af2cf2b41a143ae741,docs/stages/p6/implementation/p6-w07-virtual-interrupt-core/README.md,14b4e066f4de0becc42c6f6d7346c27c9cd25276,p6,implementation-design-or-support,source,P6-W07 Virtual Interrupt Core — Detailed Implementation Design,Proposed detailed design; implementation and validation are not,mechanical-only,pending,pending,Full text and counterevidence review not certified; see handoff
b317b88ad6f78f82143ec6af2cf2b41a143ae741,docs/stages/p6/implementation/p6-w08-gic-virtualization-interface/01-scope-and-foundations.md,dbd39130faac04bee718c280764edc936044c878,p6,implementation-design-or-support,source,"P6-W08 Scope, Foundations, and Resolved Decisions",Proposed detailed design; implementation and validation are not,mechanical-only,pending,pending,Full text and counterevidence review not certified; see handoff
b317b88ad6f78f82143ec6af2cf2b41a143ae741,docs/stages/p6/implementation/p6-w08-gic-virtualization-interface/02-architecture-and-state.md,4c164b1c4dccc7f61932cee4d008c841c0f79955,p6,implementation-design-or-support,source,"P6-W08 Architecture, Ownership, and State",Proposed detailed design; implementation and validation are not,mechanical-only,pending,pending,Full text and counterevidence review not certified; see handoff
b317b88ad6f78f82143ec6af2cf2b41a143ae741,docs/stages/p6/implementation/p6-w08-gic-virtualization-interface/03-code-contracts-interface-context.md,76582638dd4598d231c56cbdaa4a800003f9972e,p6,implementation-design-or-support,source,"P6-W08 Code Contracts — Readiness, Context Preservation, Entry/Exit",Proposed detailed design; implementation and validation are not,mechanical-only,pending,pending,Full text and counterevidence review not certified; see handoff
b317b88ad6f78f82143ec6af2cf2b41a143ae741,docs/stages/p6/implementation/p6-w08-gic-virtualization-interface/04-code-contracts-lr-presentation.md,d1b1093a4e4912f2f88fcda84ec5114786a4896d,p6,implementation-design-or-support,source,"P6-W08 Code Contracts — LR Presentation, Pressure, Maintenance Boundary",Proposed detailed design; implementation and validation are not,mechanical-only,pending,pending,Full text and counterevidence review not certified; see handoff
b317b88ad6f78f82143ec6af2cf2b41a143ae741,docs/stages/p6/implementation/p6-w08-gic-virtualization-interface/05-implementation-workflow.md,13b0041235ccee2f5c5f21934bc773cbb5eb5099,p6,implementation-design-or-support,source,P6-W08 Implementation Workflow and Acceptance,Proposed detailed design; implementation and validation are not,mechanical-only,pending,pending,Full text and counterevidence review not certified; see handoff
b317b88ad6f78f82143ec6af2cf2b41a143ae741,docs/stages/p6/implementation/p6-w08-gic-virtualization-interface/06-validation-and-handoff.md,dc6dce9e76a9d9c4bdfd29d5d598f09cdb6a457b,p6,implementation-design-or-support,source,"P6-W08 Validation, Error Model, and Handoff",Proposed detailed design; implementation and validation are not,mechanical-only,pending,pending,Full text and counterevidence review not certified; see handoff
b317b88ad6f78f82143ec6af2cf2b41a143ae741,docs/stages/p6/implementation/p6-w08-gic-virtualization-interface/README.md,af5cbbeeb39bf51876485d8ebe01430948c43c0f,p6,implementation-design-or-support,source,P6-W08 GIC Virtualization Interface — Detailed Implementation Design,Proposed detailed design; implementation and validation are not,mechanical-only,pending,pending,Full text and counterevidence review not certified; see handoff
b317b88ad6f78f82143ec6af2cf2b41a143ae741,docs/stages/p6/implementation/p6-w09-maintenance-interrupt/01-maintenance-contract.md,08e4adf41e42a3e04902d039fcf5584261d7c6dd,p6,implementation-design-or-support,source,P6-W09 Maintenance Contract,Proposed detailed design; implementation not claimed.,mechanical-only,pending,pending,Full text and counterevidence review not certified; see handoff
b317b88ad6f78f82143ec6af2cf2b41a143ae741,docs/stages/p6/implementation/p6-w09-maintenance-interrupt/02-workflow-and-validation.md,5e33d26d668e2b5216c1c02fc8351cc78a6c3f91,p6,implementation-design-or-support,source,P6-W09 Implementation Workflow and Acceptance Design,Proposed detailed design; implementation and validation are not,mechanical-only,pending,pending,Full text and counterevidence review not certified; see handoff
b317b88ad6f78f82143ec6af2cf2b41a143ae741,docs/stages/p6/implementation/p6-w09-maintenance-interrupt/README.md,887b1981c0b71b8d03e809198402707ecf1e8bd5,p6,implementation-design-or-support,source,P6-W09 Maintenance Interrupt — Detailed Implementation Design,Proposed detailed design; implementation and validation are not,mechanical-only,pending,pending,Full text and counterevidence review not certified; see handoff
b317b88ad6f78f82143ec6af2cf2b41a143ae741,docs/stages/p6/implementation/p6-w10-interrupt-semantics/01-interrupt-semantics-contract.md,b67ef5243f37de9dff217592387becae12ab6555,p6,implementation-design-or-support,source,P6-W10 Interrupt Semantics Contract,Proposed detailed design; implementation not claimed.,mechanical-only,pending,pending,Full text and counterevidence review not certified; see handoff
b317b88ad6f78f82143ec6af2cf2b41a143ae741,docs/stages/p6/implementation/p6-w10-interrupt-semantics/02-workflow-and-validation.md,e1db2bf827eeb281bc5040984d5d440ef61122aa,p6,implementation-design-or-support,source,P6-W10 Implementation Workflow and Acceptance Design,Proposed detailed design; implementation and validation are not,mechanical-only,pending,pending,Full text and counterevidence review not certified; see handoff
b317b88ad6f78f82143ec6af2cf2b41a143ae741,docs/stages/p6/implementation/p6-w10-interrupt-semantics/README.md,64a5c9d1bc1c2d01bcb6cff5e7d8c1c84954e47c,p6,implementation-design-or-support,source,P6-W10 Interrupt Semantics — Detailed Implementation Design,Proposed detailed design; implementation and validation are not,mechanical-only,pending,pending,Full text and counterevidence review not certified; see handoff
b317b88ad6f78f82143ec6af2cf2b41a143ae741,docs/stages/p6/implementation/p6-w11-validation-guest-interrupt-suite/01-scenario-matrix.md,1922ab7642167583f6df448c3cd97a30b6e33cd1,p6,implementation-design-or-support,source,P6-W11 Guest Scenario Matrix,Proposed detailed design; implementation and validation not,mechanical-only,pending,pending,Full text and counterevidence review not certified; see handoff
b317b88ad6f78f82143ec6af2cf2b41a143ae741,docs/stages/p6/implementation/p6-w11-validation-guest-interrupt-suite/02-harness-and-workflow.md,a0f2f9a056b560a67e7bc5d7b22984bb2128199d,p6,implementation-design-or-support,source,P6-W11 Harness Contract and Workflow,Proposed detailed design; implementation and validation are not,mechanical-only,pending,pending,Full text and counterevidence review not certified; see handoff
b317b88ad6f78f82143ec6af2cf2b41a143ae741,docs/stages/p6/implementation/p6-w11-validation-guest-interrupt-suite/README.md,3088e071549e808f7f446569628e55026186bcd0,p6,implementation-design-or-support,source,P6-W11 Validation Guest Interrupt Suite — Detailed Implementation Design,Proposed detailed design; implementation and validation are not,mechanical-only,pending,pending,Full text and counterevidence review not certified; see handoff
b317b88ad6f78f82143ec6af2cf2b41a143ae741,docs/stages/p6/implementation/p6-w12-fault-isolation-robustness/01-robustness-case-matrix.md,edf38a630caddb3a6701ba70c47068a8012f2f43,p6,implementation-design-or-support,source,P6-W12 Robustness Case Matrix,Proposed detailed design; implementation and validation not,mechanical-only,pending,pending,Full text and counterevidence review not certified; see handoff
b317b88ad6f78f82143ec6af2cf2b41a143ae741,docs/stages/p6/implementation/p6-w12-fault-isolation-robustness/02-workflow-and-validation.md,1caa1793a12502bf1ebce575c335d81d213dadf5,p6,implementation-design-or-support,source,P6-W12 Implementation Workflow and Acceptance Design,Proposed detailed design; implementation and validation are not,mechanical-only,pending,pending,Full text and counterevidence review not certified; see handoff
b317b88ad6f78f82143ec6af2cf2b41a143ae741,docs/stages/p6/implementation/p6-w12-fault-isolation-robustness/README.md,1d6d7cff2a6af4d606491e3071a05d563f169f1c,p6,implementation-design-or-support,source,P6-W12 Fault Isolation and Robustness — Detailed Implementation Design,Proposed detailed design; implementation and validation are not,targeted-review,pending,pending,Full text and counterevidence review not certified; see handoff
b317b88ad6f78f82143ec6af2cf2b41a143ae741,docs/stages/p6/implementation/p6-w13-telemetry-regression-handoff/01-telemetry-and-evidence-map.md,8be424a058d975435d08840da7ebd40d9240a5d1,p6,implementation-design-or-support,source,P6-W13 Telemetry and Evidence Map,Proposed detailed design; implementation and validation not,mechanical-only,pending,pending,Full text and counterevidence review not certified; see handoff
b317b88ad6f78f82143ec6af2cf2b41a143ae741,docs/stages/p6/implementation/p6-w13-telemetry-regression-handoff/02-workflow-and-handoff.md,66965a0efb292e09b63f3bf9aac079bb9d503946,p6,implementation-design-or-support,source,"P6-W13 Workflow, Exit Review, and Handoff Design",Proposed detailed design; implementation and validation are not,mechanical-only,pending,pending,Full text and counterevidence review not certified; see handoff
b317b88ad6f78f82143ec6af2cf2b41a143ae741,docs/stages/p6/implementation/p6-w13-telemetry-regression-handoff/README.md,90dc7a60234693afcadd10332d05d325f09e598c,p6,implementation-design-or-support,source,"P6-W13 Telemetry, Regression, and Handoff — Detailed Implementation Design",Proposed detailed design; implementation and validation are not,mechanical-only,pending,pending,Full text and counterevidence review not certified; see handoff
b317b88ad6f78f82143ec6af2cf2b41a143ae741,docs/stages/p6/plans/README.md,4f9eee2ed029da1445b605f0905dc17a620281e4,p6,plan-index,source,P6 work-package plans,"Planning index. Individual plans are bounded work-package plans,",targeted-review,pending,pending,Full text and counterevidence review not certified; see handoff
b317b88ad6f78f82143ec6af2cf2b41a143ae741,docs/stages/p6/plans/p6-w01-gic-capability-discovery.md,e2141f0e1062899da7d87a7c68b6c3f5f25cae12,p6,work-package-plan,source,P6-W01 — GICv3 capability discovery,Planned work package; implementation not claimed,mechanical-only,pending,pending,Full text and counterevidence review not certified; see handoff
b317b88ad6f78f82143ec6af2cf2b41a143ae741,docs/stages/p6/plans/p6-w02-physical-gic-bring-up.md,5f5c5a686afee99a15b041e5020b2ddf276fd2bc,p6,work-package-plan,source,P6-W02 — physical GIC bring-up,Planned work package; implementation not claimed,mechanical-only,pending,pending,Full text and counterevidence review not certified; see handoff
b317b88ad6f78f82143ec6af2cf2b41a143ae741,docs/stages/p6/plans/p6-w03-physical-interrupt-lifecycle.md,f4afd07f0d5d316d6ecb4f8f06a8a5c0bde1a6b2,p6,work-package-plan,source,P6-W03 — physical interrupt lifecycle,Planned work package; implementation not claimed,mechanical-only,pending,pending,Full text and counterevidence review not certified; see handoff
b317b88ad6f78f82143ec6af2cf2b41a143ae741,docs/stages/p6/plans/p6-w04-smp-interrupt-routing-sgi.md,44aece53438440d65c2c45af1063fc035580bd7b,p6,work-package-plan,source,P6-W04 — SMP interrupt routing and SGI,Planned work package; implementation not claimed,mechanical-only,pending,pending,Full text and counterevidence review not certified; see handoff
b317b88ad6f78f82143ec6af2cf2b41a143ae741,docs/stages/p6/plans/p6-w05-el2-generic-timer.md,9e447a3ca4c2e1375ce92a2efa7d192cd828ef13,p6,work-package-plan,source,P6-W05 — EL2 generic timer,Planned work package; implementation not claimed,mechanical-only,pending,pending,Full text and counterevidence review not certified; see handoff
b317b88ad6f78f82143ec6af2cf2b41a143ae741,docs/stages/p6/plans/p6-w06-guest-generic-timer.md,22e70c30b2becaf12b74c932be15851e7ef9e231,p6,work-package-plan,source,P6-W06 — Guest generic timer virtualization,Planned work package; implementation not claimed,mechanical-only,pending,pending,Full text and counterevidence review not certified; see handoff
b317b88ad6f78f82143ec6af2cf2b41a143ae741,docs/stages/p6/plans/p6-w07-virtual-interrupt-core.md,10f2e18fd49c9bd8ce429f1973dd2c09e85d2a99,p6,work-package-plan,source,P6-W07 — virtual interrupt core,Planned work package; implementation not claimed,mechanical-only,pending,pending,Full text and counterevidence review not certified; see handoff
b317b88ad6f78f82143ec6af2cf2b41a143ae741,docs/stages/p6/plans/p6-w08-gic-virtualization-interface.md,b8aa3f68cf423ab10ad9900ed408b981f64cfca0,p6,work-package-plan,source,P6-W08 — GIC virtualization interface,Planned work package; implementation not claimed,mechanical-only,pending,pending,Full text and counterevidence review not certified; see handoff
b317b88ad6f78f82143ec6af2cf2b41a143ae741,docs/stages/p6/plans/p6-w09-maintenance-interrupt.md,c8568249d1fac66680118c28f7f35373b56b61ab,p6,work-package-plan,source,P6-W09 — maintenance interrupt,Planned work package; implementation not claimed,mechanical-only,pending,pending,Full text and counterevidence review not certified; see handoff
b317b88ad6f78f82143ec6af2cf2b41a143ae741,docs/stages/p6/plans/p6-w10-interrupt-semantics.md,c7ca5d38e93f7c44a649d44fb85797c317789a96,p6,work-package-plan,source,P6-W10 — interrupt semantics,Planned work package; implementation not claimed,mechanical-only,pending,pending,Full text and counterevidence review not certified; see handoff
b317b88ad6f78f82143ec6af2cf2b41a143ae741,docs/stages/p6/plans/p6-w11-validation-guest-interrupt-suite.md,e9e3f295f6175e1068692e3785d0663bbda24335,p6,work-package-plan,source,P6-W11 — Validation Guest interrupt suite,Planned work package; implementation not claimed,mechanical-only,pending,pending,Full text and counterevidence review not certified; see handoff
b317b88ad6f78f82143ec6af2cf2b41a143ae741,docs/stages/p6/plans/p6-w12-fault-isolation-robustness.md,5cd15962d64f9c4a06e9c4e1eab96495938c19ba,p6,work-package-plan,source,P6-W12 — fault isolation and robustness,Planned work package; implementation not claimed,mechanical-only,pending,pending,Full text and counterevidence review not certified; see handoff
b317b88ad6f78f82143ec6af2cf2b41a143ae741,docs/stages/p6/plans/p6-w13-telemetry-regression-handoff.md,a71e43724aba47472915c62edaf85254c88b81f4,p6,work-package-plan,source,"P6-W13 — telemetry, regression, and handoff",Planned work package; implementation not claimed,mechanical-only,pending,pending,Full text and counterevidence review not certified; see handoff
b317b88ad6f78f82143ec6af2cf2b41a143ae741,docs/stages/p6/task-book-v0.1.md,ed7889e1ff120535688b18233586b68b245dfcfd,p6,task-book,source,Rust Type-1 Hypervisor — P6 Stage Task Book v0.1,Superseded by [P6 task book v0.2](task-book-v0.2.md); retained as the historical planning baseline,targeted-review,pending,pending,Full text and counterevidence review not certified; see handoff
b317b88ad6f78f82143ec6af2cf2b41a143ae741,docs/stages/p6/task-book-v0.2.md,38df51ec36bdb83a1bbe68e9efe076ce79c2ead8,p6,task-book,source,Rust Type-1 Hypervisor — P6 Stage Task Book v0.2,Current amended planning baseline; implementation and validation are not claimed,mechanical-only,pending,pending,Full text and counterevidence review not certified; see handoff
b317b88ad6f78f82143ec6af2cf2b41a143ae741,docs/stages/p7/README.md,0e86025f253fc7b8af9387d8234a9d371a1bad1f,p7,stage-index-or-handoff,source,P7 — vCPU Scheduler v0,not-extracted; inspect source,mechanical-only,pending,pending,Full text and counterevidence review not certified; see handoff
b317b88ad6f78f82143ec6af2cf2b41a143ae741,docs/stages/p7/implementation/README.md,8a1bea7b90a61e3e20f5e5d535359f1853cd796f,p7,implementation-design-or-support,source,P7 implementation designs and records,Index of proposed designs and future implementation records; not a,mechanical-only,pending,pending,Full text and counterevidence review not certified; see handoff
b317b88ad6f78f82143ec6af2cf2b41a143ae741,docs/stages/p7/implementation/p7-w01-entry-contract-reconciliation/01-input-boundary-register.md,164bd61271047ac5c3eef3f325b3b2b944cf37e4,p7,implementation-design-or-support,source,P7-W01 Input Boundary Register Contract,Proposed detailed design; implementation not claimed.,targeted-review,pending,pending,Full text and counterevidence review not certified; see handoff
b317b88ad6f78f82143ec6af2cf2b41a143ae741,docs/stages/p7/implementation/p7-w01-entry-contract-reconciliation/02-implementation-workflow.md,652d289c7079cbbe3cbec511a1c99b271fad0b5d,p7,implementation-design-or-support,source,"P7-W01 Implementation Workflow, Validation, and Handoff Design",Proposed detailed design; implementation and validation are not,mechanical-only,pending,pending,Full text and counterevidence review not certified; see handoff
b317b88ad6f78f82143ec6af2cf2b41a143ae741,docs/stages/p7/implementation/p7-w01-entry-contract-reconciliation/README.md,fc952d37b68a0d03041e8cb8a271d5c04c1e7016,p7,implementation-design-or-support,source,P7-W01 Entry Contract Reconciliation — Detailed Implementation Design,Proposed detailed design; implementation and validation are not,mechanical-only,pending,pending,Full text and counterevidence review not certified; see handoff
b317b88ad6f78f82143ec6af2cf2b41a143ae741,docs/stages/p7/implementation/p7-w02-scheduler-admission-lifecycle/01-scope-and-foundations.md,aaecebfcccc56f73d377bb1d0a54b8a28bdac3eb,p7,implementation-design-or-support,source,"P7-W02 Scope, Foundations, and Prerequisite Contracts",Proposed detailed design; implementation not claimed.,mechanical-only,pending,pending,Full text and counterevidence review not certified; see handoff
b317b88ad6f78f82143ec6af2cf2b41a143ae741,docs/stages/p7/implementation/p7-w02-scheduler-admission-lifecycle/02-architecture-and-state.md,e45ef98000d9cf2926d5a5eb45fd3d8908205bfe,p7,implementation-design-or-support,source,P7-W02 Architecture and State,Proposed detailed design; implementation not claimed.,mechanical-only,pending,pending,Full text and counterevidence review not certified; see handoff
b317b88ad6f78f82143ec6af2cf2b41a143ae741,docs/stages/p7/implementation/p7-w02-scheduler-admission-lifecycle/03-code-contracts-lifecycle.md,46d5ddd9e607bb64f44b30d5779cc6361feff927,p7,implementation-design-or-support,source,P7-W02 Lifecycle and Admission Code Contracts,Proposed detailed design; implementation not claimed.,mechanical-only,pending,pending,Full text and counterevidence review not certified; see handoff
b317b88ad6f78f82143ec6af2cf2b41a143ae741,docs/stages/p7/implementation/p7-w02-scheduler-admission-lifecycle/04-implementation-workflow.md,00aa58855f6336d6544e8ebfe19aaa8132e6bc8d,p7,implementation-design-or-support,source,P7-W02 Implementation Workflow,Proposed detailed design; implementation and validation are not,mechanical-only,pending,pending,Full text and counterevidence review not certified; see handoff
b317b88ad6f78f82143ec6af2cf2b41a143ae741,docs/stages/p7/implementation/p7-w02-scheduler-admission-lifecycle/05-validation-and-handoff.md,a45088a6e5548a341db05fded2263f8d9bf8d80c,p7,implementation-design-or-support,source,P7-W02 Validation and Handoff Design,Proposed detailed design; implementation and validation are not,mechanical-only,pending,pending,Full text and counterevidence review not certified; see handoff
b317b88ad6f78f82143ec6af2cf2b41a143ae741,docs/stages/p7/implementation/p7-w02-scheduler-admission-lifecycle/README.md,9430c0cc932e94bdcdec31024fe3047c5da393f4,p7,implementation-design-or-support,source,P7-W02 Scheduler Admission and Lifecycle — Detailed Implementation Design,Proposed detailed design; implementation and validation are not,mechanical-only,pending,pending,Full text and counterevidence review not certified; see handoff
b317b88ad6f78f82143ec6af2cf2b41a143ae741,docs/stages/p7/implementation/p7-w03-placement-configuration/01-scope-and-foundations.md,898207e5f20703894ea9c0d5e9bbfcb77c46e290,p7,implementation-design-or-support,source,"P7-W03 Scope, Foundations, and Prerequisite Contracts",Proposed detailed design; implementation not claimed.,mechanical-only,pending,pending,Full text and counterevidence review not certified; see handoff
b317b88ad6f78f82143ec6af2cf2b41a143ae741,docs/stages/p7/implementation/p7-w03-placement-configuration/02-architecture-and-state.md,80798ec058a2dbe2c970c5d243a1b4bc694eb917,p7,implementation-design-or-support,source,P7-W03 Architecture and State,Proposed detailed design; implementation not claimed.,mechanical-only,pending,pending,Full text and counterevidence review not certified; see handoff
b317b88ad6f78f82143ec6af2cf2b41a143ae741,docs/stages/p7/implementation/p7-w03-placement-configuration/03-code-contracts-placement.md,0b9da22a5aaa6ab4134ddc69a22d8ef0465a76b1,p7,implementation-design-or-support,source,P7-W03 Placement Code Contracts,Proposed detailed design; implementation not claimed.,mechanical-only,pending,pending,Full text and counterevidence review not certified; see handoff
b317b88ad6f78f82143ec6af2cf2b41a143ae741,docs/stages/p7/implementation/p7-w03-placement-configuration/04-implementation-workflow.md,93cd6901168322652ca82de8a4621663e6b90baa,p7,implementation-design-or-support,source,P7-W03 Implementation Workflow,Proposed detailed design; implementation and validation are not,mechanical-only,pending,pending,Full text and counterevidence review not certified; see handoff
b317b88ad6f78f82143ec6af2cf2b41a143ae741,docs/stages/p7/implementation/p7-w03-placement-configuration/05-validation-and-handoff.md,3ac2f885dfbe7344691f8f99e7d9a3e73efab633,p7,implementation-design-or-support,source,P7-W03 Validation and Handoff Design,Proposed detailed design; implementation and validation are not,mechanical-only,pending,pending,Full text and counterevidence review not certified; see handoff
b317b88ad6f78f82143ec6af2cf2b41a143ae741,docs/stages/p7/implementation/p7-w03-placement-configuration/README.md,b7344f3a83c1b5efff4f1a4b03bbd9e1739367e7,p7,implementation-design-or-support,source,P7-W03 Placement and Scheduling Configuration — Detailed Implementation Design,Proposed detailed design; implementation and validation are not,mechanical-only,pending,pending,Full text and counterevidence review not certified; see handoff
b317b88ad6f78f82143ec6af2cf2b41a143ae741,docs/stages/p7/implementation/p7-w04-preemption-context-switch/01-scope-and-foundations.md,18110e7a9b30f8813bfc280017ae1a0ef6704acf,p7,implementation-design-or-support,source,"P7-W04 Scope, Foundations, and Prerequisite Contracts",Proposed detailed design; implementation not claimed.,mechanical-only,pending,pending,Full text and counterevidence review not certified; see handoff
b317b88ad6f78f82143ec6af2cf2b41a143ae741,docs/stages/p7/implementation/p7-w04-preemption-context-switch/02-architecture-and-state.md,7c8b74d2213657866ad18985e8c971b30fe20148,p7,implementation-design-or-support,source,P7-W04 Architecture and State,Proposed detailed design; implementation not claimed.,targeted-review,pending,pending,Full text and counterevidence review not certified; see handoff
b317b88ad6f78f82143ec6af2cf2b41a143ae741,docs/stages/p7/implementation/p7-w04-preemption-context-switch/03-code-contracts-preemption.md,01e82dd7d16d2202fb252719448641f73d788f36,p7,implementation-design-or-support,source,P7-W04 Preemption Code Contracts,Proposed detailed design; implementation not claimed.,mechanical-only,pending,pending,Full text and counterevidence review not certified; see handoff
b317b88ad6f78f82143ec6af2cf2b41a143ae741,docs/stages/p7/implementation/p7-w04-preemption-context-switch/04-code-contracts-context-switch.md,5f392cfdd0b07f062290f9ffeaf634ab2e878b0b,p7,implementation-design-or-support,source,P7-W04 Context-Switch Code Contracts,Proposed detailed design; implementation not claimed.,mechanical-only,pending,pending,Full text and counterevidence review not certified; see handoff
b317b88ad6f78f82143ec6af2cf2b41a143ae741,docs/stages/p7/implementation/p7-w04-preemption-context-switch/05-implementation-workflow.md,e0f8f6b59f6a1ba73c9412684ea7a5f8a3f23adc,p7,implementation-design-or-support,source,P7-W04 Implementation Workflow,Proposed detailed design; implementation and validation are not,mechanical-only,pending,pending,Full text and counterevidence review not certified; see handoff
b317b88ad6f78f82143ec6af2cf2b41a143ae741,docs/stages/p7/implementation/p7-w04-preemption-context-switch/06-validation-and-handoff.md,df3816478d0fd18f54e83fb954b24d03d79bb82e,p7,implementation-design-or-support,source,P7-W04 Validation and Handoff Design,Proposed detailed design; implementation and validation are not,mechanical-only,pending,pending,Full text and counterevidence review not certified; see handoff
b317b88ad6f78f82143ec6af2cf2b41a143ae741,docs/stages/p7/implementation/p7-w04-preemption-context-switch/README.md,a7380552eaa84fd93bca480e177d94bcd212aeba,p7,implementation-design-or-support,source,P7-W04 Preemption and Context-Switch Correctness — Detailed Implementation Design,Proposed detailed design; implementation and validation are not,mechanical-only,pending,pending,Full text and counterevidence review not certified; see handoff
b317b88ad6f78f82143ec6af2cf2b41a143ae741,docs/stages/p7/implementation/p7-w05-shared-mn-multivm/01-scope-and-foundations.md,dc45b83745371641bb2906afedb921509acf4bbf,p7,implementation-design-or-support,source,"P7-W05 Scope, Foundations, and Prerequisite Contracts",Proposed detailed design; implementation not claimed.,targeted-review,pending,pending,Full text and counterevidence review not certified; see handoff
b317b88ad6f78f82143ec6af2cf2b41a143ae741,docs/stages/p7/implementation/p7-w05-shared-mn-multivm/02-architecture-and-state.md,0077db15a12e3fe0ce13ede72a72111516abbb18,p7,implementation-design-or-support,source,P7-W05 Architecture and State,Proposed detailed design; implementation not claimed.,mechanical-only,pending,pending,Full text and counterevidence review not certified; see handoff
b317b88ad6f78f82143ec6af2cf2b41a143ae741,docs/stages/p7/implementation/p7-w05-shared-mn-multivm/03-code-contracts-shared-scheduler.md,803919eb4c8d6d9746544694e831df2fca54693c,p7,implementation-design-or-support,source,P7-W05 Shared-Scheduler Code Contracts,Proposed detailed design; implementation not claimed.,mechanical-only,pending,pending,Full text and counterevidence review not certified; see handoff
b317b88ad6f78f82143ec6af2cf2b41a143ae741,docs/stages/p7/implementation/p7-w05-shared-mn-multivm/04-implementation-workflow.md,e4a0fb4a0ebc49224aa90b7284f5db861c730476,p7,implementation-design-or-support,source,P7-W05 Implementation Workflow,Proposed detailed design; implementation and validation are not,mechanical-only,pending,pending,Full text and counterevidence review not certified; see handoff
b317b88ad6f78f82143ec6af2cf2b41a143ae741,docs/stages/p7/implementation/p7-w05-shared-mn-multivm/05-validation-and-handoff.md,c9890e5986f3d08ed7e42751bbe604344a444bff,p7,implementation-design-or-support,source,P7-W05 Validation and Handoff Design,Proposed detailed design; implementation and validation are not,mechanical-only,pending,pending,Full text and counterevidence review not certified; see handoff
b317b88ad6f78f82143ec6af2cf2b41a143ae741,docs/stages/p7/implementation/p7-w05-shared-mn-multivm/README.md,c17fac7604b9eaa60c17479b1542664c9f5a54cb,p7,implementation-design-or-support,source,P7-W05 Shared M:N and Multi-VM Scheduling — Detailed Implementation Design,Proposed detailed design; implementation and validation are not,mechanical-only,pending,pending,Full text and counterevidence review not certified; see handoff
b317b88ad6f78f82143ec6af2cf2b41a143ae741,docs/stages/p7/implementation/p7-w06-block-wakeup/01-block-wakeup-architecture.md,129a850bca7fb0ff0cc942fbe3ed8c29a1622892,p7,implementation-design-or-support,source,P7-W06 Block/Wakeup Architecture and State Model,Proposed detailed design; implementation and validation are not,targeted-review,pending,pending,Full text and counterevidence review not certified; see handoff
b317b88ad6f78f82143ec6af2cf2b41a143ae741,docs/stages/p7/implementation/p7-w06-block-wakeup/02-code-contracts-block-path.md,1c908ec138d8f9aafffe1f26d963c21cf1857f50,p7,implementation-design-or-support,source,P7-W06 Code Contracts — Blocking Path,Proposed detailed design; implementation and validation are not,targeted-review,pending,pending,Full text and counterevidence review not certified; see handoff
b317b88ad6f78f82143ec6af2cf2b41a143ae741,docs/stages/p7/implementation/p7-w06-block-wakeup/03-code-contracts-wakeup-path.md,dda993303886bd62efb4decbdfe7c44dd367cc59,p7,implementation-design-or-support,source,P7-W06 Code Contracts — Wakeup Path,Proposed detailed design; implementation and validation are not,targeted-review,pending,pending,Full text and counterevidence review not certified; see handoff
b317b88ad6f78f82143ec6af2cf2b41a143ae741,docs/stages/p7/implementation/p7-w06-block-wakeup/04-implementation-workflow.md,3299ca98b73aa881846ed05012c7ad90d61b16fb,p7,implementation-design-or-support,source,P7-W06 Implementation Workflow and Acceptance,Proposed detailed design; implementation and validation are not,mechanical-only,pending,pending,Full text and counterevidence review not certified; see handoff
b317b88ad6f78f82143ec6af2cf2b41a143ae741,docs/stages/p7/implementation/p7-w06-block-wakeup/05-validation-and-handoff.md,3a23879a1321583d1002d1dbaaee2d3062acbe2d,p7,implementation-design-or-support,source,"P7-W06 Validation Matrix, Error Model, and Handoff",Proposed detailed design; implementation and validation are not,mechanical-only,pending,pending,Full text and counterevidence review not certified; see handoff
b317b88ad6f78f82143ec6af2cf2b41a143ae741,docs/stages/p7/implementation/p7-w06-block-wakeup/README.md,fdd3ffb334b53e9ab7e42fc3d7056f82396dc0c6,p7,implementation-design-or-support,source,P7-W06 Blocking and Event Wakeup — Detailed Implementation Design,Proposed detailed design; implementation and validation are not,mechanical-only,pending,pending,Full text and counterevidence review not certified; see handoff
b317b88ad6f78f82143ec6af2cf2b41a143ae741,docs/stages/p7/implementation/p7-w07-pause-stop-fault/01-pause-stop-fault-architecture.md,871d61f1bd882f98146a51a782359cdd03ac7ab3,p7,implementation-design-or-support,source,P7-W07 Pause/Stop/Fault Architecture and Containment Model,Proposed detailed design; implementation and validation are not,mechanical-only,pending,pending,Full text and counterevidence review not certified; see handoff
b317b88ad6f78f82143ec6af2cf2b41a143ae741,docs/stages/p7/implementation/p7-w07-pause-stop-fault/02-code-contracts-pause-resume.md,42955ec591110d85c69527babcf602b090419922,p7,implementation-design-or-support,source,P7-W07 Code Contracts — Pause and Resume,Proposed detailed design; implementation and validation are not,mechanical-only,pending,pending,Full text and counterevidence review not certified; see handoff
b317b88ad6f78f82143ec6af2cf2b41a143ae741,docs/stages/p7/implementation/p7-w07-pause-stop-fault/03-code-contracts-stop-fault.md,05b7a4af2bade5b65f571c05365b41f4a67e670a,p7,implementation-design-or-support,source,P7-W07 Code Contracts — Stop and Fault Containment,Proposed detailed design; implementation and validation are not,mechanical-only,pending,pending,Full text and counterevidence review not certified; see handoff
b317b88ad6f78f82143ec6af2cf2b41a143ae741,docs/stages/p7/implementation/p7-w07-pause-stop-fault/04-implementation-workflow.md,02aec3d7eb832e4123204dda7d135b7daa87ea49,p7,implementation-design-or-support,source,P7-W07 Implementation Workflow and Acceptance,Proposed detailed design; implementation and validation are not,mechanical-only,pending,pending,Full text and counterevidence review not certified; see handoff
b317b88ad6f78f82143ec6af2cf2b41a143ae741,docs/stages/p7/implementation/p7-w07-pause-stop-fault/05-validation-and-handoff.md,1b24dcbdab2cb324b6a55cd64f5a1bc6935aa388,p7,implementation-design-or-support,source,"P7-W07 Validation Matrix, Error Model, and Handoff",Proposed detailed design; implementation and validation are not,mechanical-only,pending,pending,Full text and counterevidence review not certified; see handoff
b317b88ad6f78f82143ec6af2cf2b41a143ae741,docs/stages/p7/implementation/p7-w07-pause-stop-fault/README.md,44114a6c8c8986b459ca071e841bbc837da4a651,p7,implementation-design-or-support,source,"P7-W07 Pause, Stop, and Fault Containment — Detailed Implementation Design",Proposed detailed design; implementation and validation are not,mechanical-only,pending,pending,Full text and counterevidence review not certified; see handoff
b317b88ad6f78f82143ec6af2cf2b41a143ae741,docs/stages/p7/implementation/p7-w08-smp-reschedule-idle/01-smp-scheduler-architecture.md,f83f4948ac93b6db17fbf7fe5b9bed424e3b0bb2,p7,implementation-design-or-support,source,"P7-W08 SMP Scheduler Architecture: Concurrency, Reconsideration, Idle",Proposed detailed design; implementation and validation are not,mechanical-only,pending,pending,Full text and counterevidence review not certified; see handoff
b317b88ad6f78f82143ec6af2cf2b41a143ae741,docs/stages/p7/implementation/p7-w08-smp-reschedule-idle/02-code-contracts-reschedule.md,e0e0e31d01bc68c690d9e5338430438ca3c09463,p7,implementation-design-or-support,source,P7-W08 Code Contracts — Reconsideration Requests,Proposed detailed design; implementation and validation are not,mechanical-only,pending,pending,Full text and counterevidence review not certified; see handoff
b317b88ad6f78f82143ec6af2cf2b41a143ae741,docs/stages/p7/implementation/p7-w08-smp-reschedule-idle/03-code-contracts-idle.md,312a5487c4dc0bd8799c85f7dfa8692f9eaee0b4,p7,implementation-design-or-support,source,P7-W08 Code Contracts — Designed Idle,Proposed detailed design; implementation and validation are not,mechanical-only,pending,pending,Full text and counterevidence review not certified; see handoff
b317b88ad6f78f82143ec6af2cf2b41a143ae741,docs/stages/p7/implementation/p7-w08-smp-reschedule-idle/04-implementation-workflow.md,2454f52e92e3ae6727f2494271023543bfe96255,p7,implementation-design-or-support,source,P7-W08 Implementation Workflow and Acceptance,Proposed detailed design; implementation and validation are not,mechanical-only,pending,pending,Full text and counterevidence review not certified; see handoff
b317b88ad6f78f82143ec6af2cf2b41a143ae741,docs/stages/p7/implementation/p7-w08-smp-reschedule-idle/05-validation-and-handoff.md,747fae7a904912531000e3d45ee085552a70bfdd,p7,implementation-design-or-support,source,"P7-W08 Validation Matrix, Error Model, and Handoff",Proposed detailed design; implementation and validation are not,mechanical-only,pending,pending,Full text and counterevidence review not certified; see handoff
b317b88ad6f78f82143ec6af2cf2b41a143ae741,docs/stages/p7/implementation/p7-w08-smp-reschedule-idle/README.md,286932be6e6782ec60d5e34a3f9b6e13460fd7dd,p7,implementation-design-or-support,source,P7-W08 SMP Reschedule and Idle Behavior — Detailed Implementation Design,Proposed detailed design; implementation and validation are not,mechanical-only,pending,pending,Full text and counterevidence review not certified; see handoff
b317b88ad6f78f82143ec6af2cf2b41a143ae741,docs/stages/p7/implementation/p7-w09-accounting-diagnostics/01-accounting-model.md,24f7411f64746d1af07f07e165a68fa47b917f8e,p7,implementation-design-or-support,source,"P7-W09 Accounting Model: Records, Coherence, Aggregation",Proposed detailed design; implementation and validation are not,mechanical-only,pending,pending,Full text and counterevidence review not certified; see handoff
b317b88ad6f78f82143ec6af2cf2b41a143ae741,docs/stages/p7/implementation/p7-w09-accounting-diagnostics/02-code-contracts-accounting.md,1d2fc331a436339e8126ba8f732926a59b7a800b,p7,implementation-design-or-support,source,P7-W09 Code Contracts — Accounting Records and Update Points,Proposed detailed design; implementation and validation are not,mechanical-only,pending,pending,Full text and counterevidence review not certified; see handoff
b317b88ad6f78f82143ec6af2cf2b41a143ae741,docs/stages/p7/implementation/p7-w09-accounting-diagnostics/03-code-contracts-trace-diagnostics.md,4912386cf25cd30980991918dd5a06c6484827e2,p7,implementation-design-or-support,source,"P7-W09 Code Contracts — Trace Events, Switch Reasons, Diagnostics",Proposed detailed design; implementation and validation are not,mechanical-only,pending,pending,Full text and counterevidence review not certified; see handoff
b317b88ad6f78f82143ec6af2cf2b41a143ae741,docs/stages/p7/implementation/p7-w09-accounting-diagnostics/04-implementation-workflow.md,a2e6028526aa10357d9d9b5cfaa59546c1993405,p7,implementation-design-or-support,source,P7-W09 Implementation Workflow and Acceptance,Proposed detailed design; implementation and validation are not,mechanical-only,pending,pending,Full text and counterevidence review not certified; see handoff
b317b88ad6f78f82143ec6af2cf2b41a143ae741,docs/stages/p7/implementation/p7-w09-accounting-diagnostics/05-validation-and-handoff.md,e9a1ec8e8ad1a96dccf7b4e062eca0766973da4f,p7,implementation-design-or-support,source,"P7-W09 Validation Matrix, Error Model, and Handoff",Proposed detailed design; implementation and validation are not,mechanical-only,pending,pending,Full text and counterevidence review not certified; see handoff
b317b88ad6f78f82143ec6af2cf2b41a143ae741,docs/stages/p7/implementation/p7-w09-accounting-diagnostics/README.md,3f47b51fc276544a2fd143e002ac4a64e2dbce28,p7,implementation-design-or-support,source,"P7-W09 Accounting, Trace, and Diagnostics — Detailed Implementation Design",Proposed detailed design; implementation and validation are not,mechanical-only,pending,pending,Full text and counterevidence review not certified; see handoff
b317b88ad6f78f82143ec6af2cf2b41a143ae741,docs/stages/p7/implementation/p7-w10-validation-guest-suite/01-scenario-suite.md,b605b581230a3465cb1f1884d11171a8792b6635,p7,implementation-design-or-support,source,P7-W10 Scenario Suite: Regression and VG-SCHED Catalog,Proposed detailed design; implementation and validation are not,mechanical-only,pending,pending,Full text and counterevidence review not certified; see handoff
b317b88ad6f78f82143ec6af2cf2b41a143ae741,docs/stages/p7/implementation/p7-w10-validation-guest-suite/02-guest-test-asset-contract.md,c651f95d617cdf21aeaa34294dcf13092e2e3448,p7,implementation-design-or-support,source,"P7-W10 Guest Test-Asset Contract: Extension, Markers, Harness Seams",Proposed detailed design; implementation and validation are not,mechanical-only,pending,pending,Full text and counterevidence review not certified; see handoff
b317b88ad6f78f82143ec6af2cf2b41a143ae741,docs/stages/p7/implementation/p7-w10-validation-guest-suite/03-implementation-workflow.md,529ef7fce1306d158588ec528641a1d47c59cca8,p7,implementation-design-or-support,source,P7-W10 Implementation Workflow and Acceptance,Proposed detailed design; implementation and validation are not,mechanical-only,pending,pending,Full text and counterevidence review not certified; see handoff
b317b88ad6f78f82143ec6af2cf2b41a143ae741,docs/stages/p7/implementation/p7-w10-validation-guest-suite/04-validation-and-handoff.md,c783b36274d1885adfb2cb8324c145e2a5938758,p7,implementation-design-or-support,source,"P7-W10 Validation Matrix, Error Model, and Handoff",Proposed detailed design; implementation and validation are not,mechanical-only,pending,pending,Full text and counterevidence review not certified; see handoff
b317b88ad6f78f82143ec6af2cf2b41a143ae741,docs/stages/p7/implementation/p7-w10-validation-guest-suite/README.md,32c124cdc14f456aedccdfd81a52e68d0a9f3cc5,p7,implementation-design-or-support,source,P7-W10 Validation Guest Scheduler Suite — Detailed Implementation Design,Proposed detailed design; implementation and validation are not,mechanical-only,pending,pending,Full text and counterevidence review not certified; see handoff
b317b88ad6f78f82143ec6af2cf2b41a143ae741,docs/stages/p7/implementation/p7-w11-stress-invariants/01-stress-scenario-matrices.md,9ce0261bed436fd378701917f7db838e7be9d3e0,p7,implementation-design-or-support,source,P7-W11 Stress Scenario Matrices,Proposed detailed design; implementation and validation are not,mechanical-only,pending,pending,Full text and counterevidence review not certified; see handoff
b317b88ad6f78f82143ec6af2cf2b41a143ae741,docs/stages/p7/implementation/p7-w11-stress-invariants/02-invariant-checks-and-failure-signals.md,85a349c45f9029dfb1862e5d62236b8f75d29db1,p7,implementation-design-or-support,source,P7-W11 Invariant Checks and Failure Signals,Proposed detailed design; implementation and validation are not,mechanical-only,pending,pending,Full text and counterevidence review not certified; see handoff
b317b88ad6f78f82143ec6af2cf2b41a143ae741,docs/stages/p7/implementation/p7-w11-stress-invariants/03-workflow-and-acceptance.md,383e53db0f13bcc164cb256fc76dbf39c7bf8a7a,p7,implementation-design-or-support,source,P7-W11 Implementation Workflow and Acceptance Design,Proposed detailed design; implementation and validation are not,mechanical-only,pending,pending,Full text and counterevidence review not certified; see handoff
b317b88ad6f78f82143ec6af2cf2b41a143ae741,docs/stages/p7/implementation/p7-w11-stress-invariants/README.md,4bf6256abaf5d1d0be11b33b469123601304c1f3,p7,implementation-design-or-support,source,P7-W11 Scheduler Stress and Invariants — Detailed Implementation Design,Proposed detailed design; implementation and validation are not,mechanical-only,pending,pending,Full text and counterevidence review not certified; see handoff
b317b88ad6f78f82143ec6af2cf2b41a143ae741,docs/stages/p7/implementation/p7-w12-qemu-regression/01-regression-matrix-and-runner-contract.md,14ea65ad924f47fba6df94c8020277f72deb8a38,p7,implementation-design-or-support,source,P7-W12 Regression Matrix and Runner Contract,Proposed detailed design; implementation and validation are not,mechanical-only,pending,pending,Full text and counterevidence review not certified; see handoff
b317b88ad6f78f82143ec6af2cf2b41a143ae741,docs/stages/p7/implementation/p7-w12-qemu-regression/02-workflow-and-acceptance.md,9a91417201430fbf8676821493240ea4b26ed185,p7,implementation-design-or-support,source,P7-W12 Implementation Workflow and Acceptance Design,Proposed detailed design; implementation and validation are not,mechanical-only,pending,pending,Full text and counterevidence review not certified; see handoff
b317b88ad6f78f82143ec6af2cf2b41a143ae741,docs/stages/p7/implementation/p7-w12-qemu-regression/README.md,e5d80b556094f616588584127f19ebb9b3b5fe97,p7,implementation-design-or-support,source,P7-W12 Automated QEMU Scheduler Regression — Detailed Implementation Design,Proposed detailed design; implementation and validation are not,mechanical-only,pending,pending,Full text and counterevidence review not certified; see handoff
b317b88ad6f78f82143ec6af2cf2b41a143ae741,docs/stages/p7/implementation/p7-w13-performance-baseline/01-measurement-method.md,837caa2b149d307e90289631f910a913b144bf8d,p7,implementation-design-or-support,source,P7-W13 Measurement Method,Proposed detailed design; implementation and validation are not,mechanical-only,pending,pending,Full text and counterevidence review not certified; see handoff
b317b88ad6f78f82143ec6af2cf2b41a143ae741,docs/stages/p7/implementation/p7-w13-performance-baseline/02-scenarios-and-comparison.md,43153f79ba0e9e6dca2fe79e9219445ca1516da3,p7,implementation-design-or-support,source,P7-W13 Scenarios and Static-versus-Scheduled Comparison,Proposed detailed design; implementation and validation are not,mechanical-only,pending,pending,Full text and counterevidence review not certified; see handoff
b317b88ad6f78f82143ec6af2cf2b41a143ae741,docs/stages/p7/implementation/p7-w13-performance-baseline/03-workflow-and-acceptance.md,6d2de7f23273a4ca9bfcf3fc748e9ad80698522a,p7,implementation-design-or-support,source,P7-W13 Implementation Workflow and Acceptance Design,Proposed detailed design; implementation and validation are not,mechanical-only,pending,pending,Full text and counterevidence review not certified; see handoff
b317b88ad6f78f82143ec6af2cf2b41a143ae741,docs/stages/p7/implementation/p7-w13-performance-baseline/README.md,7e8095a2f168a48081378354c2f8e9bd7f035a9a,p7,implementation-design-or-support,source,P7-W13 Scheduler Performance Baseline — Detailed Implementation Design,Proposed detailed design; implementation and validation are not,mechanical-only,pending,pending,Full text and counterevidence review not certified; see handoff
b317b88ad6f78f82143ec6af2cf2b41a143ae741,docs/stages/p7/implementation/p7-w14-documentation-p8-handoff/01-closure-and-handoff-workflow.md,a83ddf8b292bfb40f1864b480dd425568fcecd2f,p7,implementation-design-or-support,source,P7-W14 Closure and Handoff Workflow,Proposed detailed design; implementation and validation are not,mechanical-only,pending,pending,Full text and counterevidence review not certified; see handoff
b317b88ad6f78f82143ec6af2cf2b41a143ae741,docs/stages/p7/implementation/p7-w14-documentation-p8-handoff/README.md,65989b8b48a047861d3b329a3fa93165b498afa4,p7,implementation-design-or-support,source,P7-W14 Documentation and P8 Handoff — Detailed Implementation Design,Proposed detailed design; implementation and validation are not,mechanical-only,pending,pending,Full text and counterevidence review not certified; see handoff
b317b88ad6f78f82143ec6af2cf2b41a143ae741,docs/stages/p7/plans/README.md,60d77c6ee62773c7f5fb132677c3bf31d5abc73b,p7,plan-index,source,P7 work-package plans,Planning index. Plans are bounded work packages; implementation and evidence are not claimed.,targeted-review,pending,pending,Full text and counterevidence review not certified; see handoff
b317b88ad6f78f82143ec6af2cf2b41a143ae741,docs/stages/p7/plans/p7-w01-entry-contract-reconciliation.md,0702f09d0049c5e09a3da72f4e87fbfcaefc8337,p7,work-package-plan,source,P7-W01 — Entry Contract Reconciliation,Planned work package; implementation not claimed,mechanical-only,pending,pending,Full text and counterevidence review not certified; see handoff
b317b88ad6f78f82143ec6af2cf2b41a143ae741,docs/stages/p7/plans/p7-w02-scheduler-admission-lifecycle.md,d8f48fbe3ab422f9c776b430f17865675ea33be3,p7,work-package-plan,source,P7-W02 — Scheduler Admission and Lifecycle,Planned work package; implementation not claimed,mechanical-only,pending,pending,Full text and counterevidence review not certified; see handoff
b317b88ad6f78f82143ec6af2cf2b41a143ae741,docs/stages/p7/plans/p7-w03-placement-configuration.md,4ead9581d3159aed41071dce0d408032b222ec74,p7,work-package-plan,source,P7-W03 — Placement and Scheduling Configuration,Planned work package; implementation not claimed,mechanical-only,pending,pending,Full text and counterevidence review not certified; see handoff
b317b88ad6f78f82143ec6af2cf2b41a143ae741,docs/stages/p7/plans/p7-w04-preemption-context-switch.md,04bfec3991efa6f71e550973a84cb0cc16df8377,p7,work-package-plan,source,P7-W04 — Preemption and Context-Switch Correctness,Planned work package; implementation not claimed,mechanical-only,pending,pending,Full text and counterevidence review not certified; see handoff
b317b88ad6f78f82143ec6af2cf2b41a143ae741,docs/stages/p7/plans/p7-w05-shared-mn-multivm.md,470e5f6ce10baa2020e6c13cb32624efdee52bb8,p7,work-package-plan,source,P7-W05 — Shared M:N and Multi-VM Scheduling,Planned work package; implementation not claimed,mechanical-only,pending,pending,Full text and counterevidence review not certified; see handoff
b317b88ad6f78f82143ec6af2cf2b41a143ae741,docs/stages/p7/plans/p7-w06-block-wakeup.md,28df6b8e46c6d358aa389dedd2f6a0254e1ea21f,p7,work-package-plan,source,P7-W06 — Blocking and Event Wakeup,Planned work package; implementation not claimed,mechanical-only,pending,pending,Full text and counterevidence review not certified; see handoff
b317b88ad6f78f82143ec6af2cf2b41a143ae741,docs/stages/p7/plans/p7-w07-pause-stop-fault.md,6fbb7b0f6d861f6d0ddcbe18bcd9cff3e17ab95b,p7,work-package-plan,source,"P7-W07 — Pause, Stop, and Fault Containment",Planned work package; implementation not claimed,mechanical-only,pending,pending,Full text and counterevidence review not certified; see handoff
b317b88ad6f78f82143ec6af2cf2b41a143ae741,docs/stages/p7/plans/p7-w08-smp-reschedule-idle.md,ec2202aeb0878ee88a9fdc6242eee68a94e3622e,p7,work-package-plan,source,P7-W08 — SMP Reschedule and Idle Behavior,Planned work package; implementation not claimed,mechanical-only,pending,pending,Full text and counterevidence review not certified; see handoff
b317b88ad6f78f82143ec6af2cf2b41a143ae741,docs/stages/p7/plans/p7-w09-accounting-diagnostics.md,0175c520e5cc1e8580156391a2fa48deff179917,p7,work-package-plan,source,"P7-W09 — Accounting, Trace, and Diagnostics",Planned work package; implementation not claimed,mechanical-only,pending,pending,Full text and counterevidence review not certified; see handoff
b317b88ad6f78f82143ec6af2cf2b41a143ae741,docs/stages/p7/plans/p7-w10-validation-guest-suite.md,3832b46c597550e76a2ee5d3b75779c352f92874,p7,work-package-plan,source,P7-W10 — Validation Guest Scheduler Suite,Planned work package; implementation not claimed,mechanical-only,pending,pending,Full text and counterevidence review not certified; see handoff
b317b88ad6f78f82143ec6af2cf2b41a143ae741,docs/stages/p7/plans/p7-w11-stress-invariants.md,91caaa594a56213c8b5c734e1d7e0672d9fa2b50,p7,work-package-plan,source,P7-W11 — Scheduler Stress and Invariants,Planned work package; implementation not claimed,mechanical-only,pending,pending,Full text and counterevidence review not certified; see handoff
b317b88ad6f78f82143ec6af2cf2b41a143ae741,docs/stages/p7/plans/p7-w12-qemu-regression.md,1246b7bec9918319ea99b26da518c978eeb9c5f2,p7,work-package-plan,source,P7-W12 — Automated QEMU Scheduler Regression,Planned work package; implementation not claimed,mechanical-only,pending,pending,Full text and counterevidence review not certified; see handoff
b317b88ad6f78f82143ec6af2cf2b41a143ae741,docs/stages/p7/plans/p7-w13-performance-baseline.md,8414cbe834060b0665e4c7b95517786727ddd99f,p7,work-package-plan,source,P7-W13 — Scheduler Performance Baseline,Planned work package; implementation not claimed,mechanical-only,pending,pending,Full text and counterevidence review not certified; see handoff
b317b88ad6f78f82143ec6af2cf2b41a143ae741,docs/stages/p7/plans/p7-w14-documentation-p8-handoff.md,a9bea2aaaddb01a8b5e071c8f781d5c0f3d9423b,p7,work-package-plan,source,P7-W14 — Documentation and P8 Handoff,Planned work package; implementation not claimed,mechanical-only,pending,pending,Full text and counterevidence review not certified; see handoff
b317b88ad6f78f82143ec6af2cf2b41a143ae741,docs/stages/p7/task-book-v0.1.md,fd5f03594009649462e05af188b62dc540e0889d,p7,task-book,source,P7 — vCPU Scheduler v0 to Preemptive M:N Scheduling,Implementation-planning baseline; work and evidence are not claimed,mechanical-only,pending,pending,Full text and counterevidence review not certified; see handoff
b317b88ad6f78f82143ec6af2cf2b41a143ae741,docs/stages/p8/README.md,d8d7482a04c9e1f53e8ca837b38d9240f898bd2f,p8,stage-index-or-handoff,source,P8 — Virtual ARM Platform and Minimal Linux Boot,not-extracted; inspect source,mechanical-only,pending,pending,Full text and counterevidence review not certified; see handoff
b317b88ad6f78f82143ec6af2cf2b41a143ae741,docs/stages/p8/implementation/README.md,b84bacc18e6e7a9a4eb079303b453fba7964826c,p8,implementation-design-or-support,source,P8 implementation designs and records,Index of proposed designs and future implementation records; not a,mechanical-only,pending,pending,Full text and counterevidence review not certified; see handoff
b317b88ad6f78f82143ec6af2cf2b41a143ae741,docs/stages/p8/implementation/p8-w01-entry-contract-reconciliation/01-reconciliation-contract.md,e86e3cd6e7160651d7e14ceaab771dbaac6e808e,p8,implementation-design-or-support,source,P8-W01 Reconciliation Contract,Proposed detailed design; implementation not claimed.,mechanical-only,pending,pending,Full text and counterevidence review not certified; see handoff
b317b88ad6f78f82143ec6af2cf2b41a143ae741,docs/stages/p8/implementation/p8-w01-entry-contract-reconciliation/02-review-workflow.md,0f8050af79c918a4482ccaa52ba42986ef05376d,p8,implementation-design-or-support,source,P8-W01 Review Workflow and Acceptance Design,Proposed detailed design; implementation and validation are not,mechanical-only,pending,pending,Full text and counterevidence review not certified; see handoff
b317b88ad6f78f82143ec6af2cf2b41a143ae741,docs/stages/p8/implementation/p8-w01-entry-contract-reconciliation/README.md,62231c9760b780698a02a9d615d99652178edf84,p8,implementation-design-or-support,source,P8-W01 Entry Contract Reconciliation — Detailed Implementation Design,Proposed detailed design; implementation and validation are not,mechanical-only,pending,pending,Full text and counterevidence review not certified; see handoff
b317b88ad6f78f82143ec6af2cf2b41a143ae741,docs/stages/p8/implementation/p8-w02-machine-contract-governance/01-governance-contract.md,0f3b904bfc0dce20f9c50edadd47c1cbf8cd26f9,p8,implementation-design-or-support,source,P8-W02 Governance Contract,Proposed detailed design; implementation not claimed.,targeted-review,pending,pending,Full text and counterevidence review not certified; see handoff
b317b88ad6f78f82143ec6af2cf2b41a143ae741,docs/stages/p8/implementation/p8-w02-machine-contract-governance/02-review-workflow.md,81b2f8887634cefc9f8275614fa896ee64eac199,p8,implementation-design-or-support,source,P8-W02 Review Workflow and Acceptance Design,Proposed detailed design; implementation and validation are not,mechanical-only,pending,pending,Full text and counterevidence review not certified; see handoff
b317b88ad6f78f82143ec6af2cf2b41a143ae741,docs/stages/p8/implementation/p8-w02-machine-contract-governance/README.md,0eb21fee75b70cf24184113781b268752c342023,p8,implementation-design-or-support,source,P8-W02 Machine-Contract Governance — Detailed Implementation Design,Proposed detailed design; implementation and validation are not,mechanical-only,pending,pending,Full text and counterevidence review not certified; see handoff
b317b88ad6f78f82143ec6af2cf2b41a143ae741,docs/stages/p8/implementation/p8-w03-linux-boot-contract/01-boot-contract-facts.md,3adc32b24540b1d6ed627654d2ce495b78d7242c,p8,implementation-design-or-support,source,P8-W03 Boot-Contract Fact Catalog,Proposed detailed design; implementation not claimed.,targeted-review,pending,pending,Full text and counterevidence review not certified; see handoff
b317b88ad6f78f82143ec6af2cf2b41a143ae741,docs/stages/p8/implementation/p8-w03-linux-boot-contract/02-fixture-and-shutdown-evidence.md,388398a5d1954cd12f19cc020f09802329d33bdc,p8,implementation-design-or-support,source,P8-W03 Fixture Reproducibility and Shutdown/Isolation Evidence Requirements,Proposed detailed design; implementation not claimed.,mechanical-only,pending,pending,Full text and counterevidence review not certified; see handoff
b317b88ad6f78f82143ec6af2cf2b41a143ae741,docs/stages/p8/implementation/p8-w03-linux-boot-contract/03-workflow-and-validation.md,2630afcd4b77ba3d170fbff77a1c027af77bf72c,p8,implementation-design-or-support,source,P8-W03 Implementation Workflow and Acceptance Design,Proposed detailed design; implementation and validation are not,mechanical-only,pending,pending,Full text and counterevidence review not certified; see handoff
b317b88ad6f78f82143ec6af2cf2b41a143ae741,docs/stages/p8/implementation/p8-w03-linux-boot-contract/README.md,e635ceccb24439553f16db3ac5a2a6927c9c22a8,p8,implementation-design-or-support,source,P8-W03 Linux Boot Contract — Detailed Implementation Design,Proposed detailed design; implementation and validation are not,mechanical-only,pending,pending,Full text and counterevidence review not certified; see handoff
b317b88ad6f78f82143ec6af2cf2b41a143ae741,docs/stages/p8/implementation/p8-w04-guest-dtb-contract/01-dtb-fact-catalog.md,e14276ad02d670980cd3d6537b794319d42ba697,p8,implementation-design-or-support,source,P8-W04 DTB Fact Catalog,Proposed detailed design; implementation not claimed.,mechanical-only,pending,pending,Full text and counterevidence review not certified; see handoff
b317b88ad6f78f82143ec6af2cf2b41a143ae741,docs/stages/p8/implementation/p8-w04-guest-dtb-contract/02-consistency-and-host-leakage-review.md,472662cb25b269e5c01e6e365ff9701f22ac50b1,p8,implementation-design-or-support,source,P8-W04 Consistency and Host-Leakage Review Criteria,Proposed detailed design; implementation not claimed.,mechanical-only,pending,pending,Full text and counterevidence review not certified; see handoff
b317b88ad6f78f82143ec6af2cf2b41a143ae741,docs/stages/p8/implementation/p8-w04-guest-dtb-contract/03-workflow-and-validation.md,3e2c81f00915813f6d1f2d281b6bc4d751f26392,p8,implementation-design-or-support,source,P8-W04 Implementation Workflow and Acceptance Design,Proposed detailed design; implementation and validation are not,mechanical-only,pending,pending,Full text and counterevidence review not certified; see handoff
b317b88ad6f78f82143ec6af2cf2b41a143ae741,docs/stages/p8/implementation/p8-w04-guest-dtb-contract/README.md,969b3672953c245f73f5ed641459611dad982dd0,p8,implementation-design-or-support,source,P8-W04 Guest DTB Contract — Detailed Implementation Design,Proposed detailed design; implementation and validation are not,mechanical-only,pending,pending,Full text and counterevidence review not certified; see handoff
b317b88ad6f78f82143ec6af2cf2b41a143ae741,docs/stages/p8/implementation/p8-w05-linux-cpu-virtualization/01-classification-model.md,e385cf57bd44c20e388fa5c7fd282cde0177f8b7,p8,implementation-design-or-support,source,P8-W05 Classification Model,Proposed detailed design; implementation not claimed.,mechanical-only,pending,pending,Full text and counterevidence review not certified; see handoff
b317b88ad6f78f82143ec6af2cf2b41a143ae741,docs/stages/p8/implementation/p8-w05-linux-cpu-virtualization/02-code-contracts-classification.md,ae08e8591cd4fa0516f68b753a36c7627cb41320,p8,implementation-design-or-support,source,P8-W05 Code Contracts — Classification Decision Path,Proposed detailed design; implementation not claimed.,mechanical-only,pending,pending,Full text and counterevidence review not certified; see handoff
b317b88ad6f78f82143ec6af2cf2b41a143ae741,docs/stages/p8/implementation/p8-w05-linux-cpu-virtualization/03-controlled-failure-and-diagnostics.md,64f0e55adbdf66ad972ecfd12b427799fc3547aa,p8,implementation-design-or-support,source,P8-W05 Controlled Failure and Diagnostics Boundary,Proposed detailed design; implementation not claimed.,mechanical-only,pending,pending,Full text and counterevidence review not certified; see handoff
b317b88ad6f78f82143ec6af2cf2b41a143ae741,docs/stages/p8/implementation/p8-w05-linux-cpu-virtualization/04-implementation-workflow.md,27df94a86b5a44df4b203ff331c7d1c87a11ce8c,p8,implementation-design-or-support,source,P8-W05 Implementation Workflow,Proposed detailed design; implementation and validation are not,mechanical-only,pending,pending,Full text and counterevidence review not certified; see handoff
b317b88ad6f78f82143ec6af2cf2b41a143ae741,docs/stages/p8/implementation/p8-w05-linux-cpu-virtualization/05-validation-and-handoff.md,a98c80bb3bc35910393ade4f9c97defdf4483cf1,p8,implementation-design-or-support,source,P8-W05 Validation Matrix and Handoff Design,Proposed detailed design; implementation and validation are not,mechanical-only,pending,pending,Full text and counterevidence review not certified; see handoff
b317b88ad6f78f82143ec6af2cf2b41a143ae741,docs/stages/p8/implementation/p8-w05-linux-cpu-virtualization/README.md,df83333763a3534e09635816481170ce8beecc65,p8,implementation-design-or-support,source,P8-W05 Linux CPU Virtualization Compatibility — Detailed Implementation Design,Proposed detailed design; implementation and validation are not,mechanical-only,pending,pending,Full text and counterevidence review not certified; see handoff
b317b88ad6f78f82143ec6af2cf2b41a143ae741,docs/stages/p8/implementation/p8-w06-psci-virtualization/01-architecture-and-state.md,7a28ded302124d2ec9046c10d9154db6d3d5ab27,p8,implementation-design-or-support,source,P8-W06 Architecture and State,Proposed detailed design; implementation and validation are not,mechanical-only,pending,pending,Full text and counterevidence review not certified; see handoff
b317b88ad6f78f82143ec6af2cf2b41a143ae741,docs/stages/p8/implementation/p8-w06-psci-virtualization/02-code-contracts-psci-dispatch.md,6eb7ee03d9acf8bffa0144a2b821965bbb6bb2c2,p8,implementation-design-or-support,source,"P8-W06 Code Contracts — PSCI Dispatch, Version/Features, Error Mapping",Proposed detailed design; implementation and validation are not,mechanical-only,pending,pending,Full text and counterevidence review not certified; see handoff
b317b88ad6f78f82143ec6af2cf2b41a143ae741,docs/stages/p8/implementation/p8-w06-psci-virtualization/03-code-contracts-cpu-lifecycle.md,c1fe08da1d1c327a05c0d8e79781d00b9674124b,p8,implementation-design-or-support,source,P8-W06 Code Contracts — CPU and System Lifecycle,Proposed detailed design; implementation and validation are not,mechanical-only,pending,pending,Full text and counterevidence review not certified; see handoff
b317b88ad6f78f82143ec6af2cf2b41a143ae741,docs/stages/p8/implementation/p8-w06-psci-virtualization/04-implementation-workflow.md,50beba61b39b95d42f4641da3550ed8567fbdf5a,p8,implementation-design-or-support,source,P8-W06 Implementation Workflow and Acceptance Design,Proposed detailed design; implementation and validation are not,mechanical-only,pending,pending,Full text and counterevidence review not certified; see handoff
b317b88ad6f78f82143ec6af2cf2b41a143ae741,docs/stages/p8/implementation/p8-w06-psci-virtualization/05-validation-and-handoff.md,8c4e3e10695dd0a465e26155b9620cee53481695,p8,implementation-design-or-support,source,P8-W06 Validation and Handoff Design,Proposed detailed design; implementation and validation are not,mechanical-only,pending,pending,Full text and counterevidence review not certified; see handoff
b317b88ad6f78f82143ec6af2cf2b41a143ae741,docs/stages/p8/implementation/p8-w06-psci-virtualization/README.md,6ff1b1931f0fa6c117df953b0a30bee461f92e3a,p8,implementation-design-or-support,source,P8-W06 PSCI Virtualization — Detailed Implementation Design,Proposed detailed design; implementation and validation are not,mechanical-only,pending,pending,Full text and counterevidence review not certified; see handoff
b317b88ad6f78f82143ec6af2cf2b41a143ae741,docs/stages/p8/implementation/p8-w07-linux-vgicv3/01-architecture-and-state.md,a3a3995b3ea219e3798cb5517662a90e5191fb14,p8,implementation-design-or-support,source,P8-W07 Architecture and State,Proposed detailed design; implementation and validation are not,mechanical-only,pending,pending,Full text and counterevidence review not certified; see handoff
b317b88ad6f78f82143ec6af2cf2b41a143ae741,docs/stages/p8/implementation/p8-w07-linux-vgicv3/02-code-contracts-vgic-mmio.md,0b3bc3b17581233eadc15a7871d1fe8bf48f3527,p8,implementation-design-or-support,source,P8-W07 Code Contracts — vGIC MMIO Register Model,Proposed detailed design; implementation and validation are not,mechanical-only,pending,pending,Full text and counterevidence review not certified; see handoff
b317b88ad6f78f82143ec6af2cf2b41a143ae741,docs/stages/p8/implementation/p8-w07-linux-vgicv3/03-code-contracts-interrupt-flow.md,8ef1b7d591bc610cc3f5e9ba449ee34997a57237,p8,implementation-design-or-support,source,"P8-W07 Code Contracts — Interrupt Flow (SGI, Injection, EOI, Presentation)",Proposed detailed design; implementation and validation are not,mechanical-only,pending,pending,Full text and counterevidence review not certified; see handoff
b317b88ad6f78f82143ec6af2cf2b41a143ae741,docs/stages/p8/implementation/p8-w07-linux-vgicv3/04-implementation-workflow.md,1ca552e3bc5e181c0c61e2f4a5b83992dfe27e9b,p8,implementation-design-or-support,source,P8-W07 Implementation Workflow and Acceptance Design,Proposed detailed design; implementation and validation are not,mechanical-only,pending,pending,Full text and counterevidence review not certified; see handoff
b317b88ad6f78f82143ec6af2cf2b41a143ae741,docs/stages/p8/implementation/p8-w07-linux-vgicv3/05-validation-and-handoff.md,b3974297f4ef49a5b295f3a7b7b06f5f055a6bfa,p8,implementation-design-or-support,source,P8-W07 Validation and Handoff Design,Proposed detailed design; implementation and validation are not,mechanical-only,pending,pending,Full text and counterevidence review not certified; see handoff
b317b88ad6f78f82143ec6af2cf2b41a143ae741,docs/stages/p8/implementation/p8-w07-linux-vgicv3/README.md,c924a644e11c73c918261e3a5c01b26a9eeb5d8a,p8,implementation-design-or-support,source,P8-W07 Linux-Compatible Virtual GICv3 — Detailed Implementation Design,Proposed detailed design; implementation and validation are not,mechanical-only,pending,pending,Full text and counterevidence review not certified; see handoff
b317b88ad6f78f82143ec6af2cf2b41a143ae741,docs/stages/p8/implementation/p8-w08-linux-timer-integration/01-architecture-and-state.md,fd01a75f75ff7defc5f624d7b2fa030dfacdb71e,p8,implementation-design-or-support,source,P8-W08 Architecture and State,Proposed detailed design; implementation and validation are not,mechanical-only,pending,pending,Full text and counterevidence review not certified; see handoff
b317b88ad6f78f82143ec6af2cf2b41a143ae741,docs/stages/p8/implementation/p8-w08-linux-timer-integration/02-code-contracts-timer-regs.md,11953b27c79e696450244b35f76f9b340c95698b,p8,implementation-design-or-support,source,P8-W08 Code Contracts — Guest Time Source and Timer Registers,Proposed detailed design; implementation and validation are not,mechanical-only,pending,pending,Full text and counterevidence review not certified; see handoff
b317b88ad6f78f82143ec6af2cf2b41a143ae741,docs/stages/p8/implementation/p8-w08-linux-timer-integration/03-code-contracts-expiry-wakeup.md,b9f5a4e542c4ac035765e39e9ca7b2c79192d792,p8,implementation-design-or-support,source,"P8-W08 Code Contracts — Expiry, WFI/Wakeup, and Preemption Continuity",Proposed detailed design; implementation and validation are not,mechanical-only,pending,pending,Full text and counterevidence review not certified; see handoff
b317b88ad6f78f82143ec6af2cf2b41a143ae741,docs/stages/p8/implementation/p8-w08-linux-timer-integration/04-implementation-workflow.md,f0edd8fdae4cc3929bb1fee25bd14d53a1d7b9ce,p8,implementation-design-or-support,source,P8-W08 Implementation Workflow and Acceptance Design,Proposed detailed design; implementation and validation are not,mechanical-only,pending,pending,Full text and counterevidence review not certified; see handoff
b317b88ad6f78f82143ec6af2cf2b41a143ae741,docs/stages/p8/implementation/p8-w08-linux-timer-integration/05-validation-and-handoff.md,a6779d6c5ef7d6d9da4637930fae036f88972b9d,p8,implementation-design-or-support,source,P8-W08 Validation and Handoff Design,Proposed detailed design; implementation and validation are not,mechanical-only,pending,pending,Full text and counterevidence review not certified; see handoff
b317b88ad6f78f82143ec6af2cf2b41a143ae741,docs/stages/p8/implementation/p8-w08-linux-timer-integration/README.md,7aefac5e52dbc820bb74f59ec443cfd92b169752,p8,implementation-design-or-support,source,P8-W08 Linux Timer Integration — Detailed Implementation Design,Proposed detailed design; implementation and validation are not,mechanical-only,pending,pending,Full text and counterevidence review not certified; see handoff
b317b88ad6f78f82143ec6af2cf2b41a143ae741,docs/stages/p8/implementation/p8-w09-virtual-console-single-cpu-linux/01-architecture-and-state.md,074e2ce9dacc57742362e39b22080d3dd3a73347,p8,implementation-design-or-support,source,P8-W09 Architecture and State,Proposed detailed design; implementation and validation are not,mechanical-only,pending,pending,Full text and counterevidence review not certified; see handoff
b317b88ad6f78f82143ec6af2cf2b41a143ae741,docs/stages/p8/implementation/p8-w09-virtual-console-single-cpu-linux/02-code-contracts-console-frontend.md,2714c3323e57fb821ed38a4bd68a81f92b3852c4,p8,implementation-design-or-support,source,P8-W09 Code Contracts — PL011 Console Frontend,Proposed detailed design; implementation and validation are not,mechanical-only,pending,pending,Full text and counterevidence review not certified; see handoff
b317b88ad6f78f82143ec6af2cf2b41a143ae741,docs/stages/p8/implementation/p8-w09-virtual-console-single-cpu-linux/03-code-contracts-console-backend-and-input.md,8a4d83737199e3fd803dc7ac8ac1beb56587d439,p8,implementation-design-or-support,source,"P8-W09 Code Contracts — Console Backend, Input Path, and Log Retention",Proposed detailed design; implementation and validation are not,mechanical-only,pending,pending,Full text and counterevidence review not certified; see handoff
b317b88ad6f78f82143ec6af2cf2b41a143ae741,docs/stages/p8/implementation/p8-w09-virtual-console-single-cpu-linux/04-single-vcpu-boot-path.md,fa3fbc5f7f9d4eff9dd16ae70dc2b1fd63853ece,p8,implementation-design-or-support,source,P8-W09 Single-vCPU Boot Path Design,Proposed detailed design; implementation and validation are not,mechanical-only,pending,pending,Full text and counterevidence review not certified; see handoff
b317b88ad6f78f82143ec6af2cf2b41a143ae741,docs/stages/p8/implementation/p8-w09-virtual-console-single-cpu-linux/05-implementation-workflow.md,fc344821f511c36b5a6ed53c8b9507f0abdf8394,p8,implementation-design-or-support,source,P8-W09 Implementation Workflow and Acceptance Design,Proposed detailed design; implementation and validation are not,mechanical-only,pending,pending,Full text and counterevidence review not certified; see handoff
b317b88ad6f78f82143ec6af2cf2b41a143ae741,docs/stages/p8/implementation/p8-w09-virtual-console-single-cpu-linux/06-validation-and-handoff.md,3095acda6397e996e9279dc5d4bd420ca6299211,p8,implementation-design-or-support,source,P8-W09 Validation and Handoff Design,Proposed detailed design; implementation and validation are not,mechanical-only,pending,pending,Full text and counterevidence review not certified; see handoff
b317b88ad6f78f82143ec6af2cf2b41a143ae741,docs/stages/p8/implementation/p8-w09-virtual-console-single-cpu-linux/README.md,f1ce54e559f1dc793d545066d062fc57d4f5a375,p8,implementation-design-or-support,source,P8-W09 Virtual Console and Single-vCPU Linux — Detailed Implementation Design,Proposed detailed design; implementation and validation are not,mechanical-only,pending,pending,Full text and counterevidence review not certified; see handoff
b317b88ad6f78f82143ec6af2cf2b41a143ae741,docs/stages/p8/implementation/p8-w10-linux-smp-bringup/01-architecture-and-state.md,b46ecd28579b0adcfac1d94b0c667d7a973f8745,p8,implementation-design-or-support,source,P8-W10 Architecture and State,Proposed detailed design; implementation and validation are not,mechanical-only,pending,pending,Full text and counterevidence review not certified; see handoff
b317b88ad6f78f82143ec6af2cf2b41a143ae741,docs/stages/p8/implementation/p8-w10-linux-smp-bringup/02-code-contracts-secondary-bringup.md,f85b2d6aa664127ba2db31fa95c8bee055b5c9a8,p8,implementation-design-or-support,source,P8-W10 Code Contracts — Secondary Bring-up and Per-CPU Integration,Proposed detailed design; implementation and validation are not,mechanical-only,pending,pending,Full text and counterevidence review not certified; see handoff
b317b88ad6f78f82143ec6af2cf2b41a143ae741,docs/stages/p8/implementation/p8-w10-linux-smp-bringup/03-stability-scenarios.md,bb0e2919f52b4556b97c70e80f0585c9f8b3800a,p8,implementation-design-or-support,source,P8-W10 Stability Scenario Contracts (P8-V15),Proposed detailed design; implementation and validation are not,mechanical-only,pending,pending,Full text and counterevidence review not certified; see handoff
b317b88ad6f78f82143ec6af2cf2b41a143ae741,docs/stages/p8/implementation/p8-w10-linux-smp-bringup/04-implementation-workflow.md,5ddce3158ee8e3076ce72b5fd5a9c49146c28d4b,p8,implementation-design-or-support,source,P8-W10 Implementation Workflow and Acceptance Design,Proposed detailed design; implementation and validation are not,mechanical-only,pending,pending,Full text and counterevidence review not certified; see handoff
b317b88ad6f78f82143ec6af2cf2b41a143ae741,docs/stages/p8/implementation/p8-w10-linux-smp-bringup/05-validation-and-handoff.md,4dabc878018108dc1aefddcc7aa7708de98e95dc,p8,implementation-design-or-support,source,P8-W10 Validation and Handoff Design,Proposed detailed design; implementation and validation are not,mechanical-only,pending,pending,Full text and counterevidence review not certified; see handoff
b317b88ad6f78f82143ec6af2cf2b41a143ae741,docs/stages/p8/implementation/p8-w10-linux-smp-bringup/README.md,98c477cbc80800259c639726266cba1122d9d4f1,p8,implementation-design-or-support,source,P8-W10 Linux SMP Bring-up — Detailed Implementation Design,Proposed detailed design; implementation and validation are not,mechanical-only,pending,pending,Full text and counterevidence review not certified; see handoff
b317b88ad6f78f82143ec6af2cf2b41a143ae741,docs/stages/p8/implementation/p8-w11-scheduler-linux-integration/01-scenario-and-semantics-contract.md,313a94b01b6203d4e05b27aed9c60f19bb41f6f1,p8,implementation-design-or-support,source,P8-W11 Scenario and Semantics Contract,Proposed detailed design; implementation and validation are not,mechanical-only,pending,pending,Full text and counterevidence review not certified; see handoff
b317b88ad6f78f82143ec6af2cf2b41a143ae741,docs/stages/p8/implementation/p8-w11-scheduler-linux-integration/02-observation-and-load-contracts.md,c7719e2d109a1d3ca647ff72ee2ed334d6b8d1da,p8,implementation-design-or-support,source,P8-W11 Observation and Load Contracts,Proposed detailed design; implementation and validation are not,mechanical-only,pending,pending,Full text and counterevidence review not certified; see handoff
b317b88ad6f78f82143ec6af2cf2b41a143ae741,docs/stages/p8/implementation/p8-w11-scheduler-linux-integration/03-implementation-workflow-and-review.md,0e479093dc58d56cde6620a7318f480a7229063b,p8,implementation-design-or-support,source,P8-W11 Implementation Workflow and Review Design,Proposed detailed design; implementation and validation are not,mechanical-only,pending,pending,Full text and counterevidence review not certified; see handoff
b317b88ad6f78f82143ec6af2cf2b41a143ae741,docs/stages/p8/implementation/p8-w11-scheduler-linux-integration/README.md,ef09191869469ee7ff785b20952bddcc23ffe26d,p8,implementation-design-or-support,source,P8-W11 Scheduler and Linux Integration — Detailed Implementation Design,Proposed detailed design; implementation and validation are not,mechanical-only,pending,pending,Full text and counterevidence review not certified; see handoff
b317b88ad6f78f82143ec6af2cf2b41a143ae741,docs/stages/p8/implementation/p8-w12-linux-memory-model/01-memory-matrix-and-boundaries.md,162ab7c75c88a5070477b365108051fd7ff352fc,p8,implementation-design-or-support,source,P8-W12 Memory Matrix and Boundary Contract,Proposed detailed design; implementation and validation are not,mechanical-only,pending,pending,Full text and counterevidence review not certified; see handoff
b317b88ad6f78f82143ec6af2cf2b41a143ae741,docs/stages/p8/implementation/p8-w12-linux-memory-model/02-probe-and-workload-contracts.md,9290a32ef0a3b66602ecdff9d46b8f3edb561ace,p8,implementation-design-or-support,source,P8-W12 Probe and Workload Contracts,Proposed detailed design; implementation and validation are not,mechanical-only,pending,pending,Full text and counterevidence review not certified; see handoff
b317b88ad6f78f82143ec6af2cf2b41a143ae741,docs/stages/p8/implementation/p8-w12-linux-memory-model/03-implementation-workflow-and-review.md,07cf224dbb064ffa1427865d85a2edd3a64467cd,p8,implementation-design-or-support,source,P8-W12 Implementation Workflow and Review Design,Proposed detailed design; implementation and validation are not,mechanical-only,pending,pending,Full text and counterevidence review not certified; see handoff
b317b88ad6f78f82143ec6af2cf2b41a143ae741,docs/stages/p8/implementation/p8-w12-linux-memory-model/README.md,7ba01e62ecce5ceeed15e794d7f73bdc3481f629,p8,implementation-design-or-support,source,P8-W12 Linux Memory-Model Validation — Detailed Implementation Design,Proposed detailed design; implementation and validation are not,mechanical-only,pending,pending,Full text and counterevidence review not certified; see handoff
b317b88ad6f78f82143ec6af2cf2b41a143ae741,docs/stages/p8/implementation/p8-w13-guest-fault-diagnostics/01-fault-classification.md,7f6b771492768ed8e8c92face7df1d9352445b12,p8,implementation-design-or-support,source,P8-W13 Fault Classification,Proposed detailed design; implementation and validation are not,mechanical-only,pending,pending,Full text and counterevidence review not certified; see handoff
b317b88ad6f78f82143ec6af2cf2b41a143ae741,docs/stages/p8/implementation/p8-w13-guest-fault-diagnostics/02-diagnostic-context-contracts.md,82cc8cf6bc2090acd3abea153509479ba2277334,p8,implementation-design-or-support,source,P8-W13 Diagnostic Context Contracts,Proposed detailed design; implementation and validation are not,mechanical-only,pending,pending,Full text and counterevidence review not certified; see handoff
b317b88ad6f78f82143ec6af2cf2b41a143ae741,docs/stages/p8/implementation/p8-w13-guest-fault-diagnostics/03-implementation-workflow-and-review.md,5c9b4ba118f228c783b66850e075394ce79b30d1,p8,implementation-design-or-support,source,P8-W13 Implementation Workflow and Review Design,Proposed detailed design; implementation and validation are not,mechanical-only,pending,pending,Full text and counterevidence review not certified; see handoff
b317b88ad6f78f82143ec6af2cf2b41a143ae741,docs/stages/p8/implementation/p8-w13-guest-fault-diagnostics/README.md,081eaee6b9bed424de9a1289aaaec4e52b71841e,p8,implementation-design-or-support,source,P8-W13 Guest Fault Diagnostics — Detailed Implementation Design,Proposed detailed design; implementation and validation are not,mechanical-only,pending,pending,Full text and counterevidence review not certified; see handoff
b317b88ad6f78f82143ec6af2cf2b41a143ae741,docs/stages/p8/implementation/p8-w14-machine-abi-compatibility/01-compatibility-matrix-and-policy.md,ad40dbada89d1bf30e7396e2d50e84a57fd97762,p8,implementation-design-or-support,source,P8-W14 Compatibility Matrix and Policy,Proposed detailed design; implementation and validation are not,targeted-review,pending,pending,Full text and counterevidence review not certified; see handoff
b317b88ad6f78f82143ec6af2cf2b41a143ae741,docs/stages/p8/implementation/p8-w14-machine-abi-compatibility/02-implementation-and-review.md,9851314b39e21ce065a4136209e0747d5326ebf1,p8,implementation-design-or-support,source,P8-W14 Implementation and Review Design,Proposed detailed design; implementation and validation are not,mechanical-only,pending,pending,Full text and counterevidence review not certified; see handoff
b317b88ad6f78f82143ec6af2cf2b41a143ae741,docs/stages/p8/implementation/p8-w14-machine-abi-compatibility/README.md,e70071cd49a821cdc79349d0c661966254120e50,p8,implementation-design-or-support,source,P8-W14 Machine ABI Compatibility — Detailed Implementation Design,Proposed detailed design; implementation and validation are not,mechanical-only,pending,pending,Full text and counterevidence review not certified; see handoff
b317b88ad6f78f82143ec6af2cf2b41a143ae741,docs/stages/p8/implementation/p8-w15-reproducible-linux-fixture/01-fixture-manifest-contract.md,330950daa614ab6b5141a4cc70f8048ba9a4bdb0,p8,implementation-design-or-support,source,P8-W15 Fixture Manifest Contract,Proposed detailed design; implementation and validation are not,mechanical-only,pending,pending,Full text and counterevidence review not certified; see handoff
b317b88ad6f78f82143ec6af2cf2b41a143ae741,docs/stages/p8/implementation/p8-w15-reproducible-linux-fixture/02-implementation-and-review.md,3d82862ad948c2ffe8b38df4a9d5d5af0690d70a,p8,implementation-design-or-support,source,P8-W15 Implementation and Review Design,Proposed detailed design; implementation and validation are not,mechanical-only,pending,pending,Full text and counterevidence review not certified; see handoff
b317b88ad6f78f82143ec6af2cf2b41a143ae741,docs/stages/p8/implementation/p8-w15-reproducible-linux-fixture/README.md,08817ea7185ce1532cc2984d7052d030c12921bd,p8,implementation-design-or-support,source,P8-W15 Reproducible Linux Fixture — Detailed Implementation Design,Proposed detailed design; implementation and validation are not,mechanical-only,pending,pending,Full text and counterevidence review not certified; see handoff
b317b88ad6f78f82143ec6af2cf2b41a143ae741,docs/stages/p8/implementation/p8-w16-automated-linux-regression/01-regression-matrix.md,135a171a4b32f1d7519c2aab5a0002ed2e199317,p8,implementation-design-or-support,source,P8-W16 Scenario Matrix and Marker Contract,Proposed detailed design; implementation and validation are not,mechanical-only,pending,pending,Full text and counterevidence review not certified; see handoff
b317b88ad6f78f82143ec6af2cf2b41a143ae741,docs/stages/p8/implementation/p8-w16-automated-linux-regression/02-harness-contract-and-workflow.md,f7139161779a0cb2bd5d33c01834b045ed6baa1b,p8,implementation-design-or-support,source,"P8-W16 Harness Contract, Repeated-Boot Checks, and Workflow",Proposed detailed design; implementation and validation are not,mechanical-only,pending,pending,Full text and counterevidence review not certified; see handoff
b317b88ad6f78f82143ec6af2cf2b41a143ae741,docs/stages/p8/implementation/p8-w16-automated-linux-regression/README.md,3cee3a3ba8e856924a25cb22795115e8bd5f2b36,p8,implementation-design-or-support,source,P8-W16 Automated Linux Regression — Detailed Implementation Design,Proposed detailed design; implementation and validation are not,mechanical-only,pending,pending,Full text and counterevidence review not certified; see handoff
b317b88ad6f78f82143ec6af2cf2b41a143ae741,docs/stages/p8/implementation/p8-w17-linux-performance-baseline/01-measurement-method.md,53babb6b9abc299d45a0c1c133ec28203ba35c35,p8,implementation-design-or-support,source,P8-W17 Measurement Method,Proposed detailed design; implementation and validation are not,mechanical-only,pending,pending,Full text and counterevidence review not certified; see handoff
b317b88ad6f78f82143ec6af2cf2b41a143ae741,docs/stages/p8/implementation/p8-w17-linux-performance-baseline/02-baseline-record-and-workflow.md,11a1590c3a4db8f4516d2b51e1c5a4b4329a7e02,p8,implementation-design-or-support,source,"P8-W17 Baseline Record, Workflow, and Comparison Rules",Proposed detailed design; implementation and validation are not,mechanical-only,pending,pending,Full text and counterevidence review not certified; see handoff
b317b88ad6f78f82143ec6af2cf2b41a143ae741,docs/stages/p8/implementation/p8-w17-linux-performance-baseline/README.md,bdcf25e0ca38a985bba6ecbd97044379e78d7b5c,p8,implementation-design-or-support,source,P8-W17 Linux Performance Baseline — Detailed Implementation Design,Proposed detailed design; implementation and validation are not,mechanical-only,pending,pending,Full text and counterevidence review not certified; see handoff
b317b88ad6f78f82143ec6af2cf2b41a143ae741,docs/stages/p8/implementation/p8-w18-security-isolation-regression/01-isolation-scenario-matrix.md,704a1cd428a3f69886f2b05759454de877fd634f,p8,implementation-design-or-support,source,P8-W18 Isolation Scenario Matrix,Proposed detailed design; implementation and validation are not,mechanical-only,pending,pending,Full text and counterevidence review not certified; see handoff
b317b88ad6f78f82143ec6af2cf2b41a143ae741,docs/stages/p8/implementation/p8-w18-security-isolation-regression/02-workflow-oracles-and-handoff.md,e809e3a1cee69e9b574f34ec8471b7991cc78782,p8,implementation-design-or-support,source,"P8-W18 Workflow, Oracle Review, and Handoff",Proposed detailed design; implementation and validation are not,mechanical-only,pending,pending,Full text and counterevidence review not certified; see handoff
b317b88ad6f78f82143ec6af2cf2b41a143ae741,docs/stages/p8/implementation/p8-w18-security-isolation-regression/README.md,b9cdb710fbb983e7dfa42364b9338e5ff3bb5cf6,p8,implementation-design-or-support,source,P8-W18 Security and Isolation Regression — Detailed Implementation Design,Proposed detailed design; implementation and validation are not,mechanical-only,pending,pending,Full text and counterevidence review not certified; see handoff
b317b88ad6f78f82143ec6af2cf2b41a143ae741,docs/stages/p8/implementation/p8-w19-validation-guest-dual-track/01-dual-track-scenario-matrix.md,9d17f6e3b2e08b2fd1508966bd5c5d7c9bcf7b2a,p8,implementation-design-or-support,source,P8-W19 Dual-Track Scenario Matrix,Proposed detailed design; implementation and validation are not,mechanical-only,pending,pending,Full text and counterevidence review not certified; see handoff
b317b88ad6f78f82143ec6af2cf2b41a143ae741,docs/stages/p8/implementation/p8-w19-validation-guest-dual-track/02-coexistence-and-workflow.md,670e06378b25651bcf21018ecd47d94cd660167b,p8,implementation-design-or-support,source,"P8-W19 Coexistence, Workflow, and Handoff",Proposed detailed design; implementation and validation are not,mechanical-only,pending,pending,Full text and counterevidence review not certified; see handoff
b317b88ad6f78f82143ec6af2cf2b41a143ae741,docs/stages/p8/implementation/p8-w19-validation-guest-dual-track/README.md,c43ea9225e8a9d434f77df5c404351d8ae130880,p8,implementation-design-or-support,source,P8-W19 Validation Guest Dual-Track Regression — Detailed Implementation Design,Proposed detailed design; implementation and validation are not,mechanical-only,pending,pending,Full text and counterevidence review not certified; see handoff
b317b88ad6f78f82143ec6af2cf2b41a143ae741,docs/stages/p8/implementation/p8-w20-documentation-closure-handoff/01-closure-artifact-contract.md,65e3345acc141e654117c064efd3af13ac508a1f,p8,implementation-design-or-support,source,P8-W20 Closure Artifact Contract,Proposed detailed design; implementation and validation are not,targeted-review,pending,pending,Full text and counterevidence review not certified; see handoff
b317b88ad6f78f82143ec6af2cf2b41a143ae741,docs/stages/p8/implementation/p8-w20-documentation-closure-handoff/02-closure-workflow-and-handoff.md,a9a5ab7137b38713d5f8bf3886e391475ef809c2,p8,implementation-design-or-support,source,P8-W20 Closure Workflow and P9 Handoff,Proposed detailed design; implementation and validation are not,targeted-review,pending,pending,Full text and counterevidence review not certified; see handoff
b317b88ad6f78f82143ec6af2cf2b41a143ae741,docs/stages/p8/implementation/p8-w20-documentation-closure-handoff/README.md,ee38187623b7d6571e5d60a9c951e6d7eaa95b4f,p8,implementation-design-or-support,source,"P8-W20 Documentation, Closure, and P9 Handoff — Detailed Implementation Design",Proposed detailed design; implementation and validation are not,mechanical-only,pending,pending,Full text and counterevidence review not certified; see handoff
b317b88ad6f78f82143ec6af2cf2b41a143ae741,docs/stages/p8/plans/README.md,acea548590093927fe300701082b57b596f6077b,p8,plan-index,source,P8 work-package plans,"Planning index. Plans are bounded work packages; implementation,",targeted-review,pending,pending,Full text and counterevidence review not certified; see handoff
b317b88ad6f78f82143ec6af2cf2b41a143ae741,docs/stages/p8/plans/p8-w01-entry-contract-reconciliation.md,f54b5d85161de96d5e9a12cf7b054967aa05333f,p8,work-package-plan,source,P8-W01 — Entry contract reconciliation,Planned work package; implementation not claimed,mechanical-only,pending,pending,Full text and counterevidence review not certified; see handoff
b317b88ad6f78f82143ec6af2cf2b41a143ae741,docs/stages/p8/plans/p8-w02-machine-contract-governance.md,df95c8afd9f3032259c5243e29a00282fbfe5938,p8,work-package-plan,source,P8-W02 — Machine-contract governance,Planned work package; implementation not claimed,mechanical-only,pending,pending,Full text and counterevidence review not certified; see handoff
b317b88ad6f78f82143ec6af2cf2b41a143ae741,docs/stages/p8/plans/p8-w03-linux-boot-contract.md,ab6a098cc88d1ce812690e9927ff543c0d710626,p8,work-package-plan,source,P8-W03 — Linux boot contract,Planned work package; implementation not claimed,mechanical-only,pending,pending,Full text and counterevidence review not certified; see handoff
b317b88ad6f78f82143ec6af2cf2b41a143ae741,docs/stages/p8/plans/p8-w04-guest-dtb-contract.md,845499b6b084cd70eff535ccca7adcde54049143,p8,work-package-plan,source,P8-W04 — Guest DTB contract,Planned work package; implementation not claimed,mechanical-only,pending,pending,Full text and counterevidence review not certified; see handoff
b317b88ad6f78f82143ec6af2cf2b41a143ae741,docs/stages/p8/plans/p8-w05-linux-cpu-virtualization.md,9603ebd9b5d45b1373a57057f75b6e744fd99a52,p8,work-package-plan,source,P8-W05 — Linux CPU virtualization compatibility,Planned work package; implementation not claimed,mechanical-only,pending,pending,Full text and counterevidence review not certified; see handoff
b317b88ad6f78f82143ec6af2cf2b41a143ae741,docs/stages/p8/plans/p8-w06-psci-virtualization.md,6a9441706889e1216170acb1bb6dc7b00623e83f,p8,work-package-plan,source,P8-W06 — PSCI virtualization,Planned work package; implementation not claimed,mechanical-only,pending,pending,Full text and counterevidence review not certified; see handoff
b317b88ad6f78f82143ec6af2cf2b41a143ae741,docs/stages/p8/plans/p8-w07-linux-vgicv3.md,b5f31a208bbdf26efc393f0209b604a2a8157774,p8,work-package-plan,source,P8-W07 — Linux-compatible virtual GICv3,Planned work package; implementation not claimed,mechanical-only,pending,pending,Full text and counterevidence review not certified; see handoff
b317b88ad6f78f82143ec6af2cf2b41a143ae741,docs/stages/p8/plans/p8-w08-linux-timer-integration.md,7ea492ed8180ac4451602b1cdfa80acfad5106ca,p8,work-package-plan,source,P8-W08 — Linux timer integration,Planned work package; implementation not claimed,mechanical-only,pending,pending,Full text and counterevidence review not certified; see handoff
b317b88ad6f78f82143ec6af2cf2b41a143ae741,docs/stages/p8/plans/p8-w09-virtual-console-single-cpu-linux.md,71e46a15592d77766c689d5168b27e69e72719ab,p8,work-package-plan,source,P8-W09 — Virtual console and single-vCPU Linux,Planned work package; implementation not claimed,mechanical-only,pending,pending,Full text and counterevidence review not certified; see handoff
b317b88ad6f78f82143ec6af2cf2b41a143ae741,docs/stages/p8/plans/p8-w10-linux-smp-bringup.md,0ff7b9680051cdded7a90f726b0d5082a71859f4,p8,work-package-plan,source,P8-W10 — Linux SMP bring-up,Planned work package; implementation not claimed,mechanical-only,pending,pending,Full text and counterevidence review not certified; see handoff
b317b88ad6f78f82143ec6af2cf2b41a143ae741,docs/stages/p8/plans/p8-w11-scheduler-linux-integration.md,1c001b3f75ac0971b2897d9d1103be040add8755,p8,work-package-plan,source,P8-W11 — Scheduler and Linux integration,Planned work package; implementation not claimed,mechanical-only,pending,pending,Full text and counterevidence review not certified; see handoff
b317b88ad6f78f82143ec6af2cf2b41a143ae741,docs/stages/p8/plans/p8-w12-linux-memory-model.md,d38cfb1a04f6cb7efd682bfde0e79394d294d98b,p8,work-package-plan,source,P8-W12 — Linux memory-model validation,Planned work package; implementation not claimed,mechanical-only,pending,pending,Full text and counterevidence review not certified; see handoff
b317b88ad6f78f82143ec6af2cf2b41a143ae741,docs/stages/p8/plans/p8-w13-guest-fault-diagnostics.md,949f7059e97412dd57e1435df2df6c2b8301b2da,p8,work-package-plan,source,P8-W13 — Guest fault diagnostics,Planned work package; implementation not claimed,mechanical-only,pending,pending,Full text and counterevidence review not certified; see handoff
b317b88ad6f78f82143ec6af2cf2b41a143ae741,docs/stages/p8/plans/p8-w14-machine-abi-compatibility.md,d0290d92443e16385d6bbe06902d66e8b01fd408,p8,work-package-plan,source,P8-W14 — Machine ABI compatibility,Planned work package; implementation not claimed,mechanical-only,pending,pending,Full text and counterevidence review not certified; see handoff
b317b88ad6f78f82143ec6af2cf2b41a143ae741,docs/stages/p8/plans/p8-w15-reproducible-linux-fixture.md,bced45c2f83d3433b583f0695ad31e33cafdfa1f,p8,work-package-plan,source,P8-W15 — Reproducible Linux fixture,Planned work package; implementation not claimed,mechanical-only,pending,pending,Full text and counterevidence review not certified; see handoff
b317b88ad6f78f82143ec6af2cf2b41a143ae741,docs/stages/p8/plans/p8-w16-automated-linux-regression.md,b95a7729517162ad11e881183a385e583506b1cd,p8,work-package-plan,source,P8-W16 — Automated Linux regression,Planned work package; implementation not claimed,mechanical-only,pending,pending,Full text and counterevidence review not certified; see handoff
b317b88ad6f78f82143ec6af2cf2b41a143ae741,docs/stages/p8/plans/p8-w17-linux-performance-baseline.md,4090e66a42d06a760541dee3095e1df14332bd8e,p8,work-package-plan,source,P8-W17 — Linux performance baseline,Planned work package; implementation not claimed,mechanical-only,pending,pending,Full text and counterevidence review not certified; see handoff
b317b88ad6f78f82143ec6af2cf2b41a143ae741,docs/stages/p8/plans/p8-w18-security-isolation-regression.md,8922a2ce9f3f0a4cc16bb5df5d07bdf66fe21d16,p8,work-package-plan,source,P8-W18 — Security and isolation regression,Planned work package; implementation not claimed,mechanical-only,pending,pending,Full text and counterevidence review not certified; see handoff
b317b88ad6f78f82143ec6af2cf2b41a143ae741,docs/stages/p8/plans/p8-w19-validation-guest-dual-track.md,76740002a588f56bb0879e29350b9867af32d3d1,p8,work-package-plan,source,P8-W19 — Validation Guest dual-track regression,Planned work package; implementation not claimed,mechanical-only,pending,pending,Full text and counterevidence review not certified; see handoff
b317b88ad6f78f82143ec6af2cf2b41a143ae741,docs/stages/p8/plans/p8-w20-documentation-closure-handoff.md,b622ea79c79477b8d376242fca45f8d25f68aba9,p8,work-package-plan,source,"P8-W20 — Documentation, closure, and P9 handoff",Planned work package; implementation not claimed,mechanical-only,pending,pending,Full text and counterevidence review not certified; see handoff
b317b88ad6f78f82143ec6af2cf2b41a143ae741,docs/stages/p8/task-book-v0.1.md,11baef8ed5c5d8020c4bfb41f756b7ad4d66c07e,p8,task-book,source,P8 — Virtual ARM Platform and Minimal Linux Boot,"Implementation-planning baseline; work, ABI freezing, and evidence are not claimed",mechanical-only,pending,pending,Full text and counterevidence review not certified; see handoff
b317b88ad6f78f82143ec6af2cf2b41a143ae741,docs/templates/README.md,c7fed4554e6b782e51d4ce2d2f2ff95f9b377d11,cross-cutting,templates,source,Document templates,"normative as a rule, informative as content (per the documentation baseline).",mechanical-only,pending,pending,Full text and counterevidence review not certified; see handoff
b317b88ad6f78f82143ec6af2cf2b41a143ae741,docs/templates/adr-template.md,a288ededfa970eb5189435dbb54bfc1f3467d46a,cross-cutting,templates,source,ADR-NNN — <title>,Proposed <!-- one of: Proposed | Accepted | Rejected | Deferred | Superseded; start as Proposed -->,mechanical-only,pending,pending,Full text and counterevidence review not certified; see handoff
b317b88ad6f78f82143ec6af2cf2b41a143ae741,docs/testing/README.md,d3f0ba0801e813ebbede006363ca64db1e3d7053,cross-cutting,testing,source,Testing and evidence,conditional (normative when approved and routed).,mechanical-only,pending,pending,Full text and counterevidence review not certified; see handoff
b317b88ad6f78f82143ec6af2cf2b41a143ae741,docs/testing/host-test-baseline.md,3375c7e78f6474795df953067d9c307a98397698,cross-cutting,testing,source,Zelyr Host-Test Baseline,Normative host-side testing policy.,mechanical-only,pending,pending,Full text and counterevidence review not certified; see handoff
b317b88ad6f78f82143ec6af2cf2b41a143ae741,docs/testing/qemu-runner-entry.md,c78c62a63e5d6a68726efaba21c9b4cf3cd2e3c4,cross-cutting,testing,source,Zelyr QEMU Runner Entry Contract,Normative interface contract; P1-W10 supplies its first executable,mechanical-only,pending,pending,Full text and counterevidence review not certified; see handoff
